"","asvID","fitstats.m","fitstats.m.ci","fitstats.poisLL","fitstats.Rsqr","fitstats.Rsqr.pois","fitstats.RMSE","fitstats.RMSE.pois","fitstats.AIC.pois","fitstats.BIC.pois","fitstats.N","fitstats.Samples","fitstats.Richness","fitstats.Detect","predictions.p","predictions.freq","predictions.freq.pred","predictions.pred.lwr","predictions.pred.upr","Old.Domain","Unif.Domain","Weight.Domain","Unif.Kingdom","Weight.Kingdom","Old.Phylum","Unif.Phylum","Weight.Phylum","Old.Class","Unif.Class","Weight.Class","Old.Order","Unif.Order","Weight.Order","Old.Family","Unif.Family","Weight.Family","Old.Genus","Unif.Genus","Weight.Genus","Old.Species","Weight.Species","predictions.fit_class","above_CI","mean_relabund","log_mean","occupancy","stage_aggregate","IndVal.Stat","IndVal.p_value","IndVal.signif","stage_indicator","Stage","Weight.Family_asvID"
"1","0cb4f48403e146a315bb918efd0e13bf",0.000148782942305494,3.41027763569332e-06,-9065.79816412077,0.710011746404513,-52.0557054852948,0.0664095640892931,0.898269126352512,-18127.5963282415,-18112.322499355,2e+06,30,15320,5e-07,7.35666666666667e-05,0.466666666666667,0.165331171087808,0.0725242495359709,0.334116881358407,"d__Bacteria","d__Bacteria","d__Bacteria","k__Pseudomonadati--other","k__Pseudomonadati--other","p__Bacteroidota","Bacteroidota","Bacteroidota","c__Bacteroidia","c__Chitinophagia","Chitinophagia","o__Chitinophagales","o__Chitinophagales","Chitinophagales","f__Chitinophagaceae","f__Chitinophagaceae","Chitinophagaceae","g__Lacibacter","g__Lacibacter","Lacibacter","s__uncultured_bacterium","","Above prediction",TRUE,7.35666666666667e-05,-4.13331892155801,0.466666666666667,"seedling",0.461377631636852,0.011,"*",TRUE,"Seedling","Chitinophagaceae-0cb4"
"2","1a5387ac492498e4916d1b8b1ba28c51",0.000148782942305494,3.41027763569332e-06,-9065.79816412077,0.710011746404513,-52.0557054852948,0.0664095640892931,0.898269126352512,-18127.5963282415,-18112.322499355,2e+06,30,15320,5e-07,7.21666666666667e-05,0.366666666666667,0.162449613771128,0.0707170520517783,0.330815154906524,"d__Bacteria","d__Bacteria","d__Bacteria","k__Pseudomonadati","k__Pseudomonadati","p__Proteobacteria","Pseudomonadota","Pseudomonadota","c__Alphaproteobacteria","c__Alphaproteobacteria","Alphaproteobacteria","o__Sphingomonadales","o__Sphingomonadales","Sphingomonadales","f__Sphingomonadaceae","f__Parasphingopyxidaceae","Parasphingopyxidaceae","g__Novosphingobium","","Novosphingobium","","","Above prediction",TRUE,7.21666666666667e-05,-4.14166335403028,0.366666666666667,"seedling",0.570917490159953,0.001,"***",TRUE,"Seedling","Parasphingopyxidaceae-1a53"
"3","25ea460893aae0263a5fd4f1e280c8ec",0.000148782942305494,3.41027763569332e-06,-9065.79816412077,0.710011746404513,-52.0557054852948,0.0664095640892931,0.898269126352512,-18127.5963282415,-18112.322499355,2e+06,30,15320,5e-07,0.000126733333333333,0.466666666666667,0.267875467888079,0.142711262433133,0.445738159900913,"d__Bacteria","d__Bacteria","d__Bacteria","k__Bacillati","k__Bacillati","p__Firmicutes","Bacillota","Bacillota","c__Bacilli","c__Bacilli","Bacilli","o__Paenibacillales","o__Paenibacillales","Bacillales--other","f__Paenibacillaceae","f__Paenibacillaceae","Bacillaceae--other","g__Paenibacillus","","Neobacillus","","Paenibacillus_sp.","Above prediction",TRUE,0.000126733333333333,-3.89710914219024,0.466666666666667,"seedling",0.469158824777737,0.024,"*",TRUE,"Seedling","Bacillaceae--other-25ea"
"4","29159fffca8d2829530f43e2198926dc",0.000148782942305494,3.41027763569332e-06,-9065.79816412077,0.710011746404513,-52.0557054852948,0.0664095640892931,0.898269126352512,-18127.5963282415,-18112.322499355,2e+06,30,15320,5e-07,5.09333333333333e-05,0.5,0.117536359452484,0.0440809772560625,0.277821232857341,"d__Bacteria","d__Bacteria","d__Bacteria","k__Pseudomonadati","k__Pseudomonadati","p__Proteobacteria","Pseudomonadota","Pseudomonadota","c__Alphaproteobacteria","c__Alphaproteobacteria","Alphaproteobacteria","o__Rhizobiales","o__Hyphomicrobiales--other","Hyphomicrobiales--other","f__Devosiaceae","f__Devosiaceae","Devosiaceae","","","","","","Above prediction",TRUE,5.09333333333333e-05,-4.29299790047999,0.5,"seedling",0.419069636326995,0.05,"*",TRUE,"Seedling","Devosiaceae-2915"
"5","2a64f7117c72e249a9c2e5850fd6eb3e",0.000148782942305494,3.41027763569332e-06,-9065.79816412077,0.710011746404513,-52.0557054852948,0.0664095640892931,0.898269126352512,-18127.5963282415,-18112.322499355,2e+06,30,15320,5e-07,0.0064383,1,0.999999975153268,0.886486562773446,0.999999999999995,"d__Bacteria","d__Bacteria","d__Bacteria","k__Pseudomonadati","k__Pseudomonadati","p__Proteobacteria","Pseudomonadota","Pseudomonadota","c__Alphaproteobacteria","c__Alphaproteobacteria","Alphaproteobacteria","o__Sphingomonadales","o__Sphingomonadales","Sphingomonadales","f__Sphingomonadaceae","f__Parasphingopyxidaceae","Parasphingopyxidaceae","g__Novosphingobium","","Novosphingobium","","","Above prediction",TRUE,0.0064383,-2.19122879072759,1,"seedling",0.575497752383284,0.001,"***",TRUE,"Seedling","Parasphingopyxidaceae-2a64"
"6","2bce2c03a49a801da9460b2b3b98bc70",0.000148782942305494,3.41027763569332e-06,-9065.79816412077,0.710011746404513,-52.0557054852948,0.0664095640892931,0.898269126352512,-18127.5963282415,-18112.322499355,2e+06,30,15320,5e-07,0.000162916666666667,0.633333333333333,0.330510700672711,0.190101508613572,0.509398503678488,"d__Bacteria","d__Bacteria","d__Bacteria","k__Pseudomonadati","k__Pseudomonadati","p__Proteobacteria","Pseudomonadota","Pseudomonadota","c__Alphaproteobacteria","c__Alphaproteobacteria","Alphaproteobacteria","o__Reyranellales","o__Azospirillales","Azospirillales","f__Reyranellaceae","f__Reyranellaceae","Reyranellaceae","g__Reyranella","g__Reyranella--other","Reyranella--other","s__uncultured_Alphaproteobacteria","","Above prediction",TRUE,0.000162916666666667,-3.78803448431574,0.633333333333333,"seedling",0.466313881792261,0.02,"*",TRUE,"Seedling","Reyranellaceae-2bce"
"7","477492fad1668aaebf7e35880898fd9c",0.000148782942305494,3.41027763569332e-06,-9065.79816412077,0.710011746404513,-52.0557054852948,0.0664095640892931,0.898269126352512,-18127.5963282415,-18112.322499355,2e+06,30,15320,5e-07,0.000272266666666667,0.833333333333333,0.489618779592932,0.322370634521125,0.659223739772126,"d__Bacteria","d__Bacteria","d__Bacteria","k__Pseudomonadati","k__Pseudomonadati","p__Proteobacteria","Pseudomonadota","Pseudomonadota","c__Gammaproteobacteria","c__Gammaproteobacteria","Gammaproteobacteria","o__Pseudomonadales","o__Pseudomonadales","Pseudomonadales","f__Pseudomonadaceae","f__Pseudomonadaceae","Pseudomonadaceae","g__Pseudomonas","","Pseudomonas","","","Above prediction",TRUE,0.000272266666666667,-3.56500552564081,0.833333333333333,"seedling",0.60420664246742,0.001,"***",TRUE,"Seedling","Pseudomonadaceae-4774"
"8","4869379a1d315c0d2c7b37f461d8dd21",0.000148782942305494,3.41027763569332e-06,-9065.79816412077,0.710011746404513,-52.0557054852948,0.0664095640892931,0.898269126352512,-18127.5963282415,-18112.322499355,2e+06,30,15320,5e-07,0.000110116666666667,0.433333333333333,0.23722580574515,0.120664476902394,0.413443915444752,"d__Bacteria","d__Bacteria","d__Bacteria","k__Pseudomonadati--other","k__Pseudomonadati--other","p__Verrucomicrobiota","Verrucomicrobiota","Verrucomicrobiota","c__Verrucomicrobiae","c__Opitutia","Opitutia","o__Opitutales","o__Opitutales","Opitutales","f__Opitutaceae","f__Opitutaceae","Opitutaceae","g__uncultured","g__Rariglobus","Cephaloticoccus","s__metagenome","Rariglobus_sp.","Above prediction",TRUE,0.000110116666666667,-3.95814694357533,0.433333333333333,"seedling",0.438250113226038,0.034,"*",TRUE,"Seedling","Opitutaceae-4869"
"9","62dcd3a453dd1ac7d92386b95811e04c",0.000148782942305494,3.41027763569332e-06,-9065.79816412077,0.710011746404513,-52.0557054852948,0.0664095640892931,0.898269126352512,-18127.5963282415,-18112.322499355,2e+06,30,15320,5e-07,0.000107866666666667,0.666666666666667,0.23298044674421,0.117676111363663,0.408905373192481,"d__Bacteria","d__Bacteria","d__Bacteria","k__Pseudomonadati","k__Pseudomonadati","p__Proteobacteria","Pseudomonadota","Pseudomonadota","c__Gammaproteobacteria","c__Gammaproteobacteria","Gammaproteobacteria","o__Burkholderiales","o__Burkholderiales","Burkholderiales","f__Comamonadaceae","f__Comamonadaceae","Comamonadaceae","","","","","","Above prediction",TRUE,0.000107866666666667,-3.96711274177943,0.666666666666667,"seedling",0.667989224155826,0.001,"***",TRUE,"Seedling","Comamonadaceae-62dc"
"10","6e4e1d3b5e5ec64ab6b23fbb2fb84b8a",0.000148782942305494,3.41027763569332e-06,-9065.79816412077,0.710011746404513,-52.0557054852948,0.0664095640892931,0.898269126352512,-18127.5963282415,-18112.322499355,2e+06,30,15320,5e-07,4.25833333333333e-05,0.5,0.0992373103587372,0.0342014415910562,0.25525704464383,"d__Bacteria","d__Bacteria","d__Bacteria","k__Pseudomonadati","k__Pseudomonadati","p__Proteobacteria","Pseudomonadota","Pseudomonadota","c__Gammaproteobacteria","c__Gammaproteobacteria","Gammaproteobacteria","o__Burkholderiales","o__Burkholderiales","Burkholderiales","f__Comamonadaceae","f__Comamonadaceae","Comamonadaceae","","","","","","Above prediction",TRUE,4.25833333333333e-05,-4.37076034591291,0.5,"seedling",0.482112938732702,0.008,"**",TRUE,"Seedling","Comamonadaceae-6e4e"
"11","71c3e847cedfc3f351199ee0ab079096",0.000148782942305494,3.41027763569332e-06,-9065.79816412077,0.710011746404513,-52.0557054852948,0.0664095640892931,0.898269126352512,-18127.5963282415,-18112.322499355,2e+06,30,15320,5e-07,2.25333333333333e-05,0.466666666666667,0.0537718078667017,0.013093852592569,0.195755515578707,"d__Bacteria","d__Bacteria","d__Bacteria","k__Pseudomonadati","k__Pseudomonadati","p__Proteobacteria","Pseudomonadota","Pseudomonadota","c__Gammaproteobacteria","c__Gammaproteobacteria","Gammaproteobacteria","o__Burkholderiales","o__Burkholderiales","Burkholderiales","f__Oxalobacteraceae","f__Oxalobacteraceae","Oxalobacteraceae","","","Duganella","","Massilia_sp.","Above prediction",TRUE,2.25333333333333e-05,-4.64717455877803,0.466666666666667,"seedling",0.477029525162275,0.007,"**",TRUE,"Seedling","Oxalobacteraceae-71c3"
"12","7f300dd37db558444736f6b15ee90958",0.000148782942305494,3.41027763569332e-06,-9065.79816412077,0.710011746404513,-52.0557054852948,0.0664095640892931,0.898269126352512,-18127.5963282415,-18112.322499355,2e+06,30,15320,5e-07,0.00542306666666667,1,0.999999542139687,0.886485795053599,0.999999999998363,"d__Bacteria","d__Bacteria","d__Bacteria","k__Bacillati","k__Bacillati","p__Firmicutes","Bacillota","Bacillota","c__Bacilli","c__Bacilli","Bacilli","o__Paenibacillales","o__Paenibacillales","Paenibacillales","f__Paenibacillaceae","f__Paenibacillaceae","Paenibacillaceae","g__Paenibacillus","","Paenibacillus--other","","","Above prediction",TRUE,0.00542306666666667,-2.26575505667694,1,"seedling",0.595902304897491,0.001,"***",TRUE,"Seedling","Paenibacillaceae-7f30"
"13","821eed576f621b5d223948afd8ffca39",0.000148782942305494,3.41027763569332e-06,-9065.79816412077,0.710011746404513,-52.0557054852948,0.0664095640892931,0.898269126352512,-18127.5963282415,-18112.322499355,2e+06,30,15320,5e-07,0.00202888333333333,1,0.994539545017703,0.877020296090747,0.999785070317318,"d__Bacteria","d__Bacteria","d__Bacteria","k__Pseudomonadati","k__Pseudomonadati","p__Proteobacteria","Pseudomonadota","Pseudomonadota","c__Gammaproteobacteria","c__Gammaproteobacteria","Gammaproteobacteria","o__Burkholderiales","o__Methylophilales","Methylophilales","f__Methylophilaceae","f__Methylophilaceae","Methylophilaceae","g__MM2","g__MM2","MM2","s__uncultured_bacterium","uncultured_bacterium","Above prediction",TRUE,0.00202888333333333,-2.69274292543895,1,"seedling",0.672972914438574,0.001,"***",TRUE,"Seedling","Methylophilaceae-821e"
"14","95d08381352f71ef3bc48445f8ccab02",0.000148782942305494,3.41027763569332e-06,-9065.79816412077,0.710011746404513,-52.0557054852948,0.0664095640892931,0.898269126352512,-18127.5963282415,-18112.322499355,2e+06,30,15320,5e-07,0.0043772,1,0.999991191877314,0.88647099086625,0.999999999394196,"d__Bacteria","d__Bacteria","d__Bacteria","k__Pseudomonadati","k__Pseudomonadati","p__Proteobacteria","Pseudomonadota","Pseudomonadota","c__Alphaproteobacteria","c__Alphaproteobacteria","Alphaproteobacteria","o__Sphingomonadales","o__Sphingomonadales","Sphingomonadales","f__Sphingomonadaceae","f__Parasphingopyxidaceae","Parasphingopyxidaceae","g__Novosphingobium","","Novosphingobium","","metagenome","Above prediction",TRUE,0.0043772,-2.35880360944994,1,"seedling",0.513759000651872,0.018,"*",TRUE,"Seedling","Parasphingopyxidaceae-95d0"
"15","984919ce3c93ca2b6d54479b1c165fbb",0.000148782942305494,3.41027763569332e-06,-9065.79816412077,0.710011746404513,-52.0557054852948,0.0664095640892931,0.898269126352512,-18127.5963282415,-18112.322499355,2e+06,30,15320,5e-07,0.0003364,0.733333333333333,0.565029519552405,0.390456864444455,0.724838731818622,"d__Bacteria","d__Bacteria","d__Bacteria","k__Bacillati","k__Bacillati","p__Actinobacteriota","Actinomycetota","Actinomycetota","c__Actinobacteria","c__Actinomycetes","Actinomycetes","o__Micrococcales","o__Cellulomonadales","Cellulomonadales","f__Microbacteriaceae","f__Microbacteriaceae","Microbacteriaceae","g__Agromyces","g__Agromyces","Agromyces","","","Above prediction",TRUE,0.0003364,-3.47314401287413,0.733333333333333,"seedling",0.602595444400172,0.001,"***",TRUE,"Seedling","Microbacteriaceae-9849"
"16","9b4be26e7bb3a23d25e080a3bba619f6",0.000148782942305494,3.41027763569332e-06,-9065.79816412077,0.710011746404513,-52.0557054852948,0.0664095640892931,0.898269126352512,-18127.5963282415,-18112.322499355,2e+06,30,15320,5e-07,0.000524616666666667,0.966666666666667,0.728735666532766,0.550739905980449,0.854802303788996,"d__Bacteria","d__Bacteria","d__Bacteria","k__Bacillati","k__Bacillati","p__Actinobacteriota","Actinomycetota","Actinomycetota","c__Actinobacteria","c__Actinomycetes","Actinomycetes","o__Micrococcales","o__Micrococcales","Micrococcales","f__Micrococcaceae","f__Micrococcaceae","Micrococcaceae","g__Arthrobacter","","Paenarthrobacter","","Arthrobacter_sp.","Above prediction",TRUE,0.000524616666666667,-3.28015791632594,0.966666666666667,"seedling",0.698450462534583,0.001,"***",TRUE,"Seedling","Micrococcaceae-9b4b"
"17","a0977048d3b1b28329633e842908ace3",0.000148782942305494,3.41027763569332e-06,-9065.79816412077,0.710011746404513,-52.0557054852948,0.0664095640892931,0.898269126352512,-18127.5963282415,-18112.322499355,2e+06,30,15320,5e-07,0.000251616666666667,0.766666666666667,0.462717838934359,0.298906775904344,0.634992951179213,"d__Bacteria","d__Bacteria","d__Bacteria","k__Bacillati","k__Bacillati","p__Actinobacteriota","Actinomycetota","Actinomycetota","c__Actinobacteria","c__Actinomycetes","Actinomycetes","o__Propionibacteriales","o__Propionibacteriales","Propionibacteriales","f__Nocardioidaceae","f__Nocardioidaceae","Nocardioidaceae","","","Aeromicrobium","","","Above prediction",TRUE,0.000251616666666667,-3.59926059533474,0.766666666666667,"seedling",0.573590980130134,0.001,"***",TRUE,"Seedling","Nocardioidaceae-a097"
"18","a0b1f105f827e856c5fdb5f98eaecc09",0.000148782942305494,3.41027763569332e-06,-9065.79816412077,0.710011746404513,-52.0557054852948,0.0664095640892931,0.898269126352512,-18127.5963282415,-18112.322499355,2e+06,30,15320,5e-07,0.00580953333333333,1,0.999999848270205,0.886486337813349,0.99999999999982,"d__Bacteria","d__Bacteria","d__Bacteria","k__Pseudomonadati","k__Pseudomonadati","p__Proteobacteria","Pseudomonadota","Pseudomonadota","c__Gammaproteobacteria","c__Gammaproteobacteria","Gammaproteobacteria","o__Burkholderiales","o__Burkholderiales","Burkholderiales","f__Comamonadaceae","f__Comamonadaceae","Comamonadaceae","g__Variovorax","g__Variovorax","Variovorax","","Variovorax_paradoxus","Above prediction",TRUE,0.00580953333333333,-2.23585875210159,1,"seedling",0.628658681263593,0.001,"***",TRUE,"Seedling","Comamonadaceae-a0b1"
"19","ab35b74a270a708f39f71df6bed23d0a",0.000148782942305494,3.41027763569332e-06,-9065.79816412077,0.710011746404513,-52.0557054852948,0.0664095640892931,0.898269126352512,-18127.5963282415,-18112.322499355,2e+06,30,15320,5e-07,1.94833333333333e-05,0.233333333333333,0.0466621568255991,0.0103852876050825,0.185858859711905,"d__Bacteria","d__Bacteria","d__Bacteria","k__Pseudomonadati","k__Pseudomonadati","p__Proteobacteria","Pseudomonadota","Pseudomonadota","c__Gammaproteobacteria","c__Gammaproteobacteria","Gammaproteobacteria","","o__Diplorickettsiales","Diplorickettsiales","","f__Incertae_Sedis","Incertae_Sedis","","g__Incertae_Sedis","Incertae_Sedis","","soil_metagenome","Above prediction",TRUE,1.94833333333333e-05,-4.7103367392218,0.233333333333333,"seedling",0.392930000857028,0.012,"*",TRUE,"Seedling","Diplorickettsiales-ab35"
"20","ac30f9ae73331c56bbe8d77eca86a3d0",0.000148782942305494,3.41027763569332e-06,-9065.79816412077,0.710011746404513,-52.0557054852948,0.0664095640892931,0.898269126352512,-18127.5963282415,-18112.322499355,2e+06,30,15320,5e-07,1.15833333333333e-05,0.2,0.0280037149269075,0.00437818261954846,0.158785047002576,"d__Bacteria","d__Bacteria","d__Bacteria","k__Pseudomonadati","k__Pseudomonadati","p__Bdellovibrionota","Bdellovibrionota","Bdellovibrionota","c__Bdellovibrionia","c__Bdellovibrionia","Bdellovibrionia","o__Bdellovibrionales","o__Bdellovibrionales","Bdellovibrionales","f__Bdellovibrionaceae","f__Pseudobdellovibrionaceae","Pseudobdellovibrionaceae","g__Bdellovibrio","g__Bdellovibrio","Bdellovibrio","s__uncultured_Bdellovibrionales","","Above prediction",TRUE,1.15833333333333e-05,-4.93616644579353,0.2,"seedling",0.361174453150707,0.019,"*",TRUE,"Seedling","Pseudobdellovibrionaceae-ac30"
"21","b5403e3d3e7f5a219e1fbe3cceee2261",0.000148782942305494,3.41027763569332e-06,-9065.79816412077,0.710011746404513,-52.0557054852948,0.0664095640892931,0.898269126352512,-18127.5963282415,-18112.322499355,2e+06,30,15320,5e-07,0.0020277,1,0.99452231734591,0.876991058822587,0.999783763384855,"d__Bacteria","d__Bacteria","d__Bacteria","k__Pseudomonadati","k__Pseudomonadati","p__Proteobacteria","Pseudomonadota","Pseudomonadota","c__Alphaproteobacteria","c__Alphaproteobacteria","Alphaproteobacteria","o__Rhizobiales","o__Hyphomicrobiales--other","Hyphomicrobiales--other","f__Beijerinckiaceae","f__Methylobacteriaceae","Methylobacteriaceae","g__Microvirga","g__Microvirga","Microvirga","","Microvirga_sp.","Above prediction",TRUE,0.0020277,-2.69299629883684,1,"seedling",0.498032727829547,0.042,"*",TRUE,"Seedling","Methylobacteriaceae-b540"
"22","b8da0fd4499de258a33a89564f161140",0.000148782942305494,3.41027763569332e-06,-9065.79816412077,0.710011746404513,-52.0557054852948,0.0664095640892931,0.898269126352512,-18127.5963282415,-18112.322499355,2e+06,30,15320,5e-07,0.00016735,0.733333333333333,0.337815076613562,0.195815039118385,0.516635436059248,"d__Bacteria","d__Bacteria","d__Bacteria","k__Pseudomonadati--other","k__Pseudomonadati--other","p__Dependentiae","Candidatus_Babelota","Candidatus_Babelota","c__Babeliae","c__Candidatus_Babeliae","Candidatus_Babeliae","o__Babeliales","o__Candidatus_Babelales","Candidatus_Babelales","f__Vermiphilaceae","f__Candidatus_Babelaceae","Candidatus_Babelaceae","g__Vermiphilaceae","g__Incertae_Sedis","Incertae_Sedis","s__uncultured_bacterium","uncultured_bacterium","Above prediction",TRUE,0.00016735,-3.7763742833062,0.733333333333333,"seedling",0.494286895326944,0.01,"**",TRUE,"Seedling","Candidatus_Babelaceae-b8da"
"23","c130baecd35f08a8f79bdfbdc0abb6c0",0.000148782942305494,3.41027763569332e-06,-9065.79816412077,0.710011746404513,-52.0557054852948,0.0664095640892931,0.898269126352512,-18127.5963282415,-18112.322499355,2e+06,30,15320,5e-07,0.00348691666666667,1,0.999895283964553,0.886301033595405,0.999999914504738,"d__Bacteria","d__Bacteria","d__Bacteria","k__Pseudomonadati","k__Pseudomonadati","p__Proteobacteria","Pseudomonadota","Pseudomonadota","c__Alphaproteobacteria","c__Alphaproteobacteria","Alphaproteobacteria","o__Rhizobiales","o__Hyphomicrobiales--other","Hyphomicrobiales--other","f__Rhizobiaceae","f__Rhizobiaceae","Rhizobiaceae","g__Allorhizobium-Neorhizobium-Pararhizobium-Rhizobium","","Onobrychidicola","","metagenome","Above prediction",TRUE,0.00348691666666667,-2.45755843164303,1,"seedling",0.55483856291065,0.001,"***",TRUE,"Seedling","Rhizobiaceae-c130"
"24","c37e7e03a26fbfce94680b5fe323d0d7",0.000148782942305494,3.41027763569332e-06,-9065.79816412077,0.710011746404513,-52.0557054852948,0.0664095640892931,0.898269126352512,-18127.5963282415,-18112.322499355,2e+06,30,15320,5e-07,0.0065942,1,0.999999984171279,0.886486578762135,0.999999999999998,"d__Bacteria","d__Bacteria","d__Bacteria","k__Bacillati","k__Bacillati","p__Firmicutes","Bacillota","Bacillota","c__Bacilli","c__Bacilli","Bacilli","o__Paenibacillales","o__Paenibacillales","Paenibacillales","f__Paenibacillaceae","f__Paenibacillaceae","Paenibacillaceae","g__Paenibacillus","g__Gordoniibacillus","Gordoniibacillus","","Paenibacillus_qinlingensis","Above prediction",TRUE,0.0065942,-2.18083788497886,1,"seedling",0.577211621745013,0.001,"***",TRUE,"Seedling","Paenibacillaceae-c37e"
"25","cbff13c5e0e10e53429fa6560040ba15",0.000148782942305494,3.41027763569332e-06,-9065.79816412077,0.710011746404513,-52.0557054852948,0.0664095640892931,0.898269126352512,-18127.5963282415,-18112.322499355,2e+06,30,15320,5e-07,0.00316775,1,0.99974829369012,0.886040831126765,0.999999507154142,"d__Bacteria","d__Bacteria","d__Bacteria","k__Pseudomonadati","k__Pseudomonadati","p__Proteobacteria","Pseudomonadota","Pseudomonadota","c__Gammaproteobacteria","c__Gammaproteobacteria","Gammaproteobacteria","o__Burkholderiales","o__Burkholderiales","Burkholderiales","f__Comamonadaceae","f__Comamonadaceae","Comamonadaceae","","","Variovorax","","","Above prediction",TRUE,0.00316775,-2.49924910041105,1,"seedling",0.583807054598641,0.001,"***",TRUE,"Seedling","Comamonadaceae-cbff"
"26","e2db0e5adf4ec5fa415a1d890f667ab1",0.000148782942305494,3.41027763569332e-06,-9065.79816412077,0.710011746404513,-52.0557054852948,0.0664095640892931,0.898269126352512,-18127.5963282415,-18112.322499355,2e+06,30,15320,5e-07,0.00496205,1,0.999998304134641,0.886483600124635,0.999999999977541,"d__Bacteria","d__Bacteria","d__Bacteria","k__Pseudomonadati","k__Pseudomonadati","p__Proteobacteria","Pseudomonadota","Pseudomonadota","c__Gammaproteobacteria","c__Gammaproteobacteria","Gammaproteobacteria","o__Burkholderiales","o__Burkholderiales","Burkholderiales","f__Burkholderiaceae","f__Oxalobacteraceae","Oxalobacteraceae","g__Cupriavidus","g__Cupriavidus","Cupriavidus","","","Above prediction",TRUE,0.00496205,-2.30433886388189,1,"seedling",0.673505422640585,0.001,"***",TRUE,"Seedling","Oxalobacteraceae-e2db"
"27","e843797d795481112bb6f500ebb0f694",0.000148782942305494,3.41027763569332e-06,-9065.79816412077,0.710011746404513,-52.0557054852948,0.0664095640892931,0.898269126352512,-18127.5963282415,-18112.322499355,2e+06,30,15320,5e-07,3.64333333333333e-05,0.3,0.0855231854497256,0.0272564103426065,0.237887299779924,"d__Bacteria","d__Bacteria","d__Bacteria","k__Pseudomonadati","k__Pseudomonadati","p__Proteobacteria","Pseudomonadota","Pseudomonadota","c__Alphaproteobacteria","c__Alphaproteobacteria","Alphaproteobacteria","o__Rhizobiales","o__Hyphomicrobiales--other","Hyphomicrobiales--other","f__Devosiaceae","f__Devosiaceae","Devosiaceae","g__Devosia","","","","","Above prediction",TRUE,3.64333333333333e-05,-4.43850109276996,0.3,"seedling",0.372526202278341,0.05,"*",TRUE,"Seedling","Devosiaceae-e843"
"28","ea1147f3c65c1b55820559bebf01bb32",0.000148782942305494,3.41027763569332e-06,-9065.79816412077,0.710011746404513,-52.0557054852948,0.0664095640892931,0.898269126352512,-18127.5963282415,-18112.322499355,2e+06,30,15320,5e-07,0.000185783333333333,0.733333333333333,0.367359205803356,0.219296309260849,0.545535115590966,"d__Bacteria","d__Bacteria","d__Bacteria","k__Pseudomonadati","k__Pseudomonadati","p__Proteobacteria","Pseudomonadota","Pseudomonadota","c__Gammaproteobacteria","c__Gammaproteobacteria","Gammaproteobacteria","o__Pseudomonadales","o__Pseudomonadales","Pseudomonadales","f__Pseudomonadaceae","f__Pseudomonadaceae","Pseudomonadaceae","g__Pseudomonas","","Pseudomonas","","","Above prediction",TRUE,0.000185783333333333,-3.73099324925533,0.733333333333333,"seedling",0.488028850740466,0.044,"*",TRUE,"Seedling","Pseudomonadaceae-ea11"
"29","f6c528c217081be9871de0fc58b89408",0.000148782942305494,3.41027763569332e-06,-9065.79816412077,0.710011746404513,-52.0557054852948,0.0664095640892931,0.898269126352512,-18127.5963282415,-18112.322499355,2e+06,30,15320,5e-07,0.00425785,1,0.999987696381314,0.886464794021642,0.999999998818028,"d__Bacteria","d__Bacteria","d__Bacteria","k__Pseudomonadati","k__Pseudomonadati","p__Proteobacteria","Pseudomonadota","Pseudomonadota","c__Gammaproteobacteria","c__Gammaproteobacteria","Gammaproteobacteria","o__Burkholderiales","o__Burkholderiales","Burkholderiales","f__Comamonadaceae","f__Comamonadaceae","Comamonadaceae","g__Variovorax","","","","","Above prediction",TRUE,0.00425785,-2.37080964240915,1,"seedling",0.701365273899861,0.001,"***",TRUE,"Seedling","Comamonadaceae-f6c5"
"30","fc7b257064027e1bc2b6fbfb4584677d",0.000148782942305494,3.41027763569332e-06,-9065.79816412077,0.710011746404513,-52.0557054852948,0.0664095640892931,0.898269126352512,-18127.5963282415,-18112.322499355,2e+06,30,15320,5e-07,0.00285506666666667,1,0.9994091412344,0.885441731612156,0.999997298449415,"d__Bacteria","d__Bacteria","d__Bacteria","k__Pseudomonadati","k__Pseudomonadati","p__Proteobacteria","Pseudomonadota","Pseudomonadota","c__Gammaproteobacteria","c__Gammaproteobacteria","Gammaproteobacteria","o__Burkholderiales","o__Burkholderiales","Burkholderiales","f__Comamonadaceae","f__Comamonadaceae","Comamonadaceae","","","Piscinibacter","","uncultured_bacterium","Above prediction",TRUE,0.00285506666666667,-2.54438374639276,1,"seedling",0.525803586656658,0.004,"**",TRUE,"Seedling","Comamonadaceae-fc7b"
"31","0ab5cb32341e00d827fbcc3266c47b68",0.000204403762814373,4.24577636226749e-06,-7779.13428356247,0.753947961687203,-42.4947935809068,0.068200242242992,0.906757321111075,-15554.2685671249,-15539.1227711668,2e+06,24,14370,5e-07,0.0076954375,1,0.999999999999664,0.86202379532444,1,"d__Bacteria","d__Bacteria","d__Bacteria","k__Pseudomonadati","k__Pseudomonadati","p__Bdellovibrionota","Bdellovibrionota","Bdellovibrionota","c__Bdellovibrionia","c__Bdellovibrionia","Bdellovibrionia","o__Bdellovibrionales","o__Bdellovibrionales","Bdellovibrionales","f__Bdellovibrionaceae","f__Pseudobdellovibrionaceae","Pseudobdellovibrionaceae","g__Bdellovibrio","g__Bdellovibrio","Bdellovibrio","","Bdellovibrio_bacteriovorus","Above prediction",TRUE,0.0076954375,-2.1137666846779,1,"early_vegetative",0.630588060771869,0.001,"***",TRUE,"Early Vegetative","Pseudobdellovibrionaceae-0ab5"
"32","194a54d3514c959141781baa536be83b",0.000204403762814373,4.24577636226749e-06,-7779.13428356247,0.753947961687203,-42.4947935809068,0.068200242242992,0.906757321111075,-15554.2685671249,-15539.1227711668,2e+06,24,14370,5e-07,8.20625e-05,0.541666666666667,0.234018875208117,0.109226103328401,0.432209779315767,"d__Bacteria","d__Bacteria","d__Bacteria","k__Pseudomonadati--other","k__Pseudomonadati--other","p__Verrucomicrobiota","Chlamydiota","Chlamydiota","c__Chlamydiae","c__Chlamydiia","Chlamydiia","o__Chlamydiales","o__Chlamydiales","Chlamydiales","f__Simkaniaceae","","","g__uncultured","","","s__uncultured_bacterium","","Above prediction",TRUE,8.20625e-05,-4.08585525656645,0.541666666666667,"early_vegetative",0.475643526292268,0.003,"**",TRUE,"Early Vegetative","Chlamydiales-194a"
"33","233c60ad39befe5c50790d7f8eb9dfdc",0.000204403762814373,4.24577636226749e-06,-7779.13428356247,0.753947961687203,-42.4947935809068,0.068200242242992,0.906757321111075,-15554.2685671249,-15539.1227711668,2e+06,24,14370,5e-07,0.00432425,1,0.999999817048708,0.862023479908495,0.999999999999791,"d__Bacteria","d__Bacteria","d__Bacteria","k__Pseudomonadati--other","k__Pseudomonadati--other","p__Verrucomicrobiota","Verrucomicrobiota","Verrucomicrobiota","c__Verrucomicrobiae","c__Verrucomicrobiia","Verrucomicrobiia","o__Verrucomicrobiales","o__Verrucomicrobiales","Verrucomicrobiales","f__Rubritaleaceae","f__Rubritaleaceae","Rubritaleaceae","g__Luteolibacter","g__Luteolibacter--other","Luteolibacter--other","","Luteolibacter_sp.","Above prediction",TRUE,0.00432425,-2.36408920591163,1,"early_vegetative",0.556365261953417,0.001,"***",TRUE,"Early Vegetative","Rubritaleaceae-233c"
"34","25c9aa2cb09b258e40a2294aed981c09",0.000204403762814373,4.24577636226749e-06,-7779.13428356247,0.753947961687203,-42.4947935809068,0.068200242242992,0.906757321111075,-15554.2685671249,-15539.1227711668,2e+06,24,14370,5e-07,0.000244270833333333,0.75,0.550081937943845,0.358250950277432,0.728092694169739,"d__Bacteria","d__Bacteria","d__Bacteria","k__Pseudomonadati--other","k__Pseudomonadati--other","p__Bacteroidota","Bacteroidota","Bacteroidota","c__Bacteroidia","c__Chitinophagia","Chitinophagia","o__Chitinophagales","o__Chitinophagales","Chitinophagales","f__Chitinophagaceae","f__Chitinophagaceae","Chitinophagaceae","g__Aurantisolimonas","g__Aurantisolimonas","Aurantisolimonas","s__uncultured_bacterium","metagenome","Above prediction",TRUE,0.000244270833333333,-3.61212838598847,0.75,"early_vegetative",0.481451651081518,0.023,"*",TRUE,"Early Vegetative","Chitinophagaceae-25c9"
"35","2d06e87e1549824dbfe3577168a6cb4a",0.000204403762814373,4.24577636226749e-06,-7779.13428356247,0.753947961687203,-42.4947935809068,0.068200242242992,0.906757321111075,-15554.2685671249,-15539.1227711668,2e+06,24,14370,5e-07,1.93958333333333e-05,0.375,0.0609133929027943,0.0139654729516862,0.229028319995676,"d__Bacteria","d__Bacteria","d__Bacteria","k__Pseudomonadati--other","k__Pseudomonadati--other","p__Bacteroidota","Bacteroidota","Bacteroidota","c__Bacteroidia","c__Chitinophagia","Chitinophagia","o__Chitinophagales","o__Chitinophagales","Chitinophagales","f__Chitinophagaceae","f__Chitinophagaceae","Chitinophagaceae","g__uncultured","g__Incertae_Sedis","","","","Above prediction",TRUE,1.93958333333333e-05,-4.71229155639424,0.375,"early_vegetative",0.427706520302866,0.01,"**",TRUE,"Early Vegetative","Chitinophagaceae-2d06"
"36","31435291230fc022bf014e8de993e88e",0.000204403762814373,4.24577636226749e-06,-7779.13428356247,0.753947961687203,-42.4947935809068,0.068200242242992,0.906757321111075,-15554.2685671249,-15539.1227711668,2e+06,24,14370,5e-07,3.59583333333333e-05,0.333333333333333,0.110054872445723,0.0357621419020698,0.291953900452257,"d__Bacteria","d__Bacteria","d__Bacteria","k__Pseudomonadati--other","k__Pseudomonadati--other","p__Fibrobacterota","Fibrobacterota","Fibrobacterota","c__Fibrobacteria","c__Fibrobacteria","Fibrobacteria","o__Fibrobacterales","o__Fibrobacterales","Fibrobacterales","f__Fibrobacteraceae","f__Fibrobacteraceae","Fibrobacteraceae","g__uncultured","g__Incertae_Sedis","Incertae_Sedis","s__uncultured_bacterium","uncultured_bacterium","Above prediction",TRUE,3.59583333333333e-05,-4.4442004459964,0.333333333333333,"early_vegetative",0.415251473972623,0.009,"**",TRUE,"Early Vegetative","Fibrobacteraceae-3143"
"37","4779015380aff50982d3ab653b9bcd6f",0.000204403762814373,4.24577636226749e-06,-7779.13428356247,0.753947961687203,-42.4947935809068,0.068200242242992,0.906757321111075,-15554.2685671249,-15539.1227711668,2e+06,24,14370,5e-07,1.18958333333333e-05,0.208333333333333,0.0378004401780918,0.00625589068328926,0.196890071806241,"d__Bacteria","d__Bacteria","d__Bacteria","k__Bacillati","k__Bacillati","p__Chloroflexi","Chloroflexota--other","Chloroflexota--other","c__Anaerolineae","c__Anaerolineae","Anaerolineae","o__SBR1031","","Aggregatilineales--other","f__SBR1031","","Incertae_Sedis","g__SBR1031","","Incertae_Sedis","s__uncultured_bacterium","sediment_metagenome","Above prediction",TRUE,1.18958333333333e-05,-4.92460512912974,0.208333333333333,"early_vegetative",0.40624883083109,0.002,"**",TRUE,"Early Vegetative","Aggregatilineales--other-4779"
"38","4e8d95347cde4d2863f6fc4e3eb6c03e",0.000204403762814373,4.24577636226749e-06,-7779.13428356247,0.753947961687203,-42.4947935809068,0.068200242242992,0.906757321111075,-15554.2685671249,-15539.1227711668,2e+06,24,14370,5e-07,3.79583333333333e-05,0.375,0.11581662618224,0.0386746406177205,0.298974939383967,"d__Bacteria","d__Bacteria","d__Bacteria","k__Pseudomonadati","k__Pseudomonadati","p__Proteobacteria","Pseudomonadota","Pseudomonadota","c__Gammaproteobacteria","c__Gammaproteobacteria","Gammaproteobacteria","o__Burkholderiales","o__Burkholderiales--other","Burkholderiales--other","f__SC-I-84","f__Incertae_Sedis","Incertae_Sedis","g__SC-I-84","g__SC-I-84","SC-I-84","","","Above prediction",TRUE,3.79583333333333e-05,-4.42069286473861,0.375,"early_vegetative",0.391758848794499,0.043,"*",TRUE,"Early Vegetative","Burkholderiales--other-4e8d"
"39","542366b915467aba70166a5c51d0d99a",0.000204403762814373,4.24577636226749e-06,-7779.13428356247,0.753947961687203,-42.4947935809068,0.068200242242992,0.906757321111075,-15554.2685671249,-15539.1227711668,2e+06,24,14370,5e-07,5.21875e-05,0.625,0.15577257705429,0.0604367634628209,0.346098777371955,"d__Bacteria","d__Bacteria","d__Bacteria","k__Pseudomonadati--other","k__Pseudomonadati--other","p__Bacteroidota","Bacteroidota","Bacteroidota","c__Bacteroidia","c__Chitinophagia","Chitinophagia","o__Chitinophagales","o__Chitinophagales","Chitinophagales","f__Chitinophagaceae","f__Chitinophagaceae","Chitinophagaceae","g__Ferruginibacter","g__Ferruginibacter","Ferruginibacter","","metagenome","Above prediction",TRUE,5.21875e-05,-4.28243350717232,0.625,"early_vegetative",0.51861211728209,0.002,"**",TRUE,"Early Vegetative","Chitinophagaceae-5423"
"40","71fa7ee51309206be8a361a597f84f37",0.000204403762814373,4.24577636226749e-06,-7779.13428356247,0.753947961687203,-42.4947935809068,0.068200242242992,0.906757321111075,-15554.2685671249,-15539.1227711668,2e+06,24,14370,5e-07,9.93958333333333e-05,0.583333333333333,0.276125823235416,0.138098342546822,0.475931922393436,"d__Bacteria","d__Bacteria","d__Bacteria","k__Pseudomonadati","k__Pseudomonadati","p__Proteobacteria","Pseudomonadota","Pseudomonadota","c__Gammaproteobacteria","c__Gammaproteobacteria","Gammaproteobacteria","o__Burkholderiales","o__Burkholderiales","Burkholderiales","f__Oxalobacteraceae","f__Oxalobacteraceae","Oxalobacteraceae","g__Massilia","","Telluria","","metagenome","Above prediction",TRUE,9.93958333333333e-05,-4.00263182081666,0.583333333333333,"early_vegetative",0.537935113596221,0.001,"***",TRUE,"Early Vegetative","Oxalobacteraceae-71fa"
"41","731d9d7f7bce53a7dd5d190aabdedb5d",0.000204403762814373,4.24577636226749e-06,-7779.13428356247,0.753947961687203,-42.4947935809068,0.068200242242992,0.906757321111075,-15554.2685671249,-15539.1227711668,2e+06,24,14370,5e-07,0.00744633333333333,1,0.999999999999089,0.862023795323448,1,"d__Bacteria","d__Bacteria","d__Bacteria","k__Pseudomonadati","k__Pseudomonadati","p__Proteobacteria","Pseudomonadota","Pseudomonadota","c__Gammaproteobacteria","c__Gammaproteobacteria","Gammaproteobacteria","o__Burkholderiales","o__Methylophilales","Methylophilales","f__Methylophilaceae","f__Methylophilaceae","Methylophilaceae","g__Methylophilus","g__Methylophilus","Methylotenera--other","","","Above prediction",TRUE,0.00744633333333333,-2.12805752659371,1,"early_vegetative",0.544071031206666,0.017,"*",TRUE,"Early Vegetative","Methylophilaceae-731d"
"42","8a4f558f7acdc2d3e22afe553aba4d55",0.000204403762814373,4.24577636226749e-06,-7779.13428356247,0.753947961687203,-42.4947935809068,0.068200242242992,0.906757321111075,-15554.2685671249,-15539.1227711668,2e+06,24,14370,5e-07,2.42916666666667e-05,0.375,0.0757083116290041,0.0198726527373702,0.248628284193777,"d__Bacteria","d__Bacteria","d__Bacteria","k__Pseudomonadati--other","k__Pseudomonadati--other","p__Bacteroidota","Bacteroidota","Bacteroidota","c__Bacteroidia","c__Chitinophagia","Chitinophagia","o__Chitinophagales","o__Chitinophagales","Chitinophagales","f__Chitinophagaceae","f__Chitinophagaceae","Chitinophagaceae","","","Incertae_Sedis","","soil_metagenome","Above prediction",TRUE,2.42916666666667e-05,-4.61454268695259,0.375,"early_vegetative",0.395894368290118,0.038,"*",TRUE,"Early Vegetative","Chitinophagaceae-8a4f"
"43","945d0878c3e150318580a1eb58e9ed91",0.000204403762814373,4.24577636226749e-06,-7779.13428356247,0.753947961687203,-42.4947935809068,0.068200242242992,0.906757321111075,-15554.2685671249,-15539.1227711668,2e+06,24,14370,5e-07,3.91666666666667e-06,0.166666666666667,0.0126026319524697,0.00086193984090066,0.158841802087584,"d__Bacteria","d__Bacteria","d__Bacteria","k__Pseudomonadati","k__Pseudomonadati","p__Proteobacteria","Pseudomonadota","Pseudomonadota","c__Gammaproteobacteria","c__Gammaproteobacteria","Gammaproteobacteria","o__Diplorickettsiales","o__Diplorickettsiales","Diplorickettsiales","f__Diplorickettsiaceae","f__Incertae_Sedis","Incertae_Sedis","g__uncultured","g__Incertae_Sedis","Incertae_Sedis","s__uncultured_bacterium","uncultured_bacterium","Above prediction",TRUE,3.91666666666667e-06,-5.40708338811191,0.166666666666667,"early_vegetative",0.329218804111951,0.038,"*",TRUE,"Early Vegetative","Diplorickettsiales-945d"
"44","9ff31e8cdf9ccd6d907cd3118df1a014",0.000204403762814373,4.24577636226749e-06,-7779.13428356247,0.753947961687203,-42.4947935809068,0.068200242242992,0.906757321111075,-15554.2685671249,-15539.1227711668,2e+06,24,14370,5e-07,1.44166666666667e-05,0.208333333333333,0.045630108609029,0.00862828923937209,0.208016394244104,"d__Bacteria","d__Bacteria","d__Bacteria","k__Pseudomonadati--other","k__Pseudomonadati--other","p__Planctomycetota","Planctomycetota","Planctomycetota","c__Phycisphaerae","c__Phycisphaerae","Phycisphaerae","o__Phycisphaerales","o__Phycisphaerales","Phycisphaerales","f__Phycisphaeraceae","f__Phycisphaeraceae","Phycisphaeraceae","g__AKYG587","g__AKYG587","AKYG587","s__uncultured_bacterium","uncultured_bacterium","Above prediction",TRUE,1.44166666666667e-05,-4.84113514291883,0.208333333333333,"early_vegetative",0.412095866884982,0.004,"**",TRUE,"Early Vegetative","Phycisphaeraceae-9ff3"
"45","aadec77907d123f0b759b39458eb1f67",0.000204403762814373,4.24577636226749e-06,-7779.13428356247,0.753947961687203,-42.4947935809068,0.068200242242992,0.906757321111075,-15554.2685671249,-15539.1227711668,2e+06,24,14370,5e-07,1.90208333333333e-05,0.333333333333333,0.0597707010862977,0.0135375780890365,0.227486159785239,"d__Bacteria","d__Bacteria","d__Bacteria","k__Pseudomonadati--other","k__Pseudomonadati--other","p__Bacteroidota","Bacteroidota","Bacteroidota","c__Bacteroidia","c__Chitinophagia","Chitinophagia","o__Chitinophagales","o__Chitinophagales","Chitinophagales","f__Chitinophagaceae","f__Chitinophagaceae","Chitinophagaceae","g__Segetibacter","g__Aridibaculum","","s__uncultured_Chitinophagaceae","","Above prediction",TRUE,1.90208333333333e-05,-4.72077045984129,0.333333333333333,"early_vegetative",0.415584231594702,0.007,"**",TRUE,"Early Vegetative","Chitinophagaceae-aade"
"46","ae722faca607d8e908f3d8ee654c5b91",0.000204403762814373,4.24577636226749e-06,-7779.13428356247,0.753947961687203,-42.4947935809068,0.068200242242992,0.906757321111075,-15554.2685671249,-15539.1227711668,2e+06,24,14370,5e-07,0.0001483125,0.666666666666667,0.383143209741531,0.217966137605024,0.580567194698765,"d__Bacteria","d__Bacteria","d__Bacteria","k__Pseudomonadati","k__Pseudomonadati","p__Proteobacteria","Pseudomonadota","Pseudomonadota","c__Gammaproteobacteria","c__Gammaproteobacteria","Gammaproteobacteria","o__Burkholderiales","o__Burkholderiales","Burkholderiales","f__Oxalobacteraceae","f__Oxalobacteraceae","Oxalobacteraceae","g__Duganella","","Duganella","","","Above prediction",TRUE,0.0001483125,-3.82882224443859,0.666666666666667,"early_vegetative",0.500351944706385,0.006,"**",TRUE,"Early Vegetative","Oxalobacteraceae-ae72"
"47","ae9c53c962a24f0114331826aa76a3ea",0.000204403762814373,4.24577636226749e-06,-7779.13428356247,0.753947961687203,-42.4947935809068,0.068200242242992,0.906757321111075,-15554.2685671249,-15539.1227711668,2e+06,24,14370,5e-07,1.92708333333333e-05,0.333333333333333,0.0605326460251612,0.0138224157084875,0.228514951501843,"d__Bacteria","d__Bacteria","d__Bacteria","k__Pseudomonadati--other","k__Pseudomonadati--other","p__Planctomycetota","Planctomycetota","Planctomycetota","c__Phycisphaerae","c__Phycisphaerae","Phycisphaerae","o__mle1-8","o__Sedimentisphaerales","Sedimentisphaerales","f__mle1-8","f__Incertae_Sedis","Incertae_Sedis","g__mle1-8","g__Incertae_Sedis","Incertae_Sedis","s__uncultured_bacterium","uncultured_bacterium","Above prediction",TRUE,1.92708333333333e-05,-4.71509950463655,0.333333333333333,"early_vegetative",0.380687252448053,0.04,"*",TRUE,"Early Vegetative","Sedimentisphaerales-ae9c"
"48","bb0aedec2dd0c49296f91fdb068dc100",0.000204403762814373,4.24577636226749e-06,-7779.13428356247,0.753947961687203,-42.4947935809068,0.068200242242992,0.906757321111075,-15554.2685671249,-15539.1227711668,2e+06,24,14370,5e-07,4.31666666666667e-05,0.416666666666667,0.130651126986677,0.046451128561893,0.31677383681018,"d__Bacteria","d__Bacteria","d__Bacteria","k__Pseudomonadati--other","k__Pseudomonadati--other","p__Bacteroidota","Bacteroidota","Bacteroidota","c__Bacteroidia","c__Chitinophagia","Chitinophagia","o__Chitinophagales","o__Chitinophagales","Chitinophagales","f__Chitinophagaceae","f__Chitinophagaceae","Chitinophagaceae","g__Lacibacter","g__Lacibacter","Lacibacter","s__uncultured_bacterium","Lacibacter_sp.","Above prediction",TRUE,4.31666666666667e-05,-4.36485148630239,0.416666666666667,"early_vegetative",0.471037101775585,0.008,"**",TRUE,"Early Vegetative","Chitinophagaceae-bb0a"
"49","bfd0c6033a677c2648b7f643dff94605",0.000204403762814373,4.24577636226749e-06,-7779.13428356247,0.753947961687203,-42.4947935809068,0.068200242242992,0.906757321111075,-15554.2685671249,-15539.1227711668,2e+06,24,14370,5e-07,6.09166666666667e-05,0.583333333333333,0.179407435821161,0.074411648673185,0.372871513473969,"d__Bacteria","d__Bacteria","d__Bacteria","k__Pseudomonadati--other","k__Pseudomonadati--other","p__Bacteroidota","Chlorobiota","Chlorobiota","c__SJA-28","c__Ignavibacteria--other","Ignavibacteria--other","o__SJA-28","o__Candidatus_Tepidaquicellales","Candidatus_Tepidaquicellales","f__SJA-28","f__Candidatus_Tepidaquicellaceae","Candidatus_Tepidaquicellaceae","g__SJA-28","g__Candidatus_Tepidaquicella","Candidatus_Tepidaquicella","s__uncultured_Ignavibacterium","uncultured_Ignavibacterium","Above prediction",TRUE,6.09166666666667e-05,-4.21526386908976,0.583333333333333,"early_vegetative",0.427747607249507,0.044,"*",TRUE,"Early Vegetative","Candidatus_Tepidaquicellaceae-bfd0"
"50","ce13c9937bcc31fbb83e7c674ebbc49c",0.000204403762814373,4.24577636226749e-06,-7779.13428356247,0.753947961687203,-42.4947935809068,0.068200242242992,0.906757321111075,-15554.2685671249,-15539.1227711668,2e+06,24,14370,5e-07,0.000383625,0.916666666666667,0.716595610038657,0.516668815297438,0.856752324335084,"d__Bacteria","d__Bacteria","d__Bacteria","k__Pseudomonadati--other","k__Pseudomonadati--other","p__Spirochaetota","Spirochaetota","Spirochaetota","c__Leptospirae","c__Spirochaetia","Spirochaetia","o__Leptospirales","o__Leptospirales","Leptospirales","f__Leptospiraceae","f__Leptospiraceae","Leptospiraceae","g__Turneriella","g__Turneriella","Turneriella","s__metagenome","Nitrospira_sp.","Above prediction",TRUE,0.000383625,-3.41609309856012,0.916666666666667,"early_vegetative",0.534197332819097,0.006,"**",TRUE,"Early Vegetative","Leptospiraceae-ce13"
"51","d8dc5ac29e139922d89aa75a26d332dc",0.000204403762814373,4.24577636226749e-06,-7779.13428356247,0.753947961687203,-42.4947935809068,0.068200242242992,0.906757321111075,-15554.2685671249,-15539.1227711668,2e+06,24,14370,5e-07,3.89583333333333e-05,0.708333333333333,0.118683855089115,0.0401471982779421,0.302445620812485,"d__Bacteria","d__Bacteria","d__Bacteria","k__Pseudomonadati--other","k__Pseudomonadati--other","p__Verrucomicrobiota","Verrucomicrobiota","Verrucomicrobiota","c__Verrucomicrobiae","c__Verrucomicrobiia","Verrucomicrobiia","o__Verrucomicrobiales","o__Verrucomicrobiales","Verrucomicrobiales","f__Rubritaleaceae","f__Rubritaleaceae","Rubritaleaceae","g__Luteolibacter","g__Luteolibacter--other","Luteolibacter--other","","","Above prediction",TRUE,3.89583333333333e-05,-4.40939963083909,0.708333333333333,"early_vegetative",0.475144545305499,0.007,"**",TRUE,"Early Vegetative","Rubritaleaceae-d8dc"
"52","e72e3f718f18cdb58c2d6d03483c22d4",0.000204403762814373,4.24577636226749e-06,-7779.13428356247,0.753947961687203,-42.4947935809068,0.068200242242992,0.906757321111075,-15554.2685671249,-15539.1227711668,2e+06,24,14370,5e-07,9.19583333333333e-05,0.458333333333333,0.258342370868609,0.125708820647907,0.457661926085918,"d__Bacteria","d__Bacteria","d__Bacteria","k__Pseudomonadati--other","k__Pseudomonadati--other","p__Bacteroidota","Bacteroidota","Bacteroidota","c__Bacteroidia","c__Chitinophagia","Chitinophagia","o__Chitinophagales","o__Chitinophagales","Chitinophagales","f__Chitinophagaceae","f__Chitinophagaceae","Chitinophagaceae","g__Segetibacter","g__Aridibaculum","","s__uncultured_Chitinophagaceae","","Above prediction",TRUE,9.19583333333333e-05,-4.03640890854995,0.458333333333333,"early_vegetative",0.468733839214557,0.002,"**",TRUE,"Early Vegetative","Chitinophagaceae-e72e"
"53","ecdf0200cd32e230808ab657134fbfb3",0.000204403762814373,4.24577636226749e-06,-7779.13428356247,0.753947961687203,-42.4947935809068,0.068200242242992,0.906757321111075,-15554.2685671249,-15539.1227711668,2e+06,24,14370,5e-07,0.00222135416666667,1,0.999538432618037,0.86122935459447,0.999998676597755,"d__Bacteria","d__Bacteria","d__Bacteria","k__Pseudomonadati--other","k__Pseudomonadati--other","p__Bacteroidota","Bacteroidota","Bacteroidota","c__Bacteroidia","c__Cytophagia","Cytophagia","o__Cytophagales","o__Cytophagales","Cytophagales","f__Spirosomaceae","f__Spirosomataceae","Spirosomataceae","g__Emticicia","g__Emticicia","Emticicia","","","Above prediction",TRUE,0.00222135416666667,-2.65338219320001,1,"early_vegetative",0.547092714764375,0.007,"**",TRUE,"Early Vegetative","Spirosomataceae-ecdf"
"54","fc8565afdae893c3381e1dffd557d696",0.000204403762814373,4.24577636226749e-06,-7779.13428356247,0.753947961687203,-42.4947935809068,0.068200242242992,0.906757321111075,-15554.2685671249,-15539.1227711668,2e+06,24,14370,5e-07,4.2875e-05,0.541666666666667,0.129826845137159,0.0460090501841625,0.315794814051233,"d__Bacteria","d__Bacteria","d__Bacteria","k__Pseudomonadati--other","k__Pseudomonadati--other","p__Verrucomicrobiota","Verrucomicrobiota","Verrucomicrobiota","c__Verrucomicrobiae","c__Verrucomicrobiia","Verrucomicrobiia","o__Verrucomicrobiales","o__Verrucomicrobiales","Verrucomicrobiales","f__Rubritaleaceae","f__Rubritaleaceae","Rubritaleaceae","g__Luteolibacter","g__Luteolibacter--other","Luteolibacter--other","","","Above prediction",TRUE,4.2875e-05,-4.36779586694917,0.541666666666667,"early_vegetative",0.481064077920967,0.008,"**",TRUE,"Early Vegetative","Rubritaleaceae-fc85"
"55","fdf2370fc41547ac42d5e53ffe0ee590",0.000204403762814373,4.24577636226749e-06,-7779.13428356247,0.753947961687203,-42.4947935809068,0.068200242242992,0.906757321111075,-15554.2685671249,-15539.1227711668,2e+06,24,14370,5e-07,0.000123854166666667,0.666666666666667,0.331722251336346,0.178514914137776,0.531366238718638,"d__Bacteria","d__Bacteria","d__Bacteria","k__Pseudomonadati","k__Pseudomonadati","p__NB1-j","NB1-j","NB1-j","c__NB1-j","c__Incertae_Sedis","Incertae_Sedis","o__NB1-j","o__Incertae_Sedis","Incertae_Sedis","f__NB1-j","f__Incertae_Sedis","Incertae_Sedis","g__NB1-j","g__Incertae_Sedis","Incertae_Sedis","s__uncultured_bacterium","","Above prediction",TRUE,0.000123854166666667,-3.90708937842088,0.666666666666667,"early_vegetative",0.465079846277919,0.037,"*",TRUE,"Early Vegetative","NB1-j-fdf2"
"56","01e554a6c77365905a87ceed402b1483",0.000202525799834069,3.53919189749271e-06,-12041.9263373477,0.763673117421845,-52.9312370978174,0.0600606311494652,0.907305450455123,-24079.8526746955,-24064.1079586608,2e+06,26,19387,5e-07,0.000170903846153846,0.807692307692308,0.424602397576556,0.256700152834081,0.611916346460511,"d__Bacteria","d__Bacteria","d__Bacteria","k__Pseudomonadati","k__Pseudomonadati","p__Proteobacteria","Pseudomonadota","Pseudomonadota","c__Alphaproteobacteria","c__Alphaproteobacteria","Alphaproteobacteria","o__Rhizobiales","o__Hyphomicrobiales--other","Hyphomicrobiales--other","f__Rhizobiaceae","f__Rhizobiaceae--other","Rhizobiaceae--other","g__Mesorhizobium","","Zhengella","","Mesorhizobium_sp.","Above prediction",TRUE,0.000170903846153846,-3.76724816346653,0.807692307692308,"late_vegetative",0.529064585352026,0.016,"*",TRUE,"Late Vegetative","Rhizobiaceae--other-01e5"
"57","040bd74a5c9b1a37501cd9fc4c554326",0.000202525799834069,3.53919189749271e-06,-12041.9263373477,0.763673117421845,-52.9312370978174,0.0600606311494652,0.907305450455123,-24079.8526746955,-24064.1079586608,2e+06,26,19387,5e-07,0.00511432692307692,1,0.999999989648441,0.871271060102757,0.999999999999999,"d__Archaea","d__Archaea","d__Archaea","k__Thermoproteati","k__Thermoproteati","p__Crenarchaeota","Thermoproteota","Thermoproteota","c__Nitrososphaeria","c__Nitrososphaeria","Nitrososphaeria","o__Nitrososphaerales","o__Nitrososphaerales","Nitrososphaerales","f__Nitrososphaeraceae","f__Nitrososphaeraceae","Nitrososphaeraceae","g__Nitrososphaeraceae","g__Incertae_Sedis","Incertae_Sedis","","Nitrososphaeraceae_archaeon","Above prediction",TRUE,0.00511432692307692,-2.29121151401983,1,"late_vegetative",0.540171143110874,0.002,"**",TRUE,"Late Vegetative","Nitrososphaeraceae-040b"
"58","0dfe245697814f4897dd14ea27bf5250",0.000202525799834069,3.53919189749271e-06,-12041.9263373477,0.763673117421845,-52.9312370978174,0.0600606311494652,0.907305450455123,-24079.8526746955,-24064.1079586608,2e+06,26,19387,5e-07,0.00291225,1,0.99995979149728,0.871201024066213,0.999999989063542,"d__Bacteria","d__Bacteria","d__Bacteria","k__Bacillati","k__Bacillati","p__Actinobacteriota","Actinomycetota","Actinomycetota","c__Acidimicrobiia","c__Acidimicrobiia","Acidimicrobiia","o__Actinomarinales","o__Candidatus_Actinomarinales","Candidatus_Actinomarinales","f__uncultured","f__Candidatus_Actinomarinaceae","Candidatus_Actinomarinaceae","g__uncultured","g__Candidatus_Actinomarina","Candidatus_Actinomarina","","Micrococcales_bacterium","Above prediction",TRUE,0.00291225,-2.53577134606225,1,"late_vegetative",0.536652959546511,0.001,"***",TRUE,"Late Vegetative","Candidatus_Actinomarinaceae-0dfe"
"59","13801e7bc71636162780bd7b6d06bf65",0.000202525799834069,3.53919189749271e-06,-12041.9263373477,0.763673117421845,-52.9312370978174,0.0600606311494652,0.907305450455123,-24079.8526746955,-24064.1079586608,2e+06,26,19387,5e-07,9.78076923076923e-05,0.5,0.270493760151452,0.137943648189596,0.462132053744641,"d__Bacteria","d__Bacteria","d__Bacteria","k__Pseudomonadati","k__Pseudomonadati","p__Myxococcota","Myxococcota","Myxococcota","c__Polyangia","c__Polyangiia","Polyangiia","o__Polyangiales","o__Polyangiales","Polyangiales","f__Phaselicystidaceae","f__Polyangiaceae","Polyangiaceae","g__Phaselicystis","g__Phaselicystis","Phaselicystis","s__uncultured_Polyangiaceae","soil_metagenome","Above prediction",TRUE,9.78076923076923e-05,-4.00962698779511,0.5,"late_vegetative",0.454534967909936,0.014,"*",TRUE,"Late Vegetative","Polyangiaceae-1380"
"60","1aed60cbc5eb3c3e0c7006ca6298cbba",0.000202525799834069,3.53919189749271e-06,-12041.9263373477,0.763673117421845,-52.9312370978174,0.0600606311494652,0.907305450455123,-24079.8526746955,-24064.1079586608,2e+06,26,19387,5e-07,2.1e-05,0.230769230769231,0.0652750112454129,0.0164225707288581,0.226050809977243,"d__Bacteria","d__Bacteria","d__Bacteria","k__Pseudomonadati--other","k__Pseudomonadati--other","p__Planctomycetota","Planctomycetota","Planctomycetota","c__Planctomycetes","c__Planctomycetia","Planctomycetia","o__Pirellulales","o__Pirellulales","Pirellulales","f__Pirellulaceae","","Thermoguttaceae--other","g__uncultured","","Incertae_Sedis","s__uncultured_soil","freshwater_metagenome","Above prediction",TRUE,2.1e-05,-4.67778070526608,0.230769230769231,"late_vegetative",0.388479710111805,0.007,"**",TRUE,"Late Vegetative","Thermoguttaceae--other-1aed"
"61","1e719e830824495d0ed48bef7d84c4a8",0.000202525799834069,3.53919189749271e-06,-12041.9263373477,0.763673117421845,-52.9312370978174,0.0600606311494652,0.907305450455123,-24079.8526746955,-24064.1079586608,2e+06,26,19387,5e-07,1.21538461538462e-05,0.192307692307692,0.0383004484168562,0.00677327644492314,0.188695791385152,"d__Bacteria","d__Bacteria","d__Bacteria","k__Pseudomonadati","k__Pseudomonadati","p__Proteobacteria","Pseudomonadota","Pseudomonadota","c__Gammaproteobacteria","c__Gammaproteobacteria","Gammaproteobacteria","o__Gammaproteobacteria_Incertae_Sedis","o__Legionellales","Legionellales","f__Unknown_Family","f__Legionellaceae","Legionellaceae","g__Unknown_Family","g__Candidatus_Berkiella","Candidatus_Berkiella","","metagenome","Above prediction",TRUE,1.21538461538462e-05,-4.91528626535241,0.192307692307692,"late_vegetative",0.334726666322561,0.029,"*",TRUE,"Late Vegetative","Legionellaceae-1e71"
"62","2713ef3c402d337501d0f9965eb02bfd",0.000202525799834069,3.53919189749271e-06,-12041.9263373477,0.763673117421845,-52.9312370978174,0.0600606311494652,0.907305450455123,-24079.8526746955,-24064.1079586608,2e+06,26,19387,5e-07,2.81346153846154e-05,0.269230769230769,0.0864922948403275,0.0256853113647217,0.253760080447299,"d__Bacteria","d__Bacteria","d__Bacteria","k__Pseudomonadati","k__Pseudomonadati","p__Proteobacteria","Pseudomonadota","Pseudomonadota","c__Alphaproteobacteria","c__Alphaproteobacteria","Alphaproteobacteria","o__Rhizobiales","o__Micropepsales","Micropepsales","f__A0839","f__Pleomorphomonadaceae","Pleomorphomonadaceae","g__A0839","g__Incertae_Sedis","Incertae_Sedis","s__uncultured_bacterium","uncultured_bacterium","Above prediction",TRUE,2.81346153846154e-05,-4.55075901750949,0.269230769230769,"late_vegetative",0.348810574997583,0.048,"*",TRUE,"Late Vegetative","Pleomorphomonadaceae-2713"
"63","2fac845da336657d55f1a9f350c6bc09",0.000202525799834069,3.53919189749271e-06,-12041.9263373477,0.763673117421845,-52.9312370978174,0.0600606311494652,0.907305450455123,-24079.8526746955,-24064.1079586608,2e+06,26,19387,5e-07,0.00650219230769231,1,0.999999999952117,0.871271078057347,1,"d__Bacteria","d__Bacteria","d__Bacteria","k__Pseudomonadati","k__Pseudomonadati","p__Proteobacteria","Pseudomonadota","Pseudomonadota","c__Alphaproteobacteria","c__Alphaproteobacteria","Alphaproteobacteria","o__Rhizobiales","","Hyphomicrobiales--other","f__Methyloligellaceae","","Methyloligellaceae","g__uncultured","","Methyloceanibacter","","uncultured_Rhodobium","Above prediction",TRUE,0.00650219230769231,-2.18694019003298,1,"late_vegetative",0.517881317273271,0.005,"**",TRUE,"Late Vegetative","Methyloligellaceae-2fac"
"64","33b59ac7bf646a8a5b1129313c3cd6bc",0.000202525799834069,3.53919189749271e-06,-12041.9263373477,0.763673117421845,-52.9312370978174,0.0600606311494652,0.907305450455123,-24079.8526746955,-24064.1079586608,2e+06,26,19387,5e-07,0.00146488461538462,1,0.992803033035723,0.859050235208145,0.999679824600021,"d__Bacteria","d__Bacteria","d__Bacteria","k__Pseudomonadati--other","k__Pseudomonadati--other","p__Acidobacteriota","Acidobacteriota","Acidobacteriota","c__Subgroup_11","c__Terriglobia","Terriglobia","o__Subgroup_11","o__Subgroup_11","Subgroup_11","f__Subgroup_11","f__Incertae_Sedis","Incertae_Sedis","g__Subgroup_11","g__Incertae_Sedis","Incertae_Sedis","s__uncultured_bacterium","uncultured_bacterium","Above prediction",TRUE,0.00146488461538462,-2.83419658205066,1,"late_vegetative",0.556638384780073,0.001,"***",TRUE,"Late Vegetative","Subgroup_11-33b5"
"65","34c76a37daf44b08d51fdac690d8a846",0.000202525799834069,3.53919189749271e-06,-12041.9263373477,0.763673117421845,-52.9312370978174,0.0600606311494652,0.907305450455123,-24079.8526746955,-24064.1079586608,2e+06,26,19387,5e-07,8.19423076923077e-05,0.423076923076923,0.232071560247379,0.111220426786535,0.421902972077777,"d__Bacteria","d__Bacteria","d__Bacteria","k__Bacillati","k__Bacillati","p__Actinobacteriota","Actinomycetota","Actinomycetota","c__Actinobacteria","c__Actinomycetes","Actinomycetes","o__Propionibacteriales","o__Propionibacteriales","Propionibacteriales","f__Nocardioidaceae","f__Nocardioidaceae","Nocardioidaceae","g__Nocardioides","g__Nocardioides","Nocardioides","","rock_metagenome","Above prediction",TRUE,8.19423076923077e-05,-4.08649180943435,0.423076923076923,"late_vegetative",0.425189626948141,0.017,"*",TRUE,"Late Vegetative","Nocardioidaceae-34c7"
"66","351cf4af69db293519bfd5b9eddd432c",0.000202525799834069,3.53919189749271e-06,-12041.9263373477,0.763673117421845,-52.9312370978174,0.0600606311494652,0.907305450455123,-24079.8526746955,-24064.1079586608,2e+06,26,19387,5e-07,5.64230769230769e-05,0.5,0.166093282744542,0.0688007766895596,0.349352692227214,"d__Bacteria","d__Bacteria","d__Bacteria","k__Pseudomonadati--other","k__Pseudomonadati--other","p__Planctomycetota","Planctomycetota","Planctomycetota","c__Planctomycetes","c__Planctomycetia","Planctomycetia","o__Planctomycetales","o__Planctomycetales","Planctomycetales","f__uncultured","f__Planctomycetaceae","Planctomycetaceae","g__uncultured","","Incertae_Sedis","","soil_metagenome","Above prediction",TRUE,5.64230769230769e-05,-4.24854323412753,0.5,"late_vegetative",0.49474558046256,0.002,"**",TRUE,"Late Vegetative","Planctomycetaceae-351c"
"67","3849097c8ab5f74d5e44ff2f46ec1c07",0.000202525799834069,3.53919189749271e-06,-12041.9263373477,0.763673117421845,-52.9312370978174,0.0600606311494652,0.907305450455123,-24079.8526746955,-24064.1079586608,2e+06,26,19387,5e-07,4.55384615384615e-05,0.423076923076923,0.136299306598082,0.0514131277032695,0.31482308177505,"d__Bacteria","d__Bacteria","d__Bacteria","k__Bacillati","k__Bacillati","p__Chloroflexi","Chloroflexota--other","Chloroflexota--other","c__JG30-KF-CM66","c__Ktedonobacteria","Ktedonobacteria","o__JG30-KF-CM66","o__Incertae_Sedis","Incertae_Sedis","f__JG30-KF-CM66","f__Incertae_Sedis","Incertae_Sedis","g__JG30-KF-CM66","g__Incertae_Sedis","Incertae_Sedis","s__uncultured_bacterium","uncultured_bacterium","Above prediction",TRUE,4.55384615384615e-05,-4.34162164558392,0.423076923076923,"late_vegetative",0.449436755269076,0.002,"**",TRUE,"Late Vegetative","Ktedonobacteria-3849"
"68","3b85dc79386362e93f5385a08f99dbb2",0.000202525799834069,3.53919189749271e-06,-12041.9263373477,0.763673117421845,-52.9312370978174,0.0600606311494652,0.907305450455123,-24079.8526746955,-24064.1079586608,2e+06,26,19387,5e-07,0.000111519230769231,0.576923076923077,0.30218380759021,0.160935076389062,0.494361869141772,"d__Bacteria","d__Bacteria","d__Bacteria","k__Pseudomonadati--other","k__Pseudomonadati--other","p__Planctomycetota","Planctomycetota","Planctomycetota","c__Pla4_lineage","c__Candidatus_Uabimicrobiia","Candidatus_Uabimicrobiia","o__Pla4_lineage","o__Incertae_Sedis","Incertae_Sedis","f__Pla4_lineage","f__Incertae_Sedis","Incertae_Sedis","g__Pla4_lineage","g__Incertae_Sedis","Incertae_Sedis","","Planctomycetaceae_bacterium","Above prediction",TRUE,0.000111519230769231,-3.95265023488658,0.576923076923077,"late_vegetative",0.51116361001594,0.004,"**",TRUE,"Late Vegetative","Candidatus_Uabimicrobiia-3b85"
"69","3bd9fc0265a969dde3e2c0479c7d80f9",0.000202525799834069,3.53919189749271e-06,-12041.9263373477,0.763673117421845,-52.9312370978174,0.0600606311494652,0.907305450455123,-24079.8526746955,-24064.1079586608,2e+06,26,19387,5e-07,6.32115384615385e-05,0.576923076923077,0.184165185420202,0.0799281322400039,0.369716388933325,"d__Bacteria","d__Bacteria","d__Bacteria","k__Pseudomonadati--other","k__Pseudomonadati--other","p__Verrucomicrobiota","Verrucomicrobiota","Verrucomicrobiota","c__Verrucomicrobiae","c__Verrucomicrobiia","Verrucomicrobiia","o__Verrucomicrobiales","o__Verrucomicrobiales","Verrucomicrobiales","f__Rubritaleaceae","f__Rubritaleaceae","Rubritaleaceae","g__Luteolibacter","g__Luteolibacter--other","Luteolibacter--other","s__uncultured_Verrucomicrobiales","Luteolibacter_sp.","Above prediction",TRUE,6.32115384615385e-05,-4.19920363955317,0.576923076923077,"late_vegetative",0.501745139012586,0.006,"**",TRUE,"Late Vegetative","Rubritaleaceae-3bd9"
"70","3f5f077e16c01f93c4095099c7d43258",0.000202525799834069,3.53919189749271e-06,-12041.9263373477,0.763673117421845,-52.9312370978174,0.0600606311494652,0.907305450455123,-24079.8526746955,-24064.1079586608,2e+06,26,19387,5e-07,0.000108096153846154,0.5,0.294400578188569,0.155213329332042,0.486521010854423,"d__Bacteria","d__Bacteria","d__Bacteria","k__Pseudomonadati--other","k__Pseudomonadati--other","p__Acidobacteriota","Acidobacteriota","Acidobacteriota","c__Acidobacteriae","c__Terriglobia","Terriglobia","o__Bryobacterales","o__Bryobacterales","Bryobacterales","f__Bryobacteraceae","f__Bryobacteraceae","Bryobacteraceae","g__Bryobacter","g__Bryobacter","Bryobacter","","Terriglobia_bacterium","Above prediction",TRUE,0.000108096153846154,-3.96618975834186,0.5,"late_vegetative",0.517062300593254,0.001,"***",TRUE,"Late Vegetative","Bryobacteraceae-3f5f"
"71","41c3fcdc0ba7f8aa45aa2bfd2d4eeaf6",0.000202525799834069,3.53919189749271e-06,-12041.9263373477,0.763673117421845,-52.9312370978174,0.0600606311494652,0.907305450455123,-24079.8526746955,-24064.1079586608,2e+06,26,19387,5e-07,0.00225682692307692,1,0.9995661177436,0.870516286741952,0.999998733276194,"d__Bacteria","d__Bacteria","d__Bacteria","k__Bacillati","k__Bacillati","p__Actinobacteriota","Actinomycetota","Actinomycetota","c__Thermoleophilia","c__Thermoleophilia","Thermoleophilia","o__Gaiellales","o__Gaiellales","Gaiellales","f__uncultured","f__Gaiellaceae","Gaiellaceae","g__uncultured","g__Gaiella","Gaiella","","uncultured_Rubrobacteria","Above prediction",TRUE,0.00225682692307692,-2.6465017458557,1,"late_vegetative",0.552735443929283,0.005,"**",TRUE,"Late Vegetative","Gaiellaceae-41c3"
"72","432b01066dfe0725b4830272bff0caff",0.000202525799834069,3.53919189749271e-06,-12041.9263373477,0.763673117421845,-52.9312370978174,0.0600606311494652,0.907305450455123,-24079.8526746955,-24064.1079586608,2e+06,26,19387,5e-07,0.000142576923076923,0.653846153846154,0.369077475962613,0.211977645071091,0.559884337586975,"d__Bacteria","d__Bacteria","d__Bacteria","k__Bacillati","k__Bacillati","p__Firmicutes","Bacillota","Bacillota","c__Bacilli","c__Bacilli","Bacilli","o__Thermoactinomycetales","o__Thermoactinomycetales","Thermoactinomycetales","f__Thermoactinomycetaceae","f__Thermoactinomycetaceae","Thermoactinomycetaceae","g__Thermoactinomyces","g__Paenactinomyces","Thermoactinomyces--other","s__Thermoactinomyces_sp.","Thermoactinomyces_sp.","Above prediction",TRUE,0.000142576923076923,-3.84595076194125,0.653846153846154,"late_vegetative",0.536498428102712,0.001,"***",TRUE,"Late Vegetative","Thermoactinomycetaceae-432b"
"73","45bdd24b81b9a4ed791efe55f698a230",0.000202525799834069,3.53919189749271e-06,-12041.9263373477,0.763673117421845,-52.9312370978174,0.0600606311494652,0.907305450455123,-24079.8526746955,-24064.1079586608,2e+06,26,19387,5e-07,0.000138384615384615,0.692307692307692,0.360427527691674,0.205197129626016,0.551591953520284,"d__Bacteria","d__Bacteria","d__Bacteria","k__Pseudomonadati--other","k__Pseudomonadati--other","p__Latescibacterota","Candidatus_Latescibacterota","Candidatus_Latescibacterota","c__Latescibacterota","c__Candidatus_Latescibacteria","Candidatus_Latescibacteria","o__Latescibacterota","o__Candidatus_Latescibacterales","Candidatus_Latescibacterales","f__Latescibacterota","f__Candidatus_Latescibacteraceae","Candidatus_Latescibacteraceae","g__Latescibacterota","g__Candidatus_Latescibacter","Candidatus_Latescibacter","s__metagenome","soil_metagenome","Above prediction",TRUE,0.000138384615384615,-3.85891218896129,0.692307692307692,"late_vegetative",0.506902959640463,0.003,"**",TRUE,"Late Vegetative","Candidatus_Latescibacteraceae-45bd"
"74","48a25a351f673f799f73620221769bb5",0.000202525799834069,3.53919189749271e-06,-12041.9263373477,0.763673117421845,-52.9312370978174,0.0600606311494652,0.907305450455123,-24079.8526746955,-24064.1079586608,2e+06,26,19387,5e-07,0.000105461538461538,0.5,0.28835248662048,0.150800314461712,0.480394971202307,"d__Bacteria","d__Bacteria","d__Bacteria","k__Bacillati","k__Bacillati","p__Actinobacteriota","Actinomycetota","Actinomycetota","c__Thermoleophilia","c__Thermoleophilia","Thermoleophilia","o__Gaiellales","o__Gaiellales","Gaiellales","f__uncultured","f__Gaiellaceae","Gaiellaceae","g__uncultured","g__Gaiella","Gaiella","s__bacterium_Ellin6515","","Above prediction",TRUE,0.000105461538461538,-3.97690589751732,0.5,"late_vegetative",0.448702562266433,0.027,"*",TRUE,"Late Vegetative","Gaiellaceae-48a2"
"75","4b1164f46f0a3b68ace98a626f89d3d2",0.000202525799834069,3.53919189749271e-06,-12041.9263373477,0.763673117421845,-52.9312370978174,0.0600606311494652,0.907305450455123,-24079.8526746955,-24064.1079586608,2e+06,26,19387,5e-07,1.28846153846154e-05,0.192307692307692,0.0405572142010072,0.00746682394928849,0.191934753396523,"d__Bacteria","d__Bacteria","d__Bacteria","k__Bacillati","k__Bacillati","p__Chloroflexi","Chloroflexota--other","Chloroflexota--other","c__Anaerolineae","c__Anaerolineae","Anaerolineae","o__Anaerolineales","o__Anaerolineales","Anaerolineales","f__Anaerolineaceae","f__Anaerolineaceae","Anaerolineaceae","g__uncultured","g__RBG-16-58-14","RBG-16-58-14","s__uncultured_Chloroflexi","","Above prediction",TRUE,1.28846153846154e-05,-4.88992854093397,0.192307692307692,"late_vegetative",0.339465837777112,0.02,"*",TRUE,"Late Vegetative","Anaerolineaceae-4b11"
"76","4c687e9abe11199b993e2ab668384d5c",0.000202525799834069,3.53919189749271e-06,-12041.9263373477,0.763673117421845,-52.9312370978174,0.0600606311494652,0.907305450455123,-24079.8526746955,-24064.1079586608,2e+06,26,19387,5e-07,0.00381103846153846,1,0.999998557551344,0.871268564627275,0.999999999985918,"d__Bacteria","d__Bacteria","d__Bacteria","k__Pseudomonadati--other","k__Pseudomonadati--other","p__Nitrospirota","Nitrospirota","Nitrospirota","c__Nitrospiria","c__Nitrospiria","Nitrospiria","o__Nitrospirales","o__Nitrospirales","Nitrospirales","f__Nitrospiraceae","f__Nitrospiraceae","Nitrospiraceae","g__Nitrospira","g__Nitrospira","Nitrospira","","Candidatus_Acidoferrum","Above prediction",TRUE,0.00381103846153846,-2.41895666824446,1,"late_vegetative",0.528017106258275,0.003,"**",TRUE,"Late Vegetative","Nitrospiraceae-4c68"
"77","524f945306ac2c325b6027df82cc10c2",0.000202525799834069,3.53919189749271e-06,-12041.9263373477,0.763673117421845,-52.9312370978174,0.0600606311494652,0.907305450455123,-24079.8526746955,-24064.1079586608,2e+06,26,19387,5e-07,0.00103078846153846,1,0.967649915123307,0.819964295611018,0.994935395872842,"d__Bacteria","d__Bacteria","d__Bacteria","k__Pseudomonadati","k__Pseudomonadati","p__Proteobacteria","Pseudomonadota","Pseudomonadota","c__Gammaproteobacteria","c__Gammaproteobacteria","Gammaproteobacteria","o__Steroidobacterales","o__Steroidobacterales","Steroidobacterales","f__Steroidobacteraceae","f__Steroidobacteraceae","Steroidobacteraceae","g__uncultured","g__Incertae_Sedis","Incertae_Sedis","","metagenome","Above prediction",TRUE,0.00103078846153846,-2.98683045150862,1,"late_vegetative",0.548692006337736,0.003,"**",TRUE,"Late Vegetative","Steroidobacteraceae-524f"
"78","53e147376c416a7fb1b1c3dc4ba25d6e",0.000202525799834069,3.53919189749271e-06,-12041.9263373477,0.763673117421845,-52.9312370978174,0.0600606311494652,0.907305450455123,-24079.8526746955,-24064.1079586608,2e+06,26,19387,5e-07,0.000272865384615385,0.807692307692308,0.587653141360609,0.399393620401532,0.753345673549836,"d__Bacteria","d__Bacteria","d__Bacteria","k__Pseudomonadati--other","k__Pseudomonadati--other","p__Gemmatimonadota","Gemmatimonadota","Gemmatimonadota","c__S0134_terrestrial_group","c__Gemmatimonadia","Gemmatimonadia","o__S0134_terrestrial_group","o__S0134_terrestrial_group","S0134_terrestrial_group","f__S0134_terrestrial_group","f__Incertae_Sedis","Incertae_Sedis","g__S0134_terrestrial_group","g__Incertae_Sedis","Incertae_Sedis","s__uncultured_bacterium","uncultured_bacterium","Above prediction",TRUE,0.000272865384615385,-3.56405155492753,0.807692307692308,"late_vegetative",0.526573881433433,0.003,"**",TRUE,"Late Vegetative","S0134_terrestrial_group-53e1"
"79","548f1f37d4853c6e929864a929bcbb4e",0.000202525799834069,3.53919189749271e-06,-12041.9263373477,0.763673117421845,-52.9312370978174,0.0600606311494652,0.907305450455123,-24079.8526746955,-24064.1079586608,2e+06,26,19387,5e-07,0.000165711538461538,0.615384615384615,0.414795140501935,0.248653392199446,0.602873548205128,"d__Bacteria","d__Bacteria","d__Bacteria","k__Bacillati","k__Bacillati","p__Firmicutes","Bacillota","Bacillota","c__Bacilli","c__Bacilli","Bacilli","o__Bacillales","o__Bacillales","Bacillales","f__Bacillaceae","f__Bacillaceae","Bacillaceae","g__Bacillus","g__Lederbergia","Lederbergia","s__uncultured_compost","uncultured_bacterium","Above prediction",TRUE,0.000165711538461538,-3.78064725068923,0.615384615384615,"late_vegetative",0.514302193715461,0.001,"***",TRUE,"Late Vegetative","Bacillaceae-548f"
"80","5b5fc41e4def55055e7e165fecdfc4f1",0.000202525799834069,3.53919189749271e-06,-12041.9263373477,0.763673117421845,-52.9312370978174,0.0600606311494652,0.907305450455123,-24079.8526746955,-24064.1079586608,2e+06,26,19387,5e-07,0.000129461538461538,0.538461538461539,0.341629388676453,0.190641901893977,0.533390631558658,"d__Bacteria","d__Bacteria","d__Bacteria","k__Bacillati","k__Bacillati","p__Chloroflexi","Thermomicrobiota","Thermomicrobiota","c__Chloroflexia","c__Thermomicrobia","Thermomicrobia","o__Thermomicrobiales","o__Thermomicrobiales--other","Thermomicrobiales--other","f__JG30-KF-CM45","f__JG30-KF-CM45","JG30-KF-CM45","g__JG30-KF-CM45","g__Incertae_Sedis","Incertae_Sedis","s__uncultured_Chloroflexi","","Above prediction",TRUE,0.000129461538461538,-3.88785923633101,0.538461538461538,"late_vegetative",0.471145504744749,0.004,"**",TRUE,"Late Vegetative","JG30-KF-CM45-5b5f"
"81","5de04fe69beee5cc76f6cdc2005dc3a5",0.000202525799834069,3.53919189749271e-06,-12041.9263373477,0.763673117421845,-52.9312370978174,0.0600606311494652,0.907305450455123,-24079.8526746955,-24064.1079586608,2e+06,26,19387,5e-07,2.28846153846154e-05,0.307692307692308,0.0709257831416502,0.018766112317415,0.23355397663341,"d__Bacteria","d__Bacteria","d__Bacteria","k__Bacillati","k__Bacillati","p__Chloroflexi","Chloroflexota--other","Chloroflexota--other","c__Anaerolineae","c__Anaerolineae","Anaerolineae","o__SBR1031","o__Phototrophicales","Phototrophicales","f__SBR1031","f__Phototrophicaceae","Phototrophicaceae","g__SBR1031","g__Phototrophicus","Phototrophicus","s__uncultured_Caldilineaceae","uncultured_Caldilineaceae","Above prediction",TRUE,2.28846153846154e-05,-4.64045638224227,0.307692307692308,"late_vegetative",0.400540333682975,0.021,"*",TRUE,"Late Vegetative","Phototrophicaceae-5de0"
"82","66449c73c79eb4cf250519f8d4d670c7",0.000202525799834069,3.53919189749271e-06,-12041.9263373477,0.763673117421845,-52.9312370978174,0.0600606311494652,0.907305450455123,-24079.8526746955,-24064.1079586608,2e+06,26,19387,5e-07,0.000132423076923077,0.653846153846154,0.347927456207272,0.195490617688059,0.539516563940138,"d__Bacteria","d__Bacteria","d__Bacteria","k__Pseudomonadati--other","k__Pseudomonadati--other","p__Acidobacteriota","Acidobacteriota","Acidobacteriota","c__Blastocatellia","c__Blastocatellia","Blastocatellia","o__Blastocatellales","o__Blastocatellales","Blastocatellales","f__Blastocatellaceae","f__Blastocatellaceae","Blastocatellaceae","g__uncultured","g__Incertae_Sedis","Incertae_Sedis","s__uncultured_Acidobacteria","uncultured_Acidobacteria","Above prediction",TRUE,0.000132423076923077,-3.87803632526614,0.653846153846154,"late_vegetative",0.464040323647617,0.02,"*",TRUE,"Late Vegetative","Blastocatellaceae-6644"
"83","6d01029368e4cc381d8e748ea1285708",0.000202525799834069,3.53919189749271e-06,-12041.9263373477,0.763673117421845,-52.9312370978174,0.0600606311494652,0.907305450455123,-24079.8526746955,-24064.1079586608,2e+06,26,19387,5e-07,0.00167907692307692,1,0.996606226178475,0.865431856365829,0.999925427822064,"d__Bacteria","d__Bacteria","d__Bacteria","k__Pseudomonadati--other","k__Pseudomonadati--other","p__Acidobacteriota","Acidobacteriota","Acidobacteriota","c__Vicinamibacteria","c__Vicinamibacteria","Vicinamibacteria","o__Vicinamibacterales","o__Vicinamibacterales","Vicinamibacterales","f__uncultured","f__Vicinamibacteraceae","Vicinamibacteraceae","g__uncultured","g__Incertae_Sedis","Incertae_Sedis","s__uncultured_Acidobacteriaceae","","Above prediction",TRUE,0.00167907692307692,-2.77492940719573,1,"late_vegetative",0.529026956441318,0.002,"**",TRUE,"Late Vegetative","Vicinamibacteraceae-6d01"
"84","6d30448b2542057714130ba12fec491f",0.000202525799834069,3.53919189749271e-06,-12041.9263373477,0.763673117421845,-52.9312370978174,0.0600606311494652,0.907305450455123,-24079.8526746955,-24064.1079586608,2e+06,26,19387,5e-07,0.000131423076923077,0.538461538461539,0.345807441206576,0.193855317828532,0.537457648289003,"d__Bacteria","d__Bacteria","d__Bacteria","k__Bacillati","k__Bacillati","p__Chloroflexi","Chloroflexota--other","Chloroflexota--other","c__Anaerolineae","c__Anaerolineae--other","Anaerolineae--other","o__RBG-13-54-9","o__RBG-13-54-9","RBG-13-54-9","f__RBG-13-54-9","f__Incertae_Sedis","Incertae_Sedis","g__RBG-13-54-9","g__Incertae_Sedis","Incertae_Sedis","s__uncultured_sludge","","Above prediction",TRUE,0.000131423076923077,-3.88132836917206,0.538461538461538,"late_vegetative",0.458229811023835,0.012,"*",TRUE,"Late Vegetative","RBG-13-54-9-6d30"
"85","72defd2687a9a2f00a7b6874b838a546",0.000202525799834069,3.53919189749271e-06,-12041.9263373477,0.763673117421845,-52.9312370978174,0.0600606311494652,0.907305450455123,-24079.8526746955,-24064.1079586608,2e+06,26,19387,5e-07,1.27307692307692e-05,0.192307692307692,0.0400825347021256,0.00731896731603904,0.191255460992249,"d__Bacteria","d__Bacteria","d__Bacteria","k__Bacillati","k__Bacillati","p__Elusimicrobiota","Elusimicrobiota","Elusimicrobiota","c__Lineage_IIa","c__Lineage_IIa","Lineage_IIa","o__Lineage_IIa","o__Incertae_Sedis","Incertae_Sedis","f__Lineage_IIa","f__Incertae_Sedis","Incertae_Sedis","g__Lineage_IIa","g__Incertae_Sedis","Incertae_Sedis","s__uncultured_bacterium","uncultured_bacterium","Above prediction",TRUE,1.27307692307692e-05,-4.8951453541951,0.192307692307692,"late_vegetative",0.438529009653515,0.002,"**",TRUE,"Late Vegetative","Lineage_IIa-72de"
"86","770f6d40306b14f30101bf45337bdecb",0.000202525799834069,3.53919189749271e-06,-12041.9263373477,0.763673117421845,-52.9312370978174,0.0600606311494652,0.907305450455123,-24079.8526746955,-24064.1079586608,2e+06,26,19387,5e-07,2.00384615384615e-05,0.346153846153846,0.0623790790345413,0.0152598846089393,0.222167212137984,"d__Bacteria","d__Bacteria","d__Bacteria","k__Pseudomonadati--other","k__Pseudomonadati--other","p__Latescibacterota","Candidatus_Latescibacterota","Candidatus_Latescibacterota","c__Latescibacterota","c__Candidatus_Latescibacteria","Candidatus_Latescibacteria","o__Latescibacterota","o__Candidatus_Latescibacterales","Candidatus_Latescibacterales","f__Latescibacterota","f__Candidatus_Latescibacteraceae","Candidatus_Latescibacteraceae","g__Latescibacterota","g__Candidatus_Latescibacter","Candidatus_Latescibacter","s__uncultured_bacterium","","Above prediction",TRUE,2.00384615384615e-05,-4.69813562467129,0.346153846153846,"late_vegetative",0.387979317659664,0.044,"*",TRUE,"Late Vegetative","Candidatus_Latescibacteraceae-770f"
"87","79f854ba7e9256f5c29821a8b32cfadc",0.000202525799834069,3.53919189749271e-06,-12041.9263373477,0.763673117421845,-52.9312370978174,0.0600606311494652,0.907305450455123,-24079.8526746955,-24064.1079586608,2e+06,26,19387,5e-07,0.000181903846153846,0.692307692307692,0.444851835153377,0.273510188781862,0.630391809131331,"d__Bacteria","d__Bacteria","d__Bacteria","k__Pseudomonadati--other","k__Pseudomonadati--other","p__Gemmatimonadota","Gemmatimonadota","Gemmatimonadota","c__Gemmatimonadetes","c__Gemmatimonadia","Gemmatimonadia","o__Gemmatimonadales","o__Gemmatimonadales","Gemmatimonadales","f__Gemmatimonadaceae","f__Gemmatimonadaceae","Gemmatimonadaceae","","g__Gemmatimonas","Gemmatimonas","","","Above prediction",TRUE,0.000181903846153846,-3.74015811816723,0.692307692307692,"late_vegetative",0.522135693623389,0.002,"**",TRUE,"Late Vegetative","Gemmatimonadaceae-79f8"
"88","7ebbe0dc9ad3c1a88944fd59dde184fb",0.000202525799834069,3.53919189749271e-06,-12041.9263373477,0.763673117421845,-52.9312370978174,0.0600606311494652,0.907305450455123,-24079.8526746955,-24064.1079586608,2e+06,26,19387,5e-07,2.95961538461539e-05,0.384615384615385,0.0907804165035602,0.0276995246969255,0.259218099884543,"d__Bacteria","d__Bacteria","d__Bacteria","k__Bacillati","k__Bacillati","p__Firmicutes","Bacillota","Bacillota","c__Bacilli","c__Bacilli","Bacilli","o__Bacillales","","Bacillales","f__Bacillaceae","","Bacillaceae","g__Bacillus","","","","","Above prediction",TRUE,2.95961538461539e-05,-4.52876472380332,0.384615384615385,"late_vegetative",0.385782905133472,0.034,"*",TRUE,"Late Vegetative","Bacillaceae-7ebb"
"89","8c236fe169500c5b91c687f10e0d3c6b",0.000202525799834069,3.53919189749271e-06,-12041.9263373477,0.763673117421845,-52.9312370978174,0.0600606311494652,0.907305450455123,-24079.8526746955,-24064.1079586608,2e+06,26,19387,5e-07,0.000106403846153846,0.5,0.290521460972371,0.152379546762981,0.482595268145101,"d__Bacteria","d__Bacteria","d__Bacteria","k__Bacillati","k__Bacillati","p__Actinobacteriota","Actinomycetota","Actinomycetota","c__Acidimicrobiia","c__Acidimicrobiia","Acidimicrobiia","","o__Acidimicrobiales","Acidimicrobiales","","f__Acidimicrobiaceae","Acidimicrobiaceae","","g__Incertae_Sedis","Incertae_Sedis","","uncultured_bacterium","Above prediction",TRUE,0.000106403846153846,-3.97304267342065,0.5,"late_vegetative",0.443891867030807,0.009,"**",TRUE,"Late Vegetative","Acidimicrobiaceae-8c23"
"90","8f0fb68673a8b3c26f3fd210e29b7916",0.000202525799834069,3.53919189749271e-06,-12041.9263373477,0.763673117421845,-52.9312370978174,0.0600606311494652,0.907305450455123,-24079.8526746955,-24064.1079586608,2e+06,26,19387,5e-07,0.00137453846153846,1,0.990136850162577,0.854667328842698,0.999416794912656,"d__Bacteria","d__Bacteria","d__Bacteria","k__Bacillati","k__Bacillati","p__Firmicutes","Clostridiota","Clostridiota","c__Clostridia","c__Clostridia","Clostridia","o__Clostridiales","o__Clostridiales","Clostridiales","f__Clostridiaceae","f__Clostridiaceae","Clostridiaceae","g__Clostridium_sensu_stricto_13","g__Clostridium--other","Clostridium--other","","Clostridium_bowmanii","Above prediction",TRUE,0.00137453846153846,-2.86184310347404,1,"late_vegetative",0.50891631007061,0.023,"*",TRUE,"Late Vegetative","Clostridiaceae-8f0f"
"91","90aca794c7e30b8a77e87f13ffc9a5cc",0.000202525799834069,3.53919189749271e-06,-12041.9263373477,0.763673117421845,-52.9312370978174,0.0600606311494652,0.907305450455123,-24079.8526746955,-24064.1079586608,2e+06,26,19387,5e-07,0.00299713461538462,1,0.99997054481674,0.871219757112091,0.999999994130143,"d__Bacteria","d__Bacteria","d__Bacteria","k__Pseudomonadati","k__Pseudomonadati","p__Proteobacteria","Pseudomonadota","Pseudomonadota","c__Alphaproteobacteria","c__Alphaproteobacteria","Alphaproteobacteria","o__Rhizobiales","o__Hyphomicrobiales--other","Hyphomicrobiales--other","f__Xanthobacteraceae","f__Nitrobacteraceae","Nitrobacteraceae","g__uncultured","","Incertae_Sedis","","","Above prediction",TRUE,0.00299713461538462,-2.52329375041245,1,"late_vegetative",0.528348118819088,0.005,"**",TRUE,"Late Vegetative","Nitrobacteraceae-90ac"
"92","91ddf6ae6fe1b2f82da6ceeeb5d9b519",0.000202525799834069,3.53919189749271e-06,-12041.9263373477,0.763673117421845,-52.9312370978174,0.0600606311494652,0.907305450455123,-24079.8526746955,-24064.1079586608,2e+06,26,19387,5e-07,9.23076923076923e-05,0.692307692307692,0.257391375308378,0.128682316130934,0.448561927866421,"d__Archaea","d__Archaea","d__Archaea","k__Thermoproteati","k__Thermoproteati","p__Crenarchaeota","Thermoproteota","Thermoproteota","c__Nitrososphaeria","c__Nitrososphaeria","Nitrososphaeria","o__Nitrososphaerales","o__Nitrososphaerales","Nitrososphaerales","f__Nitrososphaeraceae","f__Nitrososphaeraceae","Nitrososphaeraceae","g__Candidatus_Nitrocosmicus","g__Candidatus_Nitrosocosmicus","Candidatus_Nitrosocosmicus","","","Above prediction",TRUE,9.23076923076923e-05,-4.03476210625921,0.692307692307692,"late_vegetative",0.509277735131107,0.006,"**",TRUE,"Late Vegetative","Nitrososphaeraceae-91dd"
"93","91ff993a5f5f767d1d14eed660db4ecf",0.000202525799834069,3.53919189749271e-06,-12041.9263373477,0.763673117421845,-52.9312370978174,0.0600606311494652,0.907305450455123,-24079.8526746955,-24064.1079586608,2e+06,26,19387,5e-07,0.000111307692307692,0.615384615384615,0.301705259981222,0.1605819072153,0.493881148933086,"d__Bacteria","d__Bacteria","d__Bacteria","k__Bacillati","k__Bacillati","p__Chloroflexi","Chloroflexota--other","Chloroflexota--other","c__Anaerolineae","c__Anaerolineae--other","Anaerolineae--other","o__RBG-13-54-9","o__RBG-13-54-9","RBG-13-54-9","f__RBG-13-54-9","f__Incertae_Sedis","Incertae_Sedis","g__RBG-13-54-9","g__Incertae_Sedis","Incertae_Sedis","s__uncultured_Caldilineaceae","Bacillota_bacterium","Above prediction",TRUE,0.000111307692307692,-3.9534748211878,0.615384615384615,"late_vegetative",0.505276514709801,0.003,"**",TRUE,"Late Vegetative","RBG-13-54-9-91ff"
"94","945afead985a2610f6d91b9757bb4ff5",0.000202525799834069,3.53919189749271e-06,-12041.9263373477,0.763673117421845,-52.9312370978174,0.0600606311494652,0.907305450455123,-24079.8526746955,-24064.1079586608,2e+06,26,19387,5e-07,7.24230769230769e-05,0.5,0.208078214423783,0.0952431243548355,0.396070857941617,"d__Bacteria","d__Bacteria","d__Bacteria","k__Pseudomonadati--other","k__Pseudomonadati--other","p__Latescibacterota","Candidatus_Latescibacterota","Candidatus_Latescibacterota","c__Latescibacterota","c__Candidatus_Latescibacteria","Candidatus_Latescibacteria","o__Latescibacterota","o__Candidatus_Latescibacterales","Candidatus_Latescibacterales","f__Latescibacterota","f__Candidatus_Latescibacteraceae","Candidatus_Latescibacteraceae","g__Latescibacterota","g__Candidatus_Latescibacter","Candidatus_Latescibacter","s__uncultured_bacterium","Candidatus_Eisenbacteria","Above prediction",TRUE,7.24230769230769e-05,-4.14012302795415,0.5,"late_vegetative",0.435455998206838,0.033,"*",TRUE,"Late Vegetative","Candidatus_Latescibacteraceae-945a"
"95","b26086d47e0a3f9bd5c419c4617b8502",0.000202525799834069,3.53919189749271e-06,-12041.9263373477,0.763673117421845,-52.9312370978174,0.0600606311494652,0.907305450455123,-24079.8526746955,-24064.1079586608,2e+06,26,19387,5e-07,0.00249542307692308,1,0.999816535235045,0.870951610304785,0.999999772748873,"d__Archaea","d__Archaea","d__Archaea","k__Thermoproteati","k__Thermoproteati","p__Crenarchaeota","Thermoproteota","Thermoproteota","c__Nitrososphaeria","c__Nitrososphaeria","Nitrososphaeria","o__Nitrososphaerales","o__Nitrososphaerales","Nitrososphaerales","f__Nitrososphaeraceae","f__Nitrososphaeraceae","Nitrososphaeraceae","","g__Candidatus_Nitrosocosmicus","Candidatus_Nitrosocosmicus","","uncultured_archaeon","Above prediction",TRUE,0.00249542307692308,-2.60285581300793,1,"late_vegetative",0.553489261353445,0.001,"***",TRUE,"Late Vegetative","Nitrososphaeraceae-b260"
"96","b2af2d86f64b5aa555813c2e5ccf5125",0.000202525799834069,3.53919189749271e-06,-12041.9263373477,0.763673117421845,-52.9312370978174,0.0600606311494652,0.907305450455123,-24079.8526746955,-24064.1079586608,2e+06,26,19387,5e-07,0.00284551923076923,1,0.999948671401632,0.87118165371376,0.999999982180546,"d__Bacteria","d__Bacteria","d__Bacteria","k__Pseudomonadati","k__Pseudomonadati","p__Proteobacteria","Pseudomonadota","Pseudomonadota","c__Gammaproteobacteria","c__Gammaproteobacteria","Gammaproteobacteria","o__Burkholderiales","o__Burkholderiales","Burkholderiales","f__Comamonadaceae","f__Comamonadaceae","Comamonadaceae","g__Ramlibacter","","Ramlibacter","","Ramlibacter_sp.","Above prediction",TRUE,0.00284551923076923,-2.54583847496912,1,"late_vegetative",0.491170529289252,0.048,"*",TRUE,"Late Vegetative","Comamonadaceae-b2af"
"97","bc84c01dbfc576927c9a43ad8a4fbf8f",0.000202525799834069,3.53919189749271e-06,-12041.9263373477,0.763673117421845,-52.9312370978174,0.0600606311494652,0.907305450455123,-24079.8526746955,-24064.1079586608,2e+06,26,19387,5e-07,0.00364240384615385,1,0.999997292720552,0.871266360641824,0.999999999950395,"d__Bacteria","d__Bacteria","d__Bacteria","k__Pseudomonadati","k__Pseudomonadati","p__Proteobacteria","Pseudomonadota","Pseudomonadota","c__Alphaproteobacteria","c__Alphaproteobacteria","Alphaproteobacteria","o__Azospirillales","o__Azospirillales","Azospirillales","f__uncultured","f__Azospirillaceae","Azospirillaceae","g__uncultured","g__Incertae_Sedis","Incertae_Sedis","s__uncultured_bacterium","uncultured_bacterium","Above prediction",TRUE,0.00364240384615385,-2.43861190411143,1,"late_vegetative",0.53866588484012,0.002,"**",TRUE,"Late Vegetative","Azospirillaceae-bc84"
"98","c4b069153ae53489ea1cbfb2de1cfb1d",0.000202525799834069,3.53919189749271e-06,-12041.9263373477,0.763673117421845,-52.9312370978174,0.0600606311494652,0.907305450455123,-24079.8526746955,-24064.1079586608,2e+06,26,19387,5e-07,7.62692307692308e-05,0.423076923076923,0.217859250063013,0.101686009996563,0.406671839233341,"d__Bacteria","d__Bacteria","d__Bacteria","k__Bacillati","k__Bacillati","p__Actinobacteriota","Actinomycetota","Actinomycetota","c__Actinobacteria","c__Actinomycetes","Actinomycetes","o__Corynebacteriales","o__Mycobacteriales","Mycobacteriales","f__Mycobacteriaceae","f__Mycobacteriaceae","Mycobacteriaceae","g__Mycobacterium","g__Mycobacterium","Mycobacterium","","uncultured_actinobacterium","Above prediction",TRUE,7.62692307692308e-05,-4.11765063376551,0.423076923076923,"late_vegetative",0.435764353756201,0.008,"**",TRUE,"Late Vegetative","Mycobacteriaceae-c4b0"
"99","c9f9355d32e264f6bc060415332587bb",0.000202525799834069,3.53919189749271e-06,-12041.9263373477,0.763673117421845,-52.9312370978174,0.0600606311494652,0.907305450455123,-24079.8526746955,-24064.1079586608,2e+06,26,19387,5e-07,0.000104634615384615,0.5,0.28644377172578,0.149413715119038,0.478455554376644,"d__Bacteria","d__Bacteria","d__Bacteria","k__Pseudomonadati","k__Pseudomonadati","p__Myxococcota","Myxococcota","Myxococcota","c__Polyangia","c__Polyangiia","Polyangiia","o__Nannocystales","o__Nannocystales","Nannocystales","f__Nannocystaceae","f__Nannocystaceae","Nannocystaceae","g__Nannocystis","g__Nannocystis","Nannocystis","s__metagenome","","Above prediction",TRUE,0.000104634615384615,-3.98032461772889,0.5,"late_vegetative",0.533117279752934,0.001,"***",TRUE,"Late Vegetative","Nannocystaceae-c9f9"
"100","ce88479c67c424bd1b2d977d099ce325",0.000202525799834069,3.53919189749271e-06,-12041.9263373477,0.763673117421845,-52.9312370978174,0.0600606311494652,0.907305450455123,-24079.8526746955,-24064.1079586608,2e+06,26,19387,5e-07,0.00209626923076923,1,0.999228433862846,0.86993057933817,0.999996012282266,"d__Bacteria","d__Bacteria","d__Bacteria","k__Pseudomonadati--other","k__Pseudomonadati--other","p__Acidobacteriota","Acidobacteriota","Acidobacteriota","c__Blastocatellia","c__Blastocatellia","Blastocatellia","o__Pyrinomonadales","o__Blastocatellales","Blastocatellales","f__Pyrinomonadaceae","f__Arenimicrobiaceae","Arenimicrobiaceae","g__RB41","g__RB41","RB41","","","Above prediction",TRUE,0.00209626923076923,-2.67855294023385,1,"late_vegetative",0.565045074937908,0.001,"***",TRUE,"Late Vegetative","Arenimicrobiaceae-ce88"
"101","d6cab129762000bbf37a901dfd906afe",0.000202525799834069,3.53919189749271e-06,-12041.9263373477,0.763673117421845,-52.9312370978174,0.0600606311494652,0.907305450455123,-24079.8526746955,-24064.1079586608,2e+06,26,19387,5e-07,6.05384615384615e-05,0.384615384615385,0.177095095017563,0.0755266612075019,0.361797929390507,"d__Bacteria","d__Bacteria","d__Bacteria","k__Pseudomonadati--other","k__Pseudomonadati--other","p__Acidobacteriota","Acidobacteriota","Acidobacteriota","c__Acidobacteriae","c__Terriglobia","Terriglobia","o__Acidobacteriales","o__Terriglobales","Terriglobales","f__Koribacteraceae","f__Candidatus_Korobacteraceae","","g__Candidatus_Koribacter","g__Candidatus_Korobacter","","s__uncultured_bacterium","","Above prediction",TRUE,6.05384615384615e-05,-4.21796861994777,0.384615384615385,"late_vegetative",0.392490484389555,0.039,"*",TRUE,"Late Vegetative","Terriglobales-d6ca"
"102","dc3335ef3308ec570f453e4c01a22f2c",0.000202525799834069,3.53919189749271e-06,-12041.9263373477,0.763673117421845,-52.9312370978174,0.0600606311494652,0.907305450455123,-24079.8526746955,-24064.1079586608,2e+06,26,19387,5e-07,4.58846153846154e-05,0.538461538461539,0.13726259538606,0.0519547934791471,0.315959987320898,"d__Bacteria","d__Bacteria","d__Bacteria","k__Pseudomonadati--other","k__Pseudomonadati--other","p__Acidobacteriota","Acidobacteriota","Acidobacteriota","c__Subgroup_18","c__Terriglobia","Terriglobia","o__Subgroup_18","o__Subgroup_18","Subgroup_18","f__Subgroup_18","f__Incertae_Sedis","Incertae_Sedis","g__Subgroup_18","g__Incertae_Sedis","Incertae_Sedis","s__uncultured_bacterium","uncultured_bacterium","Above prediction",TRUE,4.58846153846154e-05,-4.33833290430048,0.538461538461538,"late_vegetative",0.508883554654954,0.001,"***",TRUE,"Late Vegetative","Subgroup_18-dc33"
"103","def8339f22670d09a6e7d9d629d1e13b",0.000202525799834069,3.53919189749271e-06,-12041.9263373477,0.763673117421845,-52.9312370978174,0.0600606311494652,0.907305450455123,-24079.8526746955,-24064.1079586608,2e+06,26,19387,5e-07,0.00110378846153846,1,0.974823139542977,0.830660696944461,0.996738640487142,"d__Bacteria","d__Bacteria","d__Bacteria","k__Pseudomonadati","k__Pseudomonadati","p__Proteobacteria","Pseudomonadota","Pseudomonadota","c__Gammaproteobacteria","c__Gammaproteobacteria","Gammaproteobacteria","o__PLTA13","o__Steroidobacterales--other","Steroidobacterales--other","f__PLTA13","f__Steroidobacteraceae--other","Steroidobacteraceae--other","g__PLTA13","g__PLTA13","PLTA13","","uncultured_Gammaproteobacteria","Above prediction",TRUE,0.00110378846153846,-2.95711415014788,1,"late_vegetative",0.58127951235341,0.001,"***",TRUE,"Late Vegetative","Steroidobacteraceae--other-def8"
"104","eeb66039bd09c5fae7240effb5126814",0.000202525799834069,3.53919189749271e-06,-12041.9263373477,0.763673117421845,-52.9312370978174,0.0600606311494652,0.907305450455123,-24079.8526746955,-24064.1079586608,2e+06,26,19387,5e-07,2.76153846153846e-05,0.269230769230769,0.0849641445098952,0.0249782224102106,0.251804303029896,"d__Bacteria","d__Bacteria","d__Bacteria","k__Pseudomonadati--other","k__Pseudomonadati--other","p__Planctomycetota","Planctomycetota","Planctomycetota","c__Planctomycetes","c__Planctomycetia","Planctomycetia","o__Gemmatales","o__Gemmatales","Gemmatales","f__Gemmataceae","f__Gemmataceae","Gemmataceae","g__uncultured","g__Incertae_Sedis","Incertae_Sedis","","","Above prediction",TRUE,2.76153846153846e-05,-4.55884890372852,0.269230769230769,"late_vegetative",0.386688375533213,0.013,"*",TRUE,"Late Vegetative","Gemmataceae-eeb6"
"105","ef87e8a8dea72fedaa227d707dc23065",0.000202525799834069,3.53919189749271e-06,-12041.9263373477,0.763673117421845,-52.9312370978174,0.0600606311494652,0.907305450455123,-24079.8526746955,-24064.1079586608,2e+06,26,19387,5e-07,7.96730769230769e-05,0.461538461538462,0.226417121104849,0.107403213566068,0.415867086722257,"d__Bacteria","d__Bacteria","d__Bacteria","k__Pseudomonadati--other","k__Pseudomonadati--other","p__Planctomycetota","Planctomycetota","Planctomycetota","c__Planctomycetes","c__Planctomycetia","Planctomycetia","o__Gemmatales","o__Gemmatales","Gemmatales","f__Gemmataceae","f__Gemmataceae","Gemmataceae","g__uncultured","g__Incertae_Sedis","Incertae_Sedis","s__uncultured_bacterium","uncultured_bacterium","Above prediction",TRUE,7.96730769230769e-05,-4.09868841033651,0.461538461538462,"late_vegetative",0.414885597191439,0.039,"*",TRUE,"Late Vegetative","Gemmataceae-ef87"
"106","f57538baf707c3dd9629935db2bb981a",0.000202525799834069,3.53919189749271e-06,-12041.9263373477,0.763673117421845,-52.9312370978174,0.0600606311494652,0.907305450455123,-24079.8526746955,-24064.1079586608,2e+06,26,19387,5e-07,9.19615384615385e-05,0.538461538461538,0.256559114528721,0.128099089132131,0.447694905371652,"d__Bacteria","d__Bacteria","d__Bacteria","k__Pseudomonadati--other","k__Pseudomonadati--other","p__Planctomycetota","Planctomycetota","Planctomycetota","c__Planctomycetes","c__Planctomycetia","Planctomycetia","o__Gemmatales","o__Gemmatales","Gemmatales","f__Gemmataceae","f__Gemmataceae","Gemmataceae","","","","","","Above prediction",TRUE,9.19615384615385e-05,-4.03639377185504,0.538461538461538,"late_vegetative",0.438142066921542,0.024,"*",TRUE,"Late Vegetative","Gemmataceae-f575"
"107","f7f6b04e5691089d34a12b4b455f28a1",0.000202525799834069,3.53919189749271e-06,-12041.9263373477,0.763673117421845,-52.9312370978174,0.0600606311494652,0.907305450455123,-24079.8526746955,-24064.1079586608,2e+06,26,19387,5e-07,2.64807692307692e-05,0.307692307692308,0.0816161799178739,0.023449421938215,0.247499134062557,"d__Bacteria","d__Bacteria","d__Bacteria","k__Pseudomonadati--other","k__Pseudomonadati--other","p__Bacteroidota","Bacteroidota","Bacteroidota","c__Bacteroidia","c__Cytophagia","Cytophagia","o__Cytophagales","o__Cytophagales","Cytophagales","f__Hymenobacteraceae","f__Hymenobacteraceae","Hymenobacteraceae","g__Pontibacter","g__Pontibacter--other","Pontibacter--other","s__Pontibacter_sp.","uncultured_Pontibacter","Above prediction",TRUE,2.64807692307692e-05,-4.57706940337788,0.307692307692308,"late_vegetative",0.370850927970026,0.026,"*",TRUE,"Late Vegetative","Hymenobacteraceae-f7f6"
"108","f968254345bd05c204aee9646945cfa0",0.000202525799834069,3.53919189749271e-06,-12041.9263373477,0.763673117421845,-52.9312370978174,0.0600606311494652,0.907305450455123,-24079.8526746955,-24064.1079586608,2e+06,26,19387,5e-07,0.00236953846153846,1,0.999710854105142,0.870767792888876,0.999999436340803,"d__Bacteria","d__Bacteria","d__Bacteria","k__Bacillati","k__Bacillati","p__Actinobacteriota","Actinomycetota","Actinomycetota","c__Thermoleophilia","c__Thermoleophilia","Thermoleophilia","o__Gaiellales","o__Gaiellales","Gaiellales","f__Gaiellaceae","f__Gaiellaceae","Gaiellaceae","g__Gaiella","g__Gaiella","Gaiella","s__actinobacterium_WWH12","","Above prediction",TRUE,0.00236953846153846,-2.62533623758777,1,"late_vegetative",0.561260570745533,0.001,"***",TRUE,"Late Vegetative","Gaiellaceae-f968"
"109","f9c97adffa7ac976f53976a689e9885c",0.000202525799834069,3.53919189749271e-06,-12041.9263373477,0.763673117421845,-52.9312370978174,0.0600606311494652,0.907305450455123,-24079.8526746955,-24064.1079586608,2e+06,26,19387,5e-07,0.000438711538461538,0.884615384615385,0.761398405201084,0.571164749450777,0.884332991196883,"d__Bacteria","d__Bacteria","d__Bacteria","k__Pseudomonadati--other","k__Pseudomonadati--other","p__Gemmatimonadota","Gemmatimonadota","Gemmatimonadota","c__AKAU4049","c__Gemmatimonadia","Gemmatimonadia","o__AKAU4049","o__AKAU4049","AKAU4049","f__AKAU4049","f__Incertae_Sedis","Incertae_Sedis","g__AKAU4049","g__Incertae_Sedis","Incertae_Sedis","s__uncultured_bacterium","uncultured_bacterium","Above prediction",TRUE,0.000438711538461538,-3.3578209431554,0.884615384615385,"late_vegetative",0.52453643935874,0.011,"*",TRUE,"Late Vegetative","AKAU4049-f9c9"
"110","0355325d71ce1e2e1ee105237ea2604d",0.000184266794113326,3.30719360211852e-06,-10577.140303498,0.772220932351122,-51.1501677288349,0.0597072633999739,0.903437504801136,-21150.280606996,-21134.7201152047,2e+06,29,17681,5e-07,0.000157620689655172,0.586206896551724,0.374231033666435,0.222783667247733,0.555100741384252,"d__Bacteria","d__Bacteria","d__Bacteria","k__Pseudomonadati","k__Pseudomonadati","p__Bdellovibrionota","Bdellovibrionota--other","Bdellovibrionota--other","c__Oligoflexia","c__Oligoflexia","Oligoflexia","o__Oligoflexales","o__Oligoflexales","Oligoflexales","f__uncultured","f__Oligoflexaceae--other","Oligoflexaceae--other","g__uncultured","g__Incertae_Sedis","Incertae_Sedis","s__uncultured_bacterium","","Above prediction",TRUE,0.000157620689655172,-3.80238677660963,0.586206896551724,"early_reproductive",0.543930060884777,0.001,"***",TRUE,"Early Reproductive","Oligoflexaceae--other-0355"
"111","0e5904cce9d72b93be39f01ac8a8865d",0.000184266794113326,3.30719360211852e-06,-10577.140303498,0.772220932351122,-51.1501677288349,0.0597072633999739,0.903437504801136,-21150.280606996,-21134.7201152047,2e+06,29,17681,5e-07,7.63448275862069e-05,0.862068965517241,0.202591460833536,0.0955820703371975,0.379176485126681,"d__Bacteria","d__Bacteria","d__Bacteria","k__Pseudomonadati","k__Pseudomonadati","p__Proteobacteria","Pseudomonadota","Pseudomonadota","c__Gammaproteobacteria","c__Gammaproteobacteria","Gammaproteobacteria","o__Burkholderiales","o__Burkholderiales","Burkholderiales","f__Oxalobacteraceae","f__Oxalobacteraceae","Oxalobacteraceae","","","Noviherbaspirillum--other","","uncultured_bacterium","Above prediction",TRUE,7.63448275862069e-05,-4.11722038135625,0.862068965517241,"early_reproductive",0.561877811190025,0.002,"**",TRUE,"Early Reproductive","Oxalobacteraceae-0e59"
"112","1926b054d212095e681a448fc367bd12",0.000184266794113326,3.30719360211852e-06,-10577.140303498,0.772220932351122,-51.1501677288349,0.0597072633999739,0.903437504801136,-21150.280606996,-21134.7201152047,2e+06,29,17681,5e-07,8.06896551724138e-06,0.172413793103448,0.0235839358170755,0.00315926563764052,0.155461188055543,"d__Bacteria","d__Bacteria","d__Bacteria","k__Bacillati","k__Pseudomonadati--other","p__Verrucomicrobiota","Minisyncoccota","Verrucomicrobiota","c__Verrucomicrobiae","c__Candidatus_Peribacteria","Terrimicrobiia","","o__Incertae_Sedis","Terrimicrobiales","","f__Incertae_Sedis","Chthoniobacteraceae","","g__Incertae_Sedis","Chthoniobacter","","bacterium_Ellin507","Above prediction",TRUE,8.06896551724138e-06,-5.09318214048881,0.172413793103448,"early_reproductive",0.332241193677162,0.026,"*",TRUE,"Early Reproductive","Chthoniobacteraceae-1926"
"113","1bc8f2b685c3fd1699eee11ba295b884",0.000184266794113326,3.30719360211852e-06,-10577.140303498,0.772220932351122,-51.1501677288349,0.0597072633999739,0.903437504801136,-21150.280606996,-21134.7201152047,2e+06,29,17681,5e-07,0.00019448275862069,0.655172413793103,0.439630383599562,0.276791781997451,0.616591828933404,"d__Bacteria","d__Bacteria","d__Bacteria","k__Pseudomonadati","k__Pseudomonadati","p__Proteobacteria","Pseudomonadota","Pseudomonadota","c__Gammaproteobacteria","c__Gammaproteobacteria","Gammaproteobacteria","o__Burkholderiales","o__Burkholderiales","Burkholderiales","f__Sutterellaceae","f__Sutterellaceae","Sutterellaceae","g__uncultured","g__Incertae_Sedis","Incertae_Sedis","s__uncultured_bacterium","","Above prediction",TRUE,0.00019448275862069,-3.71111889391561,0.655172413793103,"early_reproductive",0.507292906124029,0.003,"**",TRUE,"Early Reproductive","Sutterellaceae-1bc8"
"114","2234a31ce0725868fb7d7b0e667ac19a",0.000184266794113326,3.30719360211852e-06,-10577.140303498,0.772220932351122,-51.1501677288349,0.0597072633999739,0.903437504801136,-21150.280606996,-21134.7201152047,2e+06,29,17681,5e-07,9.85689655172414e-05,0.655172413793103,0.25362550914615,0.130875958397533,0.43401180899607,"d__Bacteria","d__Bacteria","d__Bacteria","k__Bacillati","k__Bacillati","p__Chloroflexi","Chloroflexota--other","Chloroflexota--other","c__Anaerolineae","c__Anaerolineae","Anaerolineae","o__SBR1031","o__Phototrophicales","Phototrophicales","f__A4b","f__Phototrophicaceae","Phototrophicaceae","g__A4b","g__Phototrophicus","Phototrophicus","s__uncultured_soil","uncultured_soil","Above prediction",TRUE,9.85689655172414e-05,-4.00625980134866,0.655172413793103,"early_reproductive",0.51200289475913,0.004,"**",TRUE,"Early Reproductive","Phototrophicaceae-2234"
"115","2f9378e789b20de27ae45a88e53f5874",0.000184266794113326,3.30719360211852e-06,-10577.140303498,0.772220932351122,-51.1501677288349,0.0597072633999739,0.903437504801136,-21150.280606996,-21134.7201152047,2e+06,29,17681,5e-07,0.000116534482758621,0.620689655172414,0.292537353444501,0.159334021847264,0.474274412969377,"d__Bacteria","d__Bacteria","d__Bacteria","k__Bacillati","k__Bacillati","p__Armatimonadota","Armatimonadota","Armatimonadota","c__Fimbriimonadia","c__Fimbriimonadia","Fimbriimonadia","o__Fimbriimonadales","o__Fimbriimonadales","Fimbriimonadales","f__Fimbriimonadaceae","f__Fimbriimonadaceae","Fimbriimonadaceae","g__Fimbriimonadaceae","g__Fimbriimonas","Fimbriimonas","s__uncultured_bacterium","","Above prediction",TRUE,0.000116534482758621,-3.93354554711944,0.620689655172414,"early_reproductive",0.463537605622547,0.035,"*",TRUE,"Early Reproductive","Fimbriimonadaceae-2f93"
"116","4240cbdefb886ef8e0b16e50862861b4",0.000184266794113326,3.30719360211852e-06,-10577.140303498,0.772220932351122,-51.1501677288349,0.0597072633999739,0.903437504801136,-21150.280606996,-21134.7201152047,2e+06,29,17681,5e-07,4.99310344827586e-05,0.310344827586207,0.137498219510005,0.0547215258364465,0.305078433622988,"d__Bacteria","d__Bacteria","d__Bacteria","k__Bacillati","k__Bacillati","p__Chloroflexi","Chloroflexota--other","Chloroflexota--other","c__TK10","c__Tepidiformia","Tepidiformia","o__TK10","o__Tepidiformales","Tepidiformales","f__TK10","f__Tepidiformaceae","Tepidiformaceae","g__TK10","g__Tepidiforma","Tepidiforma","s__metagenome","activated_carbon","Above prediction",TRUE,4.99310344827586e-05,-4.30162943603783,0.310344827586207,"early_reproductive",0.363866064955121,0.05,"*",TRUE,"Early Reproductive","Tepidiformaceae-4240"
"117","4bd81aaf48f50e2c8ed88598c4f021bd",0.000184266794113326,3.30719360211852e-06,-10577.140303498,0.772220932351122,-51.1501677288349,0.0597072633999739,0.903437504801136,-21150.280606996,-21134.7201152047,2e+06,29,17681,5e-07,3.15e-05,0.379310344827586,0.0890370771425237,0.0284882313542628,0.245726423485792,"d__Bacteria","d__Bacteria","d__Bacteria","k__Pseudomonadati","k__Pseudomonadati","p__Proteobacteria","Pseudomonadota","Pseudomonadota","c__Alphaproteobacteria","c__Alphaproteobacteria","Alphaproteobacteria","o__Sphingomonadales","o__Sphingomonadales","Sphingomonadales","f__Sphingomonadaceae","f__Erythrobacteraceae","Erythrobacteraceae","g__Altererythrobacter","","Croceibacterium","","","Above prediction",TRUE,3.15e-05,-4.5016894462104,0.379310344827586,"early_reproductive",0.464825617461672,0.006,"**",TRUE,"Early Reproductive","Erythrobacteraceae-4bd8"
"118","5aa5614c3b98c2b8abeda2760ee15d2f",0.000184266794113326,3.30719360211852e-06,-10577.140303498,0.772220932351122,-51.1501677288349,0.0597072633999739,0.903437504801136,-21150.280606996,-21134.7201152047,2e+06,29,17681,5e-07,0.000231534482758621,0.793103448275862,0.498618718407917,0.327776624226322,0.669783949048506,"d__Bacteria","d__Bacteria","d__Bacteria","k__Bacillati","k__Bacillati","p__Actinobacteriota","Actinomycetota","Actinomycetota","c__Acidimicrobiia","c__Acidimicrobiia","Acidimicrobiia","o__Microtrichales","o__Acidimicrobiales","Acidimicrobiales","f__uncultured","f__Salinilacustritrichaceae","Acidimicrobiaceae","g__uncultured","","Acidiferrimicrobium","s__uncultured_bacterium","alkali_sediment","Above prediction",TRUE,0.000231534482758621,-3.63538431973648,0.793103448275862,"early_reproductive",0.482517513113047,0.049,"*",TRUE,"Early Reproductive","Acidimicrobiaceae-5aa5"
"119","63f2215d91283e3b2fea68d22e6af38a",0.000184266794113326,3.30719360211852e-06,-10577.140303498,0.772220932351122,-51.1501677288349,0.0597072633999739,0.903437504801136,-21150.280606996,-21134.7201152047,2e+06,29,17681,5e-07,5.39827586206897e-05,0.344827586206897,0.14780943216687,0.0608223738695153,0.317187809970125,"d__Bacteria","d__Bacteria","d__Bacteria","k__Bacillati","k__Bacillati","p__Chloroflexi","Chloroflexota--other","Chloroflexota--other","c__KD4-96","c__Ktedonobacteria","Ktedonobacteria","o__KD4-96","o__Incertae_Sedis","Incertae_Sedis","f__KD4-96","f__Incertae_Sedis","Incertae_Sedis","g__KD4-96","g__Incertae_Sedis","Incertae_Sedis","","uncultured_Chloroflexia","Above prediction",TRUE,5.39827586206897e-05,-4.26774492594602,0.344827586206897,"early_reproductive",0.434974082593009,0.005,"**",TRUE,"Early Reproductive","Ktedonobacteria-63f2"
"120","6ca740bf7d917bed5188b292b95561ef",0.000184266794113326,3.30719360211852e-06,-10577.140303498,0.772220932351122,-51.1501677288349,0.0597072633999739,0.903437504801136,-21150.280606996,-21134.7201152047,2e+06,29,17681,5e-07,0.000153344827586207,0.551724137931034,0.366178472878331,0.216323997938307,0.547339101943053,"d__Bacteria","d__Bacteria","d__Bacteria","k__Bacillati","k__Bacillati","p__Firmicutes","Bacillota","Bacillota","c__Bacilli","c__Bacilli","Bacilli","o__Paenibacillales","o__Paenibacillales--other","Paenibacillales--other","f__Paenibacillaceae","f__Oxalophagaceae","Oxalophagaceae","g__Ammoniphilus","g__Ammoniphilus","Ammoniphilus","s__uncultured_bacterium","uncultured_bacterium","Above prediction",TRUE,0.000153344827586207,-3.81433086845002,0.551724137931034,"early_reproductive",0.438159535024506,0.043,"*",TRUE,"Early Reproductive","Oxalophagaceae-6ca7"
"121","6f9d18323a06678f296e74d6fb9b4e38",0.000184266794113326,3.30719360211852e-06,-10577.140303498,0.772220932351122,-51.1501677288349,0.0597072633999739,0.903437504801136,-21150.280606996,-21134.7201152047,2e+06,29,17681,5e-07,1.09310344827586e-05,0.172413793103448,0.0318182390234027,0.00532650239670153,0.167836228135477,"d__Bacteria","d__Bacteria","d__Bacteria","k__Bacillati","k__Bacillati","p__Chloroflexi","Chloroflexota","Chloroflexota","c__Chloroflexia","c__Chloroflexia","Chloroflexia","o__Chloroflexales","o__Chloroflexales","Chloroflexales","f__Chloroflexaceae","f__Oscillochloridaceae","Oscillochloridaceae","g__Oscillochloris","g__Oscillochloris","Oscillochloris","s__uncultured_Chloroflexi","wastewater_metagenome","Above prediction",TRUE,1.09310344827586e-05,-4.9613387356812,0.172413793103448,"early_reproductive",0.316557945323297,0.037,"*",TRUE,"Early Reproductive","Oscillochloridaceae-6f9d"
"122","713c59992366b72b9f6fefd3d648d20f",0.000184266794113326,3.30719360211852e-06,-10577.140303498,0.772220932351122,-51.1501677288349,0.0597072633999739,0.903437504801136,-21150.280606996,-21134.7201152047,2e+06,29,17681,5e-07,4.86724137931035e-05,0.379310344827586,0.13427046475572,0.0528448561657151,0.30125469343158,"d__Bacteria","d__Bacteria","d__Bacteria","k__Pseudomonadati--other","k__Pseudomonadati--other","p__Planctomycetota","Planctomycetota","Planctomycetota","c__Planctomycetes","c__Planctomycetia","Planctomycetia","o__Planctomycetales","o__Planctomycetales","Planctomycetales","f__Rubinisphaeraceae","f__Planctomycetaceae","Planctomycetaceae","g__SH-PL14","g__Caulifigura","Caulifigura","s__uncultured_bacterium","uncultured_bacterium","Above prediction",TRUE,4.86724137931034e-05,-4.31271711541602,0.379310344827586,"early_reproductive",0.419759658101059,0.01,"**",TRUE,"Early Reproductive","Planctomycetaceae-713c"
"123","771687c9b099f2eadca287dc3ea3ef38",0.000184266794113326,3.30719360211852e-06,-10577.140303498,0.772220932351122,-51.1501677288349,0.0597072633999739,0.903437504801136,-21150.280606996,-21134.7201152047,2e+06,29,17681,5e-07,0.000176965517241379,0.620689655172414,0.409430609767425,0.251515744252507,0.588533241933839,"d__Bacteria","d__Bacteria","d__Bacteria","k__Pseudomonadati","k__Pseudomonadati","p__Proteobacteria","Pseudomonadota","Pseudomonadota","c__Alphaproteobacteria","c__Alphaproteobacteria","Alphaproteobacteria","o__Holosporales","o__Holosporales","Holosporales","f__Holosporaceae","f__Holosporaceae","Holosporaceae","g__uncultured","g__Incertae_Sedis","Incertae_Sedis","s__uncultured_bacterium","uncultured_bacterium","Above prediction",TRUE,0.000176965517241379,-3.75211135019607,0.620689655172414,"early_reproductive",0.464697813646683,0.02,"*",TRUE,"Early Reproductive","Holosporaceae-7716"
"124","824156f70568e29dfafcfe9fa530f404",0.000184266794113326,3.30719360211852e-06,-10577.140303498,0.772220932351122,-51.1501677288349,0.0597072633999739,0.903437504801136,-21150.280606996,-21134.7201152047,2e+06,29,17681,5e-07,0.000369448275862069,0.896551724137931,0.669374089613159,0.487453304992483,0.81167156796758,"d__Bacteria","d__Bacteria","d__Bacteria","k__Pseudomonadati","k__Pseudomonadati","p__Proteobacteria","Pseudomonadota","Pseudomonadota","c__Gammaproteobacteria","c__Gammaproteobacteria","Gammaproteobacteria","o__Burkholderiales","o__Burkholderiales","Burkholderiales","f__Comamonadaceae","f__Comamonadaceae","Comamonadaceae","","","Piscinibacter","","uncultured_bacterium","Above prediction",TRUE,0.000369448275862069,-3.43244635586212,0.896551724137931,"early_reproductive",0.558363244783258,0.001,"***",TRUE,"Early Reproductive","Comamonadaceae-8241"
"125","85c07b5f1b5c2f044e099073f4d94ec8",0.000184266794113326,3.30719360211852e-06,-10577.140303498,0.772220932351122,-51.1501677288349,0.0597072633999739,0.903437504801136,-21150.280606996,-21134.7201152047,2e+06,29,17681,5e-07,6.4e-05,0.724137931034483,0.172788892638436,0.0762156981933295,0.34590972167346,"d__Bacteria","d__Bacteria","d__Bacteria","k__Pseudomonadati","k__Pseudomonadati","p__Proteobacteria","Pseudomonadota","Pseudomonadota","c__Gammaproteobacteria","c__Gammaproteobacteria","Gammaproteobacteria","o__Burkholderiales","o__Burkholderiales","Burkholderiales","f__Comamonadaceae","f__Comamonadaceae","Comamonadaceae","","","Ramlibacter","","Ramlibacter_sp.","Above prediction",TRUE,6.4e-05,-4.19382002601611,0.724137931034483,"early_reproductive",0.558573986407518,0.007,"**",TRUE,"Early Reproductive","Comamonadaceae-85c0"
"126","8e2d4eaee5ec9a47a57ee92bcbe2401e",0.000184266794113326,3.30719360211852e-06,-10577.140303498,0.772220932351122,-51.1501677288349,0.0597072633999739,0.903437504801136,-21150.280606996,-21134.7201152047,2e+06,29,17681,5e-07,1.92413793103448e-05,0.206896551724138,0.0553457821984714,0.0134386112093694,0.201275181704183,"d__Bacteria","d__Bacteria","d__Bacteria","k__Pseudomonadati--other","k__Pseudomonadati--other","p__Planctomycetota","Planctomycetota","Planctomycetota","c__Planctomycetes","c__Planctomycetia","Planctomycetia","o__Pirellulales","o__Pirellulales","Pirellulales","f__Pirellulaceae","f__Thermoguttaceae--other","Thermoguttaceae--other","g__uncultured","g__Incertae_Sedis","Incertae_Sedis","s__uncultured_bacterium","Pirellulales_bacterium","Above prediction",TRUE,1.92413793103448e-05,-4.71576379896138,0.206896551724138,"early_reproductive",0.352540198629801,0.02,"*",TRUE,"Early Reproductive","Thermoguttaceae--other-8e2d"
"127","930bd976bb670c25f689d7d0c8a0e12e",0.000184266794113326,3.30719360211852e-06,-10577.140303498,0.772220932351122,-51.1501677288349,0.0597072633999739,0.903437504801136,-21150.280606996,-21134.7201152047,2e+06,29,17681,5e-07,0.000324344827586207,0.827586206896552,0.620990337199886,0.440313488476996,0.773362755197403,"d__Bacteria","d__Bacteria","d__Bacteria","k__Bacillati","k__Bacillati","p__Actinobacteriota","Actinomycetota","Actinomycetota","c__MB-A2-108","c__Actinomycetes--other","MB-A2-108","o__MB-A2-108","o__FFCH16263","Incertae_Sedis","f__MB-A2-108","f__Incertae_Sedis","Incertae_Sedis","g__MB-A2-108","g__Incertae_Sedis","Incertae_Sedis","s__metagenome","metagenome","Above prediction",TRUE,0.000324344827586207,-3.4889930234889,0.827586206896552,"early_reproductive",0.549282394253496,0.002,"**",TRUE,"Early Reproductive","MB-A2-108-930b"
"128","93fa99be8ff07d8f368273a60a1e0fbc",0.000184266794113326,3.30719360211852e-06,-10577.140303498,0.772220932351122,-51.1501677288349,0.0597072633999739,0.903437504801136,-21150.280606996,-21134.7201152047,2e+06,29,17681,5e-07,6.43448275862069e-05,0.448275862068966,0.173635929615886,0.0767518042992882,0.346869534033253,"d__Bacteria","d__Bacteria","d__Bacteria","k__Pseudomonadati","k__Pseudomonadati","p__Proteobacteria","Pseudomonadota","Pseudomonadota","c__Alphaproteobacteria","c__Alphaproteobacteria","Alphaproteobacteria","o__Tistrellales","o__Azospirillales","Azospirillales","f__Geminicoccaceae","f__Geminicoccaceae","Geminicoccaceae","g__Candidatus_Alysiosphaera","g__Benzoatithermus","Benzoatithermus","s__uncultured_bacterium","uncultured_bacterium","Above prediction",TRUE,6.43448275862069e-05,-4.19148635848847,0.448275862068966,"early_reproductive",0.434470346716526,0.018,"*",TRUE,"Early Reproductive","Geminicoccaceae-93fa"
"129","a611900bc993d70d44c9cfab9bc41e0c",0.000184266794113326,3.30719360211852e-06,-10577.140303498,0.772220932351122,-51.1501677288349,0.0597072633999739,0.903437504801136,-21150.280606996,-21134.7201152047,2e+06,29,17681,5e-07,4.62931034482759e-05,0.655172413793103,0.128136466957754,0.0493240433812791,0.293942495592935,"d__Bacteria","d__Bacteria","d__Bacteria","k__Pseudomonadati","k__Pseudomonadati","p__Proteobacteria","Pseudomonadota","Pseudomonadota","c__Alphaproteobacteria","c__Alphaproteobacteria","Alphaproteobacteria","o__Rhizobiales","o__Hyphomicrobiales--other","Hyphomicrobiales--other","f__Xanthobacteraceae","f__Nitrobacteraceae","Nitrobacteraceae","g__Rhodoplanes","g__Rhodoplanes","Rhodoplanes","","","Above prediction",TRUE,4.62931034482759e-05,-4.33448370352736,0.655172413793103,"early_reproductive",0.466596165316193,0.019,"*",TRUE,"Early Reproductive","Nitrobacteraceae-a611"
"130","bbd4834377a28435b34904d56cb8c808",0.000184266794113326,3.30719360211852e-06,-10577.140303498,0.772220932351122,-51.1501677288349,0.0597072633999739,0.903437504801136,-21150.280606996,-21134.7201152047,2e+06,29,17681,5e-07,0.000112413793103448,0.482758620689655,0.283791194598227,0.152830880495516,0.465331309504368,"d__Bacteria","d__Bacteria","d__Bacteria","k__Bacillati","k__Bacillati","p__Actinobacteriota","Actinomycetota","Actinomycetota","c__Actinobacteria","c__Actinomycetes","Actinomycetes","o__Propionibacteriales","o__Propionibacteriales","Propionibacteriales","f__Nocardioidaceae","f__Nocardioidaceae","Nocardioidaceae","g__Nocardioides","g__Nocardioides","Nocardioides","s__uncultured_organism","rock_metagenome","Above prediction",TRUE,0.000112413793103448,-3.94918039783102,0.482758620689655,"early_reproductive",0.434133238548158,0.021,"*",TRUE,"Early Reproductive","Nocardioidaceae-bbd4"
"131","c252134efa44f25e744c20e9ade0781e",0.000184266794113326,3.30719360211852e-06,-10577.140303498,0.772220932351122,-51.1501677288349,0.0597072633999739,0.903437504801136,-21150.280606996,-21134.7201152047,2e+06,29,17681,5e-07,0.000117396551724138,0.482758620689655,0.294353859803433,0.160692137788781,0.476124356980168,"d__Bacteria","d__Bacteria","d__Bacteria","k__Pseudomonadati","k__Pseudomonadati","p__Proteobacteria","Pseudomonadota","Pseudomonadota","c__Alphaproteobacteria","c__Alphaproteobacteria","Alphaproteobacteria","o__Rhizobiales","o__Micropepsales","Micropepsales","f__A0839","f__Pleomorphomonadaceae","Pleomorphomonadaceae","g__A0839","g__Incertae_Sedis","Incertae_Sedis","s__uncultured_sludge","uncultured_sludge","Above prediction",TRUE,0.000117396551724138,-3.93034465938459,0.482758620689655,"early_reproductive",0.431236058100616,0.028,"*",TRUE,"Early Reproductive","Pleomorphomonadaceae-c252"
"132","c97490def9c4f565cb1d84f6743f2d2f",0.000184266794113326,3.30719360211852e-06,-10577.140303498,0.772220932351122,-51.1501677288349,0.0597072633999739,0.903437504801136,-21150.280606996,-21134.7201152047,2e+06,29,17681,5e-07,7.60862068965517e-05,0.413793103448276,0.201977985730124,0.0951734549809977,0.378501666394519,"d__Bacteria","d__Bacteria","d__Bacteria","k__Pseudomonadati","k__Pseudomonadati","p__Myxococcota","Myxococcota","Myxococcota","c__Polyangia","c__Polyangiia","Polyangiia","o__Haliangiales","o__Haliangiales","Haliangiales","f__Haliangiaceae","f__Kofleriaceae","Kofleriaceae","g__Haliangium","g__Incertae_Sedis","Incertae_Sedis","s__uncultured_bacterium","uncultured_bacterium","Above prediction",TRUE,7.60862068965517e-05,-4.11869406611574,0.413793103448276,"early_reproductive",0.40951151948304,0.027,"*",TRUE,"Early Reproductive","Kofleriaceae-c974"
"133","d2b9af2b46a3090bdaab1cedbd33c87b",0.000184266794113326,3.30719360211852e-06,-10577.140303498,0.772220932351122,-51.1501677288349,0.0597072633999739,0.903437504801136,-21150.280606996,-21134.7201152047,2e+06,29,17681,5e-07,1.83965517241379e-05,0.517241379310345,0.0529796585696211,0.0125166548057784,0.198018420858257,"d__Bacteria","d__Bacteria","d__Bacteria","k__Pseudomonadati","k__Pseudomonadati","p__Proteobacteria","Pseudomonadota","Pseudomonadota","c__Gammaproteobacteria","c__Gammaproteobacteria","Gammaproteobacteria","o__Burkholderiales","o__Burkholderiales","Burkholderiales","f__Comamonadaceae","f__Comamonadaceae","Comamonadaceae","","","Ideonella","","uncultured_bacterium","Above prediction",TRUE,1.83965517241379e-05,-4.73526357413847,0.517241379310345,"early_reproductive",0.520774911287261,0.001,"***",TRUE,"Early Reproductive","Comamonadaceae-d2b9"
"134","d3ac14e193d870746f08f2e205a904d2",0.000184266794113326,3.30719360211852e-06,-10577.140303498,0.772220932351122,-51.1501677288349,0.0597072633999739,0.903437504801136,-21150.280606996,-21134.7201152047,2e+06,29,17681,5e-07,0.000594137931034483,0.96551724137931,0.833478357147111,0.66121969955408,0.927723222261097,"d__Bacteria","d__Bacteria","d__Bacteria","k__Bacillati","k__Bacillati","p__Actinobacteriota","Actinomycetota","Actinomycetota","c__Actinobacteria","c__Actinomycetes","Actinomycetes","o__Streptosporangiales","o__Streptosporangiales","Streptosporangiales","f__Streptosporangiaceae","f__Streptosporangiaceae","Streptosporangiaceae","g__Nonomuraea","g__Sebekia","Sebekia","","Nonomuraea_sp.","Above prediction",TRUE,0.000594137931034483,-3.22611272045093,0.96551724137931,"early_reproductive",0.510932106694434,0.027,"*",TRUE,"Early Reproductive","Streptosporangiaceae-d3ac"
"135","fd7a29a224c0789cd1cd690a83fe9054",0.000184266794113326,3.30719360211852e-06,-10577.140303498,0.772220932351122,-51.1501677288349,0.0597072633999739,0.903437504801136,-21150.280606996,-21134.7201152047,2e+06,29,17681,5e-07,9.16206896551724e-05,0.517241379310345,0.238022466945368,0.119825161081299,0.417506691315155,"d__Bacteria","d__Bacteria","d__Bacteria","k__Pseudomonadati","k__Pseudomonadati","p__Proteobacteria","Pseudomonadota","Pseudomonadota","c__Alphaproteobacteria","c__Alphaproteobacteria","Alphaproteobacteria","o__Caulobacterales","o__Hyphomonadales","Hyphomonadales","f__Hyphomonadaceae","f__Hyphomonadaceae--other","Hyphomonadaceae--other","g__SWB02","g__Terricaulis","Terricaulis","","","Above prediction",TRUE,9.16206896551724e-05,-4.03800644348868,0.517241379310345,"early_reproductive",0.432545135813696,0.025,"*",TRUE,"Early Reproductive","Hyphomonadaceae--other-fd7a"
"136","092bc2589a8638b68012c8ab88e3fcc1",0.000138089167910924,3.28301111565511e-06,-8615.34479496159,0.684043464542191,-55.3948254012613,0.0679450830106787,0.907745260915983,-17226.6895899232,-17211.7317577738,2e+06,24,13081,5e-07,6.49375e-05,0.416666666666667,0.138723017137329,0.050838887314625,0.326302400823672,"d__Bacteria","d__Bacteria","d__Bacteria","k__Pseudomonadati--other","k__Pseudomonadati--other","p__Planctomycetota","Planctomycetota","Planctomycetota","c__Planctomycetes","c__Planctomycetia","Planctomycetia","o__Pirellulales","o__Pirellulales","Pirellulales","f__Pirellulaceae","f__Pirellulaceae","Pirellulaceae","g__Pirellula","g__Pirellula--other","Pirellula--other","s__uncultured_bacterium","uncultured_bacterium","Above prediction",TRUE,6.49375e-05,-4.18750443509875,0.416666666666667,"late_reproductive",0.45957588960712,0.01,"**",TRUE,"Late Reproductive","Pirellulaceae-092b"
"137","19f9f30d5492ed1f3f968da3d20389b1",0.000138089167910924,3.28301111565511e-06,-8615.34479496159,0.684043464542191,-55.3948254012613,0.0679450830106787,0.907745260915983,-17226.6895899232,-17211.7317577738,2e+06,24,13081,5e-07,6.4e-05,0.333333333333333,0.136860898234317,0.0498173781952358,0.324113528334818,"d__Bacteria","d__Bacteria","d__Bacteria","k__Pseudomonadati--other","k__Pseudomonadati--other","p__Planctomycetota","Planctomycetota","Planctomycetota","c__Planctomycetes","c__Planctomycetia","Planctomycetia","o__Gemmatales","o__Gemmatales","Gemmatales","f__Gemmataceae","f__Gemmataceae","Gemmataceae","g__uncultured","g__Incertae_Sedis","Incertae_Sedis","s__uncultured_bacterium","","Above prediction",TRUE,6.4e-05,-4.19382002601611,0.333333333333333,"late_reproductive",0.481956405620982,0.003,"**",TRUE,"Late Reproductive","Gemmataceae-19f9"
"138","2d609f4ca22f60c7e2261a03d6066fff",0.000138089167910924,3.28301111565511e-06,-8615.34479496159,0.684043464542191,-55.3948254012613,0.0679450830106787,0.907745260915983,-17226.6895899232,-17211.7317577738,2e+06,24,13081,5e-07,1.30625e-05,0.208333333333333,0.0295526715213423,0.00407272051718776,0.184853696291435,"d__Bacteria","d__Bacteria","d__Bacteria","k__Pseudomonadati--other","k__Pseudomonadati--other","p__Acidobacteriota","Acidobacteriota","Acidobacteriota","c__Acidobacteriae","c__Terriglobia","Terriglobia","o__Acidobacteriales","o__Terriglobales","Terriglobales","f__uncultured","f__Incertae_Sedis","Incertae_Sedis","g__uncultured","g__Incertae_Sedis","Incertae_Sedis","","","Above prediction",TRUE,1.30625e-05,-4.88397369654487,0.208333333333333,"late_reproductive",0.400541576380325,0.004,"**",TRUE,"Late Reproductive","Terriglobales-2d60"
"139","3e95ce55121f2bd0a6cf2967d742df09",0.000138089167910924,3.28301111565511e-06,-8615.34479496159,0.684043464542191,-55.3948254012613,0.0679450830106787,0.907745260915983,-17226.6895899232,-17211.7317577738,2e+06,24,13081,5e-07,8.22916666666667e-05,0.375,0.172492549853567,0.0702475994998876,0.365113970155216,"d__Bacteria","d__Bacteria","d__Bacteria","k__Pseudomonadati","k__Pseudomonadati","p__Proteobacteria","Pseudomonadota","Pseudomonadota","c__Alphaproteobacteria","c__Alphaproteobacteria","Alphaproteobacteria","o__Sphingomonadales","o__Sphingomonadales","Sphingomonadales","f__Sphingomonadaceae","","Parasphingopyxidaceae","g__Novosphingobium","","Flavinovosphingobium","","uncultured_Novosphingobium","Above prediction",TRUE,8.22916666666667e-05,-4.08464414174913,0.375,"late_reproductive",0.418810091256532,0.009,"**",TRUE,"Late Reproductive","Parasphingopyxidaceae-3e95"
"140","4473ac847f597164696bc96da74ca753",0.000138089167910924,3.28301111565511e-06,-8615.34479496159,0.684043464542191,-55.3948254012613,0.0679450830106787,0.907745260915983,-17226.6895899232,-17211.7317577738,2e+06,24,13081,5e-07,0.00629752083333333,1,0.999999879647525,0.862023587831716,0.99999999999991,"d__Bacteria","d__Bacteria","d__Bacteria","k__Pseudomonadati","k__Pseudomonadati","p__Proteobacteria","Pseudomonadota","Pseudomonadota","c__Alphaproteobacteria","c__Alphaproteobacteria","Alphaproteobacteria","o__Rhizobiales","o__Hyphomicrobiales--other","Hyphomicrobiales--other","f__Beijerinckiaceae","f__Boseaceae","Boseaceae","g__Bosea","g__Bosea","Bosea","","metagenome","Above prediction",TRUE,0.00629752083333333,-2.20083038710309,1,"late_reproductive",0.539468122153837,0.001,"***",TRUE,"Late Reproductive","Boseaceae-4473"
"141","4fb203e3e3100ecbb0c432656829bef9",0.000138089167910924,3.28301111565511e-06,-8615.34479496159,0.684043464542191,-55.3948254012613,0.0679450830106787,0.907745260915983,-17226.6895899232,-17211.7317577738,2e+06,24,13081,5e-07,4.07916666666667e-05,0.291666666666667,0.0894887537138228,0.0259190935304643,0.266339981375107,"d__Bacteria","d__Bacteria","d__Bacteria","k__Pseudomonadati","k__Pseudomonadati","p__Proteobacteria","Pseudomonadota","Pseudomonadota","c__Gammaproteobacteria","c__Gammaproteobacteria","Gammaproteobacteria","o__uncultured","o__Legionellales","Legionellales","f__uncultured","f__Legionellaceae","Legionellaceae","g__uncultured","g__Candidatus_Endonucleariibacter","Candidatus_Endonucleariibacter","s__metagenome","uncultured_bacterium","Above prediction",TRUE,4.07916666666667e-05,-4.38942854990847,0.291666666666667,"late_reproductive",0.380085569824156,0.023,"*",TRUE,"Late Reproductive","Legionellaceae-4fb2"
"142","5009dd39373c7f4120f9846c42ad42ad",0.000138089167910924,3.28301111565511e-06,-8615.34479496159,0.684043464542191,-55.3948254012613,0.0679450830106787,0.907745260915983,-17226.6895899232,-17211.7317577738,2e+06,24,13081,5e-07,0.000174854166666667,0.583333333333333,0.331881072779141,0.178633813798189,0.53152115478402,"d__Bacteria","d__Bacteria","d__Bacteria","k__Pseudomonadati","k__Pseudomonadati","p__Proteobacteria","Pseudomonadota","Pseudomonadota","c__Alphaproteobacteria","c__Alphaproteobacteria","Alphaproteobacteria","o__Caulobacterales","o__Hyphomonadales","Hyphomonadales","f__Hyphomonadaceae","f__Hyphomonadaceae","Hyphomonadaceae","g__Hirschia","g__Asprobacter","Asprobacter","s__uncultured_bacterium","uncultured_bacterium","Above prediction",TRUE,0.000174854166666667,-3.75732401426248,0.583333333333333,"late_reproductive",0.448699203355693,0.041,"*",TRUE,"Late Reproductive","Hyphomonadaceae-5009"
"143","5b3177319096715b0e5487165e09768d",0.000138089167910924,3.28301111565511e-06,-8615.34479496159,0.684043464542191,-55.3948254012613,0.0679450830106787,0.907745260915983,-17226.6895899232,-17211.7317577738,2e+06,24,13081,5e-07,7.75e-06,0.25,0.0176379623547604,0.00160797816099482,0.166776913015686,"d__Bacteria","d__Bacteria","d__Bacteria","k__Pseudomonadati","k__Pseudomonadati","p__Proteobacteria","Pseudomonadota","Pseudomonadota","c__Gammaproteobacteria","c__Gammaproteobacteria","Gammaproteobacteria","o__Burkholderiales","o__Burkholderiales","Burkholderiales","f__Comamonadaceae","f__Comamonadaceae","Comamonadaceae","","","","","","Above prediction",TRUE,7.75e-06,-5.11069829749369,0.25,"late_reproductive",0.342585707799214,0.048,"*",TRUE,"Late Reproductive","Comamonadaceae-5b31"
"144","5f59131fb4fda508c070ce947135eec9",0.000138089167910924,3.28301111565511e-06,-8615.34479496159,0.684043464542191,-55.3948254012613,0.0679450830106787,0.907745260915983,-17226.6895899232,-17211.7317577738,2e+06,24,13081,5e-07,1.84583333333333e-05,0.291666666666667,0.041509823473606,0.00734599021547056,0.202195125607488,"d__Bacteria","d__Bacteria","d__Bacteria","k__Bacillati","k__Bacillati","p__Actinobacteriota","Actinomycetota","Actinomycetota","c__Actinobacteria","c__Actinomycetes","Actinomycetes","o__Streptomycetales","o__Kitasatosporales","Kitasatosporales","f__Streptomycetaceae","f__Streptomycetaceae","Streptomycetaceae","g__Streptomyces","g__Streptomyces","Streptomyces","","","Above prediction",TRUE,1.84583333333333e-05,-4.73380751548854,0.291666666666667,"late_reproductive",0.500634483029249,0.001,"***",TRUE,"Late Reproductive","Streptomycetaceae-5f59"
"145","6492b37373a71cdcba02edab97f95a23",0.000138089167910924,3.28301111565511e-06,-8615.34479496159,0.684043464542191,-55.3948254012613,0.0679450830106787,0.907745260915983,-17226.6895899232,-17211.7317577738,2e+06,24,13081,5e-07,4.675e-05,0.375,0.101887565627543,0.0317455182159786,0.281889698496364,"d__Bacteria","d__Bacteria","d__Bacteria","k__Pseudomonadati","k__Pseudomonadati","p__Proteobacteria","Pseudomonadota","Pseudomonadota","c__Alphaproteobacteria","c__Alphaproteobacteria","Alphaproteobacteria","o__Caulobacterales","o__Caulobacterales","Caulobacterales","f__Caulobacteraceae","f__Caulobacteraceae","Caulobacteraceae","g__Phenylobacterium","g__Phenylobacterium","Phenylobacterium","","","Above prediction",TRUE,4.675e-05,-4.33021838479146,0.375,"late_reproductive",0.44932462452529,0.027,"*",TRUE,"Late Reproductive","Caulobacteraceae-6492"
"146","6cfdf7540de93e6bac612bb99188cf1d",0.000138089167910924,3.28301111565511e-06,-8615.34479496159,0.684043464542191,-55.3948254012613,0.0679450830106787,0.907745260915983,-17226.6895899232,-17211.7317577738,2e+06,24,13081,5e-07,6.475e-05,0.333333333333333,0.138350907594744,0.0506343203487899,0.325865433229155,"d__Bacteria","d__Bacteria","d__Bacteria","k__Pseudomonadati--other","k__Pseudomonadati--other","p__Planctomycetota","Planctomycetota","Planctomycetota","c__Planctomycetes","c__Planctomycetia","Planctomycetia","o__Gemmatales","o__Gemmatales","Gemmatales","f__Gemmataceae","f__Gemmataceae","Gemmataceae","g__uncultured","g__Incertae_Sedis","Incertae_Sedis","","","Above prediction",TRUE,6.475e-05,-4.18876022724671,0.333333333333333,"late_reproductive",0.439419993054216,0.007,"**",TRUE,"Late Reproductive","Gemmataceae-6cfd"
"147","811deccea42bb9981df3003ed19a5669",0.000138089167910924,3.28301111565511e-06,-8615.34479496159,0.684043464542191,-55.3948254012613,0.0679450830106787,0.907745260915983,-17226.6895899232,-17211.7317577738,2e+06,24,13081,5e-07,4.88125e-05,0.333333333333333,0.106140919775077,0.0338204628629619,0.287147738819618,"d__Bacteria","d__Bacteria","d__Bacteria","k__Pseudomonadati","k__Pseudomonadati","p__Proteobacteria","Pseudomonadota","Pseudomonadota","c__Gammaproteobacteria","c__Gammaproteobacteria","Gammaproteobacteria","o__uncultured","o__Legionellales","","f__uncultured","f__Legionellaceae","","g__uncultured","g__Candidatus_Endonucleariibacter","","s__uncultured_organism","","Above prediction",TRUE,4.88125e-05,-4.31146894877862,0.333333333333333,"late_reproductive",0.429685235722796,0.017,"*",TRUE,"Late Reproductive","Gammaproteobacteria-811d"
"148","8f83b75bc2f3107388acd9923ea7a447",0.000138089167910924,3.28301111565511e-06,-8615.34479496159,0.684043464542191,-55.3948254012613,0.0679450830106787,0.907745260915983,-17226.6895899232,-17211.7317577738,2e+06,24,13081,5e-07,0.000136895833333333,0.583333333333333,0.270522864561954,0.134165117495226,0.470205380043537,"d__Bacteria","d__Bacteria","d__Bacteria","k__Pseudomonadati--other","k__Pseudomonadati--other","p__Bacteroidota","Bacteroidota","Bacteroidota","c__Bacteroidia","c__Cytophagia","Cytophagia","o__Cytophagales","o__Cytophagales","Cytophagales","f__Microscillaceae","f__Chryseotaleaceae","Chryseotaleaceae","g__Chryseolinea","g__Chryseolinea","Chryseolinea","s__metagenome","metagenome","Above prediction",TRUE,0.000136895833333333,-3.86360977018507,0.583333333333333,"late_reproductive",0.50350725436365,0.002,"**",TRUE,"Late Reproductive","Chryseotaleaceae-8f83"
"149","9028c0d6d8f88f1713351e6f9f443272",0.000138089167910924,3.28301111565511e-06,-8615.34479496159,0.684043464542191,-55.3948254012613,0.0679450830106787,0.907745260915983,-17226.6895899232,-17211.7317577738,2e+06,24,13081,5e-07,6.85416666666667e-06,0.166666666666667,0.015614793468537,0.00128462386130093,0.163612227871608,"d__Bacteria","d__Bacteria","d__Bacteria","k__Pseudomonadati--other","k__Pseudomonadati--other","p__Bacteroidota","Bacteroidota","Bacteroidota","c__Bacteroidia","c__Chitinophagia","Chitinophagia","o__Chitinophagales","o__Chitinophagales","Chitinophagales","f__Chitinophagaceae","f__Chitinophagaceae","Chitinophagaceae","","","","","","Above prediction",TRUE,6.85416666666667e-06,-5.16404533942561,0.166666666666667,"late_reproductive",0.382186365590109,0.009,"**",TRUE,"Late Reproductive","Chitinophagaceae-9028"
"150","90938b5f91186ed52c02f75b4d65a492",0.000138089167910924,3.28301111565511e-06,-8615.34479496159,0.684043464542191,-55.3948254012613,0.0679450830106787,0.907745260915983,-17226.6895899232,-17211.7317577738,2e+06,24,13081,5e-07,0.00101725,1,0.90863072950429,0.73127931136323,0.97321951330421,"d__Bacteria","d__Bacteria","d__Bacteria","k__Pseudomonadati","k__Pseudomonadati","p__Proteobacteria","Pseudomonadota","Pseudomonadota","c__Alphaproteobacteria","c__Alphaproteobacteria","Alphaproteobacteria","o__Rhizobiales","o__Hyphomicrobiales--other","Hyphomicrobiales--other","f__Rhizobiaceae","f__Rhizobiaceae--other","Rhizobiaceae--other","g__Mesorhizobium","","Zhengella","","Mesorhizobium_sp.","Above prediction",TRUE,0.00101725,-2.99257230147468,1,"late_reproductive",0.520852263851891,0.007,"**",TRUE,"Late Reproductive","Rhizobiaceae--other-9093"
"151","9828341287c53b76acf7ca753c0364cc",0.000138089167910924,3.28301111565511e-06,-8615.34479496159,0.684043464542191,-55.3948254012613,0.0679450830106787,0.907745260915983,-17226.6895899232,-17211.7317577738,2e+06,24,13081,5e-07,0.0068988125,1,0.999999976145265,0.862023754198325,0.999999999999996,"d__Bacteria","d__Bacteria","d__Bacteria","k__Pseudomonadati","k__Pseudomonadati","p__Proteobacteria","Pseudomonadota","Pseudomonadota","c__Alphaproteobacteria","c__Alphaproteobacteria","Alphaproteobacteria","o__Sphingomonadales","o__Sphingomonadales","Sphingomonadales","f__Sphingomonadaceae","f__Parasphingopyxidaceae","Parasphingopyxidaceae","g__Novosphingobium","","","","","Above prediction",TRUE,0.0068988125,-2.1612256584049,1,"late_reproductive",0.57145839693731,0.001,"***",TRUE,"Late Reproductive","Parasphingopyxidaceae-9828"
"152","a60f0b4bc20e5a162b45b3d2ed7a0d6c",0.000138089167910924,3.28301111565511e-06,-8615.34479496159,0.684043464542191,-55.3948254012613,0.0679450830106787,0.907745260915983,-17226.6895899232,-17211.7317577738,2e+06,24,13081,5e-07,0.00215747916666667,1,0.994396375191407,0.852546449648661,0.999816429826197,"d__Bacteria","d__Bacteria","d__Bacteria","k__Pseudomonadati","k__Pseudomonadati","p__Proteobacteria","Pseudomonadota","Pseudomonadota","c__Alphaproteobacteria","c__Alphaproteobacteria","Alphaproteobacteria","o__Caulobacterales","o__Caulobacterales","Caulobacterales","f__Caulobacteraceae","f__Caulobacteraceae","Caulobacteraceae","g__Caulobacter","g__Caulobacter","Caulobacter","","Caulobacter_sp.","Above prediction",TRUE,0.00215747916666667,-2.66605338928385,1,"late_reproductive",0.531415951992283,0.03,"*",TRUE,"Late Reproductive","Caulobacteraceae-a60f"
"153","a652f496fb4f9105e6797d717c3926ef",0.000138089167910924,3.28301111565511e-06,-8615.34479496159,0.684043464542191,-55.3948254012613,0.0679450830106787,0.907745260915983,-17226.6895899232,-17211.7317577738,2e+06,24,13081,5e-07,0.00316539583333333,1,0.999558250709736,0.861263411020486,0.999998787504983,"d__Bacteria","d__Bacteria","d__Bacteria","k__Pseudomonadati--other","k__Pseudomonadati--other","p__Acidobacteriota","Acidobacteriota","Acidobacteriota","c__Blastocatellia","c__Blastocatellia","Blastocatellia","o__Blastocatellales","o__Blastocatellales","Blastocatellales","f__Blastocatellaceae","f__Blastocatellaceae","Blastocatellaceae","g__uncultured","g__Stenotrophobacter","","","","Above prediction",TRUE,0.00316539583333333,-2.49957197364555,1,"late_reproductive",0.609727314390919,0.001,"***",TRUE,"Late Reproductive","Blastocatellaceae-a652"
"154","b394e0ec5c9154abb2aa22921eb10cf1",0.000138089167910924,3.28301111565511e-06,-8615.34479496159,0.684043464542191,-55.3948254012613,0.0679450830106787,0.907745260915983,-17226.6895899232,-17211.7317577738,2e+06,24,13081,5e-07,4.18541666666667e-05,0.291666666666667,0.0917119114731591,0.0269383247375661,0.269153579946624,"d__Bacteria","d__Bacteria","d__Bacteria","k__Pseudomonadati","k__Pseudomonadati","p__Proteobacteria","Pseudomonadota","Pseudomonadota","c__Gammaproteobacteria","c__Gammaproteobacteria","Gammaproteobacteria","o__Gammaproteobacteria_Incertae_Sedis","o__Legionellales","Legionellales","f__Unknown_Family","f__Legionellaceae","Legionellaceae","g__Candidatus_Berkiella","g__Candidatus_Berkiella","Candidatus_Berkiella","s__uncultured_bacterium","uncultured_bacterium","Above prediction",TRUE,4.18541666666667e-05,-4.37826130062734,0.291666666666667,"late_reproductive",0.4849610158749,0.001,"***",TRUE,"Late Reproductive","Legionellaceae-b394"
"155","d1f4babdfa6aa29532c66b9b1b30c201",0.000138089167910924,3.28301111565511e-06,-8615.34479496159,0.684043464542191,-55.3948254012613,0.0679450830106787,0.907745260915983,-17226.6895899232,-17211.7317577738,2e+06,24,13081,5e-07,0.00247189583333333,1,0.997446446581134,0.857660837488241,0.999960510217387,"d__Bacteria","d__Bacteria","d__Bacteria","k__Pseudomonadati","k__Pseudomonadati","p__Proteobacteria","Pseudomonadota","Pseudomonadota","c__Alphaproteobacteria","c__Alphaproteobacteria","Alphaproteobacteria","o__Rhizobiales","o__Hyphomicrobiales","Hyphomicrobiales","f__Rhizobiales_Incertae_Sedis","f__Aestuariivirgaceae","Aestuariivirgaceae","g__Nordella","g__Taklimakanibacter","Taklimakanibacter","s__Nordella_oligomobilis","Nordella_oligomobilis","Above prediction",TRUE,0.00247189583333333,-2.60696983453861,1,"late_reproductive",0.630900708553707,0.001,"***",TRUE,"Late Reproductive","Aestuariivirgaceae-d1f4"
"156","d88fdd25cf0defbbeed5e4a61038ecee",0.000138089167910924,3.28301111565511e-06,-8615.34479496159,0.684043464542191,-55.3948254012613,0.0679450830106787,0.907745260915983,-17226.6895899232,-17211.7317577738,2e+06,24,13081,5e-07,0.0070624375,1,0.999999984673854,0.862023768902016,0.999999999999998,"d__Bacteria","d__Bacteria","d__Bacteria","k__Pseudomonadati","k__Pseudomonadati","p__Proteobacteria","Pseudomonadota","Pseudomonadota","c__Alphaproteobacteria","c__Alphaproteobacteria","Alphaproteobacteria","o__Sphingomonadales","o__Sphingomonadales","Sphingomonadales","f__Sphingomonadaceae","f__Parasphingopyxidaceae","Parasphingopyxidaceae","g__Novosphingobium","","Novosphingobium","","","Above prediction",TRUE,0.0070624375,-2.15104538250351,1,"late_reproductive",0.550125818448583,0.001,"***",TRUE,"Late Reproductive","Parasphingopyxidaceae-d88f"
"157","df14ed79583b7b54bd7c109a02e8dace",0.000138089167910924,3.28301111565511e-06,-8615.34479496159,0.684043464542191,-55.3948254012613,0.0679450830106787,0.907745260915983,-17226.6895899232,-17211.7317577738,2e+06,24,13081,5e-07,0.00395897916666667,1,0.999942517939704,0.861924714145975,0.999999979371485,"d__Bacteria","d__Bacteria","d__Bacteria","k__Pseudomonadati","k__Pseudomonadati","p__Proteobacteria","Pseudomonadota","Pseudomonadota","c__Alphaproteobacteria","c__Alphaproteobacteria","Alphaproteobacteria","o__Sphingomonadales","o__Sphingomonadales","Sphingomonadales","f__Sphingomonadaceae","f__Parasphingopyxidaceae","Parasphingopyxidaceae","g__Novosphingobium","","Novosphingobium","","","Above prediction",TRUE,0.00395897916666667,-2.40241678362933,1,"late_reproductive",0.509754248985481,0.05,"*",TRUE,"Late Reproductive","Parasphingopyxidaceae-df14"
"158","e66dedb2d2a50506d00442353dcb8c5e",0.000138089167910924,3.28301111565511e-06,-8615.34479496159,0.684043464542191,-55.3948254012613,0.0679450830106787,0.907745260915983,-17226.6895899232,-17211.7317577738,2e+06,24,13081,5e-07,3.15416666666667e-05,0.25,0.0699083476015732,0.0174791352904219,0.241022387633376,"d__Bacteria","d__Bacteria","d__Bacteria","k__Bacillati","k__Bacillati","p__Cyanobacteria","Cyanobacteriota","Cyanobacteriota","c__Sericytochromatia","c__Candidatus_Sericytochromatia","Candidatus_Sericytochromatia","o__Sericytochromatia","o__Incertae_Sedis","Incertae_Sedis","f__Sericytochromatia","f__Incertae_Sedis","Incertae_Sedis","g__Sericytochromatia","g__Incertae_Sedis","Incertae_Sedis","s__uncultured_bacterium","uncultured_bacterium","Above prediction",TRUE,3.15416666666667e-05,-4.50111536221153,0.25,"late_reproductive",0.5,0.001,"***",TRUE,"Late Reproductive","Candidatus_Sericytochromatia-e66d"
"159","f63dd2f75fd6bccfbb13840befa6259f",0.000138089167910924,3.28301111565511e-06,-8615.34479496159,0.684043464542191,-55.3948254012613,0.0679450830106787,0.907745260915983,-17226.6895899232,-17211.7317577738,2e+06,24,13081,5e-07,8.00208333333333e-05,0.416666666666667,0.168148418753903,0.0676627933807594,0.360209287518501,"d__Bacteria","d__Bacteria","d__Bacteria","k__Pseudomonadati","k__Pseudomonadati","p__Proteobacteria","Pseudomonadota","Pseudomonadota","c__Gammaproteobacteria","c__Gammaproteobacteria","Gammaproteobacteria","o__Burkholderiales","o__Spirillales--other","Spirillales--other","f__Nitrosomonadaceae","f__Nitrosomonadaceae","Nitrosomonadaceae","g__Nitrosomonas","g__Nitrosomonas","Nitrosomonas","s__Nitrosomonas_communis","Nitrosomonas_communis","Above prediction",TRUE,8.00208333333333e-05,-4.09679693021041,0.416666666666667,"late_reproductive",0.419680932131522,0.016,"*",TRUE,"Late Reproductive","Nitrosomonadaceae-f63d"
