"","asvID","fitstats.m","fitstats.m.ci","fitstats.poisLL","fitstats.Rsqr","fitstats.Rsqr.pois","fitstats.RMSE","fitstats.RMSE.pois","fitstats.AIC.pois","fitstats.BIC.pois","fitstats.N","fitstats.Samples","fitstats.Richness","fitstats.Detect","predictions.p","predictions.freq","predictions.freq.pred","predictions.pred.lwr","predictions.pred.upr","Old.Domain","Unif.Domain","Weight.Domain","Unif.Kingdom","Weight.Kingdom","Old.Phylum","Unif.Phylum","Weight.Phylum","Old.Class","Unif.Class","Weight.Class","Old.Order","Unif.Order","Weight.Order","Old.Family","Unif.Family","Weight.Family","Old.Genus","Unif.Genus","Weight.Genus","Old.Species","Weight.Species","predictions.fit_class","above_CI","mean_relabund","mean_relabund_percent","log_mean","occupancy","stage_aggregate","IndVal.Stat","IndVal.p_value","IndVal.signif","stage_indicator","point_class","Stage"
"1","0cb4f48403e146a315bb918efd0e13bf",0.000148783,3.41e-06,-9065.798164,0.710011746,-52.05570549,0.066409564,0.898269126,-18127.59633,-18112.3225,2e+06,30,15320,5e-07,7.36e-05,0.466666667,0.165331171,0.07252425,0.334116881,"d__Bacteria","d__Bacteria","d__Bacteria","k__Pseudomonadati--other","k__Pseudomonadati--other","p__Bacteroidota","Bacteroidota","Bacteroidota","c__Bacteroidia","c__Chitinophagia","c__Chitinophagia","o__Chitinophagales","o__Chitinophagales","o__Chitinophagales","f__Chitinophagaceae","f__Chitinophagaceae","f__Chitinophagaceae","g__Lacibacter","g__Lacibacter","g__Lacibacter","s__uncultured_bacterium","","Above prediction",TRUE,7.36e-05,0.00736,-4.133318922,0.466666667,"seedling",0.461,0.011,"*",TRUE,"Above","Seedling"
"2","1a5387ac492498e4916d1b8b1ba28c51",0.000148783,3.41e-06,-9065.798164,0.710011746,-52.05570549,0.066409564,0.898269126,-18127.59633,-18112.3225,2e+06,30,15320,5e-07,7.22e-05,0.366666667,0.162449614,0.070717052,0.330815155,"d__Bacteria","d__Bacteria","d__Bacteria","k__Pseudomonadati","k__Pseudomonadati","p__Proteobacteria","Pseudomonadota","Pseudomonadota","c__Alphaproteobacteria","c__Alphaproteobacteria","c__Alphaproteobacteria","o__Sphingomonadales","o__Sphingomonadales","o__Sphingomonadales","f__Sphingomonadaceae","f__Parasphingopyxidaceae","f__Parasphingopyxidaceae","g__Novosphingobium","","g__Novosphingobium","","","Above prediction",TRUE,7.22e-05,0.00722,-4.141663354,0.366666667,"seedling",0.571,0.001,"***",TRUE,"Above","Seedling"
"3","25ea460893aae0263a5fd4f1e280c8ec",0.000148783,3.41e-06,-9065.798164,0.710011746,-52.05570549,0.066409564,0.898269126,-18127.59633,-18112.3225,2e+06,30,15320,5e-07,0.000126733,0.466666667,0.267875468,0.142711262,0.44573816,"d__Bacteria","d__Bacteria","d__Bacteria","k__Bacillati","k__Bacillati","p__Firmicutes","Bacillota","Bacillota","c__Bacilli","c__Bacilli","c__Bacilli","o__Paenibacillales","o__Paenibacillales","o__Bacillales--other","f__Paenibacillaceae","f__Paenibacillaceae","f__Bacillaceae--other","g__Paenibacillus","","g__Neobacillus","","s__Paenibacillus_sp.","Above prediction",TRUE,0.000126733,0.0126733,-3.897109142,0.466666667,"seedling",0.469,0.024,"*",TRUE,"Above","Seedling"
"4","29159fffca8d2829530f43e2198926dc",0.000148783,3.41e-06,-9065.798164,0.710011746,-52.05570549,0.066409564,0.898269126,-18127.59633,-18112.3225,2e+06,30,15320,5e-07,5.09e-05,0.5,0.117536359,0.044080977,0.277821233,"d__Bacteria","d__Bacteria","d__Bacteria","k__Pseudomonadati","k__Pseudomonadati","p__Proteobacteria","Pseudomonadota","Pseudomonadota","c__Alphaproteobacteria","c__Alphaproteobacteria","c__Alphaproteobacteria","o__Rhizobiales","o__Hyphomicrobiales--other","o__Hyphomicrobiales--other","f__Devosiaceae","f__Devosiaceae","f__Devosiaceae","","","","","","Above prediction",TRUE,5.09e-05,0.00509,-4.2929979,0.5,"seedling",0.419,0.05,"*",TRUE,"Above","Seedling"
"5","2a64f7117c72e249a9c2e5850fd6eb3e",0.000148783,3.41e-06,-9065.798164,0.710011746,-52.05570549,0.066409564,0.898269126,-18127.59633,-18112.3225,2e+06,30,15320,5e-07,0.0064383,1,0.999999975,0.886486563,1,"d__Bacteria","d__Bacteria","d__Bacteria","k__Pseudomonadati","k__Pseudomonadati","p__Proteobacteria","Pseudomonadota","Pseudomonadota","c__Alphaproteobacteria","c__Alphaproteobacteria","c__Alphaproteobacteria","o__Sphingomonadales","o__Sphingomonadales","o__Sphingomonadales","f__Sphingomonadaceae","f__Parasphingopyxidaceae","f__Parasphingopyxidaceae","g__Novosphingobium","","g__Novosphingobium","","","Above prediction",TRUE,0.0064383,0.64383,-2.191228791,1,"seedling",0.575,0.001,"***",TRUE,"Above","Seedling"
"6","2bce2c03a49a801da9460b2b3b98bc70",0.000148783,3.41e-06,-9065.798164,0.710011746,-52.05570549,0.066409564,0.898269126,-18127.59633,-18112.3225,2e+06,30,15320,5e-07,0.000162917,0.633333333,0.330510701,0.190101509,0.509398504,"d__Bacteria","d__Bacteria","d__Bacteria","k__Pseudomonadati","k__Pseudomonadati","p__Proteobacteria","Pseudomonadota","Pseudomonadota","c__Alphaproteobacteria","c__Alphaproteobacteria","c__Alphaproteobacteria","o__Reyranellales","o__Azospirillales","o__Azospirillales","f__Reyranellaceae","f__Reyranellaceae","f__Reyranellaceae","g__Reyranella","g__Reyranella--other","g__Reyranella--other","s__uncultured_Alphaproteobacteria","","Above prediction",TRUE,0.000162917,0.0162917,-3.788034484,0.633333333,"seedling",0.466,0.02,"*",TRUE,"Above","Seedling"
"7","477492fad1668aaebf7e35880898fd9c",0.000148783,3.41e-06,-9065.798164,0.710011746,-52.05570549,0.066409564,0.898269126,-18127.59633,-18112.3225,2e+06,30,15320,5e-07,0.000272267,0.833333333,0.48961878,0.322370635,0.65922374,"d__Bacteria","d__Bacteria","d__Bacteria","k__Pseudomonadati","k__Pseudomonadati","p__Proteobacteria","Pseudomonadota","Pseudomonadota","c__Gammaproteobacteria","c__Gammaproteobacteria","c__Gammaproteobacteria","o__Pseudomonadales","o__Pseudomonadales","o__Pseudomonadales","f__Pseudomonadaceae","f__Pseudomonadaceae","f__Pseudomonadaceae","g__Pseudomonas","","g__Pseudomonas","","","Above prediction",TRUE,0.000272267,0.0272267,-3.565005526,0.833333333,"seedling",0.604,0.001,"***",TRUE,"Above","Seedling"
"8","4869379a1d315c0d2c7b37f461d8dd21",0.000148783,3.41e-06,-9065.798164,0.710011746,-52.05570549,0.066409564,0.898269126,-18127.59633,-18112.3225,2e+06,30,15320,5e-07,0.000110117,0.433333333,0.237225806,0.120664477,0.413443915,"d__Bacteria","d__Bacteria","d__Bacteria","k__Pseudomonadati--other","k__Pseudomonadati--other","p__Verrucomicrobiota","Verrucomicrobiota","Verrucomicrobiota","c__Verrucomicrobiae","c__Opitutia","c__Opitutia","o__Opitutales","o__Opitutales","o__Opitutales","f__Opitutaceae","f__Opitutaceae","f__Opitutaceae","g__uncultured","g__Rariglobus","g__Cephaloticoccus","s__metagenome","s__Rariglobus_sp.","Above prediction",TRUE,0.000110117,0.0110117,-3.958146944,0.433333333,"seedling",0.438,0.034,"*",TRUE,"Above","Seedling"
"9","62dcd3a453dd1ac7d92386b95811e04c",0.000148783,3.41e-06,-9065.798164,0.710011746,-52.05570549,0.066409564,0.898269126,-18127.59633,-18112.3225,2e+06,30,15320,5e-07,0.000107867,0.666666667,0.232980447,0.117676111,0.408905373,"d__Bacteria","d__Bacteria","d__Bacteria","k__Pseudomonadati","k__Pseudomonadati","p__Proteobacteria","Pseudomonadota","Pseudomonadota","c__Gammaproteobacteria","c__Gammaproteobacteria","c__Gammaproteobacteria","o__Burkholderiales","o__Burkholderiales","o__Burkholderiales","f__Comamonadaceae","f__Comamonadaceae","f__Comamonadaceae","","","","","","Above prediction",TRUE,0.000107867,0.0107867,-3.967112742,0.666666667,"seedling",0.668,0.001,"***",TRUE,"Above","Seedling"
"10","6e4e1d3b5e5ec64ab6b23fbb2fb84b8a",0.000148783,3.41e-06,-9065.798164,0.710011746,-52.05570549,0.066409564,0.898269126,-18127.59633,-18112.3225,2e+06,30,15320,5e-07,4.26e-05,0.5,0.09923731,0.034201442,0.255257045,"d__Bacteria","d__Bacteria","d__Bacteria","k__Pseudomonadati","k__Pseudomonadati","p__Proteobacteria","Pseudomonadota","Pseudomonadota","c__Gammaproteobacteria","c__Gammaproteobacteria","c__Gammaproteobacteria","o__Burkholderiales","o__Burkholderiales","o__Burkholderiales","f__Comamonadaceae","f__Comamonadaceae","f__Comamonadaceae","","","","","","Above prediction",TRUE,4.26e-05,0.00426,-4.370760346,0.5,"seedling",0.482,0.008,"**",TRUE,"Above","Seedling"
"11","71c3e847cedfc3f351199ee0ab079096",0.000148783,3.41e-06,-9065.798164,0.710011746,-52.05570549,0.066409564,0.898269126,-18127.59633,-18112.3225,2e+06,30,15320,5e-07,2.25e-05,0.466666667,0.053771808,0.013093853,0.195755516,"d__Bacteria","d__Bacteria","d__Bacteria","k__Pseudomonadati","k__Pseudomonadati","p__Proteobacteria","Pseudomonadota","Pseudomonadota","c__Gammaproteobacteria","c__Gammaproteobacteria","c__Gammaproteobacteria","o__Burkholderiales","o__Burkholderiales","o__Burkholderiales","f__Oxalobacteraceae","f__Oxalobacteraceae","f__Oxalobacteraceae","","","g__Duganella","","s__Massilia_sp.","Above prediction",TRUE,2.25e-05,0.00225,-4.647174559,0.466666667,"seedling",0.477,0.007,"**",TRUE,"Above","Seedling"
"12","7f300dd37db558444736f6b15ee90958",0.000148783,3.41e-06,-9065.798164,0.710011746,-52.05570549,0.066409564,0.898269126,-18127.59633,-18112.3225,2e+06,30,15320,5e-07,0.005423067,1,0.999999542,0.886485795,1,"d__Bacteria","d__Bacteria","d__Bacteria","k__Bacillati","k__Bacillati","p__Firmicutes","Bacillota","Bacillota","c__Bacilli","c__Bacilli","c__Bacilli","o__Paenibacillales","o__Paenibacillales","o__Paenibacillales","f__Paenibacillaceae","f__Paenibacillaceae","f__Paenibacillaceae","g__Paenibacillus","","g__Paenibacillus--other","","","Above prediction",TRUE,0.005423067,0.5423067,-2.265755057,1,"seedling",0.596,0.001,"***",TRUE,"Above","Seedling"
"13","821eed576f621b5d223948afd8ffca39",0.000148783,3.41e-06,-9065.798164,0.710011746,-52.05570549,0.066409564,0.898269126,-18127.59633,-18112.3225,2e+06,30,15320,5e-07,0.002028883,1,0.994539545,0.877020296,0.99978507,"d__Bacteria","d__Bacteria","d__Bacteria","k__Pseudomonadati","k__Pseudomonadati","p__Proteobacteria","Pseudomonadota","Pseudomonadota","c__Gammaproteobacteria","c__Gammaproteobacteria","c__Gammaproteobacteria","o__Burkholderiales","o__Methylophilales","o__Methylophilales","f__Methylophilaceae","f__Methylophilaceae","f__Methylophilaceae","g__MM2","g__MM2","g__MM2","s__uncultured_bacterium","s__uncultured_bacterium","Above prediction",TRUE,0.002028883,0.2028883,-2.692742925,1,"seedling",0.673,0.001,"***",TRUE,"Above","Seedling"
"14","95d08381352f71ef3bc48445f8ccab02",0.000148783,3.41e-06,-9065.798164,0.710011746,-52.05570549,0.066409564,0.898269126,-18127.59633,-18112.3225,2e+06,30,15320,5e-07,0.0043772,1,0.999991192,0.886470991,0.999999999,"d__Bacteria","d__Bacteria","d__Bacteria","k__Pseudomonadati","k__Pseudomonadati","p__Proteobacteria","Pseudomonadota","Pseudomonadota","c__Alphaproteobacteria","c__Alphaproteobacteria","c__Alphaproteobacteria","o__Sphingomonadales","o__Sphingomonadales","o__Sphingomonadales","f__Sphingomonadaceae","f__Parasphingopyxidaceae","f__Parasphingopyxidaceae","g__Novosphingobium","","g__Novosphingobium","","s__metagenome","Above prediction",TRUE,0.0043772,0.43772,-2.358803609,1,"seedling",0.514,0.018,"*",TRUE,"Above","Seedling"
"15","984919ce3c93ca2b6d54479b1c165fbb",0.000148783,3.41e-06,-9065.798164,0.710011746,-52.05570549,0.066409564,0.898269126,-18127.59633,-18112.3225,2e+06,30,15320,5e-07,0.0003364,0.733333333,0.56502952,0.390456864,0.724838732,"d__Bacteria","d__Bacteria","d__Bacteria","k__Bacillati","k__Bacillati","p__Actinobacteriota","Actinomycetota","Actinomycetota","c__Actinobacteria","c__Actinomycetes","c__Actinomycetes","o__Micrococcales","o__Cellulomonadales","o__Cellulomonadales","f__Microbacteriaceae","f__Microbacteriaceae","f__Microbacteriaceae","g__Agromyces","g__Agromyces","g__Agromyces","","","Above prediction",TRUE,0.0003364,0.03364,-3.473144013,0.733333333,"seedling",0.603,0.001,"***",TRUE,"Above","Seedling"
"16","9b4be26e7bb3a23d25e080a3bba619f6",0.000148783,3.41e-06,-9065.798164,0.710011746,-52.05570549,0.066409564,0.898269126,-18127.59633,-18112.3225,2e+06,30,15320,5e-07,0.000524617,0.966666667,0.728735667,0.550739906,0.854802304,"d__Bacteria","d__Bacteria","d__Bacteria","k__Bacillati","k__Bacillati","p__Actinobacteriota","Actinomycetota","Actinomycetota","c__Actinobacteria","c__Actinomycetes","c__Actinomycetes","o__Micrococcales","o__Micrococcales","o__Micrococcales","f__Micrococcaceae","f__Micrococcaceae","f__Micrococcaceae","g__Arthrobacter","","g__Paenarthrobacter","","s__Arthrobacter_sp.","Above prediction",TRUE,0.000524617,0.0524617,-3.280157916,0.966666667,"seedling",0.698,0.001,"***",TRUE,"Above","Seedling"
"17","a0977048d3b1b28329633e842908ace3",0.000148783,3.41e-06,-9065.798164,0.710011746,-52.05570549,0.066409564,0.898269126,-18127.59633,-18112.3225,2e+06,30,15320,5e-07,0.000251617,0.766666667,0.462717839,0.298906776,0.634992951,"d__Bacteria","d__Bacteria","d__Bacteria","k__Bacillati","k__Bacillati","p__Actinobacteriota","Actinomycetota","Actinomycetota","c__Actinobacteria","c__Actinomycetes","c__Actinomycetes","o__Propionibacteriales","o__Propionibacteriales","o__Propionibacteriales","f__Nocardioidaceae","f__Nocardioidaceae","f__Nocardioidaceae","","","g__Aeromicrobium","","","Above prediction",TRUE,0.000251617,0.0251617,-3.599260595,0.766666667,"seedling",0.574,0.001,"***",TRUE,"Above","Seedling"
"18","a0b1f105f827e856c5fdb5f98eaecc09",0.000148783,3.41e-06,-9065.798164,0.710011746,-52.05570549,0.066409564,0.898269126,-18127.59633,-18112.3225,2e+06,30,15320,5e-07,0.005809533,1,0.999999848,0.886486338,1,"d__Bacteria","d__Bacteria","d__Bacteria","k__Pseudomonadati","k__Pseudomonadati","p__Proteobacteria","Pseudomonadota","Pseudomonadota","c__Gammaproteobacteria","c__Gammaproteobacteria","c__Gammaproteobacteria","o__Burkholderiales","o__Burkholderiales","o__Burkholderiales","f__Comamonadaceae","f__Comamonadaceae","f__Comamonadaceae","g__Variovorax","g__Variovorax","g__Variovorax","","s__Variovorax_paradoxus","Above prediction",TRUE,0.005809533,0.5809533,-2.235858752,1,"seedling",0.629,0.001,"***",TRUE,"Above","Seedling"
"19","ab35b74a270a708f39f71df6bed23d0a",0.000148783,3.41e-06,-9065.798164,0.710011746,-52.05570549,0.066409564,0.898269126,-18127.59633,-18112.3225,2e+06,30,15320,5e-07,1.95e-05,0.233333333,0.046662157,0.010385288,0.18585886,"d__Bacteria","d__Bacteria","d__Bacteria","k__Pseudomonadati","k__Pseudomonadati","p__Proteobacteria","Pseudomonadota","Pseudomonadota","c__Gammaproteobacteria","c__Gammaproteobacteria","c__Gammaproteobacteria","","o__Diplorickettsiales","o__Diplorickettsiales","","f__Incertae_Sedis","f__Incertae_Sedis","","g__Incertae_Sedis","g__Incertae_Sedis","","s__soil_metagenome","Above prediction",TRUE,1.95e-05,0.00195,-4.710336739,0.233333333,"seedling",0.393,0.012,"*",TRUE,"Above","Seedling"
"20","ac30f9ae73331c56bbe8d77eca86a3d0",0.000148783,3.41e-06,-9065.798164,0.710011746,-52.05570549,0.066409564,0.898269126,-18127.59633,-18112.3225,2e+06,30,15320,5e-07,1.16e-05,0.2,0.028003715,0.004378183,0.158785047,"d__Bacteria","d__Bacteria","d__Bacteria","k__Pseudomonadati","k__Pseudomonadati","p__Bdellovibrionota","Bdellovibrionota","Bdellovibrionota","c__Bdellovibrionia","c__Bdellovibrionia","c__Bdellovibrionia","o__Bdellovibrionales","o__Bdellovibrionales","o__Bdellovibrionales","f__Bdellovibrionaceae","f__Pseudobdellovibrionaceae","f__Pseudobdellovibrionaceae","g__Bdellovibrio","g__Bdellovibrio","g__Bdellovibrio","s__uncultured_Bdellovibrionales","","Above prediction",TRUE,1.16e-05,0.00116,-4.936166446,0.2,"seedling",0.361,0.019,"*",TRUE,"Above","Seedling"
"21","b5403e3d3e7f5a219e1fbe3cceee2261",0.000148783,3.41e-06,-9065.798164,0.710011746,-52.05570549,0.066409564,0.898269126,-18127.59633,-18112.3225,2e+06,30,15320,5e-07,0.0020277,1,0.994522317,0.876991059,0.999783763,"d__Bacteria","d__Bacteria","d__Bacteria","k__Pseudomonadati","k__Pseudomonadati","p__Proteobacteria","Pseudomonadota","Pseudomonadota","c__Alphaproteobacteria","c__Alphaproteobacteria","c__Alphaproteobacteria","o__Rhizobiales","o__Hyphomicrobiales--other","o__Hyphomicrobiales--other","f__Beijerinckiaceae","f__Methylobacteriaceae","f__Methylobacteriaceae","g__Microvirga","g__Microvirga","g__Microvirga","","s__Microvirga_sp.","Above prediction",TRUE,0.0020277,0.20277,-2.692996299,1,"seedling",0.498,0.042,"*",TRUE,"Above","Seedling"
"22","b8da0fd4499de258a33a89564f161140",0.000148783,3.41e-06,-9065.798164,0.710011746,-52.05570549,0.066409564,0.898269126,-18127.59633,-18112.3225,2e+06,30,15320,5e-07,0.00016735,0.733333333,0.337815077,0.195815039,0.516635436,"d__Bacteria","d__Bacteria","d__Bacteria","k__Pseudomonadati--other","k__Pseudomonadati--other","p__Dependentiae","Candidatus_Babelota","Candidatus_Babelota","c__Babeliae","c__Candidatus_Babeliae","c__Candidatus_Babeliae","o__Babeliales","o__Candidatus_Babelales","o__Candidatus_Babelales","f__Vermiphilaceae","f__Candidatus_Babelaceae","f__Candidatus_Babelaceae","g__Vermiphilaceae","g__Incertae_Sedis","g__Incertae_Sedis","s__uncultured_bacterium","s__uncultured_bacterium","Above prediction",TRUE,0.00016735,0.016735,-3.776374283,0.733333333,"seedling",0.494,0.01,"**",TRUE,"Above","Seedling"
"23","c130baecd35f08a8f79bdfbdc0abb6c0",0.000148783,3.41e-06,-9065.798164,0.710011746,-52.05570549,0.066409564,0.898269126,-18127.59633,-18112.3225,2e+06,30,15320,5e-07,0.003486917,1,0.999895284,0.886301034,0.999999915,"d__Bacteria","d__Bacteria","d__Bacteria","k__Pseudomonadati","k__Pseudomonadati","p__Proteobacteria","Pseudomonadota","Pseudomonadota","c__Alphaproteobacteria","c__Alphaproteobacteria","c__Alphaproteobacteria","o__Rhizobiales","o__Hyphomicrobiales--other","o__Hyphomicrobiales--other","f__Rhizobiaceae","f__Rhizobiaceae","f__Rhizobiaceae","g__Allorhizobium-Neorhizobium-Pararhizobium-Rhizobium","","g__Onobrychidicola","","s__metagenome","Above prediction",TRUE,0.003486917,0.3486917,-2.457558432,1,"seedling",0.555,0.001,"***",TRUE,"Above","Seedling"
"24","c37e7e03a26fbfce94680b5fe323d0d7",0.000148783,3.41e-06,-9065.798164,0.710011746,-52.05570549,0.066409564,0.898269126,-18127.59633,-18112.3225,2e+06,30,15320,5e-07,0.0065942,1,0.999999984,0.886486579,1,"d__Bacteria","d__Bacteria","d__Bacteria","k__Bacillati","k__Bacillati","p__Firmicutes","Bacillota","Bacillota","c__Bacilli","c__Bacilli","c__Bacilli","o__Paenibacillales","o__Paenibacillales","o__Paenibacillales","f__Paenibacillaceae","f__Paenibacillaceae","f__Paenibacillaceae","g__Paenibacillus","g__Gordoniibacillus","g__Gordoniibacillus","","s__Paenibacillus_qinlingensis","Above prediction",TRUE,0.0065942,0.65942,-2.180837885,1,"seedling",0.577,0.001,"***",TRUE,"Above","Seedling"
"25","cbff13c5e0e10e53429fa6560040ba15",0.000148783,3.41e-06,-9065.798164,0.710011746,-52.05570549,0.066409564,0.898269126,-18127.59633,-18112.3225,2e+06,30,15320,5e-07,0.00316775,1,0.999748294,0.886040831,0.999999507,"d__Bacteria","d__Bacteria","d__Bacteria","k__Pseudomonadati","k__Pseudomonadati","p__Proteobacteria","Pseudomonadota","Pseudomonadota","c__Gammaproteobacteria","c__Gammaproteobacteria","c__Gammaproteobacteria","o__Burkholderiales","o__Burkholderiales","o__Burkholderiales","f__Comamonadaceae","f__Comamonadaceae","f__Comamonadaceae","","","g__Variovorax","","","Above prediction",TRUE,0.00316775,0.316775,-2.4992491,1,"seedling",0.584,0.001,"***",TRUE,"Above","Seedling"
"26","e2db0e5adf4ec5fa415a1d890f667ab1",0.000148783,3.41e-06,-9065.798164,0.710011746,-52.05570549,0.066409564,0.898269126,-18127.59633,-18112.3225,2e+06,30,15320,5e-07,0.00496205,1,0.999998304,0.8864836,1,"d__Bacteria","d__Bacteria","d__Bacteria","k__Pseudomonadati","k__Pseudomonadati","p__Proteobacteria","Pseudomonadota","Pseudomonadota","c__Gammaproteobacteria","c__Gammaproteobacteria","c__Gammaproteobacteria","o__Burkholderiales","o__Burkholderiales","o__Burkholderiales","f__Burkholderiaceae","f__Oxalobacteraceae","f__Oxalobacteraceae","g__Cupriavidus","g__Cupriavidus","g__Cupriavidus","","","Above prediction",TRUE,0.00496205,0.496205,-2.304338864,1,"seedling",0.674,0.001,"***",TRUE,"Above","Seedling"
"27","e843797d795481112bb6f500ebb0f694",0.000148783,3.41e-06,-9065.798164,0.710011746,-52.05570549,0.066409564,0.898269126,-18127.59633,-18112.3225,2e+06,30,15320,5e-07,3.64e-05,0.3,0.085523185,0.02725641,0.2378873,"d__Bacteria","d__Bacteria","d__Bacteria","k__Pseudomonadati","k__Pseudomonadati","p__Proteobacteria","Pseudomonadota","Pseudomonadota","c__Alphaproteobacteria","c__Alphaproteobacteria","c__Alphaproteobacteria","o__Rhizobiales","o__Hyphomicrobiales--other","o__Hyphomicrobiales--other","f__Devosiaceae","f__Devosiaceae","f__Devosiaceae","g__Devosia","","","","","Above prediction",TRUE,3.64e-05,0.00364,-4.438501093,0.3,"seedling",0.373,0.05,"*",TRUE,"Above","Seedling"
"28","ea1147f3c65c1b55820559bebf01bb32",0.000148783,3.41e-06,-9065.798164,0.710011746,-52.05570549,0.066409564,0.898269126,-18127.59633,-18112.3225,2e+06,30,15320,5e-07,0.000185783,0.733333333,0.367359206,0.219296309,0.545535116,"d__Bacteria","d__Bacteria","d__Bacteria","k__Pseudomonadati","k__Pseudomonadati","p__Proteobacteria","Pseudomonadota","Pseudomonadota","c__Gammaproteobacteria","c__Gammaproteobacteria","c__Gammaproteobacteria","o__Pseudomonadales","o__Pseudomonadales","o__Pseudomonadales","f__Pseudomonadaceae","f__Pseudomonadaceae","f__Pseudomonadaceae","g__Pseudomonas","","g__Pseudomonas","","","Above prediction",TRUE,0.000185783,0.0185783,-3.730993249,0.733333333,"seedling",0.488,0.044,"*",TRUE,"Above","Seedling"
"29","f6c528c217081be9871de0fc58b89408",0.000148783,3.41e-06,-9065.798164,0.710011746,-52.05570549,0.066409564,0.898269126,-18127.59633,-18112.3225,2e+06,30,15320,5e-07,0.00425785,1,0.999987696,0.886464794,0.999999999,"d__Bacteria","d__Bacteria","d__Bacteria","k__Pseudomonadati","k__Pseudomonadati","p__Proteobacteria","Pseudomonadota","Pseudomonadota","c__Gammaproteobacteria","c__Gammaproteobacteria","c__Gammaproteobacteria","o__Burkholderiales","o__Burkholderiales","o__Burkholderiales","f__Comamonadaceae","f__Comamonadaceae","f__Comamonadaceae","g__Variovorax","","","","","Above prediction",TRUE,0.00425785,0.425785,-2.370809642,1,"seedling",0.701,0.001,"***",TRUE,"Above","Seedling"
"30","fc7b257064027e1bc2b6fbfb4584677d",0.000148783,3.41e-06,-9065.798164,0.710011746,-52.05570549,0.066409564,0.898269126,-18127.59633,-18112.3225,2e+06,30,15320,5e-07,0.002855067,1,0.999409141,0.885441732,0.999997298,"d__Bacteria","d__Bacteria","d__Bacteria","k__Pseudomonadati","k__Pseudomonadati","p__Proteobacteria","Pseudomonadota","Pseudomonadota","c__Gammaproteobacteria","c__Gammaproteobacteria","c__Gammaproteobacteria","o__Burkholderiales","o__Burkholderiales","o__Burkholderiales","f__Comamonadaceae","f__Comamonadaceae","f__Comamonadaceae","","","g__Piscinibacter","","s__uncultured_bacterium","Above prediction",TRUE,0.002855067,0.2855067,-2.544383746,1,"seedling",0.526,0.004,"**",TRUE,"Above","Seedling"
"31","0cb4f48403e146a315bb918efd0e13bf",0.000204404,4.25e-06,-7779.134284,0.753947962,-42.49479358,0.068200242,0.906757321,-15554.26857,-15539.12277,2e+06,24,14370,5e-07,3.62e-05,0.333333333,0.110656758,0.03606341,0.292690312,"d__Bacteria","d__Bacteria","d__Bacteria","k__Pseudomonadati--other","k__Pseudomonadati--other","p__Bacteroidota","Bacteroidota","Bacteroidota","c__Bacteroidia","c__Chitinophagia","c__Chitinophagia","o__Chitinophagales","o__Chitinophagales","o__Chitinophagales","f__Chitinophagaceae","f__Chitinophagaceae","f__Chitinophagaceae","g__Lacibacter","g__Lacibacter","g__Lacibacter","s__uncultured_bacterium","","Above prediction",TRUE,3.62e-05,0.00362,-4.441691517,0.333333333,NA,0.273404854,NA,NA,FALSE,"Above","Early Vegetative"
"32","1a5387ac492498e4916d1b8b1ba28c51",0.000204404,4.25e-06,-7779.134284,0.753947962,-42.49479358,0.068200242,0.906757321,-15554.26857,-15539.12277,2e+06,24,14370,5e-07,4.79e-07,0.041666667,0.00155018,1.47e-05,0.140634059,"d__Bacteria","d__Bacteria","d__Bacteria","k__Pseudomonadati","k__Pseudomonadati","p__Proteobacteria","Pseudomonadota","Pseudomonadota","c__Alphaproteobacteria","c__Alphaproteobacteria","c__Alphaproteobacteria","o__Sphingomonadales","o__Sphingomonadales","o__Sphingomonadales","f__Sphingomonadaceae","f__Parasphingopyxidaceae","f__Parasphingopyxidaceae","g__Novosphingobium","","g__Novosphingobium","","","As predicted",FALSE,4.79e-07,4.79e-05,-6.319513401,0.041666667,NA,0.0156822,NA,NA,FALSE,"Neutral","Early Vegetative"
"33","25ea460893aae0263a5fd4f1e280c8ec",0.000204404,4.25e-06,-7779.134284,0.753947962,-42.49479358,0.068200242,0.906757321,-15554.26857,-15539.12277,2e+06,24,14370,5e-07,2e-05,0.208333333,0.062624894,0.014614405,0.231330099,"d__Bacteria","d__Bacteria","d__Bacteria","k__Bacillati","k__Bacillati","p__Firmicutes","Bacillota","Bacillota","c__Bacilli","c__Bacilli","c__Bacilli","o__Paenibacillales","o__Paenibacillales","o__Bacillales--other","f__Paenibacillaceae","f__Paenibacillaceae","f__Bacillaceae--other","g__Paenibacillus","","g__Neobacillus","","s__Paenibacillus_sp.","As predicted",FALSE,2e-05,0.002,-4.699875728,0.208333333,NA,0.124397768,NA,NA,FALSE,"Neutral","Early Vegetative"
"34","29159fffca8d2829530f43e2198926dc",0.000204404,4.25e-06,-7779.134284,0.753947962,-42.49479358,0.068200242,0.906757321,-15554.26857,-15539.12277,2e+06,24,14370,5e-07,1.66e-05,0.166666667,0.052502136,0.010921239,0.217571147,"d__Bacteria","d__Bacteria","d__Bacteria","k__Pseudomonadati","k__Pseudomonadati","p__Proteobacteria","Pseudomonadota","Pseudomonadota","c__Alphaproteobacteria","c__Alphaproteobacteria","c__Alphaproteobacteria","o__Rhizobiales","o__Hyphomicrobiales--other","o__Hyphomicrobiales--other","f__Devosiaceae","f__Devosiaceae","f__Devosiaceae","","","","","","As predicted",FALSE,1.66e-05,0.00166,-4.778694458,0.166666667,NA,0.13831755,NA,NA,FALSE,"Neutral","Early Vegetative"
"35","2a64f7117c72e249a9c2e5850fd6eb3e",0.000204404,4.25e-06,-7779.134284,0.753947962,-42.49479358,0.068200242,0.906757321,-15554.26857,-15539.12277,2e+06,24,14370,5e-07,0.002901042,0.958333333,0.999961619,0.861957633,0.999999991,"d__Bacteria","d__Bacteria","d__Bacteria","k__Pseudomonadati","k__Pseudomonadati","p__Proteobacteria","Pseudomonadota","Pseudomonadota","c__Alphaproteobacteria","c__Alphaproteobacteria","c__Alphaproteobacteria","o__Sphingomonadales","o__Sphingomonadales","o__Sphingomonadales","f__Sphingomonadaceae","f__Parasphingopyxidaceae","f__Parasphingopyxidaceae","g__Novosphingobium","","g__Novosphingobium","","","As predicted",FALSE,0.002901042,0.2901042,-2.537446034,0.958333333,NA,0.378175428,NA,NA,FALSE,"Neutral","Early Vegetative"
"36","2bce2c03a49a801da9460b2b3b98bc70",0.000204404,4.25e-06,-7779.134284,0.753947962,-42.49479358,0.068200242,0.906757321,-15554.26857,-15539.12277,2e+06,24,14370,5e-07,8.24e-05,0.416666667,0.234798748,0.109745895,0.433034526,"d__Bacteria","d__Bacteria","d__Bacteria","k__Pseudomonadati","k__Pseudomonadati","p__Proteobacteria","Pseudomonadota","Pseudomonadota","c__Alphaproteobacteria","c__Alphaproteobacteria","c__Alphaproteobacteria","o__Reyranellales","o__Azospirillales","o__Azospirillales","f__Reyranellaceae","f__Reyranellaceae","f__Reyranellaceae","g__Reyranella","g__Reyranella--other","g__Reyranella--other","s__uncultured_Alphaproteobacteria","","As predicted",FALSE,8.24e-05,0.00824,-4.084204572,0.416666667,NA,0.268949974,NA,NA,FALSE,"Neutral","Early Vegetative"
"37","477492fad1668aaebf7e35880898fd9c",0.000204404,4.25e-06,-7779.134284,0.753947962,-42.49479358,0.068200242,0.906757321,-15554.26857,-15539.12277,2e+06,24,14370,5e-07,0.000119521,0.541666667,0.322185543,0.171410131,0.522029283,"d__Bacteria","d__Bacteria","d__Bacteria","k__Pseudomonadati","k__Pseudomonadati","p__Proteobacteria","Pseudomonadota","Pseudomonadota","c__Gammaproteobacteria","c__Gammaproteobacteria","c__Gammaproteobacteria","o__Pseudomonadales","o__Pseudomonadales","o__Pseudomonadales","f__Pseudomonadaceae","f__Pseudomonadaceae","f__Pseudomonadaceae","g__Pseudomonas","","g__Pseudomonas","","","Above prediction",TRUE,0.000119521,0.0119521,-3.922556387,0.541666667,NA,0.322750366,NA,NA,FALSE,"Above","Early Vegetative"
"38","4869379a1d315c0d2c7b37f461d8dd21",0.000204404,4.25e-06,-7779.134284,0.753947962,-42.49479358,0.068200242,0.906757321,-15554.26857,-15539.12277,2e+06,24,14370,5e-07,5.81e-05,0.416666667,0.171807578,0.069838414,0.364342231,"d__Bacteria","d__Bacteria","d__Bacteria","k__Pseudomonadati--other","k__Pseudomonadati--other","p__Verrucomicrobiota","Verrucomicrobiota","Verrucomicrobiota","c__Verrucomicrobiae","c__Opitutia","c__Opitutia","o__Opitutales","o__Opitutales","o__Opitutales","f__Opitutaceae","f__Opitutaceae","f__Opitutaceae","g__uncultured","g__Rariglobus","g__Cephaloticoccus","s__metagenome","s__Rariglobus_sp.","Above prediction",TRUE,5.81e-05,0.00581,-4.235948468,0.416666667,NA,0.312107788,NA,NA,FALSE,"Above","Early Vegetative"
"39","6e4e1d3b5e5ec64ab6b23fbb2fb84b8a",0.000204404,4.25e-06,-7779.134284,0.753947962,-42.49479358,0.068200242,0.906757321,-15554.26857,-15539.12277,2e+06,24,14370,5e-07,1.13e-05,0.166666667,0.035784446,0.005690513,0.19397978,"d__Bacteria","d__Bacteria","d__Bacteria","k__Pseudomonadati","k__Pseudomonadati","p__Proteobacteria","Pseudomonadota","Pseudomonadota","c__Gammaproteobacteria","c__Gammaproteobacteria","c__Gammaproteobacteria","o__Burkholderiales","o__Burkholderiales","o__Burkholderiales","f__Comamonadaceae","f__Comamonadaceae","f__Comamonadaceae","","","","","","As predicted",FALSE,1.13e-05,0.00113,-4.948847478,0.166666667,NA,0.143068688,NA,NA,FALSE,"Neutral","Early Vegetative"
"40","71c3e847cedfc3f351199ee0ab079096",0.000204404,4.25e-06,-7779.134284,0.753947962,-42.49479358,0.068200242,0.906757321,-15554.26857,-15539.12277,2e+06,24,14370,5e-07,6.15e-06,0.25,0.0197062,0.001969355,0.169981277,"d__Bacteria","d__Bacteria","d__Bacteria","k__Pseudomonadati","k__Pseudomonadati","p__Proteobacteria","Pseudomonadota","Pseudomonadota","c__Gammaproteobacteria","c__Gammaproteobacteria","c__Gammaproteobacteria","o__Burkholderiales","o__Burkholderiales","o__Burkholderiales","f__Oxalobacteraceae","f__Oxalobacteraceae","f__Oxalobacteraceae","","","g__Duganella","","s__Massilia_sp.","Above prediction",TRUE,6.15e-06,0.000615,-5.211419221,0.25,NA,0.182343188,NA,NA,FALSE,"Above","Early Vegetative"
"41","7f300dd37db558444736f6b15ee90958",0.000204404,4.25e-06,-7779.134284,0.753947962,-42.49479358,0.068200242,0.906757321,-15554.26857,-15539.12277,2e+06,24,14370,5e-07,0.003420875,1,0.999994445,0.862014218,1,"d__Bacteria","d__Bacteria","d__Bacteria","k__Bacillati","k__Bacillati","p__Firmicutes","Bacillota","Bacillota","c__Bacilli","c__Bacilli","c__Bacilli","o__Paenibacillales","o__Paenibacillales","o__Paenibacillales","f__Paenibacillaceae","f__Paenibacillaceae","f__Paenibacillaceae","g__Paenibacillus","","g__Paenibacillus--other","","","Above prediction",TRUE,0.003420875,0.3420875,-2.465862795,1,NA,0.473283317,NA,NA,FALSE,"Above","Early Vegetative"
"42","821eed576f621b5d223948afd8ffca39",0.000204404,4.25e-06,-7779.134284,0.753947962,-42.49479358,0.068200242,0.906757321,-15554.26857,-15539.12277,2e+06,24,14370,5e-07,0.000872458,0.833333333,0.945780099,0.780068683,0.988477423,"d__Bacteria","d__Bacteria","d__Bacteria","k__Pseudomonadati","k__Pseudomonadati","p__Proteobacteria","Pseudomonadota","Pseudomonadota","c__Gammaproteobacteria","c__Gammaproteobacteria","c__Gammaproteobacteria","o__Burkholderiales","o__Methylophilales","o__Methylophilales","f__Methylophilaceae","f__Methylophilaceae","f__Methylophilaceae","g__MM2","g__MM2","g__MM2","s__uncultured_bacterium","s__uncultured_bacterium","As predicted",FALSE,0.000872458,0.0872458,-3.059255305,0.833333333,NA,0.402856869,NA,NA,FALSE,"Neutral","Early Vegetative"
"43","95d08381352f71ef3bc48445f8ccab02",0.000204404,4.25e-06,-7779.134284,0.753947962,-42.49479358,0.068200242,0.906757321,-15554.26857,-15539.12277,2e+06,24,14370,5e-07,0.004041729,1,0.999999464,0.862022872,1,"d__Bacteria","d__Bacteria","d__Bacteria","k__Pseudomonadati","k__Pseudomonadati","p__Proteobacteria","Pseudomonadota","Pseudomonadota","c__Alphaproteobacteria","c__Alphaproteobacteria","c__Alphaproteobacteria","o__Sphingomonadales","o__Sphingomonadales","o__Sphingomonadales","f__Sphingomonadaceae","f__Parasphingopyxidaceae","f__Parasphingopyxidaceae","g__Novosphingobium","","g__Novosphingobium","","s__metagenome","Above prediction",TRUE,0.004041729,0.4041729,-2.393432792,1,NA,0.493679226,NA,NA,FALSE,"Above","Early Vegetative"
"44","984919ce3c93ca2b6d54479b1c165fbb",0.000204404,4.25e-06,-7779.134284,0.753947962,-42.49479358,0.068200242,0.906757321,-15554.26857,-15539.12277,2e+06,24,14370,5e-07,5.5e-05,0.208333333,0.163515859,0.064933644,0.354951684,"d__Bacteria","d__Bacteria","d__Bacteria","k__Bacillati","k__Bacillati","p__Actinobacteriota","Actinomycetota","Actinomycetota","c__Actinobacteria","c__Actinomycetes","c__Actinomycetes","o__Micrococcales","o__Cellulomonadales","o__Cellulomonadales","f__Microbacteriaceae","f__Microbacteriaceae","f__Microbacteriaceae","g__Agromyces","g__Agromyces","g__Agromyces","","","As predicted",FALSE,5.5e-05,0.0055,-4.259472836,0.208333333,NA,0.129894302,NA,NA,FALSE,"Neutral","Early Vegetative"
"45","9b4be26e7bb3a23d25e080a3bba619f6",0.000204404,4.25e-06,-7779.134284,0.753947962,-42.49479358,0.068200242,0.906757321,-15554.26857,-15539.12277,2e+06,24,14370,5e-07,0.000104063,0.958333333,0.287070934,0.145858427,0.487041729,"d__Bacteria","d__Bacteria","d__Bacteria","k__Bacillati","k__Bacillati","p__Actinobacteriota","Actinomycetota","Actinomycetota","c__Actinobacteria","c__Actinomycetes","c__Actinomycetes","o__Micrococcales","o__Micrococcales","o__Micrococcales","f__Micrococcaceae","f__Micrococcaceae","f__Micrococcaceae","g__Arthrobacter","","g__Paenarthrobacter","","s__Arthrobacter_sp.","Above prediction",TRUE,0.000104063,0.0104063,-3.982705745,0.958333333,NA,0.309728822,NA,NA,FALSE,"Above","Early Vegetative"
"46","a0977048d3b1b28329633e842908ace3",0.000204404,4.25e-06,-7779.134284,0.753947962,-42.49479358,0.068200242,0.906757321,-15554.26857,-15539.12277,2e+06,24,14370,5e-07,0.000151458,0.416666667,0.389469868,0.222948597,0.586492195,"d__Bacteria","d__Bacteria","d__Bacteria","k__Bacillati","k__Bacillati","p__Actinobacteriota","Actinomycetota","Actinomycetota","c__Actinobacteria","c__Actinomycetes","c__Actinomycetes","o__Propionibacteriales","o__Propionibacteriales","o__Propionibacteriales","f__Nocardioidaceae","f__Nocardioidaceae","f__Nocardioidaceae","","","g__Aeromicrobium","","","As predicted",FALSE,0.000151458,0.0151458,-3.819706827,0.416666667,NA,0.328072846,NA,NA,FALSE,"Neutral","Early Vegetative"
"47","a0b1f105f827e856c5fdb5f98eaecc09",0.000204404,4.25e-06,-7779.134284,0.753947962,-42.49479358,0.068200242,0.906757321,-15554.26857,-15539.12277,2e+06,24,14370,5e-07,0.003915375,1,0.999999136,0.862022305,1,"d__Bacteria","d__Bacteria","d__Bacteria","k__Pseudomonadati","k__Pseudomonadati","p__Proteobacteria","Pseudomonadota","Pseudomonadota","c__Gammaproteobacteria","c__Gammaproteobacteria","c__Gammaproteobacteria","o__Burkholderiales","o__Burkholderiales","o__Burkholderiales","f__Comamonadaceae","f__Comamonadaceae","f__Comamonadaceae","g__Variovorax","g__Variovorax","g__Variovorax","","s__Variovorax_paradoxus","Above prediction",TRUE,0.003915375,0.3915375,-2.407226637,1,NA,0.516096573,NA,NA,FALSE,"Above","Early Vegetative"
"48","ac30f9ae73331c56bbe8d77eca86a3d0",0.000204404,4.25e-06,-7779.134284,0.753947962,-42.49479358,0.068200242,0.906757321,-15554.26857,-15539.12277,2e+06,24,14370,5e-07,2.73e-06,0.041666667,0.00879805,0.00043695,0.152707511,"d__Bacteria","d__Bacteria","d__Bacteria","k__Pseudomonadati","k__Pseudomonadati","p__Bdellovibrionota","Bdellovibrionota","Bdellovibrionota","c__Bdellovibrionia","c__Bdellovibrionia","c__Bdellovibrionia","o__Bdellovibrionales","o__Bdellovibrionales","o__Bdellovibrionales","f__Bdellovibrionaceae","f__Pseudobdellovibrionaceae","f__Pseudobdellovibrionaceae","g__Bdellovibrio","g__Bdellovibrio","g__Bdellovibrio","s__uncultured_Bdellovibrionales","","As predicted",FALSE,2.73e-06,0.000273,-5.563969942,0.041666667,NA,0.080019283,NA,NA,FALSE,"Neutral","Early Vegetative"
"49","b5403e3d3e7f5a219e1fbe3cceee2261",0.000204404,4.25e-06,-7779.134284,0.753947962,-42.49479358,0.068200242,0.906757321,-15554.26857,-15539.12277,2e+06,24,14370,5e-07,0.001315208,0.916666667,0.988321845,0.842637178,0.999252923,"d__Bacteria","d__Bacteria","d__Bacteria","k__Pseudomonadati","k__Pseudomonadati","p__Proteobacteria","Pseudomonadota","Pseudomonadota","c__Alphaproteobacteria","c__Alphaproteobacteria","c__Alphaproteobacteria","o__Rhizobiales","o__Hyphomicrobiales--other","o__Hyphomicrobiales--other","f__Beijerinckiaceae","f__Methylobacteriaceae","f__Methylobacteriaceae","g__Microvirga","g__Microvirga","g__Microvirga","","s__Microvirga_sp.","As predicted",FALSE,0.001315208,0.1315208,-2.881005448,0.916666667,NA,0.384024585,NA,NA,FALSE,"Neutral","Early Vegetative"
"50","b8da0fd4499de258a33a89564f161140",0.000204404,4.25e-06,-7779.134284,0.753947962,-42.49479358,0.068200242,0.906757321,-15554.26857,-15539.12277,2e+06,24,14370,5e-07,0.000154333,0.625,0.395196402,0.22748202,0.59183159,"d__Bacteria","d__Bacteria","d__Bacteria","k__Pseudomonadati--other","k__Pseudomonadati--other","p__Dependentiae","Candidatus_Babelota","Candidatus_Babelota","c__Babeliae","c__Candidatus_Babeliae","c__Candidatus_Babeliae","o__Babeliales","o__Candidatus_Babelales","o__Candidatus_Babelales","f__Vermiphilaceae","f__Candidatus_Babelaceae","f__Candidatus_Babelaceae","g__Vermiphilaceae","g__Incertae_Sedis","g__Incertae_Sedis","s__uncultured_bacterium","s__uncultured_bacterium","Above prediction",TRUE,0.000154333,0.0154333,-3.811540264,0.625,NA,0.438213146,NA,NA,FALSE,"Above","Early Vegetative"
"51","c130baecd35f08a8f79bdfbdc0abb6c0",0.000204404,4.25e-06,-7779.134284,0.753947962,-42.49479358,0.068200242,0.906757321,-15554.26857,-15539.12277,2e+06,24,14370,5e-07,0.002126875,0.958333333,0.999350408,0.860906484,0.999997385,"d__Bacteria","d__Bacteria","d__Bacteria","k__Pseudomonadati","k__Pseudomonadati","p__Proteobacteria","Pseudomonadota","Pseudomonadota","c__Alphaproteobacteria","c__Alphaproteobacteria","c__Alphaproteobacteria","o__Rhizobiales","o__Hyphomicrobiales--other","o__Hyphomicrobiales--other","f__Rhizobiaceae","f__Rhizobiaceae","f__Rhizobiaceae","g__Allorhizobium-Neorhizobium-Pararhizobium-Rhizobium","","g__Onobrychidicola","","s__metagenome","As predicted",FALSE,0.002126875,0.2126875,-2.672258034,0.958333333,NA,0.424204366,NA,NA,FALSE,"Neutral","Early Vegetative"
"52","c37e7e03a26fbfce94680b5fe323d0d7",0.000204404,4.25e-06,-7779.134284,0.753947962,-42.49479358,0.068200242,0.906757321,-15554.26857,-15539.12277,2e+06,24,14370,5e-07,0.005105833,1,0.999999991,0.86202378,1,"d__Bacteria","d__Bacteria","d__Bacteria","k__Bacillati","k__Bacillati","p__Firmicutes","Bacillota","Bacillota","c__Bacilli","c__Bacilli","c__Bacilli","o__Paenibacillales","o__Paenibacillales","o__Paenibacillales","f__Paenibacillaceae","f__Paenibacillaceae","f__Paenibacillaceae","g__Paenibacillus","g__Gordoniibacillus","g__Gordoniibacillus","","s__Paenibacillus_qinlingensis","Above prediction",TRUE,0.005105833,0.5105833,-2.291933366,1,NA,0.507910658,NA,NA,FALSE,"Above","Early Vegetative"
"53","cbff13c5e0e10e53429fa6560040ba15",0.000204404,4.25e-06,-7779.134284,0.753947962,-42.49479358,0.068200242,0.906757321,-15554.26857,-15539.12277,2e+06,24,14370,5e-07,0.002363563,0.916666667,0.999724563,0.861549401,0.999999528,"d__Bacteria","d__Bacteria","d__Bacteria","k__Pseudomonadati","k__Pseudomonadati","p__Proteobacteria","Pseudomonadota","Pseudomonadota","c__Gammaproteobacteria","c__Gammaproteobacteria","c__Gammaproteobacteria","o__Burkholderiales","o__Burkholderiales","o__Burkholderiales","f__Comamonadaceae","f__Comamonadaceae","f__Comamonadaceae","","","g__Variovorax","","","As predicted",FALSE,0.002363563,0.2363563,-2.626432909,0.916666667,NA,0.482817668,NA,NA,FALSE,"Neutral","Early Vegetative"
"54","e2db0e5adf4ec5fa415a1d890f667ab1",0.000204404,4.25e-06,-7779.134284,0.753947962,-42.49479358,0.068200242,0.906757321,-15554.26857,-15539.12277,2e+06,24,14370,5e-07,0.002413958,0.958333333,0.999770738,0.861628865,0.999999673,"d__Bacteria","d__Bacteria","d__Bacteria","k__Pseudomonadati","k__Pseudomonadati","p__Proteobacteria","Pseudomonadota","Pseudomonadota","c__Gammaproteobacteria","c__Gammaproteobacteria","c__Gammaproteobacteria","o__Burkholderiales","o__Burkholderiales","o__Burkholderiales","f__Burkholderiaceae","f__Oxalobacteraceae","f__Oxalobacteraceae","g__Cupriavidus","g__Cupriavidus","g__Cupriavidus","","","As predicted",FALSE,0.002413958,0.2413958,-2.61727023,0.958333333,NA,0.459868551,NA,NA,FALSE,"Neutral","Early Vegetative"
"55","e843797d795481112bb6f500ebb0f694",0.000204404,4.25e-06,-7779.134284,0.753947962,-42.49479358,0.068200242,0.906757321,-15554.26857,-15539.12277,2e+06,24,14370,5e-07,1.46e-05,0.125,0.046209995,0.008814514,0.208829921,"d__Bacteria","d__Bacteria","d__Bacteria","k__Pseudomonadati","k__Pseudomonadati","p__Proteobacteria","Pseudomonadota","Pseudomonadota","c__Alphaproteobacteria","c__Alphaproteobacteria","c__Alphaproteobacteria","o__Rhizobiales","o__Hyphomicrobiales--other","o__Hyphomicrobiales--other","f__Devosiaceae","f__Devosiaceae","f__Devosiaceae","g__Devosia","","","","","As predicted",FALSE,1.46e-05,0.00146,-4.835523219,0.125,NA,0.152243984,NA,NA,FALSE,"Neutral","Early Vegetative"
"56","ea1147f3c65c1b55820559bebf01bb32",0.000204404,4.25e-06,-7779.134284,0.753947962,-42.49479358,0.068200242,0.906757321,-15554.26857,-15539.12277,2e+06,24,14370,5e-07,0.000134792,0.666666667,0.355214557,0.196303944,0.554079061,"d__Bacteria","d__Bacteria","d__Bacteria","k__Pseudomonadati","k__Pseudomonadati","p__Proteobacteria","Pseudomonadota","Pseudomonadota","c__Gammaproteobacteria","c__Gammaproteobacteria","c__Gammaproteobacteria","o__Pseudomonadales","o__Pseudomonadales","o__Pseudomonadales","f__Pseudomonadaceae","f__Pseudomonadaceae","f__Pseudomonadaceae","g__Pseudomonas","","g__Pseudomonas","","","Above prediction",TRUE,0.000134792,0.0134792,-3.870336957,0.666666667,NA,0.396348575,NA,NA,FALSE,"Above","Early Vegetative"
"57","f6c528c217081be9871de0fc58b89408",0.000204404,4.25e-06,-7779.134284,0.753947962,-42.49479358,0.068200242,0.906757321,-15554.26857,-15539.12277,2e+06,24,14370,5e-07,0.001425688,0.916666667,0.992076898,0.848721702,0.999642288,"d__Bacteria","d__Bacteria","d__Bacteria","k__Pseudomonadati","k__Pseudomonadati","p__Proteobacteria","Pseudomonadota","Pseudomonadota","c__Gammaproteobacteria","c__Gammaproteobacteria","c__Gammaproteobacteria","o__Burkholderiales","o__Burkholderiales","o__Burkholderiales","f__Comamonadaceae","f__Comamonadaceae","f__Comamonadaceae","g__Variovorax","","","","","As predicted",FALSE,0.001425688,0.1425688,-2.845975658,0.916666667,NA,0.388567945,NA,NA,FALSE,"Neutral","Early Vegetative"
"58","fc7b257064027e1bc2b6fbfb4584677d",0.000204404,4.25e-06,-7779.134284,0.753947962,-42.49479358,0.068200242,0.906757321,-15554.26857,-15539.12277,2e+06,24,14370,5e-07,0.002148708,0.958333333,0.999399676,0.860991044,0.999997765,"d__Bacteria","d__Bacteria","d__Bacteria","k__Pseudomonadati","k__Pseudomonadati","p__Proteobacteria","Pseudomonadota","Pseudomonadota","c__Gammaproteobacteria","c__Gammaproteobacteria","c__Gammaproteobacteria","o__Burkholderiales","o__Burkholderiales","o__Burkholderiales","f__Comamonadaceae","f__Comamonadaceae","f__Comamonadaceae","","","g__Piscinibacter","","s__uncultured_bacterium","As predicted",FALSE,0.002148708,0.2148708,-2.667822532,0.958333333,NA,0.446542139,NA,NA,FALSE,"Neutral","Early Vegetative"
"59","0cb4f48403e146a315bb918efd0e13bf",0.000202526,3.54e-06,-12041.92634,0.763673117,-52.9312371,0.060060631,0.90730545,-24079.85267,-24064.10796,2e+06,26,19387,5e-07,3.18e-05,0.192307692,0.097064025,0.030727854,0.267139223,"d__Bacteria","d__Bacteria","d__Bacteria","k__Pseudomonadati--other","k__Pseudomonadati--other","p__Bacteroidota","Bacteroidota","Bacteroidota","c__Bacteroidia","c__Chitinophagia","c__Chitinophagia","o__Chitinophagales","o__Chitinophagales","o__Chitinophagales","f__Chitinophagaceae","f__Chitinophagaceae","f__Chitinophagaceae","g__Lacibacter","g__Lacibacter","g__Lacibacter","s__uncultured_bacterium","","As predicted",FALSE,3.18e-05,0.00318,-4.49825627,0.192307692,NA,0.1945731,NA,NA,FALSE,"Neutral","Late Vegetative"
"60","1a5387ac492498e4916d1b8b1ba28c51",0.000202526,3.54e-06,-12041.92634,0.763673117,-52.9312371,0.060060631,0.90730545,-24079.85267,-24064.10796,2e+06,26,19387,5e-07,2.77e-06,0.076923077,0.008855254,0.000475496,0.14368408,"d__Bacteria","d__Bacteria","d__Bacteria","k__Pseudomonadati","k__Pseudomonadati","p__Proteobacteria","Pseudomonadota","Pseudomonadota","c__Alphaproteobacteria","c__Alphaproteobacteria","c__Alphaproteobacteria","o__Sphingomonadales","o__Sphingomonadales","o__Sphingomonadales","f__Sphingomonadaceae","f__Parasphingopyxidaceae","f__Parasphingopyxidaceae","g__Novosphingobium","","g__Novosphingobium","","","As predicted",FALSE,2.77e-06,0.000277,-5.557640852,0.076923077,NA,0.051224439,NA,NA,FALSE,"Neutral","Late Vegetative"
"61","25ea460893aae0263a5fd4f1e280c8ec",0.000202526,3.54e-06,-12041.92634,0.763673117,-52.9312371,0.060060631,0.90730545,-24079.85267,-24064.10796,2e+06,26,19387,5e-07,4.54e-05,0.423076923,0.135924411,0.051202717,0.314380222,"d__Bacteria","d__Bacteria","d__Bacteria","k__Bacillati","k__Bacillati","p__Firmicutes","Bacillota","Bacillota","c__Bacilli","c__Bacilli","c__Bacilli","o__Paenibacillales","o__Paenibacillales","o__Bacillales--other","f__Paenibacillaceae","f__Paenibacillaceae","f__Bacillaceae--other","g__Paenibacillus","","g__Neobacillus","","s__Paenibacillus_sp.","Above prediction",TRUE,4.54e-05,0.00454,-4.342907357,0.423076923,NA,0.267378856,NA,NA,FALSE,"Above","Late Vegetative"
"62","29159fffca8d2829530f43e2198926dc",0.000202526,3.54e-06,-12041.92634,0.763673117,-52.9312371,0.060060631,0.90730545,-24079.85267,-24064.10796,2e+06,26,19387,5e-07,1.35e-05,0.192307692,0.042572053,0.008105852,0.194806666,"d__Bacteria","d__Bacteria","d__Bacteria","k__Pseudomonadati","k__Pseudomonadati","p__Proteobacteria","Pseudomonadota","Pseudomonadota","c__Alphaproteobacteria","c__Alphaproteobacteria","c__Alphaproteobacteria","o__Rhizobiales","o__Hyphomicrobiales--other","o__Hyphomicrobiales--other","f__Devosiaceae","f__Devosiaceae","f__Devosiaceae","","","","","","As predicted",FALSE,1.35e-05,0.00135,-4.868430684,0.192307692,NA,0.133993314,NA,NA,FALSE,"Neutral","Late Vegetative"
"63","2a64f7117c72e249a9c2e5850fd6eb3e",0.000202526,3.54e-06,-12041.92634,0.763673117,-52.9312371,0.060060631,0.90730545,-24079.85267,-24064.10796,2e+06,26,19387,5e-07,0.002686077,0.961538462,0.999908174,0.871111125,0.999999943,"d__Bacteria","d__Bacteria","d__Bacteria","k__Pseudomonadati","k__Pseudomonadati","p__Proteobacteria","Pseudomonadota","Pseudomonadota","c__Alphaproteobacteria","c__Alphaproteobacteria","c__Alphaproteobacteria","o__Sphingomonadales","o__Sphingomonadales","o__Sphingomonadales","f__Sphingomonadaceae","f__Parasphingopyxidaceae","f__Parasphingopyxidaceae","g__Novosphingobium","","g__Novosphingobium","","","As predicted",FALSE,0.002686077,0.2686077,-2.570881554,0.961538462,NA,0.364502558,NA,NA,FALSE,"Neutral","Late Vegetative"
"64","2bce2c03a49a801da9460b2b3b98bc70",0.000202526,3.54e-06,-12041.92634,0.763673117,-52.9312371,0.060060631,0.90730545,-24079.85267,-24064.10796,2e+06,26,19387,5e-07,6.23e-05,0.269230769,0.181730436,0.078405578,0.36699629,"d__Bacteria","d__Bacteria","d__Bacteria","k__Pseudomonadati","k__Pseudomonadati","p__Proteobacteria","Pseudomonadota","Pseudomonadota","c__Alphaproteobacteria","c__Alphaproteobacteria","c__Alphaproteobacteria","o__Reyranellales","o__Azospirillales","o__Azospirillales","f__Reyranellaceae","f__Reyranellaceae","f__Reyranellaceae","g__Reyranella","g__Reyranella--other","g__Reyranella--other","s__uncultured_Alphaproteobacteria","","As predicted",FALSE,6.23e-05,0.00623,-4.205592396,0.269230769,NA,0.187994681,NA,NA,FALSE,"Neutral","Late Vegetative"
"65","477492fad1668aaebf7e35880898fd9c",0.000202526,3.54e-06,-12041.92634,0.763673117,-52.9312371,0.060060631,0.90730545,-24079.85267,-24064.10796,2e+06,26,19387,5e-07,8.63e-05,0.346153846,0.242694725,0.118474699,0.433160012,"d__Bacteria","d__Bacteria","d__Bacteria","k__Pseudomonadati","k__Pseudomonadati","p__Proteobacteria","Pseudomonadota","Pseudomonadota","c__Gammaproteobacteria","c__Gammaproteobacteria","c__Gammaproteobacteria","o__Pseudomonadales","o__Pseudomonadales","o__Pseudomonadales","f__Pseudomonadaceae","f__Pseudomonadaceae","f__Pseudomonadaceae","g__Pseudomonas","","g__Pseudomonas","","","As predicted",FALSE,8.63e-05,0.00863,-4.064240896,0.346153846,NA,0.219176009,NA,NA,FALSE,"Neutral","Late Vegetative"
"66","4869379a1d315c0d2c7b37f461d8dd21",0.000202526,3.54e-06,-12041.92634,0.763673117,-52.9312371,0.060060631,0.90730545,-24079.85267,-24064.10796,2e+06,26,19387,5e-07,7.44e-06,0.076923077,0.023625622,0.002912338,0.166985227,"d__Bacteria","d__Bacteria","d__Bacteria","k__Pseudomonadati--other","k__Pseudomonadati--other","p__Verrucomicrobiota","Verrucomicrobiota","Verrucomicrobiota","c__Verrucomicrobiae","c__Opitutia","c__Opitutia","o__Opitutales","o__Opitutales","o__Opitutales","f__Opitutaceae","f__Opitutaceae","f__Opitutaceae","g__uncultured","g__Rariglobus","g__Cephaloticoccus","s__metagenome","s__Rariglobus_sp.","As predicted",FALSE,7.44e-06,0.000744,-5.128292379,0.076923077,NA,0.048002803,NA,NA,FALSE,"Neutral","Late Vegetative"
"67","62dcd3a453dd1ac7d92386b95811e04c",0.000202526,3.54e-06,-12041.92634,0.763673117,-52.9312371,0.060060631,0.90730545,-24079.85267,-24064.10796,2e+06,26,19387,5e-07,3.02e-05,0.038461538,0.092636251,0.028584626,0.261566869,"d__Bacteria","d__Bacteria","d__Bacteria","k__Pseudomonadati","k__Pseudomonadati","p__Proteobacteria","Pseudomonadota","Pseudomonadota","c__Gammaproteobacteria","c__Gammaproteobacteria","c__Gammaproteobacteria","o__Burkholderiales","o__Burkholderiales","o__Burkholderiales","f__Comamonadaceae","f__Comamonadaceae","f__Comamonadaceae","","","","","","As predicted",FALSE,3.02e-05,0.00302,-4.519550802,0.038461538,NA,0.084939438,NA,NA,FALSE,"Neutral","Late Vegetative"
"68","6e4e1d3b5e5ec64ab6b23fbb2fb84b8a",0.000202526,3.54e-06,-12041.92634,0.763673117,-52.9312371,0.060060631,0.90730545,-24079.85267,-24064.10796,2e+06,26,19387,5e-07,1.81e-05,0.346153846,0.056444249,0.012963796,0.214121609,"d__Bacteria","d__Bacteria","d__Bacteria","k__Pseudomonadati","k__Pseudomonadati","p__Proteobacteria","Pseudomonadota","Pseudomonadota","c__Gammaproteobacteria","c__Gammaproteobacteria","c__Gammaproteobacteria","o__Burkholderiales","o__Burkholderiales","o__Burkholderiales","f__Comamonadaceae","f__Comamonadaceae","f__Comamonadaceae","","","","","","Above prediction",TRUE,1.81e-05,0.00181,-4.74287549,0.346153846,NA,0.261361006,NA,NA,FALSE,"Above","Late Vegetative"
"69","71c3e847cedfc3f351199ee0ab079096",0.000202526,3.54e-06,-12041.92634,0.763673117,-52.9312371,0.060060631,0.90730545,-24079.85267,-24064.10796,2e+06,26,19387,5e-07,8.77e-06,0.192307692,0.027780451,0.003880988,0.173256542,"d__Bacteria","d__Bacteria","d__Bacteria","k__Pseudomonadati","k__Pseudomonadati","p__Proteobacteria","Pseudomonadota","Pseudomonadota","c__Gammaproteobacteria","c__Gammaproteobacteria","c__Gammaproteobacteria","o__Burkholderiales","o__Burkholderiales","o__Burkholderiales","f__Oxalobacteraceae","f__Oxalobacteraceae","f__Oxalobacteraceae","","","g__Duganella","","s__Massilia_sp.","Above prediction",TRUE,8.77e-06,0.000877,-5.057038501,0.192307692,NA,0.191032926,NA,NA,FALSE,"Above","Late Vegetative"
"70","7f300dd37db558444736f6b15ee90958",0.000202526,3.54e-06,-12041.92634,0.763673117,-52.9312371,0.060060631,0.90730545,-24079.85267,-24064.10796,2e+06,26,19387,5e-07,0.002794731,1,0.999938207,0.871163426,0.999999974,"d__Bacteria","d__Bacteria","d__Bacteria","k__Bacillati","k__Bacillati","p__Firmicutes","Bacillota","Bacillota","c__Bacilli","c__Bacilli","c__Bacilli","o__Paenibacillales","o__Paenibacillales","o__Paenibacillales","f__Paenibacillaceae","f__Paenibacillaceae","f__Paenibacillaceae","g__Paenibacillus","","g__Paenibacillus--other","","","Above prediction",TRUE,0.002794731,0.2794731,-2.553660024,1,NA,0.427782074,NA,NA,FALSE,"Above","Late Vegetative"
"71","821eed576f621b5d223948afd8ffca39",0.000202526,3.54e-06,-12041.92634,0.763673117,-52.9312371,0.060060631,0.90730545,-24079.85267,-24064.10796,2e+06,26,19387,5e-07,0.000413327,0.653846154,0.74045664,0.549199033,0.869806799,"d__Bacteria","d__Bacteria","d__Bacteria","k__Pseudomonadati","k__Pseudomonadati","p__Proteobacteria","Pseudomonadota","Pseudomonadota","c__Gammaproteobacteria","c__Gammaproteobacteria","c__Gammaproteobacteria","o__Burkholderiales","o__Methylophilales","o__Methylophilales","f__Methylophilaceae","f__Methylophilaceae","f__Methylophilaceae","g__MM2","g__MM2","g__MM2","s__uncultured_bacterium","s__uncultured_bacterium","As predicted",FALSE,0.000413327,0.0413327,-3.383706305,0.653846154,NA,0.245614319,NA,NA,FALSE,"Neutral","Late Vegetative"
"72","95d08381352f71ef3bc48445f8ccab02",0.000202526,3.54e-06,-12041.92634,0.763673117,-52.9312371,0.060060631,0.90730545,-24079.85267,-24064.10796,2e+06,26,19387,5e-07,0.002762154,1,0.999930406,0.871149841,0.999999967,"d__Bacteria","d__Bacteria","d__Bacteria","k__Pseudomonadati","k__Pseudomonadati","p__Proteobacteria","Pseudomonadota","Pseudomonadota","c__Alphaproteobacteria","c__Alphaproteobacteria","c__Alphaproteobacteria","o__Sphingomonadales","o__Sphingomonadales","o__Sphingomonadales","f__Sphingomonadaceae","f__Parasphingopyxidaceae","f__Parasphingopyxidaceae","g__Novosphingobium","","g__Novosphingobium","","s__metagenome","Above prediction",TRUE,0.002762154,0.2762154,-2.558752136,1,NA,0.408117465,NA,NA,FALSE,"Above","Late Vegetative"
"73","984919ce3c93ca2b6d54479b1c165fbb",0.000202526,3.54e-06,-12041.92634,0.763673117,-52.9312371,0.060060631,0.90730545,-24079.85267,-24064.10796,2e+06,26,19387,5e-07,7.71e-05,0.269230769,0.219946733,0.103073805,0.408921571,"d__Bacteria","d__Bacteria","d__Bacteria","k__Bacillati","k__Bacillati","p__Actinobacteriota","Actinomycetota","Actinomycetota","c__Actinobacteria","c__Actinomycetes","c__Actinomycetes","o__Micrococcales","o__Cellulomonadales","o__Cellulomonadales","f__Microbacteriaceae","f__Microbacteriaceae","f__Microbacteriaceae","g__Agromyces","g__Agromyces","g__Agromyces","","","As predicted",FALSE,7.71e-05,0.00771,-4.112967287,0.269230769,NA,0.174793726,NA,NA,FALSE,"Neutral","Late Vegetative"
"74","9b4be26e7bb3a23d25e080a3bba619f6",0.000202526,3.54e-06,-12041.92634,0.763673117,-52.9312371,0.060060631,0.90730545,-24079.85267,-24064.10796,2e+06,26,19387,5e-07,0.000148365,0.769230769,0.380833261,0.221274896,0.571072037,"d__Bacteria","d__Bacteria","d__Bacteria","k__Bacillati","k__Bacillati","p__Actinobacteriota","Actinomycetota","Actinomycetota","c__Actinobacteria","c__Actinomycetes","c__Actinomycetes","o__Micrococcales","o__Micrococcales","o__Micrococcales","f__Micrococcaceae","f__Micrococcaceae","f__Micrococcaceae","g__Arthrobacter","","g__Paenarthrobacter","","s__Arthrobacter_sp.","Above prediction",TRUE,0.000148365,0.0148365,-3.828667413,0.769230769,NA,0.331337669,NA,NA,FALSE,"Above","Late Vegetative"
"75","a0977048d3b1b28329633e842908ace3",0.000202526,3.54e-06,-12041.92634,0.763673117,-52.9312371,0.060060631,0.90730545,-24079.85267,-24064.10796,2e+06,26,19387,5e-07,7.78e-05,0.346153846,0.221690213,0.104236273,0.410797191,"d__Bacteria","d__Bacteria","d__Bacteria","k__Bacillati","k__Bacillati","p__Actinobacteriota","Actinomycetota","Actinomycetota","c__Actinobacteria","c__Actinomycetes","c__Actinomycetes","o__Propionibacteriales","o__Propionibacteriales","o__Propionibacteriales","f__Nocardioidaceae","f__Nocardioidaceae","f__Nocardioidaceae","","","g__Aeromicrobium","","","As predicted",FALSE,7.78e-05,0.00778,-4.109084818,0.346153846,NA,0.214299665,NA,NA,FALSE,"Neutral","Late Vegetative"
"76","a0b1f105f827e856c5fdb5f98eaecc09",0.000202526,3.54e-06,-12041.92634,0.763673117,-52.9312371,0.060060631,0.90730545,-24079.85267,-24064.10796,2e+06,26,19387,5e-07,0.002366865,0.884615385,0.999708053,0.870762923,0.999999425,"d__Bacteria","d__Bacteria","d__Bacteria","k__Pseudomonadati","k__Pseudomonadati","p__Proteobacteria","Pseudomonadota","Pseudomonadota","c__Gammaproteobacteria","c__Gammaproteobacteria","c__Gammaproteobacteria","o__Burkholderiales","o__Burkholderiales","o__Burkholderiales","f__Comamonadaceae","f__Comamonadaceae","f__Comamonadaceae","g__Variovorax","g__Variovorax","g__Variovorax","","s__Variovorax_paradoxus","As predicted",FALSE,0.002366865,0.2366865,-2.625826442,0.884615385,NA,0.377405579,NA,NA,FALSE,"Neutral","Late Vegetative"
"77","ab35b74a270a708f39f71df6bed23d0a",0.000202526,3.54e-06,-12041.92634,0.763673117,-52.9312371,0.060060631,0.90730545,-24079.85267,-24064.10796,2e+06,26,19387,5e-07,9.96e-06,0.153846154,0.031499084,0.004835319,0.178782085,"d__Bacteria","d__Bacteria","d__Bacteria","k__Pseudomonadati","k__Pseudomonadati","p__Proteobacteria","Pseudomonadota","Pseudomonadota","c__Gammaproteobacteria","c__Gammaproteobacteria","c__Gammaproteobacteria","","o__Diplorickettsiales","o__Diplorickettsiales","","f__Incertae_Sedis","f__Incertae_Sedis","","g__Incertae_Sedis","g__Incertae_Sedis","","s__soil_metagenome","As predicted",FALSE,9.96e-06,0.000996,-5.001673584,0.153846154,NA,0.228140136,NA,NA,FALSE,"Neutral","Late Vegetative"
"78","ac30f9ae73331c56bbe8d77eca86a3d0",0.000202526,3.54e-06,-12041.92634,0.763673117,-52.9312371,0.060060631,0.90730545,-24079.85267,-24064.10796,2e+06,26,19387,5e-07,2.15e-06,0.038461538,0.006894044,0.000294841,0.140447242,"d__Bacteria","d__Bacteria","d__Bacteria","k__Pseudomonadati","k__Pseudomonadati","p__Bdellovibrionota","Bdellovibrionota","Bdellovibrionota","c__Bdellovibrionia","c__Bdellovibrionia","c__Bdellovibrionia","o__Bdellovibrionales","o__Bdellovibrionales","o__Bdellovibrionales","f__Bdellovibrionaceae","f__Pseudobdellovibrionaceae","f__Pseudobdellovibrionaceae","g__Bdellovibrio","g__Bdellovibrio","g__Bdellovibrio","s__uncultured_Bdellovibrionales","","As predicted",FALSE,2.15e-06,0.000215,-5.666785321,0.038461538,NA,0.068297674,NA,NA,FALSE,"Neutral","Late Vegetative"
"79","b5403e3d3e7f5a219e1fbe3cceee2261",0.000202526,3.54e-06,-12041.92634,0.763673117,-52.9312371,0.060060631,0.90730545,-24079.85267,-24064.10796,2e+06,26,19387,5e-07,0.001845654,0.961538462,0.998116546,0.868012498,0.999976583,"d__Bacteria","d__Bacteria","d__Bacteria","k__Pseudomonadati","k__Pseudomonadati","p__Proteobacteria","Pseudomonadota","Pseudomonadota","c__Alphaproteobacteria","c__Alphaproteobacteria","c__Alphaproteobacteria","o__Rhizobiales","o__Hyphomicrobiales--other","o__Hyphomicrobiales--other","f__Beijerinckiaceae","f__Methylobacteriaceae","f__Methylobacteriaceae","g__Microvirga","g__Microvirga","g__Microvirga","","s__Microvirga_sp.","As predicted",FALSE,0.001845654,0.1845654,-2.733849748,0.961538462,NA,0.465923364,NA,NA,FALSE,"Neutral","Late Vegetative"
"80","b8da0fd4499de258a33a89564f161140",0.000202526,3.54e-06,-12041.92634,0.763673117,-52.9312371,0.060060631,0.90730545,-24079.85267,-24064.10796,2e+06,26,19387,5e-07,7.32e-05,0.461538462,0.210043916,0.096529943,0.398209357,"d__Bacteria","d__Bacteria","d__Bacteria","k__Pseudomonadati--other","k__Pseudomonadati--other","p__Dependentiae","Candidatus_Babelota","Candidatus_Babelota","c__Babeliae","c__Candidatus_Babeliae","c__Candidatus_Babeliae","o__Babeliales","o__Candidatus_Babelales","o__Candidatus_Babelales","f__Vermiphilaceae","f__Candidatus_Babelaceae","f__Candidatus_Babelaceae","g__Vermiphilaceae","g__Incertae_Sedis","g__Incertae_Sedis","s__uncultured_bacterium","s__uncultured_bacterium","Above prediction",TRUE,7.32e-05,0.00732,-4.13553456,0.461538462,NA,0.259329662,NA,NA,FALSE,"Above","Late Vegetative"
"81","c130baecd35f08a8f79bdfbdc0abb6c0",0.000202526,3.54e-06,-12041.92634,0.763673117,-52.9312371,0.060060631,0.90730545,-24079.85267,-24064.10796,2e+06,26,19387,5e-07,0.001419827,0.884615385,0.991576906,0.857025835,0.999567646,"d__Bacteria","d__Bacteria","d__Bacteria","k__Pseudomonadati","k__Pseudomonadati","p__Proteobacteria","Pseudomonadota","Pseudomonadota","c__Alphaproteobacteria","c__Alphaproteobacteria","c__Alphaproteobacteria","o__Rhizobiales","o__Hyphomicrobiales--other","o__Hyphomicrobiales--other","f__Rhizobiaceae","f__Rhizobiaceae","f__Rhizobiaceae","g__Allorhizobium-Neorhizobium-Pararhizobium-Rhizobium","","g__Onobrychidicola","","s__metagenome","As predicted",FALSE,0.001419827,0.1419827,-2.847764593,0.884615385,NA,0.332997369,NA,NA,FALSE,"Neutral","Late Vegetative"
"82","c37e7e03a26fbfce94680b5fe323d0d7",0.000202526,3.54e-06,-12041.92634,0.763673117,-52.9312371,0.060060631,0.90730545,-24079.85267,-24064.10796,2e+06,26,19387,5e-07,0.003750712,1,0.999998193,0.871267929,1,"d__Bacteria","d__Bacteria","d__Bacteria","k__Bacillati","k__Bacillati","p__Firmicutes","Bacillota","Bacillota","c__Bacilli","c__Bacilli","c__Bacilli","o__Paenibacillales","o__Paenibacillales","o__Paenibacillales","f__Paenibacillaceae","f__Paenibacillaceae","f__Paenibacillaceae","g__Paenibacillus","g__Gordoniibacillus","g__Gordoniibacillus","","s__Paenibacillus_qinlingensis","Above prediction",TRUE,0.003750712,0.3750712,-2.425886335,1,NA,0.435322226,NA,NA,FALSE,"Above","Late Vegetative"
"83","cbff13c5e0e10e53429fa6560040ba15",0.000202526,3.54e-06,-12041.92634,0.763673117,-52.9312371,0.060060631,0.90730545,-24079.85267,-24064.10796,2e+06,26,19387,5e-07,0.001658865,0.692307692,0.996355781,0.865006586,0.999914286,"d__Bacteria","d__Bacteria","d__Bacteria","k__Pseudomonadati","k__Pseudomonadati","p__Proteobacteria","Pseudomonadota","Pseudomonadota","c__Gammaproteobacteria","c__Gammaproteobacteria","c__Gammaproteobacteria","o__Burkholderiales","o__Burkholderiales","o__Burkholderiales","f__Comamonadaceae","f__Comamonadaceae","f__Comamonadaceae","","","g__Variovorax","","","Below prediction",FALSE,0.001658865,0.1658865,-2.780188855,0.692307692,NA,0.351519191,NA,NA,FALSE,"Below","Late Vegetative"
"84","e2db0e5adf4ec5fa415a1d890f667ab1",0.000202526,3.54e-06,-12041.92634,0.763673117,-52.9312371,0.060060631,0.90730545,-24079.85267,-24064.10796,2e+06,26,19387,5e-07,0.001845442,0.884615385,0.998115133,0.86801007,0.999976548,"d__Bacteria","d__Bacteria","d__Bacteria","k__Pseudomonadati","k__Pseudomonadati","p__Proteobacteria","Pseudomonadota","Pseudomonadota","c__Gammaproteobacteria","c__Gammaproteobacteria","c__Gammaproteobacteria","o__Burkholderiales","o__Burkholderiales","o__Burkholderiales","f__Burkholderiaceae","f__Oxalobacteraceae","f__Oxalobacteraceae","g__Cupriavidus","g__Cupriavidus","g__Cupriavidus","","","As predicted",FALSE,0.001845442,0.1845442,-2.733899527,0.884615385,NA,0.386311831,NA,NA,FALSE,"Neutral","Late Vegetative"
"85","e843797d795481112bb6f500ebb0f694",0.000202526,3.54e-06,-12041.92634,0.763673117,-52.9312371,0.060060631,0.90730545,-24079.85267,-24064.10796,2e+06,26,19387,5e-07,5.42e-06,0.038461538,0.017269856,0.001653346,0.157169028,"d__Bacteria","d__Bacteria","d__Bacteria","k__Pseudomonadati","k__Pseudomonadati","p__Proteobacteria","Pseudomonadota","Pseudomonadota","c__Alphaproteobacteria","c__Alphaproteobacteria","c__Alphaproteobacteria","o__Rhizobiales","o__Hyphomicrobiales--other","o__Hyphomicrobiales--other","f__Devosiaceae","f__Devosiaceae","f__Devosiaceae","g__Devosia","","","","","As predicted",FALSE,5.42e-06,0.000542,-5.265754235,0.038461538,NA,0.051461561,NA,NA,FALSE,"Neutral","Late Vegetative"
"86","ea1147f3c65c1b55820559bebf01bb32",0.000202526,3.54e-06,-12041.92634,0.763673117,-52.9312371,0.060060631,0.90730545,-24079.85267,-24064.10796,2e+06,26,19387,5e-07,0.000148385,0.615384615,0.380871958,0.221305655,0.57110871,"d__Bacteria","d__Bacteria","d__Bacteria","k__Pseudomonadati","k__Pseudomonadati","p__Proteobacteria","Pseudomonadota","Pseudomonadota","c__Gammaproteobacteria","c__Gammaproteobacteria","c__Gammaproteobacteria","o__Pseudomonadales","o__Pseudomonadales","o__Pseudomonadales","f__Pseudomonadaceae","f__Pseudomonadaceae","f__Pseudomonadaceae","g__Pseudomonas","","g__Pseudomonas","","","Above prediction",TRUE,0.000148385,0.0148385,-3.828611125,0.615384615,NA,0.399538986,NA,NA,FALSE,"Above","Late Vegetative"
"87","f6c528c217081be9871de0fc58b89408",0.000202526,3.54e-06,-12041.92634,0.763673117,-52.9312371,0.060060631,0.90730545,-24079.85267,-24064.10796,2e+06,26,19387,5e-07,0.000747308,0.692307692,0.915097081,0.748274175,0.975049987,"d__Bacteria","d__Bacteria","d__Bacteria","k__Pseudomonadati","k__Pseudomonadati","p__Proteobacteria","Pseudomonadota","Pseudomonadota","c__Gammaproteobacteria","c__Gammaproteobacteria","c__Gammaproteobacteria","o__Burkholderiales","o__Burkholderiales","o__Burkholderiales","f__Comamonadaceae","f__Comamonadaceae","f__Comamonadaceae","g__Variovorax","","","","","Below prediction",FALSE,0.000747308,0.0747308,-3.126500547,0.692307692,NA,0.244482842,NA,NA,FALSE,"Below","Late Vegetative"
"88","fc7b257064027e1bc2b6fbfb4584677d",0.000202526,3.54e-06,-12041.92634,0.763673117,-52.9312371,0.060060631,0.90730545,-24079.85267,-24064.10796,2e+06,26,19387,5e-07,0.001781558,0.769230769,0.997636591,0.867189382,0.999963356,"d__Bacteria","d__Bacteria","d__Bacteria","k__Pseudomonadati","k__Pseudomonadati","p__Proteobacteria","Pseudomonadota","Pseudomonadota","c__Gammaproteobacteria","c__Gammaproteobacteria","c__Gammaproteobacteria","o__Burkholderiales","o__Burkholderiales","o__Burkholderiales","f__Comamonadaceae","f__Comamonadaceae","f__Comamonadaceae","","","g__Piscinibacter","","s__uncultured_bacterium","Below prediction",FALSE,0.001781558,0.1781558,-2.749200109,0.769230769,NA,0.364287011,NA,NA,FALSE,"Below","Late Vegetative"
"89","0cb4f48403e146a315bb918efd0e13bf",0.000184267,3.31e-06,-10577.1403,0.772220932,-51.15016773,0.059707263,0.903437505,-21150.28061,-21134.72012,2e+06,29,17681,5e-07,9.09e-06,0.172413793,0.026518374,0.003882996,0.159919852,"d__Bacteria","d__Bacteria","d__Bacteria","k__Pseudomonadati--other","k__Pseudomonadati--other","p__Bacteroidota","Bacteroidota","Bacteroidota","c__Bacteroidia","c__Chitinophagia","c__Chitinophagia","o__Chitinophagales","o__Chitinophagales","o__Chitinophagales","f__Chitinophagaceae","f__Chitinophagaceae","f__Chitinophagaceae","g__Lacibacter","g__Lacibacter","g__Lacibacter","s__uncultured_bacterium","","Above prediction",TRUE,9.09e-06,0.000909,-5.041617378,0.172413793,NA,0.098557555,NA,NA,FALSE,"Above","Early Reproductive"
"90","1a5387ac492498e4916d1b8b1ba28c51",0.000184267,3.31e-06,-10577.1403,0.772220932,-51.15016773,0.059707263,0.903437505,-21150.28061,-21134.72012,2e+06,29,17681,5e-07,3.02e-06,0.206896552,0.008883044,0.000527347,0.132130443,"d__Bacteria","d__Bacteria","d__Bacteria","k__Pseudomonadati","k__Pseudomonadati","p__Proteobacteria","Pseudomonadota","Pseudomonadota","c__Alphaproteobacteria","c__Alphaproteobacteria","c__Alphaproteobacteria","o__Sphingomonadales","o__Sphingomonadales","o__Sphingomonadales","f__Sphingomonadaceae","f__Parasphingopyxidaceae","f__Parasphingopyxidaceae","g__Novosphingobium","","g__Novosphingobium","","","Above prediction",TRUE,3.02e-06,0.000302,-5.520389945,0.206896552,NA,0.08769018,NA,NA,FALSE,"Above","Early Reproductive"
"91","25ea460893aae0263a5fd4f1e280c8ec",0.000184267,3.31e-06,-10577.1403,0.772220932,-51.15016773,0.059707263,0.903437505,-21150.28061,-21134.72012,2e+06,29,17681,5e-07,3.73e-05,0.172413793,0.10463981,0.036440455,0.265329569,"d__Bacteria","d__Bacteria","d__Bacteria","k__Bacillati","k__Bacillati","p__Firmicutes","Bacillota","Bacillota","c__Bacilli","c__Bacilli","c__Bacilli","o__Paenibacillales","o__Paenibacillales","o__Bacillales--other","f__Paenibacillaceae","f__Paenibacillaceae","f__Bacillaceae--other","g__Paenibacillus","","g__Neobacillus","","s__Paenibacillus_sp.","As predicted",FALSE,3.73e-05,0.00373,-4.427970093,0.172413793,NA,0.154764742,NA,NA,FALSE,"Neutral","Early Reproductive"
"92","29159fffca8d2829530f43e2198926dc",0.000184267,3.31e-06,-10577.1403,0.772220932,-51.15016773,0.059707263,0.903437505,-21150.28061,-21134.72012,2e+06,29,17681,5e-07,4.84e-05,0.448275862,0.13360577,0.052460418,0.30046524,"d__Bacteria","d__Bacteria","d__Bacteria","k__Pseudomonadati","k__Pseudomonadati","p__Proteobacteria","Pseudomonadota","Pseudomonadota","c__Alphaproteobacteria","c__Alphaproteobacteria","c__Alphaproteobacteria","o__Rhizobiales","o__Hyphomicrobiales--other","o__Hyphomicrobiales--other","f__Devosiaceae","f__Devosiaceae","f__Devosiaceae","","","","","","Above prediction",TRUE,4.84e-05,0.00484,-4.31503089,0.448275862,NA,0.38686316,NA,NA,FALSE,"Above","Early Reproductive"
"93","2a64f7117c72e249a9c2e5850fd6eb3e",0.000184267,3.31e-06,-10577.1403,0.772220932,-51.15016773,0.059707263,0.903437505,-21150.28061,-21134.72012,2e+06,29,17681,5e-07,0.002716155,1,0.999817892,0.882708837,0.99999975,"d__Bacteria","d__Bacteria","d__Bacteria","k__Pseudomonadati","k__Pseudomonadati","p__Proteobacteria","Pseudomonadota","Pseudomonadota","c__Alphaproteobacteria","c__Alphaproteobacteria","c__Alphaproteobacteria","o__Sphingomonadales","o__Sphingomonadales","o__Sphingomonadales","f__Sphingomonadaceae","f__Parasphingopyxidaceae","f__Parasphingopyxidaceae","g__Novosphingobium","","g__Novosphingobium","","","Above prediction",TRUE,0.002716155,0.2716155,-2.566045423,1,NA,0.373796573,NA,NA,FALSE,"Above","Early Reproductive"
"94","2bce2c03a49a801da9460b2b3b98bc70",0.000184267,3.31e-06,-10577.1403,0.772220932,-51.15016773,0.059707263,0.903437505,-21150.28061,-21134.72012,2e+06,29,17681,5e-07,8.93e-05,0.413793103,0.232646052,0.116068378,0.411768401,"d__Bacteria","d__Bacteria","d__Bacteria","k__Pseudomonadati","k__Pseudomonadati","p__Proteobacteria","Pseudomonadota","Pseudomonadota","c__Alphaproteobacteria","c__Alphaproteobacteria","c__Alphaproteobacteria","o__Reyranellales","o__Azospirillales","o__Azospirillales","f__Reyranellaceae","f__Reyranellaceae","f__Reyranellaceae","g__Reyranella","g__Reyranella--other","g__Reyranella--other","s__uncultured_Alphaproteobacteria","","Above prediction",TRUE,8.93e-05,0.00893,-4.049349829,0.413793103,NA,0.278994809,NA,NA,FALSE,"Above","Early Reproductive"
"95","477492fad1668aaebf7e35880898fd9c",0.000184267,3.31e-06,-10577.1403,0.772220932,-51.15016773,0.059707263,0.903437505,-21150.28061,-21134.72012,2e+06,29,17681,5e-07,9.07e-05,0.344827586,0.235868484,0.118316851,0.415210936,"d__Bacteria","d__Bacteria","d__Bacteria","k__Pseudomonadati","k__Pseudomonadati","p__Proteobacteria","Pseudomonadota","Pseudomonadota","c__Gammaproteobacteria","c__Gammaproteobacteria","c__Gammaproteobacteria","o__Pseudomonadales","o__Pseudomonadales","o__Pseudomonadales","f__Pseudomonadaceae","f__Pseudomonadaceae","f__Pseudomonadaceae","g__Pseudomonas","","g__Pseudomonas","","","As predicted",FALSE,9.07e-05,0.00907,-4.042524823,0.344827586,NA,0.224293904,NA,NA,FALSE,"Neutral","Early Reproductive"
"96","4869379a1d315c0d2c7b37f461d8dd21",0.000184267,3.31e-06,-10577.1403,0.772220932,-51.15016773,0.059707263,0.903437505,-21150.28061,-21134.72012,2e+06,29,17681,5e-07,4.33e-05,0.24137931,0.120476824,0.045015126,0.284724021,"d__Bacteria","d__Bacteria","d__Bacteria","k__Pseudomonadati--other","k__Pseudomonadati--other","p__Verrucomicrobiota","Verrucomicrobiota","Verrucomicrobiota","c__Verrucomicrobiae","c__Opitutia","c__Opitutia","o__Opitutales","o__Opitutales","o__Opitutales","f__Opitutaceae","f__Opitutaceae","f__Opitutaceae","g__uncultured","g__Rariglobus","g__Cephaloticoccus","s__metagenome","s__Rariglobus_sp.","As predicted",FALSE,4.33e-05,0.00433,-4.36306272,0.24137931,NA,0.205212174,NA,NA,FALSE,"Neutral","Early Reproductive"
"97","6e4e1d3b5e5ec64ab6b23fbb2fb84b8a",0.000184267,3.31e-06,-10577.1403,0.772220932,-51.15016773,0.059707263,0.903437505,-21150.28061,-21134.72012,2e+06,29,17681,5e-07,1.02e-05,0.275862069,0.029642268,0.004713593,0.164606241,"d__Bacteria","d__Bacteria","d__Bacteria","k__Pseudomonadati","k__Pseudomonadati","p__Proteobacteria","Pseudomonadota","Pseudomonadota","c__Gammaproteobacteria","c__Gammaproteobacteria","c__Gammaproteobacteria","o__Burkholderiales","o__Burkholderiales","o__Burkholderiales","f__Comamonadaceae","f__Comamonadaceae","f__Comamonadaceae","","","","","","Above prediction",TRUE,1.02e-05,0.00102,-4.992575982,0.275862069,NA,0.175025756,NA,NA,FALSE,"Above","Early Reproductive"
"98","71c3e847cedfc3f351199ee0ab079096",0.000184267,3.31e-06,-10577.1403,0.772220932,-51.15016773,0.059707263,0.903437505,-21150.28061,-21134.72012,2e+06,29,17681,5e-07,8.24e-06,0.275862069,0.024081904,0.003278049,0.156221847,"d__Bacteria","d__Bacteria","d__Bacteria","k__Pseudomonadati","k__Pseudomonadati","p__Proteobacteria","Pseudomonadota","Pseudomonadota","c__Gammaproteobacteria","c__Gammaproteobacteria","c__Gammaproteobacteria","o__Burkholderiales","o__Burkholderiales","o__Burkholderiales","f__Oxalobacteraceae","f__Oxalobacteraceae","f__Oxalobacteraceae","","","g__Duganella","","s__Massilia_sp.","Above prediction",TRUE,8.24e-06,0.000824,-5.084000097,0.275862069,NA,0.221806922,NA,NA,FALSE,"Above","Early Reproductive"
"99","7f300dd37db558444736f6b15ee90958",0.000184267,3.31e-06,-10577.1403,0.772220932,-51.15016773,0.059707263,0.903437505,-21150.28061,-21134.72012,2e+06,29,17681,5e-07,0.002036414,0.931034483,0.998289746,0.88003132,0.999978471,"d__Bacteria","d__Bacteria","d__Bacteria","k__Bacillati","k__Bacillati","p__Firmicutes","Bacillota","Bacillota","c__Bacilli","c__Bacilli","c__Bacilli","o__Paenibacillales","o__Paenibacillales","o__Paenibacillales","f__Paenibacillaceae","f__Paenibacillaceae","f__Paenibacillaceae","g__Paenibacillus","","g__Paenibacillus--other","","","As predicted",FALSE,0.002036414,0.2036414,-2.69113397,0.931034483,NA,0.352345307,NA,NA,FALSE,"Neutral","Early Reproductive"
"100","821eed576f621b5d223948afd8ffca39",0.000184267,3.31e-06,-10577.1403,0.772220932,-51.15016773,0.059707263,0.903437505,-21150.28061,-21134.72012,2e+06,29,17681,5e-07,0.000737207,0.75862069,0.892883812,0.731606229,0.962250314,"d__Bacteria","d__Bacteria","d__Bacteria","k__Pseudomonadati","k__Pseudomonadati","p__Proteobacteria","Pseudomonadota","Pseudomonadota","c__Gammaproteobacteria","c__Gammaproteobacteria","c__Gammaproteobacteria","o__Burkholderiales","o__Methylophilales","o__Methylophilales","f__Methylophilaceae","f__Methylophilaceae","f__Methylophilaceae","g__MM2","g__MM2","g__MM2","s__uncultured_bacterium","s__uncultured_bacterium","As predicted",FALSE,0.000737207,0.0737207,-3.132410611,0.75862069,NA,0.353326396,NA,NA,FALSE,"Neutral","Early Reproductive"
"101","95d08381352f71ef3bc48445f8ccab02",0.000184267,3.31e-06,-10577.1403,0.772220932,-51.15016773,0.059707263,0.903437505,-21150.28061,-21134.72012,2e+06,29,17681,5e-07,0.002357759,1,0.999403519,0.881979442,0.999997338,"d__Bacteria","d__Bacteria","d__Bacteria","k__Pseudomonadati","k__Pseudomonadati","p__Proteobacteria","Pseudomonadota","Pseudomonadota","c__Alphaproteobacteria","c__Alphaproteobacteria","c__Alphaproteobacteria","o__Sphingomonadales","o__Sphingomonadales","o__Sphingomonadales","f__Sphingomonadaceae","f__Parasphingopyxidaceae","f__Parasphingopyxidaceae","g__Novosphingobium","","g__Novosphingobium","","s__metagenome","Above prediction",TRUE,0.002357759,0.2357759,-2.627500659,1,NA,0.377060396,NA,NA,FALSE,"Above","Early Reproductive"
"102","984919ce3c93ca2b6d54479b1c165fbb",0.000184267,3.31e-06,-10577.1403,0.772220932,-51.15016773,0.059707263,0.903437505,-21150.28061,-21134.72012,2e+06,29,17681,5e-07,6.88e-05,0.206896552,0.184528926,0.083723178,0.35913585,"d__Bacteria","d__Bacteria","d__Bacteria","k__Bacillati","k__Bacillati","p__Actinobacteriota","Actinomycetota","Actinomycetota","c__Actinobacteria","c__Actinomycetes","c__Actinomycetes","o__Micrococcales","o__Cellulomonadales","o__Cellulomonadales","f__Microbacteriaceae","f__Microbacteriaceae","f__Microbacteriaceae","g__Agromyces","g__Agromyces","g__Agromyces","","","As predicted",FALSE,6.88e-05,0.00688,-4.162346266,0.206896552,NA,0.144760685,NA,NA,FALSE,"Neutral","Early Reproductive"
"103","9b4be26e7bb3a23d25e080a3bba619f6",0.000184267,3.31e-06,-10577.1403,0.772220932,-51.15016773,0.059707263,0.903437505,-21150.28061,-21134.72012,2e+06,29,17681,5e-07,0.000109948,0.896551724,0.278507756,0.148931675,0.459899644,"d__Bacteria","d__Bacteria","d__Bacteria","k__Bacillati","k__Bacillati","p__Actinobacteriota","Actinomycetota","Actinomycetota","c__Actinobacteria","c__Actinomycetes","c__Actinomycetes","o__Micrococcales","o__Micrococcales","o__Micrococcales","f__Micrococcaceae","f__Micrococcaceae","f__Micrococcaceae","g__Arthrobacter","","g__Paenarthrobacter","","s__Arthrobacter_sp.","Above prediction",TRUE,0.000109948,0.0109948,-3.958811577,0.896551724,NA,0.307934311,NA,NA,FALSE,"Above","Early Reproductive"
"104","a0977048d3b1b28329633e842908ace3",0.000184267,3.31e-06,-10577.1403,0.772220932,-51.15016773,0.059707263,0.903437505,-21150.28061,-21134.72012,2e+06,29,17681,5e-07,6.75e-05,0.379310345,0.181263236,0.081618412,0.35547321,"d__Bacteria","d__Bacteria","d__Bacteria","k__Bacillati","k__Bacillati","p__Actinobacteriota","Actinomycetota","Actinomycetota","c__Actinobacteria","c__Actinomycetes","c__Actinomycetes","o__Propionibacteriales","o__Propionibacteriales","o__Propionibacteriales","f__Nocardioidaceae","f__Nocardioidaceae","f__Nocardioidaceae","","","g__Aeromicrobium","","","Above prediction",TRUE,6.75e-05,0.00675,-4.170918146,0.379310345,NA,0.208914022,NA,NA,FALSE,"Above","Early Reproductive"
"105","a0b1f105f827e856c5fdb5f98eaecc09",0.000184267,3.31e-06,-10577.1403,0.772220932,-51.15016773,0.059707263,0.903437505,-21150.28061,-21134.72012,2e+06,29,17681,5e-07,0.001282276,0.75862069,0.980613783,0.851020561,0.997772409,"d__Bacteria","d__Bacteria","d__Bacteria","k__Pseudomonadati","k__Pseudomonadati","p__Proteobacteria","Pseudomonadota","Pseudomonadota","c__Gammaproteobacteria","c__Gammaproteobacteria","c__Gammaproteobacteria","o__Burkholderiales","o__Burkholderiales","o__Burkholderiales","f__Comamonadaceae","f__Comamonadaceae","f__Comamonadaceae","g__Variovorax","g__Variovorax","g__Variovorax","","s__Variovorax_paradoxus","Below prediction",FALSE,0.001282276,0.1282276,-2.892018533,0.75862069,NA,0.257245252,NA,NA,FALSE,"Below","Early Reproductive"
"106","ac30f9ae73331c56bbe8d77eca86a3d0",0.000184267,3.31e-06,-10577.1403,0.772220932,-51.15016773,0.059707263,0.903437505,-21150.28061,-21134.72012,2e+06,29,17681,5e-07,1.29e-06,0.034482759,0.003816478,0.000104055,0.123605874,"d__Bacteria","d__Bacteria","d__Bacteria","k__Pseudomonadati","k__Pseudomonadati","p__Bdellovibrionota","Bdellovibrionota","Bdellovibrionota","c__Bdellovibrionia","c__Bdellovibrionia","c__Bdellovibrionia","o__Bdellovibrionales","o__Bdellovibrionales","o__Bdellovibrionales","f__Bdellovibrionaceae","f__Pseudobdellovibrionaceae","f__Pseudobdellovibrionaceae","g__Bdellovibrio","g__Bdellovibrio","g__Bdellovibrio","s__uncultured_Bdellovibrionales","","As predicted",FALSE,1.29e-06,0.000129,-5.88836673,0.034482759,NA,0.050107517,NA,NA,FALSE,"Neutral","Early Reproductive"
"107","b5403e3d3e7f5a219e1fbe3cceee2261",0.000184267,3.31e-06,-10577.1403,0.772220932,-51.15016773,0.059707263,0.903437505,-21150.28061,-21134.72012,2e+06,29,17681,5e-07,0.001638983,0.965517241,0.993800908,0.872348061,0.99973417,"d__Bacteria","d__Bacteria","d__Bacteria","k__Pseudomonadati","k__Pseudomonadati","p__Proteobacteria","Pseudomonadota","Pseudomonadota","c__Alphaproteobacteria","c__Alphaproteobacteria","c__Alphaproteobacteria","o__Rhizobiales","o__Hyphomicrobiales--other","o__Hyphomicrobiales--other","f__Beijerinckiaceae","f__Methylobacteriaceae","f__Methylobacteriaceae","g__Microvirga","g__Microvirga","g__Microvirga","","s__Microvirga_sp.","As predicted",FALSE,0.001638983,0.1638983,-2.785425615,0.965517241,NA,0.439970179,NA,NA,FALSE,"Neutral","Early Reproductive"
"108","b8da0fd4499de258a33a89564f161140",0.000184267,3.31e-06,-10577.1403,0.772220932,-51.15016773,0.059707263,0.903437505,-21150.28061,-21134.72012,2e+06,29,17681,5e-07,5.99e-05,0.344827586,0.162729672,0.069917787,0.334442443,"d__Bacteria","d__Bacteria","d__Bacteria","k__Pseudomonadati--other","k__Pseudomonadati--other","p__Dependentiae","Candidatus_Babelota","Candidatus_Babelota","c__Babeliae","c__Candidatus_Babeliae","c__Candidatus_Babeliae","o__Babeliales","o__Candidatus_Babelales","o__Candidatus_Babelales","f__Vermiphilaceae","f__Candidatus_Babelaceae","f__Candidatus_Babelaceae","g__Vermiphilaceae","g__Incertae_Sedis","g__Incertae_Sedis","s__uncultured_bacterium","s__uncultured_bacterium","Above prediction",TRUE,5.99e-05,0.00599,-4.222348226,0.344827586,NA,0.202834774,NA,NA,FALSE,"Above","Early Reproductive"
"109","c130baecd35f08a8f79bdfbdc0abb6c0",0.000184267,3.31e-06,-10577.1403,0.772220932,-51.15016773,0.059707263,0.903437505,-21150.28061,-21134.72012,2e+06,29,17681,5e-07,0.002167397,1,0.998885356,0.881070898,0.999990775,"d__Bacteria","d__Bacteria","d__Bacteria","k__Pseudomonadati","k__Pseudomonadati","p__Proteobacteria","Pseudomonadota","Pseudomonadota","c__Alphaproteobacteria","c__Alphaproteobacteria","c__Alphaproteobacteria","o__Rhizobiales","o__Hyphomicrobiales--other","o__Hyphomicrobiales--other","f__Rhizobiaceae","f__Rhizobiaceae","f__Rhizobiaceae","g__Allorhizobium-Neorhizobium-Pararhizobium-Rhizobium","","g__Onobrychidicola","","s__metagenome","Above prediction",TRUE,0.002167397,0.2167397,-2.664061622,1,NA,0.437436525,NA,NA,FALSE,"Above","Early Reproductive"
"110","c37e7e03a26fbfce94680b5fe323d0d7",0.000184267,3.31e-06,-10577.1403,0.772220932,-51.15016773,0.059707263,0.903437505,-21150.28061,-21134.72012,2e+06,29,17681,5e-07,0.002609672,1,0.999740612,0.882572612,0.999999494,"d__Bacteria","d__Bacteria","d__Bacteria","k__Bacillati","k__Bacillati","p__Firmicutes","Bacillota","Bacillota","c__Bacilli","c__Bacilli","c__Bacilli","o__Paenibacillales","o__Paenibacillales","o__Paenibacillales","f__Paenibacillaceae","f__Paenibacillaceae","f__Paenibacillaceae","g__Paenibacillus","g__Gordoniibacillus","g__Gordoniibacillus","","s__Paenibacillus_qinlingensis","Above prediction",TRUE,0.002609672,0.2609672,-2.583414005,1,NA,0.363117355,NA,NA,FALSE,"Above","Early Reproductive"
"111","cbff13c5e0e10e53429fa6560040ba15",0.000184267,3.31e-06,-10577.1403,0.772220932,-51.15016773,0.059707263,0.903437505,-21150.28061,-21134.72012,2e+06,29,17681,5e-07,0.000993172,0.75862069,0.951743726,0.808547126,0.989259581,"d__Bacteria","d__Bacteria","d__Bacteria","k__Pseudomonadati","k__Pseudomonadati","p__Proteobacteria","Pseudomonadota","Pseudomonadota","c__Gammaproteobacteria","c__Gammaproteobacteria","c__Gammaproteobacteria","o__Burkholderiales","o__Burkholderiales","o__Burkholderiales","f__Comamonadaceae","f__Comamonadaceae","f__Comamonadaceae","","","g__Variovorax","","","Below prediction",FALSE,0.000993172,0.0993172,-3.002975352,0.75862069,NA,0.28472038,NA,NA,FALSE,"Below","Early Reproductive"
"112","e2db0e5adf4ec5fa415a1d890f667ab1",0.000184267,3.31e-06,-10577.1403,0.772220932,-51.15016773,0.059707263,0.903437505,-21150.28061,-21134.72012,2e+06,29,17681,5e-07,0.000949103,0.827586207,0.944603859,0.798655729,0.986541542,"d__Bacteria","d__Bacteria","d__Bacteria","k__Pseudomonadati","k__Pseudomonadati","p__Proteobacteria","Pseudomonadota","Pseudomonadota","c__Gammaproteobacteria","c__Gammaproteobacteria","c__Gammaproteobacteria","o__Burkholderiales","o__Burkholderiales","o__Burkholderiales","f__Burkholderiaceae","f__Oxalobacteraceae","f__Oxalobacteraceae","g__Cupriavidus","g__Cupriavidus","g__Cupriavidus","","","As predicted",FALSE,0.000949103,0.0949103,-3.022686449,0.827586207,NA,0.267962442,NA,NA,FALSE,"Neutral","Early Reproductive"
"113","e843797d795481112bb6f500ebb0f694",0.000184267,3.31e-06,-10577.1403,0.772220932,-51.15016773,0.059707263,0.903437505,-21150.28061,-21134.72012,2e+06,29,17681,5e-07,1.14e-05,0.172413793,0.033052467,0.005686082,0.169656369,"d__Bacteria","d__Bacteria","d__Bacteria","k__Pseudomonadati","k__Pseudomonadati","p__Proteobacteria","Pseudomonadota","Pseudomonadota","c__Alphaproteobacteria","c__Alphaproteobacteria","c__Alphaproteobacteria","o__Rhizobiales","o__Hyphomicrobiales--other","o__Hyphomicrobiales--other","f__Devosiaceae","f__Devosiaceae","f__Devosiaceae","g__Devosia","","","","","Above prediction",TRUE,1.14e-05,0.00114,-4.944542579,0.172413793,NA,0.157710808,NA,NA,FALSE,"Above","Early Reproductive"
"114","ea1147f3c65c1b55820559bebf01bb32",0.000184267,3.31e-06,-10577.1403,0.772220932,-51.15016773,0.059707263,0.903437505,-21150.28061,-21134.72012,2e+06,29,17681,5e-07,9.22e-05,0.413793103,0.239272966,0.120702765,0.418837544,"d__Bacteria","d__Bacteria","d__Bacteria","k__Pseudomonadati","k__Pseudomonadati","p__Proteobacteria","Pseudomonadota","Pseudomonadota","c__Gammaproteobacteria","c__Gammaproteobacteria","c__Gammaproteobacteria","o__Pseudomonadales","o__Pseudomonadales","o__Pseudomonadales","f__Pseudomonadaceae","f__Pseudomonadaceae","f__Pseudomonadaceae","g__Pseudomonas","","g__Pseudomonas","","","As predicted",FALSE,9.22e-05,0.00922,-4.035399039,0.413793103,NA,0.258216216,NA,NA,FALSE,"Neutral","Early Reproductive"
"115","f6c528c217081be9871de0fc58b89408",0.000184267,3.31e-06,-10577.1403,0.772220932,-51.15016773,0.059707263,0.903437505,-21150.28061,-21134.72012,2e+06,29,17681,5e-07,0.000581431,0.586206897,0.826851759,0.653682978,0.923556971,"d__Bacteria","d__Bacteria","d__Bacteria","k__Pseudomonadati","k__Pseudomonadati","p__Proteobacteria","Pseudomonadota","Pseudomonadota","c__Gammaproteobacteria","c__Gammaproteobacteria","c__Gammaproteobacteria","o__Burkholderiales","o__Burkholderiales","o__Burkholderiales","f__Comamonadaceae","f__Comamonadaceae","f__Comamonadaceae","g__Variovorax","","","","","Below prediction",FALSE,0.000581431,0.0581431,-3.235501791,0.586206897,NA,0.198437454,NA,NA,FALSE,"Below","Early Reproductive"
"116","fc7b257064027e1bc2b6fbfb4584677d",0.000184267,3.31e-06,-10577.1403,0.772220932,-51.15016773,0.059707263,0.903437505,-21150.28061,-21134.72012,2e+06,29,17681,5e-07,0.001762569,0.827586207,0.995838678,0.875804176,0.999876879,"d__Bacteria","d__Bacteria","d__Bacteria","k__Pseudomonadati","k__Pseudomonadati","p__Proteobacteria","Pseudomonadota","Pseudomonadota","c__Gammaproteobacteria","c__Gammaproteobacteria","c__Gammaproteobacteria","o__Burkholderiales","o__Burkholderiales","o__Burkholderiales","f__Comamonadaceae","f__Comamonadaceae","f__Comamonadaceae","","","g__Piscinibacter","","s__uncultured_bacterium","Below prediction",FALSE,0.001762569,0.1762569,-2.753853881,0.827586207,NA,0.375833163,NA,NA,FALSE,"Below","Early Reproductive"
"117","0cb4f48403e146a315bb918efd0e13bf",0.000138089,3.28e-06,-8615.344795,0.684043465,-55.3948254,0.067945083,0.907745261,-17226.68959,-17211.73176,2e+06,24,13081,5e-07,1.07e-05,0.083333333,0.024290329,0.002873834,0.176980054,"d__Bacteria","d__Bacteria","d__Bacteria","k__Pseudomonadati--other","k__Pseudomonadati--other","p__Bacteroidota","Bacteroidota","Bacteroidota","c__Bacteroidia","c__Chitinophagia","c__Chitinophagia","o__Chitinophagales","o__Chitinophagales","o__Chitinophagales","f__Chitinophagaceae","f__Chitinophagaceae","f__Chitinophagaceae","g__Lacibacter","g__Lacibacter","g__Lacibacter","s__uncultured_bacterium","","As predicted",FALSE,1.07e-05,0.00107,-4.970278118,0.083333333,NA,0.074384581,NA,NA,FALSE,"Neutral","Late Reproductive"
"118","1a5387ac492498e4916d1b8b1ba28c51",0.000138089,3.28e-06,-8615.344795,0.684043465,-55.3948254,0.067945083,0.907745261,-17226.68959,-17211.73176,2e+06,24,13081,5e-07,2.75e-06,0.166666667,0.006293732,0.000229787,0.148597111,"d__Bacteria","d__Bacteria","d__Bacteria","k__Pseudomonadati","k__Pseudomonadati","p__Proteobacteria","Pseudomonadota","Pseudomonadota","c__Alphaproteobacteria","c__Alphaproteobacteria","c__Alphaproteobacteria","o__Sphingomonadales","o__Sphingomonadales","o__Sphingomonadales","f__Sphingomonadaceae","f__Parasphingopyxidaceae","f__Parasphingopyxidaceae","g__Novosphingobium","","g__Novosphingobium","","","Above prediction",TRUE,2.75e-06,0.000275,-5.560667306,0.166666667,NA,0.075138069,NA,NA,FALSE,"Above","Late Reproductive"
"119","25ea460893aae0263a5fd4f1e280c8ec",0.000138089,3.28e-06,-8615.344795,0.684043465,-55.3948254,0.067945083,0.907745261,-17226.68959,-17211.73176,2e+06,24,13081,5e-07,3.93e-05,0.375,0.086297337,0.024476429,0.262280491,"d__Bacteria","d__Bacteria","d__Bacteria","k__Bacillati","k__Bacillati","p__Firmicutes","Bacillota","Bacillota","c__Bacilli","c__Bacilli","c__Bacilli","o__Paenibacillales","o__Paenibacillales","o__Bacillales--other","f__Paenibacillaceae","f__Paenibacillaceae","f__Bacillaceae--other","g__Paenibacillus","","g__Neobacillus","","s__Paenibacillus_sp.","Above prediction",TRUE,3.93e-05,0.00393,-4.405929883,0.375,NA,0.234110969,NA,NA,FALSE,"Above","Late Reproductive"
"120","29159fffca8d2829530f43e2198926dc",0.000138089,3.28e-06,-8615.344795,0.684043465,-55.3948254,0.067945083,0.907745261,-17226.68959,-17211.73176,2e+06,24,13081,5e-07,1.55e-05,0.208333333,0.034925897,0.00545576,0.192734353,"d__Bacteria","d__Bacteria","d__Bacteria","k__Pseudomonadati","k__Pseudomonadati","p__Proteobacteria","Pseudomonadota","Pseudomonadota","c__Alphaproteobacteria","c__Alphaproteobacteria","c__Alphaproteobacteria","o__Rhizobiales","o__Hyphomicrobiales--other","o__Hyphomicrobiales--other","f__Devosiaceae","f__Devosiaceae","f__Devosiaceae","","","","","","Above prediction",TRUE,1.55e-05,0.00155,-4.810252424,0.208333333,NA,0.149125981,NA,NA,FALSE,"Above","Late Reproductive"
"121","2a64f7117c72e249a9c2e5850fd6eb3e",0.000138089,3.28e-06,-8615.344795,0.684043465,-55.3948254,0.067945083,0.907745261,-17226.68959,-17211.73176,2e+06,24,13081,5e-07,0.004697875,1,0.999991618,0.862009344,1,"d__Bacteria","d__Bacteria","d__Bacteria","k__Pseudomonadati","k__Pseudomonadati","p__Proteobacteria","Pseudomonadota","Pseudomonadota","c__Alphaproteobacteria","c__Alphaproteobacteria","c__Alphaproteobacteria","o__Sphingomonadales","o__Sphingomonadales","o__Sphingomonadales","f__Sphingomonadaceae","f__Parasphingopyxidaceae","f__Parasphingopyxidaceae","g__Novosphingobium","","g__Novosphingobium","","","Above prediction",TRUE,0.004697875,0.4697875,-2.328098543,1,NA,0.49159647,NA,NA,FALSE,"Above","Late Reproductive"
"122","2bce2c03a49a801da9460b2b3b98bc70",0.000138089,3.28e-06,-8615.344795,0.684043465,-55.3948254,0.067945083,0.907745261,-17226.68959,-17211.73176,2e+06,24,13081,5e-07,7.77e-05,0.333333333,0.163621347,0.064995471,0.355071723,"d__Bacteria","d__Bacteria","d__Bacteria","k__Pseudomonadati","k__Pseudomonadati","p__Proteobacteria","Pseudomonadota","Pseudomonadota","c__Alphaproteobacteria","c__Alphaproteobacteria","c__Alphaproteobacteria","o__Reyranellales","o__Azospirillales","o__Azospirillales","f__Reyranellaceae","f__Reyranellaceae","f__Reyranellaceae","g__Reyranella","g__Reyranella--other","g__Reyranella--other","s__uncultured_Alphaproteobacteria","","As predicted",FALSE,7.77e-05,0.00777,-4.109765334,0.333333333,NA,0.23358025,NA,NA,FALSE,"Neutral","Late Reproductive"
"123","477492fad1668aaebf7e35880898fd9c",0.000138089,3.28e-06,-8615.344795,0.684043465,-55.3948254,0.067945083,0.907745261,-17226.68959,-17211.73176,2e+06,24,13081,5e-07,5.28e-05,0.25,0.114291362,0.037897504,0.297122448,"d__Bacteria","d__Bacteria","d__Bacteria","k__Pseudomonadati","k__Pseudomonadati","p__Proteobacteria","Pseudomonadota","Pseudomonadota","c__Gammaproteobacteria","c__Gammaproteobacteria","c__Gammaproteobacteria","o__Pseudomonadales","o__Pseudomonadales","o__Pseudomonadales","f__Pseudomonadaceae","f__Pseudomonadaceae","f__Pseudomonadaceae","g__Pseudomonas","","g__Pseudomonas","","","As predicted",FALSE,5.28e-05,0.00528,-4.277434627,0.25,NA,0.145724164,NA,NA,FALSE,"Neutral","Late Reproductive"
"124","4869379a1d315c0d2c7b37f461d8dd21",0.000138089,3.28e-06,-8615.344795,0.684043465,-55.3948254,0.067945083,0.907745261,-17226.68959,-17211.73176,2e+06,24,13081,5e-07,2.95e-05,0.208333333,0.065441936,0.015702983,0.235098234,"d__Bacteria","d__Bacteria","d__Bacteria","k__Pseudomonadati--other","k__Pseudomonadati--other","p__Verrucomicrobiota","Verrucomicrobiota","Verrucomicrobiota","c__Verrucomicrobiae","c__Opitutia","c__Opitutia","o__Opitutales","o__Opitutales","o__Opitutales","f__Opitutaceae","f__Opitutaceae","f__Opitutaceae","g__uncultured","g__Rariglobus","g__Cephaloticoccus","s__metagenome","s__Rariglobus_sp.","As predicted",FALSE,2.95e-05,0.00295,-4.530791828,0.208333333,NA,0.157169375,NA,NA,FALSE,"Neutral","Late Reproductive"
"125","62dcd3a453dd1ac7d92386b95811e04c",0.000138089,3.28e-06,-8615.344795,0.684043465,-55.3948254,0.067945083,0.907745261,-17226.68959,-17211.73176,2e+06,24,13081,5e-07,2.31e-05,0.083333333,0.051598809,0.010609396,0.216325611,"d__Bacteria","d__Bacteria","d__Bacteria","k__Pseudomonadati","k__Pseudomonadati","p__Proteobacteria","Pseudomonadota","Pseudomonadota","c__Gammaproteobacteria","c__Gammaproteobacteria","c__Gammaproteobacteria","o__Burkholderiales","o__Burkholderiales","o__Burkholderiales","f__Comamonadaceae","f__Comamonadaceae","f__Comamonadaceae","","","","","","As predicted",FALSE,2.31e-05,0.00231,-4.637093616,0.083333333,NA,0.109202863,NA,NA,FALSE,"Neutral","Late Reproductive"
"126","6e4e1d3b5e5ec64ab6b23fbb2fb84b8a",0.000138089,3.28e-06,-8615.344795,0.684043465,-55.3948254,0.067945083,0.907745261,-17226.68959,-17211.73176,2e+06,24,13081,5e-07,9.52e-06,0.166666667,0.021625314,0.002331195,0.17292808,"d__Bacteria","d__Bacteria","d__Bacteria","k__Pseudomonadati","k__Pseudomonadati","p__Proteobacteria","Pseudomonadota","Pseudomonadota","c__Gammaproteobacteria","c__Gammaproteobacteria","c__Gammaproteobacteria","o__Burkholderiales","o__Burkholderiales","o__Burkholderiales","f__Comamonadaceae","f__Comamonadaceae","f__Comamonadaceae","","","","","","As predicted",FALSE,9.52e-06,0.000952,-5.021325037,0.166666667,NA,0.131615129,NA,NA,FALSE,"Neutral","Late Reproductive"
"127","71c3e847cedfc3f351199ee0ab079096",0.000138089,3.28e-06,-8615.344795,0.684043465,-55.3948254,0.067945083,0.907745261,-17226.68959,-17211.73176,2e+06,24,13081,5e-07,5.21e-07,0.041666667,0.001194974,8.79e-06,0.140027606,"d__Bacteria","d__Bacteria","d__Bacteria","k__Pseudomonadati","k__Pseudomonadati","p__Proteobacteria","Pseudomonadota","Pseudomonadota","c__Gammaproteobacteria","c__Gammaproteobacteria","c__Gammaproteobacteria","o__Burkholderiales","o__Burkholderiales","o__Burkholderiales","f__Oxalobacteraceae","f__Oxalobacteraceae","f__Oxalobacteraceae","","","g__Duganella","","s__Massilia_sp.","As predicted",FALSE,5.21e-07,5.21e-05,-6.283301229,0.041666667,NA,0.021670699,NA,NA,FALSE,"Neutral","Late Reproductive"
"128","7f300dd37db558444736f6b15ee90958",0.000138089,3.28e-06,-8615.344795,0.684043465,-55.3948254,0.067945083,0.907745261,-17226.68959,-17211.73176,2e+06,24,13081,5e-07,0.001596875,0.833333333,0.977619134,0.82591851,0.997519607,"d__Bacteria","d__Bacteria","d__Bacteria","k__Bacillati","k__Bacillati","p__Firmicutes","Bacillota","Bacillota","c__Bacilli","c__Bacilli","c__Bacilli","o__Paenibacillales","o__Paenibacillales","o__Paenibacillales","f__Paenibacillaceae","f__Paenibacillaceae","f__Paenibacillaceae","g__Paenibacillus","","g__Paenibacillus--other","","","As predicted",FALSE,0.001596875,0.1596875,-2.796729078,0.833333333,NA,0.295187139,NA,NA,FALSE,"Neutral","Late Reproductive"
"129","821eed576f621b5d223948afd8ffca39",0.000138089,3.28e-06,-8615.344795,0.684043465,-55.3948254,0.067945083,0.907745261,-17226.68959,-17211.73176,2e+06,24,13081,5e-07,0.000427958,0.583333333,0.629669488,0.431516725,0.792039644,"d__Bacteria","d__Bacteria","d__Bacteria","k__Pseudomonadati","k__Pseudomonadati","p__Proteobacteria","Pseudomonadota","Pseudomonadota","c__Gammaproteobacteria","c__Gammaproteobacteria","c__Gammaproteobacteria","o__Burkholderiales","o__Methylophilales","o__Methylophilales","f__Methylophilaceae","f__Methylophilaceae","f__Methylophilaceae","g__MM2","g__MM2","g__MM2","s__uncultured_bacterium","s__uncultured_bacterium","As predicted",FALSE,0.000427958,0.0427958,-3.368598512,0.583333333,NA,0.236063145,NA,NA,FALSE,"Neutral","Late Reproductive"
"130","95d08381352f71ef3bc48445f8ccab02",0.000138089,3.28e-06,-8615.344795,0.684043465,-55.3948254,0.067945083,0.907745261,-17226.68959,-17211.73176,2e+06,24,13081,5e-07,0.003044708,0.958333333,0.999399341,0.860990468,0.999997763,"d__Bacteria","d__Bacteria","d__Bacteria","k__Pseudomonadati","k__Pseudomonadati","p__Proteobacteria","Pseudomonadota","Pseudomonadota","c__Alphaproteobacteria","c__Alphaproteobacteria","c__Alphaproteobacteria","o__Sphingomonadales","o__Sphingomonadales","o__Sphingomonadales","f__Sphingomonadaceae","f__Parasphingopyxidaceae","f__Parasphingopyxidaceae","g__Novosphingobium","","g__Novosphingobium","","s__metagenome","As predicted",FALSE,0.003044708,0.3044708,-2.516454304,0.958333333,NA,0.419461778,NA,NA,FALSE,"Neutral","Late Reproductive"
"131","984919ce3c93ca2b6d54479b1c165fbb",0.000138089,3.28e-06,-8615.344795,0.684043465,-55.3948254,0.067945083,0.907745261,-17226.68959,-17211.73176,2e+06,24,13081,5e-07,0.000142042,0.333333333,0.279152928,0.140234488,0.479014649,"d__Bacteria","d__Bacteria","d__Bacteria","k__Bacillati","k__Bacillati","p__Actinobacteriota","Actinomycetota","Actinomycetota","c__Actinobacteria","c__Actinomycetes","c__Actinomycetes","o__Micrococcales","o__Cellulomonadales","o__Cellulomonadales","f__Microbacteriaceae","f__Microbacteriaceae","f__Microbacteriaceae","g__Agromyces","g__Agromyces","g__Agromyces","","","As predicted",FALSE,0.000142042,0.0142042,-3.84758424,0.333333333,NA,0.263994203,NA,NA,FALSE,"Neutral","Late Reproductive"
"132","9b4be26e7bb3a23d25e080a3bba619f6",0.000138089,3.28e-06,-8615.344795,0.684043465,-55.3948254,0.067945083,0.907745261,-17226.68959,-17211.73176,2e+06,24,13081,5e-07,0.000152563,0.833333333,0.296487824,0.152614355,0.496520968,"d__Bacteria","d__Bacteria","d__Bacteria","k__Bacillati","k__Bacillati","p__Actinobacteriota","Actinomycetota","Actinomycetota","c__Actinobacteria","c__Actinomycetes","c__Actinomycetes","o__Micrococcales","o__Micrococcales","o__Micrococcales","f__Micrococcaceae","f__Micrococcaceae","f__Micrococcaceae","g__Arthrobacter","","g__Paenarthrobacter","","s__Arthrobacter_sp.","Above prediction",TRUE,0.000152563,0.0152563,-3.816552203,0.833333333,NA,0.349711143,NA,NA,FALSE,"Above","Late Reproductive"
"133","a0977048d3b1b28329633e842908ace3",0.000138089,3.28e-06,-8615.344795,0.684043465,-55.3948254,0.067945083,0.907745261,-17226.68959,-17211.73176,2e+06,24,13081,5e-07,3.8e-05,0.291666667,0.08362216,0.023286248,0.25885854,"d__Bacteria","d__Bacteria","d__Bacteria","k__Bacillati","k__Bacillati","p__Actinobacteriota","Actinomycetota","Actinomycetota","c__Actinobacteria","c__Actinomycetes","c__Actinomycetes","o__Propionibacteriales","o__Propionibacteriales","o__Propionibacteriales","f__Nocardioidaceae","f__Nocardioidaceae","f__Nocardioidaceae","","","g__Aeromicrobium","","","Above prediction",TRUE,3.8e-05,0.0038,-4.420216403,0.291666667,NA,0.137487912,NA,NA,FALSE,"Above","Late Reproductive"
"134","a0b1f105f827e856c5fdb5f98eaecc09",0.000138089,3.28e-06,-8615.344795,0.684043465,-55.3948254,0.067945083,0.907745261,-17226.68959,-17211.73176,2e+06,24,13081,5e-07,0.00132575,0.833333333,0.956636761,0.795177299,0.992086209,"d__Bacteria","d__Bacteria","d__Bacteria","k__Pseudomonadati","k__Pseudomonadati","p__Proteobacteria","Pseudomonadota","Pseudomonadota","c__Gammaproteobacteria","c__Gammaproteobacteria","c__Gammaproteobacteria","o__Burkholderiales","o__Burkholderiales","o__Burkholderiales","f__Comamonadaceae","f__Comamonadaceae","f__Comamonadaceae","g__Variovorax","g__Variovorax","g__Variovorax","","s__Variovorax_paradoxus","As predicted",FALSE,0.00132575,0.132575,-2.877538364,0.833333333,NA,0.274147625,NA,NA,FALSE,"Neutral","Late Reproductive"
"135","b5403e3d3e7f5a219e1fbe3cceee2261",0.000138089,3.28e-06,-8615.344795,0.684043465,-55.3948254,0.067945083,0.907745261,-17226.68959,-17211.73176,2e+06,24,13081,5e-07,0.001347458,1,0.95886461,0.798337542,0.992766884,"d__Bacteria","d__Bacteria","d__Bacteria","k__Pseudomonadati","k__Pseudomonadati","p__Proteobacteria","Pseudomonadota","Pseudomonadota","c__Alphaproteobacteria","c__Alphaproteobacteria","c__Alphaproteobacteria","o__Rhizobiales","o__Hyphomicrobiales--other","o__Hyphomicrobiales--other","f__Beijerinckiaceae","f__Methylobacteriaceae","f__Methylobacteriaceae","g__Microvirga","g__Microvirga","g__Microvirga","","s__Microvirga_sp.","Above prediction",TRUE,0.001347458,0.1347458,-2.870484655,1,NA,0.405988475,NA,NA,FALSE,"Above","Late Reproductive"
"136","b8da0fd4499de258a33a89564f161140",0.000138089,3.28e-06,-8615.344795,0.684043465,-55.3948254,0.067945083,0.907745261,-17226.68959,-17211.73176,2e+06,24,13081,5e-07,4.75e-05,0.25,0.103436522,0.03249684,0.283808851,"d__Bacteria","d__Bacteria","d__Bacteria","k__Pseudomonadati--other","k__Pseudomonadati--other","p__Dependentiae","Candidatus_Babelota","Candidatus_Babelota","c__Babeliae","c__Candidatus_Babeliae","c__Candidatus_Babeliae","o__Babeliales","o__Candidatus_Babelales","o__Candidatus_Babelales","f__Vermiphilaceae","f__Candidatus_Babelaceae","f__Candidatus_Babelaceae","g__Vermiphilaceae","g__Incertae_Sedis","g__Incertae_Sedis","s__uncultured_bacterium","s__uncultured_bacterium","As predicted",FALSE,4.75e-05,0.00475,-4.32330639,0.25,NA,0.153756093,NA,NA,FALSE,"Neutral","Late Reproductive"
"137","c130baecd35f08a8f79bdfbdc0abb6c0",0.000138089,3.28e-06,-8615.344795,0.684043465,-55.3948254,0.067945083,0.907745261,-17226.68959,-17211.73176,2e+06,24,13081,5e-07,0.002125813,0.708333333,0.993936939,0.85178459,0.999786199,"d__Bacteria","d__Bacteria","d__Bacteria","k__Pseudomonadati","k__Pseudomonadati","p__Proteobacteria","Pseudomonadota","Pseudomonadota","c__Alphaproteobacteria","c__Alphaproteobacteria","c__Alphaproteobacteria","o__Rhizobiales","o__Hyphomicrobiales--other","o__Hyphomicrobiales--other","f__Rhizobiaceae","f__Rhizobiaceae","f__Rhizobiaceae","g__Allorhizobium-Neorhizobium-Pararhizobium-Rhizobium","","g__Onobrychidicola","","s__metagenome","Below prediction",FALSE,0.002125813,0.2125813,-2.672475044,0.708333333,NA,0.364608822,NA,NA,FALSE,"Below","Late Reproductive"
"138","c37e7e03a26fbfce94680b5fe323d0d7",0.000138089,3.28e-06,-8615.344795,0.684043465,-55.3948254,0.067945083,0.907745261,-17226.68959,-17211.73176,2e+06,24,13081,5e-07,0.001731688,0.916666667,0.983925372,0.83566579,0.998644582,"d__Bacteria","d__Bacteria","d__Bacteria","k__Bacillati","k__Bacillati","p__Firmicutes","Bacillota","Bacillota","c__Bacilli","c__Bacilli","c__Bacilli","o__Paenibacillales","o__Paenibacillales","o__Paenibacillales","f__Paenibacillaceae","f__Paenibacillaceae","f__Paenibacillaceae","g__Paenibacillus","g__Gordoniibacillus","g__Gordoniibacillus","","s__Paenibacillus_qinlingensis","As predicted",FALSE,0.001731688,0.1731688,-2.761530478,0.916666667,NA,0.283200809,NA,NA,FALSE,"Neutral","Late Reproductive"
"139","cbff13c5e0e10e53429fa6560040ba15",0.000138089,3.28e-06,-8615.344795,0.684043465,-55.3948254,0.067945083,0.907745261,-17226.68959,-17211.73176,2e+06,24,13081,5e-07,0.001110854,0.75,0.927060509,0.754990762,0.981281879,"d__Bacteria","d__Bacteria","d__Bacteria","k__Pseudomonadati","k__Pseudomonadati","p__Proteobacteria","Pseudomonadota","Pseudomonadota","c__Gammaproteobacteria","c__Gammaproteobacteria","c__Gammaproteobacteria","o__Burkholderiales","o__Burkholderiales","o__Burkholderiales","f__Comamonadaceae","f__Comamonadaceae","f__Comamonadaceae","","","g__Variovorax","","","Below prediction",FALSE,0.001110854,0.1110854,-2.954342952,0.75,NA,0.299400861,NA,NA,FALSE,"Below","Late Reproductive"
"140","e2db0e5adf4ec5fa415a1d890f667ab1",0.000138089,3.28e-06,-8615.344795,0.684043465,-55.3948254,0.067945083,0.907745261,-17226.68959,-17211.73176,2e+06,24,13081,5e-07,0.000768479,0.75,0.834362908,0.642637339,0.933820226,"d__Bacteria","d__Bacteria","d__Bacteria","k__Pseudomonadati","k__Pseudomonadati","p__Proteobacteria","Pseudomonadota","Pseudomonadota","c__Gammaproteobacteria","c__Gammaproteobacteria","c__Gammaproteobacteria","o__Burkholderiales","o__Burkholderiales","o__Burkholderiales","f__Burkholderiaceae","f__Oxalobacteraceae","f__Oxalobacteraceae","g__Cupriavidus","g__Cupriavidus","g__Cupriavidus","","","As predicted",FALSE,0.000768479,0.0768479,-3.114367902,0.75,NA,0.229539383,NA,NA,FALSE,"Neutral","Late Reproductive"
"141","e843797d795481112bb6f500ebb0f694",0.000138089,3.28e-06,-8615.344795,0.684043465,-55.3948254,0.067945083,0.907745261,-17226.68959,-17211.73176,2e+06,24,13081,5e-07,1.09e-05,0.083333333,0.024803814,0.002983547,0.177755614,"d__Bacteria","d__Bacteria","d__Bacteria","k__Pseudomonadati","k__Pseudomonadati","p__Proteobacteria","Pseudomonadota","Pseudomonadota","c__Alphaproteobacteria","c__Alphaproteobacteria","c__Alphaproteobacteria","o__Rhizobiales","o__Hyphomicrobiales--other","o__Hyphomicrobiales--other","f__Devosiaceae","f__Devosiaceae","f__Devosiaceae","g__Devosia","","","","","As predicted",FALSE,1.09e-05,0.00109,-4.961081934,0.083333333,NA,0.107575941,NA,NA,FALSE,"Neutral","Late Reproductive"
"142","ea1147f3c65c1b55820559bebf01bb32",0.000138089,3.28e-06,-8615.344795,0.684043465,-55.3948254,0.067945083,0.907745261,-17226.68959,-17211.73176,2e+06,24,13081,5e-07,1.09e-05,0.166666667,0.024710473,0.002963482,0.177614754,"d__Bacteria","d__Bacteria","d__Bacteria","k__Pseudomonadati","k__Pseudomonadati","p__Proteobacteria","Pseudomonadota","Pseudomonadota","c__Gammaproteobacteria","c__Gammaproteobacteria","c__Gammaproteobacteria","o__Pseudomonadales","o__Pseudomonadales","o__Pseudomonadales","f__Pseudomonadaceae","f__Pseudomonadaceae","f__Pseudomonadaceae","g__Pseudomonas","","g__Pseudomonas","","","As predicted",FALSE,1.09e-05,0.00109,-4.962739549,0.166666667,NA,0.056343784,NA,NA,FALSE,"Neutral","Late Reproductive"
"143","f6c528c217081be9871de0fc58b89408",0.000138089,3.28e-06,-8615.344795,0.684043465,-55.3948254,0.067945083,0.907745261,-17226.68959,-17211.73176,2e+06,24,13081,5e-07,0.001643417,0.791666667,0.98003263,0.829616223,0.997982875,"d__Bacteria","d__Bacteria","d__Bacteria","k__Pseudomonadati","k__Pseudomonadati","p__Proteobacteria","Pseudomonadota","Pseudomonadota","c__Gammaproteobacteria","c__Gammaproteobacteria","c__Gammaproteobacteria","o__Burkholderiales","o__Burkholderiales","o__Burkholderiales","f__Comamonadaceae","f__Comamonadaceae","f__Comamonadaceae","g__Variovorax","","","","","Below prediction",FALSE,0.001643417,0.1643417,-2.784252313,0.791666667,NA,0.387698485,NA,NA,FALSE,"Below","Late Reproductive"
"144","fc7b257064027e1bc2b6fbfb4584677d",0.000138089,3.28e-06,-8615.344795,0.684043465,-55.3948254,0.067945083,0.907745261,-17226.68959,-17211.73176,2e+06,24,13081,5e-07,0.001778979,0.833333333,0.985691916,0.838448351,0.998907627,"d__Bacteria","d__Bacteria","d__Bacteria","k__Pseudomonadati","k__Pseudomonadati","p__Proteobacteria","Pseudomonadota","Pseudomonadota","c__Gammaproteobacteria","c__Gammaproteobacteria","c__Gammaproteobacteria","o__Burkholderiales","o__Burkholderiales","o__Burkholderiales","f__Comamonadaceae","f__Comamonadaceae","f__Comamonadaceae","","","g__Piscinibacter","","s__uncultured_bacterium","Below prediction",FALSE,0.001778979,0.1778979,-2.749829138,0.833333333,NA,0.378887455,NA,NA,FALSE,"Below","Late Reproductive"
"145","0ab5cb32341e00d827fbcc3266c47b68",0.000148783,3.41e-06,-9065.798164,0.710011746,-52.05570549,0.066409564,0.898269126,-18127.59633,-18112.3225,2e+06,30,15320,5e-07,0.004411433,1,0.999991998,0.88647242,1,"d__Bacteria","d__Bacteria","d__Bacteria","k__Pseudomonadati","k__Pseudomonadati","p__Bdellovibrionota","Bdellovibrionota","Bdellovibrionota","c__Bdellovibrionia","c__Bdellovibrionia","c__Bdellovibrionia","o__Bdellovibrionales","o__Bdellovibrionales","o__Bdellovibrionales","f__Bdellovibrionaceae","f__Pseudobdellovibrionaceae","f__Pseudobdellovibrionaceae","g__Bdellovibrio","g__Bdellovibrio","g__Bdellovibrio","","s__Bdellovibrio_bacteriovorus","Above prediction",TRUE,0.004411433,0.4411433,-2.35542028,1,NA,0.477440159,NA,NA,FALSE,"Above","Seedling"
"146","194a54d3514c959141781baa536be83b",0.000148783,3.41e-06,-9065.798164,0.710011746,-52.05570549,0.066409564,0.898269126,-18127.59633,-18112.3225,2e+06,30,15320,5e-07,3.81e-05,0.333333333,0.089147875,0.029050011,0.242520178,"d__Bacteria","d__Bacteria","d__Bacteria","k__Pseudomonadati--other","k__Pseudomonadati--other","p__Verrucomicrobiota","Chlamydiota","Chlamydiota","c__Chlamydiae","c__Chlamydiia","c__Chlamydiia","o__Chlamydiales","o__Chlamydiales","o__Chlamydiales","f__Simkaniaceae","","","g__uncultured","","","s__uncultured_bacterium","","Above prediction",TRUE,3.81e-05,0.00381,-4.419645339,0.333333333,NA,0.25407379,NA,NA,FALSE,"Above","Seedling"
"147","233c60ad39befe5c50790d7f8eb9dfdc",0.000148783,3.41e-06,-9065.798164,0.710011746,-52.05570549,0.066409564,0.898269126,-18127.59633,-18112.3225,2e+06,30,15320,5e-07,0.003814733,0.966666667,0.999957711,0.886411644,0.999999986,"d__Bacteria","d__Bacteria","d__Bacteria","k__Pseudomonadati--other","k__Pseudomonadati--other","p__Verrucomicrobiota","Verrucomicrobiota","Verrucomicrobiota","c__Verrucomicrobiae","c__Verrucomicrobiia","c__Verrucomicrobiia","o__Verrucomicrobiales","o__Verrucomicrobiales","o__Verrucomicrobiales","f__Rubritaleaceae","f__Rubritaleaceae","f__Rubritaleaceae","g__Luteolibacter","g__Luteolibacter--other","g__Luteolibacter--other","","s__Luteolibacter_sp.","As predicted",FALSE,0.003814733,0.3814733,-2.418535816,0.966666667,NA,0.51377749,NA,NA,FALSE,"Neutral","Seedling"
"148","25c9aa2cb09b258e40a2294aed981c09",0.000148783,3.41e-06,-9065.798164,0.710011746,-52.05570549,0.066409564,0.898269126,-18127.59633,-18112.3225,2e+06,30,15320,5e-07,0.000174083,0.433333333,0.348760122,0.20444527,0.527410478,"d__Bacteria","d__Bacteria","d__Bacteria","k__Pseudomonadati--other","k__Pseudomonadati--other","p__Bacteroidota","Bacteroidota","Bacteroidota","c__Bacteroidia","c__Chitinophagia","c__Chitinophagia","o__Chitinophagales","o__Chitinophagales","o__Chitinophagales","f__Chitinophagaceae","f__Chitinophagaceae","f__Chitinophagaceae","g__Aurantisolimonas","g__Aurantisolimonas","g__Aurantisolimonas","s__uncultured_bacterium","s__metagenome","As predicted",FALSE,0.000174083,0.0174083,-3.759242806,0.433333333,NA,0.308941242,NA,NA,FALSE,"Neutral","Seedling"
"149","2d06e87e1549824dbfe3577168a6cb4a",0.000148783,3.41e-06,-9065.798164,0.710011746,-52.05570549,0.066409564,0.898269126,-18127.59633,-18112.3225,2e+06,30,15320,5e-07,2.35e-06,0.066666667,0.005744254,0.000236925,0.123460877,"d__Bacteria","d__Bacteria","d__Bacteria","k__Pseudomonadati--other","k__Pseudomonadati--other","p__Bacteroidota","Bacteroidota","Bacteroidota","c__Bacteroidia","c__Chitinophagia","c__Chitinophagia","o__Chitinophagales","o__Chitinophagales","o__Chitinophagales","f__Chitinophagaceae","f__Chitinophagaceae","f__Chitinophagaceae","g__uncultured","g__Incertae_Sedis","","","","As predicted",FALSE,2.35e-06,0.000235,-5.628932138,0.066666667,NA,0.062771762,NA,NA,FALSE,"Neutral","Seedling"
"150","31435291230fc022bf014e8de993e88e",0.000148783,3.41e-06,-9065.798164,0.710011746,-52.05570549,0.066409564,0.898269126,-18127.59633,-18112.3225,2e+06,30,15320,5e-07,1.63e-05,0.1,0.039068221,0.007729573,0.175050729,"d__Bacteria","d__Bacteria","d__Bacteria","k__Pseudomonadati--other","k__Pseudomonadati--other","p__Fibrobacterota","Fibrobacterota","Fibrobacterota","c__Fibrobacteria","c__Fibrobacteria","c__Fibrobacteria","o__Fibrobacterales","o__Fibrobacterales","o__Fibrobacterales","f__Fibrobacteraceae","f__Fibrobacteraceae","f__Fibrobacteraceae","g__uncultured","g__Incertae_Sedis","g__Incertae_Sedis","s__uncultured_bacterium","s__uncultured_bacterium","As predicted",FALSE,1.63e-05,0.00163,-4.789146635,0.1,NA,0.152896913,NA,NA,FALSE,"Neutral","Seedling"
"151","4e8d95347cde4d2863f6fc4e3eb6c03e",0.000148783,3.41e-06,-9065.798164,0.710011746,-52.05570549,0.066409564,0.898269126,-18127.59633,-18112.3225,2e+06,30,15320,5e-07,3.42e-05,0.366666667,0.080492711,0.024820712,0.231404102,"d__Bacteria","d__Bacteria","d__Bacteria","k__Pseudomonadati","k__Pseudomonadati","p__Proteobacteria","Pseudomonadota","Pseudomonadota","c__Gammaproteobacteria","c__Gammaproteobacteria","c__Gammaproteobacteria","o__Burkholderiales","o__Burkholderiales--other","o__Burkholderiales--other","f__SC-I-84","f__Incertae_Sedis","f__Incertae_Sedis","g__SC-I-84","g__SC-I-84","g__SC-I-84","","","Above prediction",TRUE,3.42e-05,0.00342,-4.465973894,0.366666667,NA,0.367704023,NA,NA,FALSE,"Above","Seedling"
"152","542366b915467aba70166a5c51d0d99a",0.000148783,3.41e-06,-9065.798164,0.710011746,-52.05570549,0.066409564,0.898269126,-18127.59633,-18112.3225,2e+06,30,15320,5e-07,7.48e-06,0.1,0.018180232,0.002038879,0.143707579,"d__Bacteria","d__Bacteria","d__Bacteria","k__Pseudomonadati--other","k__Pseudomonadati--other","p__Bacteroidota","Bacteroidota","Bacteroidota","c__Bacteroidia","c__Chitinophagia","c__Chitinophagia","o__Chitinophagales","o__Chitinophagales","o__Chitinophagales","f__Chitinophagaceae","f__Chitinophagaceae","f__Chitinophagaceae","g__Ferruginibacter","g__Ferruginibacter","g__Ferruginibacter","","s__metagenome","As predicted",FALSE,7.48e-06,0.000748,-5.125904909,0.1,NA,0.078553755,NA,NA,FALSE,"Neutral","Seedling"
"153","71fa7ee51309206be8a361a597f84f37",0.000148783,3.41e-06,-9065.798164,0.710011746,-52.05570549,0.066409564,0.898269126,-18127.59633,-18112.3225,2e+06,30,15320,5e-07,3.41e-05,0.133333333,0.080153877,0.024658967,0.230965103,"d__Bacteria","d__Bacteria","d__Bacteria","k__Pseudomonadati","k__Pseudomonadati","p__Proteobacteria","Pseudomonadota","Pseudomonadota","c__Gammaproteobacteria","c__Gammaproteobacteria","c__Gammaproteobacteria","o__Burkholderiales","o__Burkholderiales","o__Burkholderiales","f__Oxalobacteraceae","f__Oxalobacteraceae","f__Oxalobacteraceae","g__Massilia","","g__Telluria","","s__metagenome","As predicted",FALSE,3.41e-05,0.00341,-4.467882884,0.133333333,NA,0.150527321,NA,NA,FALSE,"Neutral","Seedling"
"154","731d9d7f7bce53a7dd5d190aabdedb5d",0.000148783,3.41e-06,-9065.798164,0.710011746,-52.05570549,0.066409564,0.898269126,-18127.59633,-18112.3225,2e+06,30,15320,5e-07,0.00281355,0.766666667,0.99933856,0.885317274,0.999996618,"d__Bacteria","d__Bacteria","d__Bacteria","k__Pseudomonadati","k__Pseudomonadati","p__Proteobacteria","Pseudomonadota","Pseudomonadota","c__Gammaproteobacteria","c__Gammaproteobacteria","c__Gammaproteobacteria","o__Burkholderiales","o__Methylophilales","o__Methylophilales","f__Methylophilaceae","f__Methylophilaceae","f__Methylophilaceae","g__Methylophilus","g__Methylophilus","g__Methylotenera--other","","","Below prediction",FALSE,0.00281355,0.281355,-2.550745363,0.766666667,NA,0.292829601,NA,NA,FALSE,"Below","Seedling"
"155","8a4f558f7acdc2d3e22afe553aba4d55",0.000148783,3.41e-06,-9065.798164,0.710011746,-52.05570549,0.066409564,0.898269126,-18127.59633,-18112.3225,2e+06,30,15320,5e-07,9.42e-06,0.133333333,0.022824455,0.003060023,0.150920517,"d__Bacteria","d__Bacteria","d__Bacteria","k__Pseudomonadati--other","k__Pseudomonadati--other","p__Bacteroidota","Bacteroidota","Bacteroidota","c__Bacteroidia","c__Chitinophagia","c__Chitinophagia","o__Chitinophagales","o__Chitinophagales","o__Chitinophagales","f__Chitinophagaceae","f__Chitinophagaceae","f__Chitinophagaceae","","","g__Incertae_Sedis","","s__soil_metagenome","As predicted",FALSE,9.42e-06,0.000942,-5.026102803,0.133333333,NA,0.146978226,NA,NA,FALSE,"Neutral","Seedling"
"156","aadec77907d123f0b759b39458eb1f67",0.000148783,3.41e-06,-9065.798164,0.710011746,-52.05570549,0.066409564,0.898269126,-18127.59633,-18112.3225,2e+06,30,15320,5e-07,6e-06,0.1,0.014602396,0.001369416,0.138033635,"d__Bacteria","d__Bacteria","d__Bacteria","k__Pseudomonadati--other","k__Pseudomonadati--other","p__Bacteroidota","Bacteroidota","Bacteroidota","c__Bacteroidia","c__Chitinophagia","c__Chitinophagia","o__Chitinophagales","o__Chitinophagales","o__Chitinophagales","f__Chitinophagaceae","f__Chitinophagaceae","f__Chitinophagaceae","g__Segetibacter","g__Aridibaculum","","s__uncultured_Chitinophagaceae","","As predicted",FALSE,6e-06,6e-04,-5.22184875,0.1,NA,0.127844057,NA,NA,FALSE,"Neutral","Seedling"
"157","ae722faca607d8e908f3d8ee654c5b91",0.000148783,3.41e-06,-9065.798164,0.710011746,-52.05570549,0.066409564,0.898269126,-18127.59633,-18112.3225,2e+06,30,15320,5e-07,6.45e-05,0.3,0.146566542,0.060954641,0.312417304,"d__Bacteria","d__Bacteria","d__Bacteria","k__Pseudomonadati","k__Pseudomonadati","p__Proteobacteria","Pseudomonadota","Pseudomonadota","c__Gammaproteobacteria","c__Gammaproteobacteria","c__Gammaproteobacteria","o__Burkholderiales","o__Burkholderiales","o__Burkholderiales","f__Oxalobacteraceae","f__Oxalobacteraceae","f__Oxalobacteraceae","g__Duganella","","g__Duganella","","","As predicted",FALSE,6.45e-05,0.00645,-4.190215902,0.3,NA,0.221403774,NA,NA,FALSE,"Neutral","Seedling"
"158","ae9c53c962a24f0114331826aa76a3ea",0.000148783,3.41e-06,-9065.798164,0.710011746,-52.05570549,0.066409564,0.898269126,-18127.59633,-18112.3225,2e+06,30,15320,5e-07,4.88e-06,0.133333333,0.011900579,0.00093921,0.133673591,"d__Bacteria","d__Bacteria","d__Bacteria","k__Pseudomonadati--other","k__Pseudomonadati--other","p__Planctomycetota","Planctomycetota","Planctomycetota","c__Phycisphaerae","c__Phycisphaerae","c__Phycisphaerae","o__mle1-8","o__Sedimentisphaerales","o__Sedimentisphaerales","f__mle1-8","f__Incertae_Sedis","f__Incertae_Sedis","g__mle1-8","g__Incertae_Sedis","g__Incertae_Sedis","s__uncultured_bacterium","s__uncultured_bacterium","As predicted",FALSE,4.88e-06,0.000488,-5.31128363,0.133333333,NA,0.121201018,NA,NA,FALSE,"Neutral","Seedling"
"159","bb0aedec2dd0c49296f91fdb068dc100",0.000148783,3.41e-06,-9065.798164,0.710011746,-52.05570549,0.066409564,0.898269126,-18127.59633,-18112.3225,2e+06,30,15320,5e-07,4.13e-06,0.133333333,0.010081869,0.000689418,0.130698859,"d__Bacteria","d__Bacteria","d__Bacteria","k__Pseudomonadati--other","k__Pseudomonadati--other","p__Bacteroidota","Bacteroidota","Bacteroidota","c__Bacteroidia","c__Chitinophagia","c__Chitinophagia","o__Chitinophagales","o__Chitinophagales","o__Chitinophagales","f__Chitinophagaceae","f__Chitinophagaceae","f__Chitinophagaceae","g__Lacibacter","g__Lacibacter","g__Lacibacter","s__uncultured_bacterium","s__Lacibacter_sp.","Above prediction",TRUE,4.13e-06,0.000413,-5.38369957,0.133333333,NA,0.082452924,NA,NA,FALSE,"Above","Seedling"
"160","bfd0c6033a677c2648b7f643dff94605",0.000148783,3.41e-06,-9065.798164,0.710011746,-52.05570549,0.066409564,0.898269126,-18127.59633,-18112.3225,2e+06,30,15320,5e-07,5.92e-06,0.1,0.014401017,0.001335027,0.137710985,"d__Bacteria","d__Bacteria","d__Bacteria","k__Pseudomonadati--other","k__Pseudomonadati--other","p__Bacteroidota","Chlorobiota","Chlorobiota","c__SJA-28","c__Ignavibacteria--other","c__Ignavibacteria--other","o__SJA-28","o__Candidatus_Tepidaquicellales","o__Candidatus_Tepidaquicellales","f__SJA-28","f__Candidatus_Tepidaquicellaceae","f__Candidatus_Tepidaquicellaceae","g__SJA-28","g__Candidatus_Tepidaquicella","g__Candidatus_Tepidaquicella","s__uncultured_Ignavibacterium","s__uncultured_Ignavibacterium","As predicted",FALSE,5.92e-06,0.000592,-5.227922897,0.1,NA,0.055194992,NA,NA,FALSE,"Neutral","Seedling"
"161","ce13c9937bcc31fbb83e7c674ebbc49c",0.000148783,3.41e-06,-9065.798164,0.710011746,-52.05570549,0.066409564,0.898269126,-18127.59633,-18112.3225,2e+06,30,15320,5e-07,0.000251883,0.633333333,0.463073917,0.299214523,0.635316521,"d__Bacteria","d__Bacteria","d__Bacteria","k__Pseudomonadati--other","k__Pseudomonadati--other","p__Spirochaetota","Spirochaetota","Spirochaetota","c__Leptospirae","c__Spirochaetia","c__Spirochaetia","o__Leptospirales","o__Leptospirales","o__Leptospirales","f__Leptospiraceae","f__Leptospiraceae","f__Leptospiraceae","g__Turneriella","g__Turneriella","g__Turneriella","s__metagenome","s__Nitrospira_sp.","As predicted",FALSE,0.000251883,0.0251883,-3.598800568,0.633333333,NA,0.359797743,NA,NA,FALSE,"Neutral","Seedling"
"162","d8dc5ac29e139922d89aa75a26d332dc",0.000148783,3.41e-06,-9065.798164,0.710011746,-52.05570549,0.066409564,0.898269126,-18127.59633,-18112.3225,2e+06,30,15320,5e-07,1.41e-05,0.166666667,0.033986,0.006107117,0.167662544,"d__Bacteria","d__Bacteria","d__Bacteria","k__Pseudomonadati--other","k__Pseudomonadati--other","p__Verrucomicrobiota","Verrucomicrobiota","Verrucomicrobiota","c__Verrucomicrobiae","c__Verrucomicrobiia","c__Verrucomicrobiia","o__Verrucomicrobiales","o__Verrucomicrobiales","o__Verrucomicrobiales","f__Rubritaleaceae","f__Rubritaleaceae","f__Rubritaleaceae","g__Luteolibacter","g__Luteolibacter--other","g__Luteolibacter--other","","","As predicted",FALSE,1.41e-05,0.00141,-4.850780887,0.166666667,NA,0.138656634,NA,NA,FALSE,"Neutral","Seedling"
"163","e72e3f718f18cdb58c2d6d03483c22d4",0.000148783,3.41e-06,-9065.798164,0.710011746,-52.05570549,0.066409564,0.898269126,-18127.59633,-18112.3225,2e+06,30,15320,5e-07,6.62e-05,0.333333333,0.150094227,0.063092888,0.316533549,"d__Bacteria","d__Bacteria","d__Bacteria","k__Pseudomonadati--other","k__Pseudomonadati--other","p__Bacteroidota","Bacteroidota","Bacteroidota","c__Bacteroidia","c__Chitinophagia","c__Chitinophagia","o__Chitinophagales","o__Chitinophagales","o__Chitinophagales","f__Chitinophagaceae","f__Chitinophagaceae","f__Chitinophagaceae","g__Segetibacter","g__Aridibaculum","","s__uncultured_Chitinophagaceae","","Above prediction",TRUE,6.62e-05,0.00662,-4.179032685,0.333333333,NA,0.339205644,NA,NA,FALSE,"Above","Seedling"
"164","ecdf0200cd32e230808ab657134fbfb3",0.000148783,3.41e-06,-9065.798164,0.710011746,-52.05570549,0.066409564,0.898269126,-18127.59633,-18112.3225,2e+06,30,15320,5e-07,0.001830133,0.966666667,0.990745735,0.870666051,0.999412993,"d__Bacteria","d__Bacteria","d__Bacteria","k__Pseudomonadati--other","k__Pseudomonadati--other","p__Bacteroidota","Bacteroidota","Bacteroidota","c__Bacteroidia","c__Cytophagia","c__Cytophagia","o__Cytophagales","o__Cytophagales","o__Cytophagales","f__Spirosomaceae","f__Spirosomataceae","f__Spirosomataceae","g__Emticicia","g__Emticicia","g__Emticicia","","","As predicted",FALSE,0.001830133,0.1830133,-2.737517269,0.966666667,NA,0.488238211,NA,NA,FALSE,"Neutral","Seedling"
"165","fc8565afdae893c3381e1dffd557d696",0.000148783,3.41e-06,-9065.798164,0.710011746,-52.05570549,0.066409564,0.898269126,-18127.59633,-18112.3225,2e+06,30,15320,5e-07,1.56e-05,0.266666667,0.037495136,0.007213295,0.17277797,"d__Bacteria","d__Bacteria","d__Bacteria","k__Pseudomonadati--other","k__Pseudomonadati--other","p__Verrucomicrobiota","Verrucomicrobiota","Verrucomicrobiota","c__Verrucomicrobiae","c__Verrucomicrobiia","c__Verrucomicrobiia","o__Verrucomicrobiales","o__Verrucomicrobiales","o__Verrucomicrobiales","f__Rubritaleaceae","f__Rubritaleaceae","f__Rubritaleaceae","g__Luteolibacter","g__Luteolibacter--other","g__Luteolibacter--other","","","Above prediction",TRUE,1.56e-05,0.00156,-4.80733964,0.266666667,NA,0.203492943,NA,NA,FALSE,"Above","Seedling"
"166","fdf2370fc41547ac42d5e53ffe0ee590",0.000148783,3.41e-06,-9065.798164,0.710011746,-52.05570549,0.066409564,0.898269126,-18127.59633,-18112.3225,2e+06,30,15320,5e-07,3.1e-05,0.3,0.073161891,0.0213898,0.221837665,"d__Bacteria","d__Bacteria","d__Bacteria","k__Pseudomonadati","k__Pseudomonadati","p__NB1-j","NB1-j","NB1-j","c__NB1-j","c__Incertae_Sedis","c__Incertae_Sedis","o__NB1-j","o__Incertae_Sedis","o__Incertae_Sedis","f__NB1-j","f__Incertae_Sedis","f__Incertae_Sedis","g__NB1-j","g__Incertae_Sedis","g__Incertae_Sedis","s__uncultured_bacterium","","Above prediction",TRUE,3.1e-05,0.0031,-4.509105541,0.3,NA,0.156000394,NA,NA,FALSE,"Above","Seedling"
"167","0ab5cb32341e00d827fbcc3266c47b68",0.000204404,4.25e-06,-7779.134284,0.753947962,-42.49479358,0.068200242,0.906757321,-15554.26857,-15539.12277,2e+06,24,14370,5e-07,0.007695438,1,1,0.862023795,1,"d__Bacteria","d__Bacteria","d__Bacteria","k__Pseudomonadati","k__Pseudomonadati","p__Bdellovibrionota","Bdellovibrionota","Bdellovibrionota","c__Bdellovibrionia","c__Bdellovibrionia","c__Bdellovibrionia","o__Bdellovibrionales","o__Bdellovibrionales","o__Bdellovibrionales","f__Bdellovibrionaceae","f__Pseudobdellovibrionaceae","f__Pseudobdellovibrionaceae","g__Bdellovibrio","g__Bdellovibrio","g__Bdellovibrio","","s__Bdellovibrio_bacteriovorus","Above prediction",TRUE,0.007695438,0.7695438,-2.113766685,1,"early_vegetative",0.631,0.001,"***",TRUE,"Above","Early Vegetative"
"168","194a54d3514c959141781baa536be83b",0.000204404,4.25e-06,-7779.134284,0.753947962,-42.49479358,0.068200242,0.906757321,-15554.26857,-15539.12277,2e+06,24,14370,5e-07,8.21e-05,0.541666667,0.234018875,0.109226103,0.432209779,"d__Bacteria","d__Bacteria","d__Bacteria","k__Pseudomonadati--other","k__Pseudomonadati--other","p__Verrucomicrobiota","Chlamydiota","Chlamydiota","c__Chlamydiae","c__Chlamydiia","c__Chlamydiia","o__Chlamydiales","o__Chlamydiales","o__Chlamydiales","f__Simkaniaceae","","","g__uncultured","","","s__uncultured_bacterium","","Above prediction",TRUE,8.21e-05,0.00821,-4.085855257,0.541666667,"early_vegetative",0.476,0.003,"**",TRUE,"Above","Early Vegetative"
"169","233c60ad39befe5c50790d7f8eb9dfdc",0.000204404,4.25e-06,-7779.134284,0.753947962,-42.49479358,0.068200242,0.906757321,-15554.26857,-15539.12277,2e+06,24,14370,5e-07,0.00432425,1,0.999999817,0.86202348,1,"d__Bacteria","d__Bacteria","d__Bacteria","k__Pseudomonadati--other","k__Pseudomonadati--other","p__Verrucomicrobiota","Verrucomicrobiota","Verrucomicrobiota","c__Verrucomicrobiae","c__Verrucomicrobiia","c__Verrucomicrobiia","o__Verrucomicrobiales","o__Verrucomicrobiales","o__Verrucomicrobiales","f__Rubritaleaceae","f__Rubritaleaceae","f__Rubritaleaceae","g__Luteolibacter","g__Luteolibacter--other","g__Luteolibacter--other","","s__Luteolibacter_sp.","Above prediction",TRUE,0.00432425,0.432425,-2.364089206,1,"early_vegetative",0.556,0.001,"***",TRUE,"Above","Early Vegetative"
"170","25c9aa2cb09b258e40a2294aed981c09",0.000204404,4.25e-06,-7779.134284,0.753947962,-42.49479358,0.068200242,0.906757321,-15554.26857,-15539.12277,2e+06,24,14370,5e-07,0.000244271,0.75,0.550081938,0.35825095,0.728092694,"d__Bacteria","d__Bacteria","d__Bacteria","k__Pseudomonadati--other","k__Pseudomonadati--other","p__Bacteroidota","Bacteroidota","Bacteroidota","c__Bacteroidia","c__Chitinophagia","c__Chitinophagia","o__Chitinophagales","o__Chitinophagales","o__Chitinophagales","f__Chitinophagaceae","f__Chitinophagaceae","f__Chitinophagaceae","g__Aurantisolimonas","g__Aurantisolimonas","g__Aurantisolimonas","s__uncultured_bacterium","s__metagenome","Above prediction",TRUE,0.000244271,0.0244271,-3.612128386,0.75,"early_vegetative",0.481,0.023,"*",TRUE,"Above","Early Vegetative"
"171","2d06e87e1549824dbfe3577168a6cb4a",0.000204404,4.25e-06,-7779.134284,0.753947962,-42.49479358,0.068200242,0.906757321,-15554.26857,-15539.12277,2e+06,24,14370,5e-07,1.94e-05,0.375,0.060913393,0.013965473,0.22902832,"d__Bacteria","d__Bacteria","d__Bacteria","k__Pseudomonadati--other","k__Pseudomonadati--other","p__Bacteroidota","Bacteroidota","Bacteroidota","c__Bacteroidia","c__Chitinophagia","c__Chitinophagia","o__Chitinophagales","o__Chitinophagales","o__Chitinophagales","f__Chitinophagaceae","f__Chitinophagaceae","f__Chitinophagaceae","g__uncultured","g__Incertae_Sedis","","","","Above prediction",TRUE,1.94e-05,0.00194,-4.712291556,0.375,"early_vegetative",0.428,0.01,"**",TRUE,"Above","Early Vegetative"
"172","31435291230fc022bf014e8de993e88e",0.000204404,4.25e-06,-7779.134284,0.753947962,-42.49479358,0.068200242,0.906757321,-15554.26857,-15539.12277,2e+06,24,14370,5e-07,3.6e-05,0.333333333,0.110054872,0.035762142,0.2919539,"d__Bacteria","d__Bacteria","d__Bacteria","k__Pseudomonadati--other","k__Pseudomonadati--other","p__Fibrobacterota","Fibrobacterota","Fibrobacterota","c__Fibrobacteria","c__Fibrobacteria","c__Fibrobacteria","o__Fibrobacterales","o__Fibrobacterales","o__Fibrobacterales","f__Fibrobacteraceae","f__Fibrobacteraceae","f__Fibrobacteraceae","g__uncultured","g__Incertae_Sedis","g__Incertae_Sedis","s__uncultured_bacterium","s__uncultured_bacterium","Above prediction",TRUE,3.6e-05,0.0036,-4.444200446,0.333333333,"early_vegetative",0.415,0.009,"**",TRUE,"Above","Early Vegetative"
"173","4779015380aff50982d3ab653b9bcd6f",0.000204404,4.25e-06,-7779.134284,0.753947962,-42.49479358,0.068200242,0.906757321,-15554.26857,-15539.12277,2e+06,24,14370,5e-07,1.19e-05,0.208333333,0.03780044,0.006255891,0.196890072,"d__Bacteria","d__Bacteria","d__Bacteria","k__Bacillati","k__Bacillati","p__Chloroflexi","Chloroflexota--other","Chloroflexota--other","c__Anaerolineae","c__Anaerolineae","c__Anaerolineae","o__SBR1031","","o__Aggregatilineales--other","f__SBR1031","","f__Incertae_Sedis","g__SBR1031","","g__Incertae_Sedis","s__uncultured_bacterium","s__sediment_metagenome","Above prediction",TRUE,1.19e-05,0.00119,-4.924605129,0.208333333,"early_vegetative",0.406,0.002,"**",TRUE,"Above","Early Vegetative"
"174","4e8d95347cde4d2863f6fc4e3eb6c03e",0.000204404,4.25e-06,-7779.134284,0.753947962,-42.49479358,0.068200242,0.906757321,-15554.26857,-15539.12277,2e+06,24,14370,5e-07,3.8e-05,0.375,0.115816626,0.038674641,0.298974939,"d__Bacteria","d__Bacteria","d__Bacteria","k__Pseudomonadati","k__Pseudomonadati","p__Proteobacteria","Pseudomonadota","Pseudomonadota","c__Gammaproteobacteria","c__Gammaproteobacteria","c__Gammaproteobacteria","o__Burkholderiales","o__Burkholderiales--other","o__Burkholderiales--other","f__SC-I-84","f__Incertae_Sedis","f__Incertae_Sedis","g__SC-I-84","g__SC-I-84","g__SC-I-84","","","Above prediction",TRUE,3.8e-05,0.0038,-4.420692865,0.375,"early_vegetative",0.392,0.043,"*",TRUE,"Above","Early Vegetative"
"175","542366b915467aba70166a5c51d0d99a",0.000204404,4.25e-06,-7779.134284,0.753947962,-42.49479358,0.068200242,0.906757321,-15554.26857,-15539.12277,2e+06,24,14370,5e-07,5.22e-05,0.625,0.155772577,0.060436763,0.346098777,"d__Bacteria","d__Bacteria","d__Bacteria","k__Pseudomonadati--other","k__Pseudomonadati--other","p__Bacteroidota","Bacteroidota","Bacteroidota","c__Bacteroidia","c__Chitinophagia","c__Chitinophagia","o__Chitinophagales","o__Chitinophagales","o__Chitinophagales","f__Chitinophagaceae","f__Chitinophagaceae","f__Chitinophagaceae","g__Ferruginibacter","g__Ferruginibacter","g__Ferruginibacter","","s__metagenome","Above prediction",TRUE,5.22e-05,0.00522,-4.282433507,0.625,"early_vegetative",0.519,0.002,"**",TRUE,"Above","Early Vegetative"
"176","71fa7ee51309206be8a361a597f84f37",0.000204404,4.25e-06,-7779.134284,0.753947962,-42.49479358,0.068200242,0.906757321,-15554.26857,-15539.12277,2e+06,24,14370,5e-07,9.94e-05,0.583333333,0.276125823,0.138098343,0.475931922,"d__Bacteria","d__Bacteria","d__Bacteria","k__Pseudomonadati","k__Pseudomonadati","p__Proteobacteria","Pseudomonadota","Pseudomonadota","c__Gammaproteobacteria","c__Gammaproteobacteria","c__Gammaproteobacteria","o__Burkholderiales","o__Burkholderiales","o__Burkholderiales","f__Oxalobacteraceae","f__Oxalobacteraceae","f__Oxalobacteraceae","g__Massilia","","g__Telluria","","s__metagenome","Above prediction",TRUE,9.94e-05,0.00994,-4.002631821,0.583333333,"early_vegetative",0.538,0.001,"***",TRUE,"Above","Early Vegetative"
"177","731d9d7f7bce53a7dd5d190aabdedb5d",0.000204404,4.25e-06,-7779.134284,0.753947962,-42.49479358,0.068200242,0.906757321,-15554.26857,-15539.12277,2e+06,24,14370,5e-07,0.007446333,1,1,0.862023795,1,"d__Bacteria","d__Bacteria","d__Bacteria","k__Pseudomonadati","k__Pseudomonadati","p__Proteobacteria","Pseudomonadota","Pseudomonadota","c__Gammaproteobacteria","c__Gammaproteobacteria","c__Gammaproteobacteria","o__Burkholderiales","o__Methylophilales","o__Methylophilales","f__Methylophilaceae","f__Methylophilaceae","f__Methylophilaceae","g__Methylophilus","g__Methylophilus","g__Methylotenera--other","","","Above prediction",TRUE,0.007446333,0.7446333,-2.128057527,1,"early_vegetative",0.544,0.017,"*",TRUE,"Above","Early Vegetative"
"178","8a4f558f7acdc2d3e22afe553aba4d55",0.000204404,4.25e-06,-7779.134284,0.753947962,-42.49479358,0.068200242,0.906757321,-15554.26857,-15539.12277,2e+06,24,14370,5e-07,2.43e-05,0.375,0.075708312,0.019872653,0.248628284,"d__Bacteria","d__Bacteria","d__Bacteria","k__Pseudomonadati--other","k__Pseudomonadati--other","p__Bacteroidota","Bacteroidota","Bacteroidota","c__Bacteroidia","c__Chitinophagia","c__Chitinophagia","o__Chitinophagales","o__Chitinophagales","o__Chitinophagales","f__Chitinophagaceae","f__Chitinophagaceae","f__Chitinophagaceae","","","g__Incertae_Sedis","","s__soil_metagenome","Above prediction",TRUE,2.43e-05,0.00243,-4.614542687,0.375,"early_vegetative",0.396,0.038,"*",TRUE,"Above","Early Vegetative"
"179","945d0878c3e150318580a1eb58e9ed91",0.000204404,4.25e-06,-7779.134284,0.753947962,-42.49479358,0.068200242,0.906757321,-15554.26857,-15539.12277,2e+06,24,14370,5e-07,3.92e-06,0.166666667,0.012602632,0.00086194,0.158841802,"d__Bacteria","d__Bacteria","d__Bacteria","k__Pseudomonadati","k__Pseudomonadati","p__Proteobacteria","Pseudomonadota","Pseudomonadota","c__Gammaproteobacteria","c__Gammaproteobacteria","c__Gammaproteobacteria","o__Diplorickettsiales","o__Diplorickettsiales","o__Diplorickettsiales","f__Diplorickettsiaceae","f__Incertae_Sedis","f__Incertae_Sedis","g__uncultured","g__Incertae_Sedis","g__Incertae_Sedis","s__uncultured_bacterium","s__uncultured_bacterium","Above prediction",TRUE,3.92e-06,0.000392,-5.407083388,0.166666667,"early_vegetative",0.329,0.038,"*",TRUE,"Above","Early Vegetative"
"180","9ff31e8cdf9ccd6d907cd3118df1a014",0.000204404,4.25e-06,-7779.134284,0.753947962,-42.49479358,0.068200242,0.906757321,-15554.26857,-15539.12277,2e+06,24,14370,5e-07,1.44e-05,0.208333333,0.045630109,0.008628289,0.208016394,"d__Bacteria","d__Bacteria","d__Bacteria","k__Pseudomonadati--other","k__Pseudomonadati--other","p__Planctomycetota","Planctomycetota","Planctomycetota","c__Phycisphaerae","c__Phycisphaerae","c__Phycisphaerae","o__Phycisphaerales","o__Phycisphaerales","o__Phycisphaerales","f__Phycisphaeraceae","f__Phycisphaeraceae","f__Phycisphaeraceae","g__AKYG587","g__AKYG587","g__AKYG587","s__uncultured_bacterium","s__uncultured_bacterium","Above prediction",TRUE,1.44e-05,0.00144,-4.841135143,0.208333333,"early_vegetative",0.412,0.004,"**",TRUE,"Above","Early Vegetative"
"181","aadec77907d123f0b759b39458eb1f67",0.000204404,4.25e-06,-7779.134284,0.753947962,-42.49479358,0.068200242,0.906757321,-15554.26857,-15539.12277,2e+06,24,14370,5e-07,1.9e-05,0.333333333,0.059770701,0.013537578,0.22748616,"d__Bacteria","d__Bacteria","d__Bacteria","k__Pseudomonadati--other","k__Pseudomonadati--other","p__Bacteroidota","Bacteroidota","Bacteroidota","c__Bacteroidia","c__Chitinophagia","c__Chitinophagia","o__Chitinophagales","o__Chitinophagales","o__Chitinophagales","f__Chitinophagaceae","f__Chitinophagaceae","f__Chitinophagaceae","g__Segetibacter","g__Aridibaculum","","s__uncultured_Chitinophagaceae","","Above prediction",TRUE,1.9e-05,0.0019,-4.72077046,0.333333333,"early_vegetative",0.416,0.007,"**",TRUE,"Above","Early Vegetative"
"182","ae722faca607d8e908f3d8ee654c5b91",0.000204404,4.25e-06,-7779.134284,0.753947962,-42.49479358,0.068200242,0.906757321,-15554.26857,-15539.12277,2e+06,24,14370,5e-07,0.000148313,0.666666667,0.38314321,0.217966138,0.580567195,"d__Bacteria","d__Bacteria","d__Bacteria","k__Pseudomonadati","k__Pseudomonadati","p__Proteobacteria","Pseudomonadota","Pseudomonadota","c__Gammaproteobacteria","c__Gammaproteobacteria","c__Gammaproteobacteria","o__Burkholderiales","o__Burkholderiales","o__Burkholderiales","f__Oxalobacteraceae","f__Oxalobacteraceae","f__Oxalobacteraceae","g__Duganella","","g__Duganella","","","Above prediction",TRUE,0.000148313,0.0148313,-3.828822244,0.666666667,"early_vegetative",0.5,0.006,"**",TRUE,"Above","Early Vegetative"
"183","ae9c53c962a24f0114331826aa76a3ea",0.000204404,4.25e-06,-7779.134284,0.753947962,-42.49479358,0.068200242,0.906757321,-15554.26857,-15539.12277,2e+06,24,14370,5e-07,1.93e-05,0.333333333,0.060532646,0.013822416,0.228514952,"d__Bacteria","d__Bacteria","d__Bacteria","k__Pseudomonadati--other","k__Pseudomonadati--other","p__Planctomycetota","Planctomycetota","Planctomycetota","c__Phycisphaerae","c__Phycisphaerae","c__Phycisphaerae","o__mle1-8","o__Sedimentisphaerales","o__Sedimentisphaerales","f__mle1-8","f__Incertae_Sedis","f__Incertae_Sedis","g__mle1-8","g__Incertae_Sedis","g__Incertae_Sedis","s__uncultured_bacterium","s__uncultured_bacterium","Above prediction",TRUE,1.93e-05,0.00193,-4.715099505,0.333333333,"early_vegetative",0.381,0.04,"*",TRUE,"Above","Early Vegetative"
"184","bb0aedec2dd0c49296f91fdb068dc100",0.000204404,4.25e-06,-7779.134284,0.753947962,-42.49479358,0.068200242,0.906757321,-15554.26857,-15539.12277,2e+06,24,14370,5e-07,4.32e-05,0.416666667,0.130651127,0.046451129,0.316773837,"d__Bacteria","d__Bacteria","d__Bacteria","k__Pseudomonadati--other","k__Pseudomonadati--other","p__Bacteroidota","Bacteroidota","Bacteroidota","c__Bacteroidia","c__Chitinophagia","c__Chitinophagia","o__Chitinophagales","o__Chitinophagales","o__Chitinophagales","f__Chitinophagaceae","f__Chitinophagaceae","f__Chitinophagaceae","g__Lacibacter","g__Lacibacter","g__Lacibacter","s__uncultured_bacterium","s__Lacibacter_sp.","Above prediction",TRUE,4.32e-05,0.00432,-4.364851486,0.416666667,"early_vegetative",0.471,0.008,"**",TRUE,"Above","Early Vegetative"
"185","bfd0c6033a677c2648b7f643dff94605",0.000204404,4.25e-06,-7779.134284,0.753947962,-42.49479358,0.068200242,0.906757321,-15554.26857,-15539.12277,2e+06,24,14370,5e-07,6.09e-05,0.583333333,0.179407436,0.074411649,0.372871513,"d__Bacteria","d__Bacteria","d__Bacteria","k__Pseudomonadati--other","k__Pseudomonadati--other","p__Bacteroidota","Chlorobiota","Chlorobiota","c__SJA-28","c__Ignavibacteria--other","c__Ignavibacteria--other","o__SJA-28","o__Candidatus_Tepidaquicellales","o__Candidatus_Tepidaquicellales","f__SJA-28","f__Candidatus_Tepidaquicellaceae","f__Candidatus_Tepidaquicellaceae","g__SJA-28","g__Candidatus_Tepidaquicella","g__Candidatus_Tepidaquicella","s__uncultured_Ignavibacterium","s__uncultured_Ignavibacterium","Above prediction",TRUE,6.09e-05,0.00609,-4.215263869,0.583333333,"early_vegetative",0.428,0.044,"*",TRUE,"Above","Early Vegetative"
"186","ce13c9937bcc31fbb83e7c674ebbc49c",0.000204404,4.25e-06,-7779.134284,0.753947962,-42.49479358,0.068200242,0.906757321,-15554.26857,-15539.12277,2e+06,24,14370,5e-07,0.000383625,0.916666667,0.71659561,0.516668815,0.856752324,"d__Bacteria","d__Bacteria","d__Bacteria","k__Pseudomonadati--other","k__Pseudomonadati--other","p__Spirochaetota","Spirochaetota","Spirochaetota","c__Leptospirae","c__Spirochaetia","c__Spirochaetia","o__Leptospirales","o__Leptospirales","o__Leptospirales","f__Leptospiraceae","f__Leptospiraceae","f__Leptospiraceae","g__Turneriella","g__Turneriella","g__Turneriella","s__metagenome","s__Nitrospira_sp.","Above prediction",TRUE,0.000383625,0.0383625,-3.416093099,0.916666667,"early_vegetative",0.534,0.006,"**",TRUE,"Above","Early Vegetative"
"187","d8dc5ac29e139922d89aa75a26d332dc",0.000204404,4.25e-06,-7779.134284,0.753947962,-42.49479358,0.068200242,0.906757321,-15554.26857,-15539.12277,2e+06,24,14370,5e-07,3.9e-05,0.708333333,0.118683855,0.040147198,0.302445621,"d__Bacteria","d__Bacteria","d__Bacteria","k__Pseudomonadati--other","k__Pseudomonadati--other","p__Verrucomicrobiota","Verrucomicrobiota","Verrucomicrobiota","c__Verrucomicrobiae","c__Verrucomicrobiia","c__Verrucomicrobiia","o__Verrucomicrobiales","o__Verrucomicrobiales","o__Verrucomicrobiales","f__Rubritaleaceae","f__Rubritaleaceae","f__Rubritaleaceae","g__Luteolibacter","g__Luteolibacter--other","g__Luteolibacter--other","","","Above prediction",TRUE,3.9e-05,0.0039,-4.409399631,0.708333333,"early_vegetative",0.475,0.007,"**",TRUE,"Above","Early Vegetative"
"188","e72e3f718f18cdb58c2d6d03483c22d4",0.000204404,4.25e-06,-7779.134284,0.753947962,-42.49479358,0.068200242,0.906757321,-15554.26857,-15539.12277,2e+06,24,14370,5e-07,9.2e-05,0.458333333,0.258342371,0.125708821,0.457661926,"d__Bacteria","d__Bacteria","d__Bacteria","k__Pseudomonadati--other","k__Pseudomonadati--other","p__Bacteroidota","Bacteroidota","Bacteroidota","c__Bacteroidia","c__Chitinophagia","c__Chitinophagia","o__Chitinophagales","o__Chitinophagales","o__Chitinophagales","f__Chitinophagaceae","f__Chitinophagaceae","f__Chitinophagaceae","g__Segetibacter","g__Aridibaculum","","s__uncultured_Chitinophagaceae","","Above prediction",TRUE,9.2e-05,0.0092,-4.036408909,0.458333333,"early_vegetative",0.469,0.002,"**",TRUE,"Above","Early Vegetative"
"189","ecdf0200cd32e230808ab657134fbfb3",0.000204404,4.25e-06,-7779.134284,0.753947962,-42.49479358,0.068200242,0.906757321,-15554.26857,-15539.12277,2e+06,24,14370,5e-07,0.002221354,1,0.999538433,0.861229355,0.999998677,"d__Bacteria","d__Bacteria","d__Bacteria","k__Pseudomonadati--other","k__Pseudomonadati--other","p__Bacteroidota","Bacteroidota","Bacteroidota","c__Bacteroidia","c__Cytophagia","c__Cytophagia","o__Cytophagales","o__Cytophagales","o__Cytophagales","f__Spirosomaceae","f__Spirosomataceae","f__Spirosomataceae","g__Emticicia","g__Emticicia","g__Emticicia","","","Above prediction",TRUE,0.002221354,0.2221354,-2.653382193,1,"early_vegetative",0.547,0.007,"**",TRUE,"Above","Early Vegetative"
"190","fc8565afdae893c3381e1dffd557d696",0.000204404,4.25e-06,-7779.134284,0.753947962,-42.49479358,0.068200242,0.906757321,-15554.26857,-15539.12277,2e+06,24,14370,5e-07,4.29e-05,0.541666667,0.129826845,0.04600905,0.315794814,"d__Bacteria","d__Bacteria","d__Bacteria","k__Pseudomonadati--other","k__Pseudomonadati--other","p__Verrucomicrobiota","Verrucomicrobiota","Verrucomicrobiota","c__Verrucomicrobiae","c__Verrucomicrobiia","c__Verrucomicrobiia","o__Verrucomicrobiales","o__Verrucomicrobiales","o__Verrucomicrobiales","f__Rubritaleaceae","f__Rubritaleaceae","f__Rubritaleaceae","g__Luteolibacter","g__Luteolibacter--other","g__Luteolibacter--other","","","Above prediction",TRUE,4.29e-05,0.00429,-4.367795867,0.541666667,"early_vegetative",0.481,0.008,"**",TRUE,"Above","Early Vegetative"
"191","fdf2370fc41547ac42d5e53ffe0ee590",0.000204404,4.25e-06,-7779.134284,0.753947962,-42.49479358,0.068200242,0.906757321,-15554.26857,-15539.12277,2e+06,24,14370,5e-07,0.000123854,0.666666667,0.331722251,0.178514914,0.531366239,"d__Bacteria","d__Bacteria","d__Bacteria","k__Pseudomonadati","k__Pseudomonadati","p__NB1-j","NB1-j","NB1-j","c__NB1-j","c__Incertae_Sedis","c__Incertae_Sedis","o__NB1-j","o__Incertae_Sedis","o__Incertae_Sedis","f__NB1-j","f__Incertae_Sedis","f__Incertae_Sedis","g__NB1-j","g__Incertae_Sedis","g__Incertae_Sedis","s__uncultured_bacterium","","Above prediction",TRUE,0.000123854,0.0123854,-3.907089378,0.666666667,"early_vegetative",0.465,0.037,"*",TRUE,"Above","Early Vegetative"
"192","0ab5cb32341e00d827fbcc3266c47b68",0.000202526,3.54e-06,-12041.92634,0.763673117,-52.9312371,0.060060631,0.90730545,-24079.85267,-24064.10796,2e+06,26,19387,5e-07,0.003366288,1,0.999992448,0.871257919,1,"d__Bacteria","d__Bacteria","d__Bacteria","k__Pseudomonadati","k__Pseudomonadati","p__Bdellovibrionota","Bdellovibrionota","Bdellovibrionota","c__Bdellovibrionia","c__Bdellovibrionia","c__Bdellovibrionia","o__Bdellovibrionales","o__Bdellovibrionales","o__Bdellovibrionales","f__Bdellovibrionaceae","f__Pseudobdellovibrionaceae","f__Pseudobdellovibrionaceae","g__Bdellovibrio","g__Bdellovibrio","g__Bdellovibrio","","s__Bdellovibrio_bacteriovorus","Above prediction",TRUE,0.003366288,0.3366288,-2.472848672,1,NA,0.417065965,NA,NA,FALSE,"Above","Late Vegetative"
"193","194a54d3514c959141781baa536be83b",0.000202526,3.54e-06,-12041.92634,0.763673117,-52.9312371,0.060060631,0.90730545,-24079.85267,-24064.10796,2e+06,26,19387,5e-07,4.59e-05,0.307692308,0.137209107,0.051924678,0.315896897,"d__Bacteria","d__Bacteria","d__Bacteria","k__Pseudomonadati--other","k__Pseudomonadati--other","p__Verrucomicrobiota","Chlamydiota","Chlamydiota","c__Chlamydiae","c__Chlamydiia","c__Chlamydiia","o__Chlamydiales","o__Chlamydiales","o__Chlamydiales","f__Simkaniaceae","","","g__uncultured","","","s__uncultured_bacterium","","As predicted",FALSE,4.59e-05,0.00459,-4.33851496,0.307692308,NA,0.268005683,NA,NA,FALSE,"Neutral","Late Vegetative"
"194","233c60ad39befe5c50790d7f8eb9dfdc",0.000202526,3.54e-06,-12041.92634,0.763673117,-52.9312371,0.060060631,0.90730545,-24079.85267,-24064.10796,2e+06,26,19387,5e-07,0.002527885,0.961538462,0.999836887,0.870987027,0.99999982,"d__Bacteria","d__Bacteria","d__Bacteria","k__Pseudomonadati--other","k__Pseudomonadati--other","p__Verrucomicrobiota","Verrucomicrobiota","Verrucomicrobiota","c__Verrucomicrobiae","c__Verrucomicrobiia","c__Verrucomicrobiia","o__Verrucomicrobiales","o__Verrucomicrobiales","o__Verrucomicrobiales","f__Rubritaleaceae","f__Rubritaleaceae","f__Rubritaleaceae","g__Luteolibacter","g__Luteolibacter--other","g__Luteolibacter--other","","s__Luteolibacter_sp.","As predicted",FALSE,0.002527885,0.2527885,-2.597242753,0.961538462,NA,0.417125329,NA,NA,FALSE,"Neutral","Late Vegetative"
"195","25c9aa2cb09b258e40a2294aed981c09",0.000202526,3.54e-06,-12041.92634,0.763673117,-52.9312371,0.060060631,0.90730545,-24079.85267,-24064.10796,2e+06,26,19387,5e-07,0.000157615,0.615384615,0.399176454,0.235967668,0.588343053,"d__Bacteria","d__Bacteria","d__Bacteria","k__Pseudomonadati--other","k__Pseudomonadati--other","p__Bacteroidota","Bacteroidota","Bacteroidota","c__Bacteroidia","c__Chitinophagia","c__Chitinophagia","o__Chitinophagales","o__Chitinophagales","o__Chitinophagales","f__Chitinophagaceae","f__Chitinophagaceae","f__Chitinophagaceae","g__Aurantisolimonas","g__Aurantisolimonas","g__Aurantisolimonas","s__uncultured_bacterium","s__metagenome","Above prediction",TRUE,0.000157615,0.0157615,-3.802401394,0.615384615,NA,0.350315104,NA,NA,FALSE,"Above","Late Vegetative"
"196","2d06e87e1549824dbfe3577168a6cb4a",0.000202526,3.54e-06,-12041.92634,0.763673117,-52.9312371,0.060060631,0.90730545,-24079.85267,-24064.10796,2e+06,26,19387,5e-07,7.17e-06,0.192307692,0.022780506,0.002728774,0.165696139,"d__Bacteria","d__Bacteria","d__Bacteria","k__Pseudomonadati--other","k__Pseudomonadati--other","p__Bacteroidota","Bacteroidota","Bacteroidota","c__Bacteroidia","c__Chitinophagia","c__Chitinophagia","o__Chitinophagales","o__Chitinophagales","o__Chitinophagales","f__Chitinophagaceae","f__Chitinophagaceae","f__Chitinophagaceae","g__uncultured","g__Incertae_Sedis","","","","Above prediction",TRUE,7.17e-06,0.000717,-5.144294512,0.192307692,NA,0.186263212,NA,NA,FALSE,"Above","Late Vegetative"
"197","31435291230fc022bf014e8de993e88e",0.000202526,3.54e-06,-12041.92634,0.763673117,-52.9312371,0.060060631,0.90730545,-24079.85267,-24064.10796,2e+06,26,19387,5e-07,9.6e-06,0.115384615,0.030360978,0.004534903,0.177099303,"d__Bacteria","d__Bacteria","d__Bacteria","k__Pseudomonadati--other","k__Pseudomonadati--other","p__Fibrobacterota","Fibrobacterota","Fibrobacterota","c__Fibrobacteria","c__Fibrobacteria","c__Fibrobacteria","o__Fibrobacterales","o__Fibrobacterales","o__Fibrobacterales","f__Fibrobacteraceae","f__Fibrobacteraceae","f__Fibrobacteraceae","g__uncultured","g__Incertae_Sedis","g__Incertae_Sedis","s__uncultured_bacterium","s__uncultured_bacterium","As predicted",FALSE,9.6e-06,0.00096,-5.017902798,0.115384615,NA,0.126210238,NA,NA,FALSE,"Neutral","Late Vegetative"
"198","4e8d95347cde4d2863f6fc4e3eb6c03e",0.000202526,3.54e-06,-12041.92634,0.763673117,-52.9312371,0.060060631,0.90730545,-24079.85267,-24064.10796,2e+06,26,19387,5e-07,1.47e-05,0.153846154,0.0461176,0.009273723,0.199817061,"d__Bacteria","d__Bacteria","d__Bacteria","k__Pseudomonadati","k__Pseudomonadati","p__Proteobacteria","Pseudomonadota","Pseudomonadota","c__Gammaproteobacteria","c__Gammaproteobacteria","c__Gammaproteobacteria","o__Burkholderiales","o__Burkholderiales--other","o__Burkholderiales--other","f__SC-I-84","f__Incertae_Sedis","f__Incertae_Sedis","g__SC-I-84","g__SC-I-84","g__SC-I-84","","","As predicted",FALSE,1.47e-05,0.00147,-4.832909985,0.153846154,NA,0.156112595,NA,NA,FALSE,"Neutral","Late Vegetative"
"199","542366b915467aba70166a5c51d0d99a",0.000202526,3.54e-06,-12041.92634,0.763673117,-52.9312371,0.060060631,0.90730545,-24079.85267,-24064.10796,2e+06,26,19387,5e-07,8.33e-06,0.192307692,0.026397425,0.003546673,0.171180875,"d__Bacteria","d__Bacteria","d__Bacteria","k__Pseudomonadati--other","k__Pseudomonadati--other","p__Bacteroidota","Bacteroidota","Bacteroidota","c__Bacteroidia","c__Chitinophagia","c__Chitinophagia","o__Chitinophagales","o__Chitinophagales","o__Chitinophagales","f__Chitinophagaceae","f__Chitinophagaceae","f__Chitinophagaceae","g__Ferruginibacter","g__Ferruginibacter","g__Ferruginibacter","","s__metagenome","Above prediction",TRUE,8.33e-06,0.000833,-5.079515447,0.192307692,NA,0.114910578,NA,NA,FALSE,"Above","Late Vegetative"
"200","71fa7ee51309206be8a361a597f84f37",0.000202526,3.54e-06,-12041.92634,0.763673117,-52.9312371,0.060060631,0.90730545,-24079.85267,-24064.10796,2e+06,26,19387,5e-07,2.04e-05,0.346153846,0.063364675,0.015652576,0.223491964,"d__Bacteria","d__Bacteria","d__Bacteria","k__Pseudomonadati","k__Pseudomonadati","p__Proteobacteria","Pseudomonadota","Pseudomonadota","c__Gammaproteobacteria","c__Gammaproteobacteria","c__Gammaproteobacteria","o__Burkholderiales","o__Burkholderiales","o__Burkholderiales","f__Oxalobacteraceae","f__Oxalobacteraceae","f__Oxalobacteraceae","g__Massilia","","g__Telluria","","s__metagenome","Above prediction",TRUE,2.04e-05,0.00204,-4.691107384,0.346153846,NA,0.187572124,NA,NA,FALSE,"Above","Late Vegetative"
"201","731d9d7f7bce53a7dd5d190aabdedb5d",0.000202526,3.54e-06,-12041.92634,0.763673117,-52.9312371,0.060060631,0.90730545,-24079.85267,-24064.10796,2e+06,26,19387,5e-07,0.005607962,0.961538462,0.999999998,0.871271075,1,"d__Bacteria","d__Bacteria","d__Bacteria","k__Pseudomonadati","k__Pseudomonadati","p__Proteobacteria","Pseudomonadota","Pseudomonadota","c__Gammaproteobacteria","c__Gammaproteobacteria","c__Gammaproteobacteria","o__Burkholderiales","o__Methylophilales","o__Methylophilales","f__Methylophilaceae","f__Methylophilaceae","f__Methylophilaceae","g__Methylophilus","g__Methylophilus","g__Methylotenera--other","","","As predicted",FALSE,0.005607962,0.5607962,-2.251194974,0.961538462,NA,0.462988506,NA,NA,FALSE,"Neutral","Late Vegetative"
"202","8a4f558f7acdc2d3e22afe553aba4d55",0.000202526,3.54e-06,-12041.92634,0.763673117,-52.9312371,0.060060631,0.90730545,-24079.85267,-24064.10796,2e+06,26,19387,5e-07,1.71e-05,0.269230769,0.053463127,0.01185695,0.210033725,"d__Bacteria","d__Bacteria","d__Bacteria","k__Pseudomonadati--other","k__Pseudomonadati--other","p__Bacteroidota","Bacteroidota","Bacteroidota","c__Bacteroidia","c__Chitinophagia","c__Chitinophagia","o__Chitinophagales","o__Chitinophagales","o__Chitinophagales","f__Chitinophagaceae","f__Chitinophagaceae","f__Chitinophagaceae","","","g__Incertae_Sedis","","s__soil_metagenome","Above prediction",TRUE,1.71e-05,0.00171,-4.767101583,0.269230769,NA,0.281414576,NA,NA,FALSE,"Above","Late Vegetative"
"203","945d0878c3e150318580a1eb58e9ed91",0.000202526,3.54e-06,-12041.92634,0.763673117,-52.9312371,0.060060631,0.90730545,-24079.85267,-24064.10796,2e+06,26,19387,5e-07,1.69e-06,0.038461538,0.005420656,0.000185529,0.137989114,"d__Bacteria","d__Bacteria","d__Bacteria","k__Pseudomonadati","k__Pseudomonadati","p__Proteobacteria","Pseudomonadota","Pseudomonadota","c__Gammaproteobacteria","c__Gammaproteobacteria","c__Gammaproteobacteria","o__Diplorickettsiales","o__Diplorickettsiales","o__Diplorickettsiales","f__Diplorickettsiaceae","f__Incertae_Sedis","f__Incertae_Sedis","g__uncultured","g__Incertae_Sedis","g__Incertae_Sedis","s__uncultured_bacterium","s__uncultured_bacterium","As predicted",FALSE,1.69e-06,0.000169,-5.771520671,0.038461538,NA,0.103957288,NA,NA,FALSE,"Neutral","Late Vegetative"
"204","9ff31e8cdf9ccd6d907cd3118df1a014",0.000202526,3.54e-06,-12041.92634,0.763673117,-52.9312371,0.060060631,0.90730545,-24079.85267,-24064.10796,2e+06,26,19387,5e-07,3.27e-06,0.038461538,0.01044596,0.000649921,0.146281527,"d__Bacteria","d__Bacteria","d__Bacteria","k__Pseudomonadati--other","k__Pseudomonadati--other","p__Planctomycetota","Planctomycetota","Planctomycetota","c__Phycisphaerae","c__Phycisphaerae","c__Phycisphaerae","o__Phycisphaerales","o__Phycisphaerales","o__Phycisphaerales","f__Phycisphaeraceae","f__Phycisphaeraceae","f__Phycisphaeraceae","g__AKYG587","g__AKYG587","g__AKYG587","s__uncultured_bacterium","s__uncultured_bacterium","As predicted",FALSE,3.27e-06,0.000327,-5.485554422,0.038461538,NA,0.08431844,NA,NA,FALSE,"Neutral","Late Vegetative"
"205","aadec77907d123f0b759b39458eb1f67",0.000202526,3.54e-06,-12041.92634,0.763673117,-52.9312371,0.060060631,0.90730545,-24079.85267,-24064.10796,2e+06,26,19387,5e-07,7e-06,0.115384615,0.02223684,0.0026132,0.164864353,"d__Bacteria","d__Bacteria","d__Bacteria","k__Pseudomonadati--other","k__Pseudomonadati--other","p__Bacteroidota","Bacteroidota","Bacteroidota","c__Bacteroidia","c__Chitinophagia","c__Chitinophagia","o__Chitinophagales","o__Chitinophagales","o__Chitinophagales","f__Chitinophagaceae","f__Chitinophagaceae","f__Chitinophagaceae","g__Segetibacter","g__Aridibaculum","","s__uncultured_Chitinophagaceae","","As predicted",FALSE,7e-06,7e-04,-5.15490196,0.115384615,NA,0.148329623,NA,NA,FALSE,"Neutral","Late Vegetative"
"206","ae722faca607d8e908f3d8ee654c5b91",0.000202526,3.54e-06,-12041.92634,0.763673117,-52.9312371,0.060060631,0.90730545,-24079.85267,-24064.10796,2e+06,26,19387,5e-07,0.000112385,0.461538462,0.304138172,0.162379251,0.496323256,"d__Bacteria","d__Bacteria","d__Bacteria","k__Pseudomonadati","k__Pseudomonadati","p__Proteobacteria","Pseudomonadota","Pseudomonadota","c__Gammaproteobacteria","c__Gammaproteobacteria","c__Gammaproteobacteria","o__Burkholderiales","o__Burkholderiales","o__Burkholderiales","f__Oxalobacteraceae","f__Oxalobacteraceae","f__Oxalobacteraceae","g__Duganella","","g__Duganella","","","As predicted",FALSE,0.000112385,0.0112385,-3.949293136,0.461538462,NA,0.362401281,NA,NA,FALSE,"Neutral","Late Vegetative"
"207","ae9c53c962a24f0114331826aa76a3ea",0.000202526,3.54e-06,-12041.92634,0.763673117,-52.9312371,0.060060631,0.90730545,-24079.85267,-24064.10796,2e+06,26,19387,5e-07,1.32e-05,0.192307692,0.041446622,0.007746647,0.193204761,"d__Bacteria","d__Bacteria","d__Bacteria","k__Pseudomonadati--other","k__Pseudomonadati--other","p__Planctomycetota","Planctomycetota","Planctomycetota","c__Phycisphaerae","c__Phycisphaerae","c__Phycisphaerae","o__mle1-8","o__Sedimentisphaerales","o__Sedimentisphaerales","f__mle1-8","f__Incertae_Sedis","f__Incertae_Sedis","g__mle1-8","g__Incertae_Sedis","g__Incertae_Sedis","s__uncultured_bacterium","s__uncultured_bacterium","As predicted",FALSE,1.32e-05,0.00132,-4.880312772,0.192307692,NA,0.239067564,NA,NA,FALSE,"Neutral","Late Vegetative"
"208","bb0aedec2dd0c49296f91fdb068dc100",0.000202526,3.54e-06,-12041.92634,0.763673117,-52.9312371,0.060060631,0.90730545,-24079.85267,-24064.10796,2e+06,26,19387,5e-07,1.12e-05,0.076923077,0.035442405,0.005930144,0.184558663,"d__Bacteria","d__Bacteria","d__Bacteria","k__Pseudomonadati--other","k__Pseudomonadati--other","p__Bacteroidota","Bacteroidota","Bacteroidota","c__Bacteroidia","c__Chitinophagia","c__Chitinophagia","o__Chitinophagales","o__Chitinophagales","o__Chitinophagales","f__Chitinophagaceae","f__Chitinophagaceae","f__Chitinophagaceae","g__Lacibacter","g__Lacibacter","g__Lacibacter","s__uncultured_bacterium","s__Lacibacter_sp.","As predicted",FALSE,1.12e-05,0.00112,-4.949590497,0.076923077,NA,0.103233239,NA,NA,FALSE,"Neutral","Late Vegetative"
"209","bfd0c6033a677c2648b7f643dff94605",0.000202526,3.54e-06,-12041.92634,0.763673117,-52.9312371,0.060060631,0.90730545,-24079.85267,-24064.10796,2e+06,26,19387,5e-07,7.59e-05,0.423076923,0.21693514,0.101073059,0.405674488,"d__Bacteria","d__Bacteria","d__Bacteria","k__Pseudomonadati--other","k__Pseudomonadati--other","p__Bacteroidota","Chlorobiota","Chlorobiota","c__SJA-28","c__Ignavibacteria--other","c__Ignavibacteria--other","o__SJA-28","o__Candidatus_Tepidaquicellales","o__Candidatus_Tepidaquicellales","f__SJA-28","f__Candidatus_Tepidaquicellaceae","f__Candidatus_Tepidaquicellaceae","g__SJA-28","g__Candidatus_Tepidaquicella","g__Candidatus_Tepidaquicella","s__uncultured_Ignavibacterium","s__uncultured_Ignavibacterium","Above prediction",TRUE,7.59e-05,0.00759,-4.119736217,0.423076923,NA,0.406633062,NA,NA,FALSE,"Above","Late Vegetative"
"210","ce13c9937bcc31fbb83e7c674ebbc49c",0.000202526,3.54e-06,-12041.92634,0.763673117,-52.9312371,0.060060631,0.90730545,-24079.85267,-24064.10796,2e+06,26,19387,5e-07,0.000292423,0.769230769,0.613290842,0.423371054,0.774043015,"d__Bacteria","d__Bacteria","d__Bacteria","k__Pseudomonadati--other","k__Pseudomonadati--other","p__Spirochaetota","Spirochaetota","Spirochaetota","c__Leptospirae","c__Spirochaetia","c__Spirochaetia","o__Leptospirales","o__Leptospirales","o__Leptospirales","f__Leptospiraceae","f__Leptospiraceae","f__Leptospiraceae","g__Turneriella","g__Turneriella","g__Turneriella","s__metagenome","s__Nitrospira_sp.","As predicted",FALSE,0.000292423,0.0292423,-3.533988357,0.769230769,NA,0.427244706,NA,NA,FALSE,"Neutral","Late Vegetative"
"211","d8dc5ac29e139922d89aa75a26d332dc",0.000202526,3.54e-06,-12041.92634,0.763673117,-52.9312371,0.060060631,0.90730545,-24079.85267,-24064.10796,2e+06,26,19387,5e-07,3.44e-05,0.5,0.104692705,0.034519981,0.276640393,"d__Bacteria","d__Bacteria","d__Bacteria","k__Pseudomonadati--other","k__Pseudomonadati--other","p__Verrucomicrobiota","Verrucomicrobiota","Verrucomicrobiota","c__Verrucomicrobiae","c__Verrucomicrobiia","c__Verrucomicrobiia","o__Verrucomicrobiales","o__Verrucomicrobiales","o__Verrucomicrobiales","f__Rubritaleaceae","f__Rubritaleaceae","f__Rubritaleaceae","g__Luteolibacter","g__Luteolibacter--other","g__Luteolibacter--other","","","Above prediction",TRUE,3.44e-05,0.00344,-4.463635829,0.5,NA,0.375036737,NA,NA,FALSE,"Above","Late Vegetative"
"212","e72e3f718f18cdb58c2d6d03483c22d4",0.000202526,3.54e-06,-12041.92634,0.763673117,-52.9312371,0.060060631,0.90730545,-24079.85267,-24064.10796,2e+06,26,19387,5e-07,2.03e-05,0.153846154,0.063306727,0.015629401,0.223414162,"d__Bacteria","d__Bacteria","d__Bacteria","k__Pseudomonadati--other","k__Pseudomonadati--other","p__Bacteroidota","Bacteroidota","Bacteroidota","c__Bacteroidia","c__Chitinophagia","c__Chitinophagia","o__Chitinophagales","o__Chitinophagales","o__Chitinophagales","f__Chitinophagaceae","f__Chitinophagaceae","f__Chitinophagaceae","g__Segetibacter","g__Aridibaculum","","s__uncultured_Chitinophagaceae","","As predicted",FALSE,2.03e-05,0.00203,-4.691517676,0.153846154,NA,0.127739298,NA,NA,FALSE,"Neutral","Late Vegetative"
"213","ecdf0200cd32e230808ab657134fbfb3",0.000202526,3.54e-06,-12041.92634,0.763673117,-52.9312371,0.060060631,0.90730545,-24079.85267,-24064.10796,2e+06,26,19387,5e-07,0.000952788,0.884615385,0.957754351,0.805657343,0.99199891,"d__Bacteria","d__Bacteria","d__Bacteria","k__Pseudomonadati--other","k__Pseudomonadati--other","p__Bacteroidota","Bacteroidota","Bacteroidota","c__Bacteroidia","c__Cytophagia","c__Cytophagia","o__Cytophagales","o__Cytophagales","o__Cytophagales","f__Spirosomaceae","f__Spirosomataceae","f__Spirosomataceae","g__Emticicia","g__Emticicia","g__Emticicia","","","As predicted",FALSE,0.000952788,0.0952788,-3.021003511,0.884615385,NA,0.33699815,NA,NA,FALSE,"Neutral","Late Vegetative"
"214","fc8565afdae893c3381e1dffd557d696",0.000202526,3.54e-06,-12041.92634,0.763673117,-52.9312371,0.060060631,0.90730545,-24079.85267,-24064.10796,2e+06,26,19387,5e-07,1.56e-05,0.307692308,0.04900364,0.010263258,0.203856572,"d__Bacteria","d__Bacteria","d__Bacteria","k__Pseudomonadati--other","k__Pseudomonadati--other","p__Verrucomicrobiota","Verrucomicrobiota","Verrucomicrobiota","c__Verrucomicrobiae","c__Verrucomicrobiia","c__Verrucomicrobiia","o__Verrucomicrobiales","o__Verrucomicrobiales","o__Verrucomicrobiales","f__Rubritaleaceae","f__Rubritaleaceae","f__Rubritaleaceae","g__Luteolibacter","g__Luteolibacter--other","g__Luteolibacter--other","","","Above prediction",TRUE,1.56e-05,0.00156,-4.805912798,0.307692308,NA,0.218945855,NA,NA,FALSE,"Above","Late Vegetative"
"215","fdf2370fc41547ac42d5e53ffe0ee590",0.000202526,3.54e-06,-12041.92634,0.763673117,-52.9312371,0.060060631,0.90730545,-24079.85267,-24064.10796,2e+06,26,19387,5e-07,0.000133635,0.538461538,0.350486952,0.197469163,0.541998048,"d__Bacteria","d__Bacteria","d__Bacteria","k__Pseudomonadati","k__Pseudomonadati","p__NB1-j","NB1-j","NB1-j","c__NB1-j","c__Incertae_Sedis","c__Incertae_Sedis","o__NB1-j","o__Incertae_Sedis","o__Incertae_Sedis","f__NB1-j","f__Incertae_Sedis","f__Incertae_Sedis","g__NB1-j","g__Incertae_Sedis","g__Incertae_Sedis","s__uncultured_bacterium","","As predicted",FALSE,0.000133635,0.0133635,-3.874081032,0.538461538,NA,0.434164857,NA,NA,FALSE,"Neutral","Late Vegetative"
"216","0ab5cb32341e00d827fbcc3266c47b68",0.000184267,3.31e-06,-10577.1403,0.772220932,-51.15016773,0.059707263,0.903437505,-21150.28061,-21134.72012,2e+06,29,17681,5e-07,0.002258948,1,0.999174464,0.881577336,0.999994918,"d__Bacteria","d__Bacteria","d__Bacteria","k__Pseudomonadati","k__Pseudomonadati","p__Bdellovibrionota","Bdellovibrionota","Bdellovibrionota","c__Bdellovibrionia","c__Bdellovibrionia","c__Bdellovibrionia","o__Bdellovibrionales","o__Bdellovibrionales","o__Bdellovibrionales","f__Bdellovibrionaceae","f__Pseudobdellovibrionaceae","f__Pseudobdellovibrionaceae","g__Bdellovibrio","g__Bdellovibrio","g__Bdellovibrio","","s__Bdellovibrio_bacteriovorus","Above prediction",TRUE,0.002258948,0.2258948,-2.646093713,1,NA,0.341650633,NA,NA,FALSE,"Above","Early Reproductive"
"217","194a54d3514c959141781baa536be83b",0.000184267,3.31e-06,-10577.1403,0.772220932,-51.15016773,0.059707263,0.903437505,-21150.28061,-21134.72012,2e+06,29,17681,5e-07,1.45e-05,0.103448276,0.041991542,0.008526927,0.182602471,"d__Bacteria","d__Bacteria","d__Bacteria","k__Pseudomonadati--other","k__Pseudomonadati--other","p__Verrucomicrobiota","Chlamydiota","Chlamydiota","c__Chlamydiae","c__Chlamydiia","c__Chlamydiia","o__Chlamydiales","o__Chlamydiales","o__Chlamydiales","f__Simkaniaceae","","","g__uncultured","","","s__uncultured_bacterium","","As predicted",FALSE,1.45e-05,0.00145,-4.838631998,0.103448276,NA,0.087375323,NA,NA,FALSE,"Neutral","Early Reproductive"
"218","233c60ad39befe5c50790d7f8eb9dfdc",0.000184267,3.31e-06,-10577.1403,0.772220932,-51.15016773,0.059707263,0.903437505,-21150.28061,-21134.72012,2e+06,29,17681,5e-07,0.002072034,0.965517241,0.998477441,0.88035838,0.99998289,"d__Bacteria","d__Bacteria","d__Bacteria","k__Pseudomonadati--other","k__Pseudomonadati--other","p__Verrucomicrobiota","Verrucomicrobiota","Verrucomicrobiota","c__Verrucomicrobiae","c__Verrucomicrobiia","c__Verrucomicrobiia","o__Verrucomicrobiales","o__Verrucomicrobiales","o__Verrucomicrobiales","f__Rubritaleaceae","f__Rubritaleaceae","f__Rubritaleaceae","g__Luteolibacter","g__Luteolibacter--other","g__Luteolibacter--other","","s__Luteolibacter_sp.","As predicted",FALSE,0.002072034,0.2072034,-2.683603021,0.965517241,NA,0.378427871,NA,NA,FALSE,"Neutral","Early Reproductive"
"219","25c9aa2cb09b258e40a2294aed981c09",0.000184267,3.31e-06,-10577.1403,0.772220932,-51.15016773,0.059707263,0.903437505,-21150.28061,-21134.72012,2e+06,29,17681,5e-07,0.000114603,0.482758621,0.288451796,0.156288788,0.470104306,"d__Bacteria","d__Bacteria","d__Bacteria","k__Pseudomonadati--other","k__Pseudomonadati--other","p__Bacteroidota","Bacteroidota","Bacteroidota","c__Bacteroidia","c__Chitinophagia","c__Chitinophagia","o__Chitinophagales","o__Chitinophagales","o__Chitinophagales","f__Chitinophagaceae","f__Chitinophagaceae","f__Chitinophagaceae","g__Aurantisolimonas","g__Aurantisolimonas","g__Aurantisolimonas","s__uncultured_bacterium","s__metagenome","Above prediction",TRUE,0.000114603,0.0114603,-3.940802315,0.482758621,NA,0.264575791,NA,NA,FALSE,"Above","Early Reproductive"
"220","2d06e87e1549824dbfe3577168a6cb4a",0.000184267,3.31e-06,-10577.1403,0.772220932,-51.15016773,0.059707263,0.903437505,-21150.28061,-21134.72012,2e+06,29,17681,5e-07,4.36e-06,0.172413793,0.012817525,0.001047004,0.138559318,"d__Bacteria","d__Bacteria","d__Bacteria","k__Pseudomonadati--other","k__Pseudomonadati--other","p__Bacteroidota","Bacteroidota","Bacteroidota","c__Bacteroidia","c__Chitinophagia","c__Chitinophagia","o__Chitinophagales","o__Chitinophagales","o__Chitinophagales","f__Chitinophagaceae","f__Chitinophagaceae","f__Chitinophagaceae","g__uncultured","g__Incertae_Sedis","","","","Above prediction",TRUE,4.36e-06,0.000436,-5.360307472,0.172413793,NA,0.137533433,NA,NA,FALSE,"Above","Early Reproductive"
"221","31435291230fc022bf014e8de993e88e",0.000184267,3.31e-06,-10577.1403,0.772220932,-51.15016773,0.059707263,0.903437505,-21150.28061,-21134.72012,2e+06,29,17681,5e-07,7.71e-06,0.137931034,0.022537396,0.002915182,0.153857019,"d__Bacteria","d__Bacteria","d__Bacteria","k__Pseudomonadati--other","k__Pseudomonadati--other","p__Fibrobacterota","Fibrobacterota","Fibrobacterota","c__Fibrobacteria","c__Fibrobacteria","c__Fibrobacteria","o__Fibrobacterales","o__Fibrobacterales","o__Fibrobacterales","f__Fibrobacteraceae","f__Fibrobacteraceae","f__Fibrobacteraceae","g__uncultured","g__Incertae_Sedis","g__Incertae_Sedis","s__uncultured_bacterium","s__uncultured_bacterium","As predicted",FALSE,7.71e-06,0.000771,-5.11312047,0.137931034,NA,0.123663859,NA,NA,FALSE,"Neutral","Early Reproductive"
"222","4779015380aff50982d3ab653b9bcd6f",0.000184267,3.31e-06,-10577.1403,0.772220932,-51.15016773,0.059707263,0.903437505,-21150.28061,-21134.72012,2e+06,29,17681,5e-07,3.12e-06,0.068965517,0.009186238,0.000561829,0.13263142,"d__Bacteria","d__Bacteria","d__Bacteria","k__Bacillati","k__Bacillati","p__Chloroflexi","Chloroflexota--other","Chloroflexota--other","c__Anaerolineae","c__Anaerolineae","c__Anaerolineae","o__SBR1031","","o__Aggregatilineales--other","f__SBR1031","","f__Incertae_Sedis","g__SBR1031","","g__Incertae_Sedis","s__uncultured_bacterium","s__sediment_metagenome","As predicted",FALSE,3.12e-06,0.000312,-5.505749419,0.068965517,NA,0.119717213,NA,NA,FALSE,"Neutral","Early Reproductive"
"223","4e8d95347cde4d2863f6fc4e3eb6c03e",0.000184267,3.31e-06,-10577.1403,0.772220932,-51.15016773,0.059707263,0.903437505,-21150.28061,-21134.72012,2e+06,29,17681,5e-07,5.4e-06,0.068965517,0.015833688,0.001543915,0.143389132,"d__Bacteria","d__Bacteria","d__Bacteria","k__Pseudomonadati","k__Pseudomonadati","p__Proteobacteria","Pseudomonadota","Pseudomonadota","c__Gammaproteobacteria","c__Gammaproteobacteria","c__Gammaproteobacteria","o__Burkholderiales","o__Burkholderiales--other","o__Burkholderiales--other","f__SC-I-84","f__Incertae_Sedis","f__Incertae_Sedis","g__SC-I-84","g__SC-I-84","g__SC-I-84","","","As predicted",FALSE,5.4e-06,0.00054,-5.267883656,0.068965517,NA,0.063346669,NA,NA,FALSE,"Neutral","Early Reproductive"
"224","542366b915467aba70166a5c51d0d99a",0.000184267,3.31e-06,-10577.1403,0.772220932,-51.15016773,0.059707263,0.903437505,-21150.28061,-21134.72012,2e+06,29,17681,5e-07,2.3e-05,0.24137931,0.065755245,0.01772766,0.215369873,"d__Bacteria","d__Bacteria","d__Bacteria","k__Pseudomonadati--other","k__Pseudomonadati--other","p__Bacteroidota","Bacteroidota","Bacteroidota","c__Bacteroidia","c__Chitinophagia","c__Chitinophagia","o__Chitinophagales","o__Chitinophagales","o__Chitinophagales","f__Chitinophagaceae","f__Chitinophagaceae","f__Chitinophagaceae","g__Ferruginibacter","g__Ferruginibacter","g__Ferruginibacter","","s__metagenome","Above prediction",TRUE,2.3e-05,0.0023,-4.638597844,0.24137931,NA,0.213880162,NA,NA,FALSE,"Above","Early Reproductive"
"225","71fa7ee51309206be8a361a597f84f37",0.000184267,3.31e-06,-10577.1403,0.772220932,-51.15016773,0.059707263,0.903437505,-21150.28061,-21134.72012,2e+06,29,17681,5e-07,4.2e-05,0.275862069,0.117051511,0.043121159,0.280568679,"d__Bacteria","d__Bacteria","d__Bacteria","k__Pseudomonadati","k__Pseudomonadati","p__Proteobacteria","Pseudomonadota","Pseudomonadota","c__Gammaproteobacteria","c__Gammaproteobacteria","c__Gammaproteobacteria","o__Burkholderiales","o__Burkholderiales","o__Burkholderiales","f__Oxalobacteraceae","f__Oxalobacteraceae","f__Oxalobacteraceae","g__Massilia","","g__Telluria","","s__metagenome","As predicted",FALSE,4.2e-05,0.0042,-4.376394292,0.275862069,NA,0.240567113,NA,NA,FALSE,"Neutral","Early Reproductive"
"226","731d9d7f7bce53a7dd5d190aabdedb5d",0.000184267,3.31e-06,-10577.1403,0.772220932,-51.15016773,0.059707263,0.903437505,-21150.28061,-21134.72012,2e+06,29,17681,5e-07,0.006370224,1,0.999999999,0.8830302,1,"d__Bacteria","d__Bacteria","d__Bacteria","k__Pseudomonadati","k__Pseudomonadati","p__Proteobacteria","Pseudomonadota","Pseudomonadota","c__Gammaproteobacteria","c__Gammaproteobacteria","c__Gammaproteobacteria","o__Burkholderiales","o__Methylophilales","o__Methylophilales","f__Methylophilaceae","f__Methylophilaceae","f__Methylophilaceae","g__Methylophilus","g__Methylophilus","g__Methylotenera--other","","","As predicted",FALSE,0.006370224,0.6370224,-2.195845287,1,NA,0.503224437,NA,NA,FALSE,"Neutral","Early Reproductive"
"227","8a4f558f7acdc2d3e22afe553aba4d55",0.000184267,3.31e-06,-10577.1403,0.772220932,-51.15016773,0.059707263,0.903437505,-21150.28061,-21134.72012,2e+06,29,17681,5e-07,6.48e-06,0.068965517,0.018990993,0.002146579,0.14836246,"d__Bacteria","d__Bacteria","d__Bacteria","k__Pseudomonadati--other","k__Pseudomonadati--other","p__Bacteroidota","Bacteroidota","Bacteroidota","c__Bacteroidia","c__Chitinophagia","c__Chitinophagia","o__Chitinophagales","o__Chitinophagales","o__Chitinophagales","f__Chitinophagaceae","f__Chitinophagaceae","f__Chitinophagaceae","","","g__Incertae_Sedis","","s__soil_metagenome","As predicted",FALSE,6.48e-06,0.000648,-5.188240149,0.068965517,NA,0.087706334,NA,NA,FALSE,"Neutral","Early Reproductive"
"228","945d0878c3e150318580a1eb58e9ed91",0.000184267,3.31e-06,-10577.1403,0.772220932,-51.15016773,0.059707263,0.903437505,-21150.28061,-21134.72012,2e+06,29,17681,5e-07,4.14e-07,0.034482759,0.00122282,1.11e-05,0.119118289,"d__Bacteria","d__Bacteria","d__Bacteria","k__Pseudomonadati","k__Pseudomonadati","p__Proteobacteria","Pseudomonadota","Pseudomonadota","c__Gammaproteobacteria","c__Gammaproteobacteria","c__Gammaproteobacteria","o__Diplorickettsiales","o__Diplorickettsiales","o__Diplorickettsiales","f__Diplorickettsiaceae","f__Incertae_Sedis","f__Incertae_Sedis","g__uncultured","g__Incertae_Sedis","g__Incertae_Sedis","s__uncultured_bacterium","s__uncultured_bacterium","As predicted",FALSE,4.14e-07,4.14e-05,-6.383216752,0.034482759,NA,0.048673724,NA,NA,FALSE,"Neutral","Early Reproductive"
"229","aadec77907d123f0b759b39458eb1f67",0.000184267,3.31e-06,-10577.1403,0.772220932,-51.15016773,0.059707263,0.903437505,-21150.28061,-21134.72012,2e+06,29,17681,5e-07,4.69e-06,0.034482759,0.013773616,0.001195738,0.140099098,"d__Bacteria","d__Bacteria","d__Bacteria","k__Pseudomonadati--other","k__Pseudomonadati--other","p__Bacteroidota","Bacteroidota","Bacteroidota","c__Bacteroidia","c__Chitinophagia","c__Chitinophagia","o__Chitinophagales","o__Chitinophagales","o__Chitinophagales","f__Chitinophagaceae","f__Chitinophagaceae","f__Chitinophagaceae","g__Segetibacter","g__Aridibaculum","","s__uncultured_Chitinophagaceae","","As predicted",FALSE,4.69e-06,0.000469,-5.32885909,0.034482759,NA,0.066370696,NA,NA,FALSE,"Neutral","Early Reproductive"
"230","ae722faca607d8e908f3d8ee654c5b91",0.000184267,3.31e-06,-10577.1403,0.772220932,-51.15016773,0.059707263,0.903437505,-21150.28061,-21134.72012,2e+06,29,17681,5e-07,2.63e-05,0.172413793,0.074824903,0.021743623,0.227371475,"d__Bacteria","d__Bacteria","d__Bacteria","k__Pseudomonadati","k__Pseudomonadati","p__Proteobacteria","Pseudomonadota","Pseudomonadota","c__Gammaproteobacteria","c__Gammaproteobacteria","c__Gammaproteobacteria","o__Burkholderiales","o__Burkholderiales","o__Burkholderiales","f__Oxalobacteraceae","f__Oxalobacteraceae","f__Oxalobacteraceae","g__Duganella","","g__Duganella","","","As predicted",FALSE,2.63e-05,0.00263,-4.580443027,0.172413793,NA,0.107101816,NA,NA,FALSE,"Neutral","Early Reproductive"
"231","ae9c53c962a24f0114331826aa76a3ea",0.000184267,3.31e-06,-10577.1403,0.772220932,-51.15016773,0.059707263,0.903437505,-21150.28061,-21134.72012,2e+06,29,17681,5e-07,5.91e-06,0.137931034,0.017338399,0.001821073,0.145769387,"d__Bacteria","d__Bacteria","d__Bacteria","k__Pseudomonadati--other","k__Pseudomonadati--other","p__Planctomycetota","Planctomycetota","Planctomycetota","c__Phycisphaerae","c__Phycisphaerae","c__Phycisphaerae","o__mle1-8","o__Sedimentisphaerales","o__Sedimentisphaerales","f__mle1-8","f__Incertae_Sedis","f__Incertae_Sedis","g__mle1-8","g__Incertae_Sedis","g__Incertae_Sedis","s__uncultured_bacterium","s__uncultured_bacterium","As predicted",FALSE,5.91e-06,0.000591,-5.228133874,0.137931034,NA,0.135657177,NA,NA,FALSE,"Neutral","Early Reproductive"
"232","bb0aedec2dd0c49296f91fdb068dc100",0.000184267,3.31e-06,-10577.1403,0.772220932,-51.15016773,0.059707263,0.903437505,-21150.28061,-21134.72012,2e+06,29,17681,5e-07,1.97e-05,0.310344828,0.056743426,0.01399284,0.203189275,"d__Bacteria","d__Bacteria","d__Bacteria","k__Pseudomonadati--other","k__Pseudomonadati--other","p__Bacteroidota","Bacteroidota","Bacteroidota","c__Bacteroidia","c__Chitinophagia","c__Chitinophagia","o__Chitinophagales","o__Chitinophagales","o__Chitinophagales","f__Chitinophagaceae","f__Chitinophagaceae","f__Chitinophagaceae","g__Lacibacter","g__Lacibacter","g__Lacibacter","s__uncultured_bacterium","s__Lacibacter_sp.","Above prediction",TRUE,1.97e-05,0.00197,-4.704622507,0.310344828,NA,0.274914396,NA,NA,FALSE,"Above","Early Reproductive"
"233","bfd0c6033a677c2648b7f643dff94605",0.000184267,3.31e-06,-10577.1403,0.772220932,-51.15016773,0.059707263,0.903437505,-21150.28061,-21134.72012,2e+06,29,17681,5e-07,3.05e-05,0.275862069,0.086379855,0.027188647,0.242333193,"d__Bacteria","d__Bacteria","d__Bacteria","k__Pseudomonadati--other","k__Pseudomonadati--other","p__Bacteroidota","Chlorobiota","Chlorobiota","c__SJA-28","c__Ignavibacteria--other","c__Ignavibacteria--other","o__SJA-28","o__Candidatus_Tepidaquicellales","o__Candidatus_Tepidaquicellales","f__SJA-28","f__Candidatus_Tepidaquicellaceae","f__Candidatus_Tepidaquicellaceae","g__SJA-28","g__Candidatus_Tepidaquicella","g__Candidatus_Tepidaquicella","s__uncultured_Ignavibacterium","s__uncultured_Ignavibacterium","Above prediction",TRUE,3.05e-05,0.00305,-4.515454727,0.275862069,NA,0.208199536,NA,NA,FALSE,"Above","Early Reproductive"
"234","ce13c9937bcc31fbb83e7c674ebbc49c",0.000184267,3.31e-06,-10577.1403,0.772220932,-51.15016773,0.059707263,0.903437505,-21150.28061,-21134.72012,2e+06,29,17681,5e-07,0.000212552,0.724137931,0.469198709,0.302084048,0.643519011,"d__Bacteria","d__Bacteria","d__Bacteria","k__Pseudomonadati--other","k__Pseudomonadati--other","p__Spirochaetota","Spirochaetota","Spirochaetota","c__Leptospirae","c__Spirochaetia","c__Spirochaetia","o__Leptospirales","o__Leptospirales","o__Leptospirales","f__Leptospiraceae","f__Leptospiraceae","f__Leptospiraceae","g__Turneriella","g__Turneriella","g__Turneriella","s__metagenome","s__Nitrospira_sp.","Above prediction",TRUE,0.000212552,0.0212552,-3.672535368,0.724137931,NA,0.353415432,NA,NA,FALSE,"Above","Early Reproductive"
"235","d8dc5ac29e139922d89aa75a26d332dc",0.000184267,3.31e-06,-10577.1403,0.772220932,-51.15016773,0.059707263,0.903437505,-21150.28061,-21134.72012,2e+06,29,17681,5e-07,1.73e-05,0.310344828,0.04992901,0.011359375,0.193788071,"d__Bacteria","d__Bacteria","d__Bacteria","k__Pseudomonadati--other","k__Pseudomonadati--other","p__Verrucomicrobiota","Verrucomicrobiota","Verrucomicrobiota","c__Verrucomicrobiae","c__Verrucomicrobiia","c__Verrucomicrobiia","o__Verrucomicrobiales","o__Verrucomicrobiales","o__Verrucomicrobiales","f__Rubritaleaceae","f__Rubritaleaceae","f__Rubritaleaceae","g__Luteolibacter","g__Luteolibacter--other","g__Luteolibacter--other","","","Above prediction",TRUE,1.73e-05,0.00173,-4.761694281,0.310344828,NA,0.209643711,NA,NA,FALSE,"Above","Early Reproductive"
"236","e72e3f718f18cdb58c2d6d03483c22d4",0.000184267,3.31e-06,-10577.1403,0.772220932,-51.15016773,0.059707263,0.903437505,-21150.28061,-21134.72012,2e+06,29,17681,5e-07,1.33e-05,0.137931034,0.038612072,0.007406287,0.177754763,"d__Bacteria","d__Bacteria","d__Bacteria","k__Pseudomonadati--other","k__Pseudomonadati--other","p__Bacteroidota","Bacteroidota","Bacteroidota","c__Bacteroidia","c__Chitinophagia","c__Chitinophagia","o__Chitinophagales","o__Chitinophagales","o__Chitinophagales","f__Chitinophagaceae","f__Chitinophagaceae","f__Chitinophagaceae","g__Segetibacter","g__Aridibaculum","","s__uncultured_Chitinophagaceae","","As predicted",FALSE,1.33e-05,0.00133,-4.875810693,0.137931034,NA,0.097828567,NA,NA,FALSE,"Neutral","Early Reproductive"
"237","ecdf0200cd32e230808ab657134fbfb3",0.000184267,3.31e-06,-10577.1403,0.772220932,-51.15016773,0.059707263,0.903437505,-21150.28061,-21134.72012,2e+06,29,17681,5e-07,0.001327276,0.931034483,0.983196232,0.855074186,0.998279546,"d__Bacteria","d__Bacteria","d__Bacteria","k__Pseudomonadati--other","k__Pseudomonadati--other","p__Bacteroidota","Bacteroidota","Bacteroidota","c__Bacteroidia","c__Cytophagia","c__Cytophagia","o__Cytophagales","o__Cytophagales","o__Cytophagales","f__Spirosomaceae","f__Spirosomataceae","f__Spirosomataceae","g__Emticicia","g__Emticicia","g__Emticicia","","","As predicted",FALSE,0.001327276,0.1327276,-2.877038804,0.931034483,NA,0.408051999,NA,NA,FALSE,"Neutral","Early Reproductive"
"238","fc8565afdae893c3381e1dffd557d696",0.000184267,3.31e-06,-10577.1403,0.772220932,-51.15016773,0.059707263,0.903437505,-21150.28061,-21134.72012,2e+06,29,17681,5e-07,1.21e-05,0.275862069,0.035024042,0.006277714,0.172546658,"d__Bacteria","d__Bacteria","d__Bacteria","k__Pseudomonadati--other","k__Pseudomonadati--other","p__Verrucomicrobiota","Verrucomicrobiota","Verrucomicrobiota","c__Verrucomicrobiae","c__Verrucomicrobiia","c__Verrucomicrobiia","o__Verrucomicrobiales","o__Verrucomicrobiales","o__Verrucomicrobiales","f__Rubritaleaceae","f__Rubritaleaceae","f__Rubritaleaceae","g__Luteolibacter","g__Luteolibacter--other","g__Luteolibacter--other","","","Above prediction",TRUE,1.21e-05,0.00121,-4.918950818,0.275862069,NA,0.182014251,NA,NA,FALSE,"Above","Early Reproductive"
"239","fdf2370fc41547ac42d5e53ffe0ee590",0.000184267,3.31e-06,-10577.1403,0.772220932,-51.15016773,0.059707263,0.903437505,-21150.28061,-21134.72012,2e+06,29,17681,5e-07,6.09e-05,0.413793103,0.165255607,0.071487113,0.337334069,"d__Bacteria","d__Bacteria","d__Bacteria","k__Pseudomonadati","k__Pseudomonadati","p__NB1-j","NB1-j","NB1-j","c__NB1-j","c__Incertae_Sedis","c__Incertae_Sedis","o__NB1-j","o__Incertae_Sedis","o__Incertae_Sedis","f__NB1-j","f__Incertae_Sedis","f__Incertae_Sedis","g__NB1-j","g__Incertae_Sedis","g__Incertae_Sedis","s__uncultured_bacterium","","Above prediction",TRUE,6.09e-05,0.00609,-4.215038575,0.413793103,NA,0.257033764,NA,NA,FALSE,"Above","Early Reproductive"
"240","0ab5cb32341e00d827fbcc3266c47b68",0.000138089,3.28e-06,-8615.344795,0.684043465,-55.3948254,0.067945083,0.907745261,-17226.68959,-17211.73176,2e+06,24,13081,5e-07,0.001620604,0.875,0.97888361,0.827850955,0.997767179,"d__Bacteria","d__Bacteria","d__Bacteria","k__Pseudomonadati","k__Pseudomonadati","p__Bdellovibrionota","Bdellovibrionota","Bdellovibrionota","c__Bdellovibrionia","c__Bdellovibrionia","c__Bdellovibrionia","o__Bdellovibrionales","o__Bdellovibrionales","o__Bdellovibrionales","f__Bdellovibrionaceae","f__Pseudobdellovibrionaceae","f__Pseudobdellovibrionaceae","g__Bdellovibrio","g__Bdellovibrio","g__Bdellovibrio","","s__Bdellovibrio_bacteriovorus","As predicted",FALSE,0.001620604,0.1620604,-2.790323049,0.875,NA,0.270689611,NA,NA,FALSE,"Neutral","Late Reproductive"
"241","194a54d3514c959141781baa536be83b",0.000138089,3.28e-06,-8615.344795,0.684043465,-55.3948254,0.067945083,0.907745261,-17226.68959,-17211.73176,2e+06,24,13081,5e-07,1.6e-05,0.083333333,0.036080109,0.005772198,0.194407833,"d__Bacteria","d__Bacteria","d__Bacteria","k__Pseudomonadati--other","k__Pseudomonadati--other","p__Verrucomicrobiota","Chlamydiota","Chlamydiota","c__Chlamydiae","c__Chlamydiia","c__Chlamydiia","o__Chlamydiales","o__Chlamydiales","o__Chlamydiales","f__Simkaniaceae","","","g__uncultured","","","s__uncultured_bacterium","","As predicted",FALSE,1.6e-05,0.0016,-4.795880017,0.083333333,NA,0.082378244,NA,NA,FALSE,"Neutral","Late Reproductive"
"242","233c60ad39befe5c50790d7f8eb9dfdc",0.000138089,3.28e-06,-8615.344795,0.684043465,-55.3948254,0.067945083,0.907745261,-17226.68959,-17211.73176,2e+06,24,13081,5e-07,0.001230917,0.791666667,0.945425276,0.779582506,0.988351868,"d__Bacteria","d__Bacteria","d__Bacteria","k__Pseudomonadati--other","k__Pseudomonadati--other","p__Verrucomicrobiota","Verrucomicrobiota","Verrucomicrobiota","c__Verrucomicrobiae","c__Verrucomicrobiia","c__Verrucomicrobiia","o__Verrucomicrobiales","o__Verrucomicrobiales","o__Verrucomicrobiales","f__Rubritaleaceae","f__Rubritaleaceae","f__Rubritaleaceae","g__Luteolibacter","g__Luteolibacter--other","g__Luteolibacter--other","","s__Luteolibacter_sp.","As predicted",FALSE,0.001230917,0.1230917,-2.909771348,0.791666667,NA,0.264113204,NA,NA,FALSE,"Neutral","Late Reproductive"
"243","25c9aa2cb09b258e40a2294aed981c09",0.000138089,3.28e-06,-8615.344795,0.684043465,-55.3948254,0.067945083,0.907745261,-17226.68959,-17211.73176,2e+06,24,13081,5e-07,9.98e-05,0.416666667,0.205234707,0.090470853,0.401339754,"d__Bacteria","d__Bacteria","d__Bacteria","k__Pseudomonadati--other","k__Pseudomonadati--other","p__Bacteroidota","Bacteroidota","Bacteroidota","c__Bacteroidia","c__Chitinophagia","c__Chitinophagia","o__Chitinophagales","o__Chitinophagales","o__Chitinophagales","f__Chitinophagaceae","f__Chitinophagaceae","f__Chitinophagaceae","g__Aurantisolimonas","g__Aurantisolimonas","g__Aurantisolimonas","s__uncultured_bacterium","s__metagenome","Above prediction",TRUE,9.98e-05,0.00998,-4.000905724,0.416666667,NA,0.229365323,NA,NA,FALSE,"Above","Late Reproductive"
"244","2d06e87e1549824dbfe3577168a6cb4a",0.000138089,3.28e-06,-8615.344795,0.684043465,-55.3948254,0.067945083,0.907745261,-17226.68959,-17211.73176,2e+06,24,13081,5e-07,6.48e-06,0.125,0.014766678,0.001158323,0.162276338,"d__Bacteria","d__Bacteria","d__Bacteria","k__Pseudomonadati--other","k__Pseudomonadati--other","p__Bacteroidota","Bacteroidota","Bacteroidota","c__Bacteroidia","c__Chitinophagia","c__Chitinophagia","o__Chitinophagales","o__Chitinophagales","o__Chitinophagales","f__Chitinophagaceae","f__Chitinophagaceae","f__Chitinophagaceae","g__uncultured","g__Incertae_Sedis","","","","As predicted",FALSE,6.48e-06,0.000648,-5.188480848,0.125,NA,0.142721893,NA,NA,FALSE,"Neutral","Late Reproductive"
"245","4e8d95347cde4d2863f6fc4e3eb6c03e",0.000138089,3.28e-06,-8615.344795,0.684043465,-55.3948254,0.067945083,0.907745261,-17226.68959,-17211.73176,2e+06,24,13081,5e-07,5e-07,0.041666667,0.001147202,8.11e-06,0.139945929,"d__Bacteria","d__Bacteria","d__Bacteria","k__Pseudomonadati","k__Pseudomonadati","p__Proteobacteria","Pseudomonadota","Pseudomonadota","c__Gammaproteobacteria","c__Gammaproteobacteria","c__Gammaproteobacteria","o__Burkholderiales","o__Burkholderiales--other","o__Burkholderiales--other","f__SC-I-84","f__Incertae_Sedis","f__Incertae_Sedis","g__SC-I-84","g__SC-I-84","g__SC-I-84","","","As predicted",FALSE,5e-07,5e-05,-6.301029996,0.041666667,NA,0.014987493,NA,NA,FALSE,"Neutral","Late Reproductive"
"246","542366b915467aba70166a5c51d0d99a",0.000138089,3.28e-06,-8615.344795,0.684043465,-55.3948254,0.067945083,0.907745261,-17226.68959,-17211.73176,2e+06,24,13081,5e-07,3.03e-05,0.208333333,0.067231008,0.016407192,0.237478471,"d__Bacteria","d__Bacteria","d__Bacteria","k__Pseudomonadati--other","k__Pseudomonadati--other","p__Bacteroidota","Bacteroidota","Bacteroidota","c__Bacteroidia","c__Chitinophagia","c__Chitinophagia","o__Chitinophagales","o__Chitinophagales","o__Chitinophagales","f__Chitinophagaceae","f__Chitinophagaceae","f__Chitinophagaceae","g__Ferruginibacter","g__Ferruginibacter","g__Ferruginibacter","","s__metagenome","As predicted",FALSE,3.03e-05,0.00303,-4.518676831,0.208333333,NA,0.228118428,NA,NA,FALSE,"Neutral","Late Reproductive"
"247","71fa7ee51309206be8a361a597f84f37",0.000138089,3.28e-06,-8615.344795,0.684043465,-55.3948254,0.067945083,0.907745261,-17226.68959,-17211.73176,2e+06,24,13081,5e-07,4.52e-06,0.083333333,0.01032603,0.000592287,0.155186485,"d__Bacteria","d__Bacteria","d__Bacteria","k__Pseudomonadati","k__Pseudomonadati","p__Proteobacteria","Pseudomonadota","Pseudomonadota","c__Gammaproteobacteria","c__Gammaproteobacteria","c__Gammaproteobacteria","o__Burkholderiales","o__Burkholderiales","o__Burkholderiales","f__Oxalobacteraceae","f__Oxalobacteraceae","f__Oxalobacteraceae","g__Massilia","","g__Telluria","","s__metagenome","As predicted",FALSE,4.52e-06,0.000452,-5.344781504,0.083333333,NA,0.043361673,NA,NA,FALSE,"Neutral","Late Reproductive"
"248","731d9d7f7bce53a7dd5d190aabdedb5d",0.000138089,3.28e-06,-8615.344795,0.684043465,-55.3948254,0.067945083,0.907745261,-17226.68959,-17211.73176,2e+06,24,13081,5e-07,0.002917333,0.916666667,0.999169962,0.860597031,0.99999574,"d__Bacteria","d__Bacteria","d__Bacteria","k__Pseudomonadati","k__Pseudomonadati","p__Proteobacteria","Pseudomonadota","Pseudomonadota","c__Gammaproteobacteria","c__Gammaproteobacteria","c__Gammaproteobacteria","o__Burkholderiales","o__Methylophilales","o__Methylophilales","f__Methylophilaceae","f__Methylophilaceae","f__Methylophilaceae","g__Methylophilus","g__Methylophilus","g__Methylotenera--other","","","As predicted",FALSE,0.002917333,0.2917333,-2.535013946,0.916666667,NA,0.32604918,NA,NA,FALSE,"Neutral","Late Reproductive"
"249","8a4f558f7acdc2d3e22afe553aba4d55",0.000138089,3.28e-06,-8615.344795,0.684043465,-55.3948254,0.067945083,0.907745261,-17226.68959,-17211.73176,2e+06,24,13081,5e-07,8.33e-07,0.041666667,0.001911289,2.23e-05,0.141249065,"d__Bacteria","d__Bacteria","d__Bacteria","k__Pseudomonadati--other","k__Pseudomonadati--other","p__Bacteroidota","Bacteroidota","Bacteroidota","c__Bacteroidia","c__Chitinophagia","c__Chitinophagia","o__Chitinophagales","o__Chitinophagales","o__Chitinophagales","f__Chitinophagaceae","f__Chitinophagaceae","f__Chitinophagaceae","","","g__Incertae_Sedis","","s__soil_metagenome","As predicted",FALSE,8.33e-07,8.33e-05,-6.079181246,0.041666667,NA,0.024442115,NA,NA,FALSE,"Neutral","Late Reproductive"
"250","ae722faca607d8e908f3d8ee654c5b91",0.000138089,3.28e-06,-8615.344795,0.684043465,-55.3948254,0.067945083,0.907745261,-17226.68959,-17211.73176,2e+06,24,13081,5e-07,4.34e-05,0.166666667,0.095015019,0.028473679,0.273312941,"d__Bacteria","d__Bacteria","d__Bacteria","k__Pseudomonadati","k__Pseudomonadati","p__Proteobacteria","Pseudomonadota","Pseudomonadota","c__Gammaproteobacteria","c__Gammaproteobacteria","c__Gammaproteobacteria","o__Burkholderiales","o__Burkholderiales","o__Burkholderiales","f__Oxalobacteraceae","f__Oxalobacteraceae","f__Oxalobacteraceae","g__Duganella","","g__Duganella","","","As predicted",FALSE,4.34e-05,0.00434,-4.362135178,0.166666667,NA,0.135390792,NA,NA,FALSE,"Neutral","Late Reproductive"
"251","ae9c53c962a24f0114331826aa76a3ea",0.000138089,3.28e-06,-8615.344795,0.684043465,-55.3948254,0.067945083,0.907745261,-17226.68959,-17211.73176,2e+06,24,13081,5e-07,1.08e-06,0.041666667,0.00248398,3.74e-05,0.142221307,"d__Bacteria","d__Bacteria","d__Bacteria","k__Pseudomonadati--other","k__Pseudomonadati--other","p__Planctomycetota","Planctomycetota","Planctomycetota","c__Phycisphaerae","c__Phycisphaerae","c__Phycisphaerae","o__mle1-8","o__Sedimentisphaerales","o__Sedimentisphaerales","f__mle1-8","f__Incertae_Sedis","f__Incertae_Sedis","g__mle1-8","g__Incertae_Sedis","g__Incertae_Sedis","s__uncultured_bacterium","s__uncultured_bacterium","As predicted",FALSE,1.08e-06,0.000108,-5.965237894,0.041666667,NA,0.031912009,NA,NA,FALSE,"Neutral","Late Reproductive"
"252","bb0aedec2dd0c49296f91fdb068dc100",0.000138089,3.28e-06,-8615.344795,0.684043465,-55.3948254,0.067945083,0.907745261,-17226.68959,-17211.73176,2e+06,24,13081,5e-07,2.79e-06,0.125,0.006388794,0.000236531,0.148754258,"d__Bacteria","d__Bacteria","d__Bacteria","k__Pseudomonadati--other","k__Pseudomonadati--other","p__Bacteroidota","Bacteroidota","Bacteroidota","c__Bacteroidia","c__Chitinophagia","c__Chitinophagia","o__Chitinophagales","o__Chitinophagales","o__Chitinophagales","f__Chitinophagaceae","f__Chitinophagaceae","f__Chitinophagaceae","g__Lacibacter","g__Lacibacter","g__Lacibacter","s__uncultured_bacterium","s__Lacibacter_sp.","As predicted",FALSE,2.79e-06,0.000279,-5.554136439,0.125,NA,0.065610488,NA,NA,FALSE,"Neutral","Late Reproductive"
"253","bfd0c6033a677c2648b7f643dff94605",0.000138089,3.28e-06,-8615.344795,0.684043465,-55.3948254,0.067945083,0.907745261,-17226.68959,-17211.73176,2e+06,24,13081,5e-07,2.1e-05,0.208333333,0.047000937,0.009070738,0.209937319,"d__Bacteria","d__Bacteria","d__Bacteria","k__Pseudomonadati--other","k__Pseudomonadati--other","p__Bacteroidota","Chlorobiota","Chlorobiota","c__SJA-28","c__Ignavibacteria--other","c__Ignavibacteria--other","o__SJA-28","o__Candidatus_Tepidaquicellales","o__Candidatus_Tepidaquicellales","f__SJA-28","f__Candidatus_Tepidaquicellaceae","f__Candidatus_Tepidaquicellaceae","g__SJA-28","g__Candidatus_Tepidaquicella","g__Candidatus_Tepidaquicella","s__uncultured_Ignavibacterium","s__uncultured_Ignavibacterium","As predicted",FALSE,2.1e-05,0.0021,-4.678643257,0.208333333,NA,0.149940474,NA,NA,FALSE,"Neutral","Late Reproductive"
"254","ce13c9937bcc31fbb83e7c674ebbc49c",0.000138089,3.28e-06,-8615.344795,0.684043465,-55.3948254,0.067945083,0.907745261,-17226.68959,-17211.73176,2e+06,24,13081,5e-07,9.18e-05,0.416666667,0.190465959,0.081192812,0.385155771,"d__Bacteria","d__Bacteria","d__Bacteria","k__Pseudomonadati--other","k__Pseudomonadati--other","p__Spirochaetota","Spirochaetota","Spirochaetota","c__Leptospirae","c__Spirochaetia","c__Spirochaetia","o__Leptospirales","o__Leptospirales","o__Leptospirales","f__Leptospiraceae","f__Leptospiraceae","f__Leptospiraceae","g__Turneriella","g__Turneriella","g__Turneriella","s__metagenome","s__Nitrospira_sp.","Above prediction",TRUE,9.18e-05,0.00918,-4.037098187,0.416666667,NA,0.176192668,NA,NA,FALSE,"Above","Late Reproductive"
"255","d8dc5ac29e139922d89aa75a26d332dc",0.000138089,3.28e-06,-8615.344795,0.684043465,-55.3948254,0.067945083,0.907745261,-17226.68959,-17211.73176,2e+06,24,13081,5e-07,1.75e-05,0.125,0.039350729,0.006703799,0.199114935,"d__Bacteria","d__Bacteria","d__Bacteria","k__Pseudomonadati--other","k__Pseudomonadati--other","p__Verrucomicrobiota","Verrucomicrobiota","Verrucomicrobiota","c__Verrucomicrobiae","c__Verrucomicrobiia","c__Verrucomicrobiia","o__Verrucomicrobiales","o__Verrucomicrobiales","o__Verrucomicrobiales","f__Rubritaleaceae","f__Rubritaleaceae","f__Rubritaleaceae","g__Luteolibacter","g__Luteolibacter--other","g__Luteolibacter--other","","","As predicted",FALSE,1.75e-05,0.00175,-4.757479277,0.125,NA,0.133697132,NA,NA,FALSE,"Neutral","Late Reproductive"
"256","ecdf0200cd32e230808ab657134fbfb3",0.000138089,3.28e-06,-8615.344795,0.684043465,-55.3948254,0.067945083,0.907745261,-17226.68959,-17211.73176,2e+06,24,13081,5e-07,0.001090021,0.958333333,0.92330502,0.750087185,0.979710815,"d__Bacteria","d__Bacteria","d__Bacteria","k__Pseudomonadati--other","k__Pseudomonadati--other","p__Bacteroidota","Bacteroidota","Bacteroidota","c__Bacteroidia","c__Cytophagia","c__Cytophagia","o__Cytophagales","o__Cytophagales","o__Cytophagales","f__Spirosomaceae","f__Spirosomataceae","f__Spirosomataceae","g__Emticicia","g__Emticicia","g__Emticicia","","","As predicted",FALSE,0.001090021,0.1090021,-2.962565201,0.958333333,NA,0.375169673,NA,NA,FALSE,"Neutral","Late Reproductive"
"257","fc8565afdae893c3381e1dffd557d696",0.000138089,3.28e-06,-8615.344795,0.684043465,-55.3948254,0.067945083,0.907745261,-17226.68959,-17211.73176,2e+06,24,13081,5e-07,1.42e-05,0.166666667,0.032103953,0.004710437,0.188614511,"d__Bacteria","d__Bacteria","d__Bacteria","k__Pseudomonadati--other","k__Pseudomonadati--other","p__Verrucomicrobiota","Verrucomicrobiota","Verrucomicrobiota","c__Verrucomicrobiae","c__Verrucomicrobiia","c__Verrucomicrobiia","o__Verrucomicrobiales","o__Verrucomicrobiales","o__Verrucomicrobiales","f__Rubritaleaceae","f__Rubritaleaceae","f__Rubritaleaceae","g__Luteolibacter","g__Luteolibacter--other","g__Luteolibacter--other","","","As predicted",FALSE,1.42e-05,0.00142,-4.847456863,0.166666667,NA,0.153613983,NA,NA,FALSE,"Neutral","Late Reproductive"
"258","fdf2370fc41547ac42d5e53ffe0ee590",0.000138089,3.28e-06,-8615.344795,0.684043465,-55.3948254,0.067945083,0.907745261,-17226.68959,-17211.73176,2e+06,24,13081,5e-07,3.23e-05,0.25,0.071600113,0.018167382,0.243250825,"d__Bacteria","d__Bacteria","d__Bacteria","k__Pseudomonadati","k__Pseudomonadati","p__NB1-j","NB1-j","NB1-j","c__NB1-j","c__Incertae_Sedis","c__Incertae_Sedis","o__NB1-j","o__Incertae_Sedis","o__Incertae_Sedis","f__NB1-j","f__Incertae_Sedis","f__Incertae_Sedis","g__NB1-j","g__Incertae_Sedis","g__Incertae_Sedis","s__uncultured_bacterium","","Above prediction",TRUE,3.23e-05,0.00323,-4.49034952,0.25,NA,0.145516782,NA,NA,FALSE,"Above","Late Reproductive"
"259","01e554a6c77365905a87ceed402b1483",0.000148783,3.41e-06,-9065.798164,0.710011746,-52.05570549,0.066409564,0.898269126,-18127.59633,-18112.3225,2e+06,30,15320,5e-07,3.57e-05,0.333333333,0.083761832,0.026396359,0.235624518,"d__Bacteria","d__Bacteria","d__Bacteria","k__Pseudomonadati","k__Pseudomonadati","p__Proteobacteria","Pseudomonadota","Pseudomonadota","c__Alphaproteobacteria","c__Alphaproteobacteria","c__Alphaproteobacteria","o__Rhizobiales","o__Hyphomicrobiales--other","o__Hyphomicrobiales--other","f__Rhizobiaceae","f__Rhizobiaceae--other","f__Rhizobiaceae--other","g__Mesorhizobium","","g__Zhengella","","s__Mesorhizobium_sp.","Above prediction",TRUE,3.57e-05,0.00357,-4.447940466,0.333333333,NA,0.155231173,NA,NA,FALSE,"Above","Seedling"
"260","040bd74a5c9b1a37501cd9fc4c554326",0.000148783,3.41e-06,-9065.798164,0.710011746,-52.05570549,0.066409564,0.898269126,-18127.59633,-18112.3225,2e+06,30,15320,5e-07,0.002164083,1,0.996192636,0.8798432,0.999893052,"d__Archaea","d__Archaea","d__Archaea","k__Thermoproteati","k__Thermoproteati","p__Crenarchaeota","Thermoproteota","Thermoproteota","c__Nitrososphaeria","c__Nitrososphaeria","c__Nitrososphaeria","o__Nitrososphaerales","o__Nitrososphaerales","o__Nitrososphaerales","f__Nitrososphaeraceae","f__Nitrososphaeraceae","f__Nitrososphaeraceae","g__Nitrososphaeraceae","g__Incertae_Sedis","g__Incertae_Sedis","","s__Nitrososphaeraceae_archaeon","Above prediction",TRUE,0.002164083,0.2164083,-2.66472602,1,NA,0.351377644,NA,NA,FALSE,"Above","Seedling"
"261","0dfe245697814f4897dd14ea27bf5250",0.000148783,3.41e-06,-9065.798164,0.710011746,-52.05570549,0.066409564,0.898269126,-18127.59633,-18112.3225,2e+06,30,15320,5e-07,0.001489417,1,0.977307667,0.849282481,0.996971227,"d__Bacteria","d__Bacteria","d__Bacteria","k__Bacillati","k__Bacillati","p__Actinobacteriota","Actinomycetota","Actinomycetota","c__Acidimicrobiia","c__Acidimicrobiia","c__Acidimicrobiia","o__Actinomarinales","o__Candidatus_Actinomarinales","o__Candidatus_Actinomarinales","f__uncultured","f__Candidatus_Actinomarinaceae","f__Candidatus_Actinomarinaceae","g__uncultured","g__Candidatus_Actinomarina","g__Candidatus_Actinomarina","","s__Micrococcales_bacterium","Above prediction",TRUE,0.001489417,0.1489417,-2.826983791,1,NA,0.38378439,NA,NA,FALSE,"Above","Seedling"
"262","13801e7bc71636162780bd7b6d06bf65",0.000148783,3.41e-06,-9065.798164,0.710011746,-52.05570549,0.066409564,0.898269126,-18127.59633,-18112.3225,2e+06,30,15320,5e-07,2.67e-05,0.266666667,0.063285886,0.01701185,0.208705723,"d__Bacteria","d__Bacteria","d__Bacteria","k__Pseudomonadati","k__Pseudomonadati","p__Myxococcota","Myxococcota","Myxococcota","c__Polyangia","c__Polyangiia","c__Polyangiia","o__Polyangiales","o__Polyangiales","o__Polyangiales","f__Phaselicystidaceae","f__Polyangiaceae","f__Polyangiaceae","g__Phaselicystis","g__Phaselicystis","g__Phaselicystis","s__uncultured_Polyangiaceae","s__soil_metagenome","Above prediction",TRUE,2.67e-05,0.00267,-4.574302787,0.266666667,NA,0.17327215,NA,NA,FALSE,"Above","Seedling"
"263","1aed60cbc5eb3c3e0c7006ca6298cbba",0.000148783,3.41e-06,-9065.798164,0.710011746,-52.05570549,0.066409564,0.898269126,-18127.59633,-18112.3225,2e+06,30,15320,5e-07,2.77e-06,0.033333333,0.006759373,0.000323572,0.125174008,"d__Bacteria","d__Bacteria","d__Bacteria","k__Pseudomonadati--other","k__Pseudomonadati--other","p__Planctomycetota","Planctomycetota","Planctomycetota","c__Planctomycetes","c__Planctomycetia","c__Planctomycetia","o__Pirellulales","o__Pirellulales","o__Pirellulales","f__Pirellulaceae","","f__Thermoguttaceae--other","g__uncultured","","g__Incertae_Sedis","s__uncultured_soil","s__freshwater_metagenome","As predicted",FALSE,2.77e-06,0.000277,-5.558043162,0.033333333,NA,0.053590466,NA,NA,FALSE,"Neutral","Seedling"
"264","2fac845da336657d55f1a9f350c6bc09",0.000148783,3.41e-06,-9065.798164,0.710011746,-52.05570549,0.066409564,0.898269126,-18127.59633,-18112.3225,2e+06,30,15320,5e-07,0.003661117,0.966666667,0.999935275,0.886371883,0.999999967,"d__Bacteria","d__Bacteria","d__Bacteria","k__Pseudomonadati","k__Pseudomonadati","p__Proteobacteria","Pseudomonadota","Pseudomonadota","c__Alphaproteobacteria","c__Alphaproteobacteria","c__Alphaproteobacteria","o__Rhizobiales","","o__Hyphomicrobiales--other","f__Methyloligellaceae","","f__Methyloligellaceae","g__uncultured","","g__Methyloceanibacter","","s__uncultured_Rhodobium","As predicted",FALSE,0.003661117,0.3661117,-2.436386431,0.966666667,NA,0.382072249,NA,NA,FALSE,"Neutral","Seedling"
"265","33b59ac7bf646a8a5b1129313c3cd6bc",0.000148783,3.41e-06,-9065.798164,0.710011746,-52.05570549,0.066409564,0.898269126,-18127.59633,-18112.3225,2e+06,30,15320,5e-07,0.000531517,0.833333333,0.733412659,0.555603015,0.858231377,"d__Bacteria","d__Bacteria","d__Bacteria","k__Pseudomonadati--other","k__Pseudomonadati--other","p__Acidobacteriota","Acidobacteriota","Acidobacteriota","c__Subgroup_11","c__Terriglobia","c__Terriglobia","o__Subgroup_11","o__Subgroup_11","o__Subgroup_11","f__Subgroup_11","f__Incertae_Sedis","f__Incertae_Sedis","g__Subgroup_11","g__Incertae_Sedis","g__Incertae_Sedis","s__uncultured_bacterium","s__uncultured_bacterium","As predicted",FALSE,0.000531517,0.0531517,-3.274483113,0.833333333,NA,0.306083038,NA,NA,FALSE,"Neutral","Seedling"
"266","34c76a37daf44b08d51fdac690d8a846",0.000148783,3.41e-06,-9065.798164,0.710011746,-52.05570549,0.066409564,0.898269126,-18127.59633,-18112.3225,2e+06,30,15320,5e-07,1.91e-05,0.1,0.045686854,0.010029824,0.184485138,"d__Bacteria","d__Bacteria","d__Bacteria","k__Bacillati","k__Bacillati","p__Actinobacteriota","Actinomycetota","Actinomycetota","c__Actinobacteria","c__Actinomycetes","c__Actinomycetes","o__Propionibacteriales","o__Propionibacteriales","o__Propionibacteriales","f__Nocardioidaceae","f__Nocardioidaceae","f__Nocardioidaceae","g__Nocardioides","g__Nocardioides","g__Nocardioides","","s__rock_metagenome","As predicted",FALSE,1.91e-05,0.00191,-4.719725226,0.1,NA,0.099714033,NA,NA,FALSE,"Neutral","Seedling"
"267","351cf4af69db293519bfd5b9eddd432c",0.000148783,3.41e-06,-9065.798164,0.710011746,-52.05570549,0.066409564,0.898269126,-18127.59633,-18112.3225,2e+06,30,15320,5e-07,1.65e-05,0.2,0.039696752,0.00793925,0.175955421,"d__Bacteria","d__Bacteria","d__Bacteria","k__Pseudomonadati--other","k__Pseudomonadati--other","p__Planctomycetota","Planctomycetota","Planctomycetota","c__Planctomycetes","c__Planctomycetia","c__Planctomycetia","o__Planctomycetales","o__Planctomycetales","o__Planctomycetales","f__uncultured","f__Planctomycetaceae","f__Planctomycetaceae","g__uncultured","","g__Incertae_Sedis","","s__soil_metagenome","Above prediction",TRUE,1.65e-05,0.00165,-4.782077596,0.2,NA,0.169295236,NA,NA,FALSE,"Above","Seedling"
"268","3849097c8ab5f74d5e44ff2f46ec1c07",0.000148783,3.41e-06,-9065.798164,0.710011746,-52.05570549,0.066409564,0.898269126,-18127.59633,-18112.3225,2e+06,30,15320,5e-07,5.53e-06,0.066666667,0.013474157,0.001181491,0.136221221,"d__Bacteria","d__Bacteria","d__Bacteria","k__Bacillati","k__Bacillati","p__Chloroflexi","Chloroflexota--other","Chloroflexota--other","c__JG30-KF-CM66","c__Ktedonobacteria","c__Ktedonobacteria","o__JG30-KF-CM66","o__Incertae_Sedis","o__Incertae_Sedis","f__JG30-KF-CM66","f__Incertae_Sedis","f__Incertae_Sedis","g__JG30-KF-CM66","g__Incertae_Sedis","g__Incertae_Sedis","s__uncultured_bacterium","s__uncultured_bacterium","As predicted",FALSE,5.53e-06,0.000553,-5.257013167,0.066666667,NA,0.062189566,NA,NA,FALSE,"Neutral","Seedling"
"269","3b85dc79386362e93f5385a08f99dbb2",0.000148783,3.41e-06,-9065.798164,0.710011746,-52.05570549,0.066409564,0.898269126,-18127.59633,-18112.3225,2e+06,30,15320,5e-07,1.57e-05,0.2,0.037849299,0.007328457,0.17329073,"d__Bacteria","d__Bacteria","d__Bacteria","k__Pseudomonadati--other","k__Pseudomonadati--other","p__Planctomycetota","Planctomycetota","Planctomycetota","c__Pla4_lineage","c__Candidatus_Uabimicrobiia","c__Candidatus_Uabimicrobiia","o__Pla4_lineage","o__Incertae_Sedis","o__Incertae_Sedis","f__Pla4_lineage","f__Incertae_Sedis","f__Incertae_Sedis","g__Pla4_lineage","g__Incertae_Sedis","g__Incertae_Sedis","","s__Planctomycetaceae_bacterium","Above prediction",TRUE,1.57e-05,0.00157,-4.803179256,0.2,NA,0.113045027,NA,NA,FALSE,"Above","Seedling"
"270","3bd9fc0265a969dde3e2c0479c7d80f9",0.000148783,3.41e-06,-9065.798164,0.710011746,-52.05570549,0.066409564,0.898269126,-18127.59633,-18112.3225,2e+06,30,15320,5e-07,1.6e-05,0.266666667,0.038557244,0.007560531,0.174313822,"d__Bacteria","d__Bacteria","d__Bacteria","k__Pseudomonadati--other","k__Pseudomonadati--other","p__Verrucomicrobiota","Verrucomicrobiota","Verrucomicrobiota","c__Verrucomicrobiae","c__Verrucomicrobiia","c__Verrucomicrobiia","o__Verrucomicrobiales","o__Verrucomicrobiales","o__Verrucomicrobiales","f__Rubritaleaceae","f__Rubritaleaceae","f__Rubritaleaceae","g__Luteolibacter","g__Luteolibacter--other","g__Luteolibacter--other","s__uncultured_Verrucomicrobiales","s__Luteolibacter_sp.","Above prediction",TRUE,1.6e-05,0.0016,-4.794976178,0.266666667,NA,0.171799666,NA,NA,FALSE,"Above","Seedling"
"271","3f5f077e16c01f93c4095099c7d43258",0.000148783,3.41e-06,-9065.798164,0.710011746,-52.05570549,0.066409564,0.898269126,-18127.59633,-18112.3225,2e+06,30,15320,5e-07,1.6e-05,0.1,0.038557244,0.007560531,0.174313822,"d__Bacteria","d__Bacteria","d__Bacteria","k__Pseudomonadati--other","k__Pseudomonadati--other","p__Acidobacteriota","Acidobacteriota","Acidobacteriota","c__Acidobacteriae","c__Terriglobia","c__Terriglobia","o__Bryobacterales","o__Bryobacterales","o__Bryobacterales","f__Bryobacteraceae","f__Bryobacteraceae","f__Bryobacteraceae","g__Bryobacter","g__Bryobacter","g__Bryobacter","","s__Terriglobia_bacterium","As predicted",FALSE,1.6e-05,0.0016,-4.794976178,0.1,NA,0.089056303,NA,NA,FALSE,"Neutral","Seedling"
"272","41c3fcdc0ba7f8aa45aa2bfd2d4eeaf6",0.000148783,3.41e-06,-9065.798164,0.710011746,-52.05570549,0.066409564,0.898269126,-18127.59633,-18112.3225,2e+06,30,15320,5e-07,0.001138167,0.9,0.943397869,0.800358693,0.985773852,"d__Bacteria","d__Bacteria","d__Bacteria","k__Bacillati","k__Bacillati","p__Actinobacteriota","Actinomycetota","Actinomycetota","c__Thermoleophilia","c__Thermoleophilia","c__Thermoleophilia","o__Gaiellales","o__Gaiellales","o__Gaiellales","f__uncultured","f__Gaiellaceae","f__Gaiellaceae","g__uncultured","g__Gaiella","g__Gaiella","","s__uncultured_Rubrobacteria","As predicted",FALSE,0.001138167,0.1138167,-2.943794138,0.9,NA,0.372385167,NA,NA,FALSE,"Neutral","Seedling"
"273","432b01066dfe0725b4830272bff0caff",0.000148783,3.41e-06,-9065.798164,0.710011746,-52.05570549,0.066409564,0.898269126,-18127.59633,-18112.3225,2e+06,30,15320,5e-07,4.49e-05,0.133333333,0.104351099,0.03689609,0.261629007,"d__Bacteria","d__Bacteria","d__Bacteria","k__Bacillati","k__Bacillati","p__Firmicutes","Bacillota","Bacillota","c__Bacilli","c__Bacilli","c__Bacilli","o__Thermoactinomycetales","o__Thermoactinomycetales","o__Thermoactinomycetales","f__Thermoactinomycetaceae","f__Thermoactinomycetaceae","f__Thermoactinomycetaceae","g__Thermoactinomyces","g__Paenactinomyces","g__Thermoactinomyces--other","s__Thermoactinomyces_sp.","s__Thermoactinomyces_sp.","As predicted",FALSE,4.49e-05,0.00449,-4.347753659,0.133333333,NA,0.135956065,NA,NA,FALSE,"Neutral","Seedling"
"274","45bdd24b81b9a4ed791efe55f698a230",0.000148783,3.41e-06,-9065.798164,0.710011746,-52.05570549,0.066409564,0.898269126,-18127.59633,-18112.3225,2e+06,30,15320,5e-07,6e-05,0.5,0.136924217,0.055202642,0.301073721,"d__Bacteria","d__Bacteria","d__Bacteria","k__Pseudomonadati--other","k__Pseudomonadati--other","p__Latescibacterota","Candidatus_Latescibacterota","Candidatus_Latescibacterota","c__Latescibacterota","c__Candidatus_Latescibacteria","c__Candidatus_Latescibacteria","o__Latescibacterota","o__Candidatus_Latescibacterales","o__Candidatus_Latescibacterales","f__Latescibacterota","f__Candidatus_Latescibacteraceae","f__Candidatus_Latescibacteraceae","g__Latescibacterota","g__Candidatus_Latescibacter","g__Candidatus_Latescibacter","s__metagenome","s__soil_metagenome","Above prediction",TRUE,6e-05,0.006,-4.222090091,0.5,NA,0.283577193,NA,NA,FALSE,"Above","Seedling"
"275","48a25a351f673f799f73620221769bb5",0.000148783,3.41e-06,-9065.798164,0.710011746,-52.05570549,0.066409564,0.898269126,-18127.59633,-18112.3225,2e+06,30,15320,5e-07,3.78e-05,0.366666667,0.088476314,0.028715337,0.241664191,"d__Bacteria","d__Bacteria","d__Bacteria","k__Bacillati","k__Bacillati","p__Actinobacteriota","Actinomycetota","Actinomycetota","c__Thermoleophilia","c__Thermoleophilia","c__Thermoleophilia","o__Gaiellales","o__Gaiellales","o__Gaiellales","f__uncultured","f__Gaiellaceae","f__Gaiellaceae","g__uncultured","g__Gaiella","g__Gaiella","s__bacterium_Ellin6515","","Above prediction",TRUE,3.78e-05,0.00378,-4.423083044,0.366666667,NA,0.229890322,NA,NA,FALSE,"Above","Seedling"
"276","4b1164f46f0a3b68ace98a626f89d3d2",0.000148783,3.41e-06,-9065.798164,0.710011746,-52.05570549,0.066409564,0.898269126,-18127.59633,-18112.3225,2e+06,30,15320,5e-07,3.6e-06,0.033333333,0.008786577,0.000532363,0.128559397,"d__Bacteria","d__Bacteria","d__Bacteria","k__Bacillati","k__Bacillati","p__Chloroflexi","Chloroflexota--other","Chloroflexota--other","c__Anaerolineae","c__Anaerolineae","c__Anaerolineae","o__Anaerolineales","o__Anaerolineales","o__Anaerolineales","f__Anaerolineaceae","f__Anaerolineaceae","f__Anaerolineaceae","g__uncultured","g__RBG-16-58-14","g__RBG-16-58-14","s__uncultured_Chloroflexi","","As predicted",FALSE,3.6e-06,0.00036,-5.443697499,0.033333333,NA,0.074705511,NA,NA,FALSE,"Neutral","Seedling"
"277","4c687e9abe11199b993e2ab668384d5c",0.000148783,3.41e-06,-9065.798164,0.710011746,-52.05570549,0.066409564,0.898269126,-18127.59633,-18112.3225,2e+06,30,15320,5e-07,0.0017465,1,0.988456275,0.866907477,0.999112414,"d__Bacteria","d__Bacteria","d__Bacteria","k__Pseudomonadati--other","k__Pseudomonadati--other","p__Nitrospirota","Nitrospirota","Nitrospirota","c__Nitrospiria","c__Nitrospiria","c__Nitrospiria","o__Nitrospirales","o__Nitrospirales","o__Nitrospirales","f__Nitrospiraceae","f__Nitrospiraceae","f__Nitrospiraceae","g__Nitrospira","g__Nitrospira","g__Nitrospira","","s__Candidatus_Acidoferrum","Above prediction",TRUE,0.0017465,0.17465,-2.75783141,1,NA,0.357446148,NA,NA,FALSE,"Above","Seedling"
"278","524f945306ac2c325b6027df82cc10c2",0.000148783,3.41e-06,-9065.798164,0.710011746,-52.05570549,0.066409564,0.898269126,-18127.59633,-18112.3225,2e+06,30,15320,5e-07,0.0005134,0.866666667,0.720960344,0.542694395,0.849062375,"d__Bacteria","d__Bacteria","d__Bacteria","k__Pseudomonadati","k__Pseudomonadati","p__Proteobacteria","Pseudomonadota","Pseudomonadota","c__Gammaproteobacteria","c__Gammaproteobacteria","c__Gammaproteobacteria","o__Steroidobacterales","o__Steroidobacterales","o__Steroidobacterales","f__Steroidobacteraceae","f__Steroidobacteraceae","f__Steroidobacteraceae","g__uncultured","g__Incertae_Sedis","g__Incertae_Sedis","","s__metagenome","Above prediction",TRUE,0.0005134,0.05134,-3.289544136,0.866666667,NA,0.360493831,NA,NA,FALSE,"Above","Seedling"
"279","53e147376c416a7fb1b1c3dc4ba25d6e",0.000148783,3.41e-06,-9065.798164,0.710011746,-52.05570549,0.066409564,0.898269126,-18127.59633,-18112.3225,2e+06,30,15320,5e-07,8.61e-05,0.533333333,0.190766755,0.088917179,0.362820562,"d__Bacteria","d__Bacteria","d__Bacteria","k__Pseudomonadati--other","k__Pseudomonadati--other","p__Gemmatimonadota","Gemmatimonadota","Gemmatimonadota","c__S0134_terrestrial_group","c__Gemmatimonadia","c__Gemmatimonadia","o__S0134_terrestrial_group","o__S0134_terrestrial_group","o__S0134_terrestrial_group","f__S0134_terrestrial_group","f__Incertae_Sedis","f__Incertae_Sedis","g__S0134_terrestrial_group","g__Incertae_Sedis","g__Incertae_Sedis","s__uncultured_bacterium","s__uncultured_bacterium","Above prediction",TRUE,8.61e-05,0.00861,-4.064828745,0.533333333,NA,0.240407,NA,NA,FALSE,"Above","Seedling"
"280","548f1f37d4853c6e929864a929bcbb4e",0.000148783,3.41e-06,-9065.798164,0.710011746,-52.05570549,0.066409564,0.898269126,-18127.59633,-18112.3225,2e+06,30,15320,5e-07,3.08e-05,0.233333333,0.07282042,0.021233597,0.22138845,"d__Bacteria","d__Bacteria","d__Bacteria","k__Bacillati","k__Bacillati","p__Firmicutes","Bacillota","Bacillota","c__Bacilli","c__Bacilli","c__Bacilli","o__Bacillales","o__Bacillales","o__Bacillales","f__Bacillaceae","f__Bacillaceae","f__Bacillaceae","g__Bacillus","g__Lederbergia","g__Lederbergia","s__uncultured_compost","s__uncultured_bacterium","Above prediction",TRUE,3.08e-05,0.00308,-4.511214339,0.233333333,NA,0.136568301,NA,NA,FALSE,"Above","Seedling"
"281","5b5fc41e4def55055e7e165fecdfc4f1",0.000148783,3.41e-06,-9065.798164,0.710011746,-52.05570549,0.066409564,0.898269126,-18127.59633,-18112.3225,2e+06,30,15320,5e-07,5.8e-05,0.266666667,0.13266788,0.052708479,0.296021511,"d__Bacteria","d__Bacteria","d__Bacteria","k__Bacillati","k__Bacillati","p__Chloroflexi","Thermomicrobiota","Thermomicrobiota","c__Chloroflexia","c__Thermomicrobia","c__Thermomicrobia","o__Thermomicrobiales","o__Thermomicrobiales--other","o__Thermomicrobiales--other","f__JG30-KF-CM45","f__JG30-KF-CM45","f__JG30-KF-CM45","g__JG30-KF-CM45","g__Incertae_Sedis","g__Incertae_Sedis","s__uncultured_Chloroflexi","","As predicted",FALSE,5.8e-05,0.0058,-4.236821673,0.266666667,NA,0.221860944,NA,NA,FALSE,"Neutral","Seedling"
"282","5de04fe69beee5cc76f6cdc2005dc3a5",0.000148783,3.41e-06,-9065.798164,0.710011746,-52.05570549,0.066409564,0.898269126,-18127.59633,-18112.3225,2e+06,30,15320,5e-07,8.57e-06,0.133333333,0.020785245,0.002591709,0.147773366,"d__Bacteria","d__Bacteria","d__Bacteria","k__Bacillati","k__Bacillati","p__Chloroflexi","Chloroflexota--other","Chloroflexota--other","c__Anaerolineae","c__Anaerolineae","c__Anaerolineae","o__SBR1031","o__Phototrophicales","o__Phototrophicales","f__SBR1031","f__Phototrophicaceae","f__Phototrophicaceae","g__SBR1031","g__Phototrophicus","g__Phototrophicus","s__uncultured_Caldilineaceae","s__uncultured_Caldilineaceae","As predicted",FALSE,8.57e-06,0.000857,-5.067188131,0.133333333,NA,0.161321195,NA,NA,FALSE,"Neutral","Seedling"
"283","66449c73c79eb4cf250519f8d4d670c7",0.000148783,3.41e-06,-9065.798164,0.710011746,-52.05570549,0.066409564,0.898269126,-18127.59633,-18112.3225,2e+06,30,15320,5e-07,5.85e-05,0.266666667,0.133840412,0.05339274,0.297416118,"d__Bacteria","d__Bacteria","d__Bacteria","k__Pseudomonadati--other","k__Pseudomonadati--other","p__Acidobacteriota","Acidobacteriota","Acidobacteriota","c__Blastocatellia","c__Blastocatellia","c__Blastocatellia","o__Blastocatellales","o__Blastocatellales","o__Blastocatellales","f__Blastocatellaceae","f__Blastocatellaceae","f__Blastocatellaceae","g__uncultured","g__Incertae_Sedis","g__Incertae_Sedis","s__uncultured_Acidobacteria","s__uncultured_Acidobacteria","As predicted",FALSE,5.85e-05,0.00585,-4.232720421,0.266666667,NA,0.19699729,NA,NA,FALSE,"Neutral","Seedling"
"284","6d01029368e4cc381d8e748ea1285708",0.000148783,3.41e-06,-9065.798164,0.710011746,-52.05570549,0.066409564,0.898269126,-18127.59633,-18112.3225,2e+06,30,15320,5e-07,0.000860383,0.766666667,0.884359344,0.724486791,0.956972031,"d__Bacteria","d__Bacteria","d__Bacteria","k__Pseudomonadati--other","k__Pseudomonadati--other","p__Acidobacteriota","Acidobacteriota","Acidobacteriota","c__Vicinamibacteria","c__Vicinamibacteria","c__Vicinamibacteria","o__Vicinamibacterales","o__Vicinamibacterales","o__Vicinamibacterales","f__uncultured","f__Vicinamibacteraceae","f__Vicinamibacteraceae","g__uncultured","g__Incertae_Sedis","g__Incertae_Sedis","s__uncultured_Acidobacteriaceae","","As predicted",FALSE,0.000860383,0.0860383,-3.065308011,0.766666667,NA,0.331582644,NA,NA,FALSE,"Neutral","Seedling"
"285","6d30448b2542057714130ba12fec491f",0.000148783,3.41e-06,-9065.798164,0.710011746,-52.05570549,0.066409564,0.898269126,-18127.59633,-18112.3225,2e+06,30,15320,5e-07,3.73e-05,0.3,0.087393337,0.028177885,0.240281554,"d__Bacteria","d__Bacteria","d__Bacteria","k__Bacillati","k__Bacillati","p__Chloroflexi","Chloroflexota--other","Chloroflexota--other","c__Anaerolineae","c__Anaerolineae--other","c__Anaerolineae--other","o__RBG-13-54-9","o__RBG-13-54-9","o__RBG-13-54-9","f__RBG-13-54-9","f__Incertae_Sedis","f__Incertae_Sedis","g__RBG-13-54-9","g__Incertae_Sedis","g__Incertae_Sedis","s__uncultured_sludge","","Above prediction",TRUE,3.73e-05,0.00373,-4.428679451,0.3,NA,0.182134024,NA,NA,FALSE,"Above","Seedling"
"286","770f6d40306b14f30101bf45337bdecb",0.000148783,3.41e-06,-9065.798164,0.710011746,-52.05570549,0.066409564,0.898269126,-18127.59633,-18112.3225,2e+06,30,15320,5e-07,1.06e-05,0.2,0.025696286,0.003769056,0.155303165,"d__Bacteria","d__Bacteria","d__Bacteria","k__Pseudomonadati--other","k__Pseudomonadati--other","p__Latescibacterota","Candidatus_Latescibacterota","Candidatus_Latescibacterota","c__Latescibacterota","c__Candidatus_Latescibacteria","c__Candidatus_Latescibacteria","o__Latescibacterota","o__Candidatus_Latescibacterales","o__Candidatus_Latescibacterales","f__Latescibacterota","f__Candidatus_Latescibacteraceae","f__Candidatus_Latescibacteraceae","g__Latescibacterota","g__Candidatus_Latescibacter","g__Candidatus_Latescibacter","s__uncultured_bacterium","","Above prediction",TRUE,1.06e-05,0.00106,-4.974011818,0.2,NA,0.214659886,NA,NA,FALSE,"Above","Seedling"
"287","79f854ba7e9256f5c29821a8b32cfadc",0.000148783,3.41e-06,-9065.798164,0.710011746,-52.05570549,0.066409564,0.898269126,-18127.59633,-18112.3225,2e+06,30,15320,5e-07,4.77e-05,0.4,0.110530413,0.04022223,0.269258625,"d__Bacteria","d__Bacteria","d__Bacteria","k__Pseudomonadati--other","k__Pseudomonadati--other","p__Gemmatimonadota","Gemmatimonadota","Gemmatimonadota","c__Gemmatimonadetes","c__Gemmatimonadia","c__Gemmatimonadia","o__Gemmatimonadales","o__Gemmatimonadales","o__Gemmatimonadales","f__Gemmatimonadaceae","f__Gemmatimonadaceae","f__Gemmatimonadaceae","","g__Gemmatimonas","g__Gemmatimonas","","","Above prediction",TRUE,4.77e-05,0.00477,-4.321329902,0.4,NA,0.203272163,NA,NA,FALSE,"Above","Seedling"
"288","7ebbe0dc9ad3c1a88944fd59dde184fb",0.000148783,3.41e-06,-9065.798164,0.710011746,-52.05570549,0.066409564,0.898269126,-18127.59633,-18112.3225,2e+06,30,15320,5e-07,1.4e-05,0.166666667,0.033788487,0.006046793,0.167372683,"d__Bacteria","d__Bacteria","d__Bacteria","k__Bacillati","k__Bacillati","p__Firmicutes","Bacillota","Bacillota","c__Bacilli","c__Bacilli","c__Bacilli","o__Bacillales","","o__Bacillales","f__Bacillaceae","","f__Bacillaceae","g__Bacillus","","","","","As predicted",FALSE,1.4e-05,0.0014,-4.853355255,0.166666667,NA,0.174766731,NA,NA,FALSE,"Neutral","Seedling"
"289","8c236fe169500c5b91c687f10e0d3c6b",0.000148783,3.41e-06,-9065.798164,0.710011746,-52.05570549,0.066409564,0.898269126,-18127.59633,-18112.3225,2e+06,30,15320,5e-07,2.13e-05,0.133333333,0.050941943,0.01199177,0.191840324,"d__Bacteria","d__Bacteria","d__Bacteria","k__Bacillati","k__Bacillati","p__Actinobacteriota","Actinomycetota","Actinomycetota","c__Acidimicrobiia","c__Acidimicrobiia","c__Acidimicrobiia","","o__Acidimicrobiales","o__Acidimicrobiales","","f__Acidimicrobiaceae","f__Acidimicrobiaceae","","g__Incertae_Sedis","g__Incertae_Sedis","","s__uncultured_bacterium","As predicted",FALSE,2.13e-05,0.00213,-4.671280706,0.133333333,NA,0.102598861,NA,NA,FALSE,"Neutral","Seedling"
"290","8f0fb68673a8b3c26f3fd210e29b7916",0.000148783,3.41e-06,-9065.798164,0.710011746,-52.05570549,0.066409564,0.898269126,-18127.59633,-18112.3225,2e+06,30,15320,5e-07,0.0007894,0.933333333,0.861374898,0.69691519,0.943792824,"d__Bacteria","d__Bacteria","d__Bacteria","k__Bacillati","k__Bacillati","p__Firmicutes","Clostridiota","Clostridiota","c__Clostridia","c__Clostridia","c__Clostridia","o__Clostridiales","o__Clostridiales","o__Clostridiales","f__Clostridiaceae","f__Clostridiaceae","f__Clostridiaceae","g__Clostridium_sensu_stricto_13","g__Clostridium--other","g__Clostridium--other","","s__Clostridium_bowmanii","As predicted",FALSE,0.0007894,0.07894,-3.102702878,0.933333333,NA,0.372593154,NA,NA,FALSE,"Neutral","Seedling"
"291","90aca794c7e30b8a77e87f13ffc9a5cc",0.000148783,3.41e-06,-9065.798164,0.710011746,-52.05570549,0.066409564,0.898269126,-18127.59633,-18112.3225,2e+06,30,15320,5e-07,0.001379367,0.833333333,0.969746541,0.837851956,0.994996078,"d__Bacteria","d__Bacteria","d__Bacteria","k__Pseudomonadati","k__Pseudomonadati","p__Proteobacteria","Pseudomonadota","Pseudomonadota","c__Alphaproteobacteria","c__Alphaproteobacteria","c__Alphaproteobacteria","o__Rhizobiales","o__Hyphomicrobiales--other","o__Hyphomicrobiales--other","f__Xanthobacteraceae","f__Nitrobacteraceae","f__Nitrobacteraceae","g__uncultured","","g__Incertae_Sedis","","","Below prediction",FALSE,0.001379367,0.1379367,-2.860320273,0.833333333,NA,0.32720225,NA,NA,FALSE,"Below","Seedling"
"292","91ddf6ae6fe1b2f82da6ceeeb5d9b519",0.000148783,3.41e-06,-9065.798164,0.710011746,-52.05570549,0.066409564,0.898269126,-18127.59633,-18112.3225,2e+06,30,15320,5e-07,3.81e-05,0.233333333,0.089259755,0.029105869,0.242662679,"d__Archaea","d__Archaea","d__Archaea","k__Thermoproteati","k__Thermoproteati","p__Crenarchaeota","Thermoproteota","Thermoproteota","c__Nitrososphaeria","c__Nitrososphaeria","c__Nitrososphaeria","o__Nitrososphaerales","o__Nitrososphaerales","o__Nitrososphaerales","f__Nitrososphaeraceae","f__Nitrososphaeraceae","f__Nitrososphaeraceae","g__Candidatus_Nitrocosmicus","g__Candidatus_Nitrosocosmicus","g__Candidatus_Nitrosocosmicus","","","As predicted",FALSE,3.81e-05,0.00381,-4.419075024,0.233333333,NA,0.189949015,NA,NA,FALSE,"Neutral","Seedling"
"293","91ff993a5f5f767d1d14eed660db4ecf",0.000148783,3.41e-06,-9065.798164,0.710011746,-52.05570549,0.066409564,0.898269126,-18127.59633,-18112.3225,2e+06,30,15320,5e-07,2.83e-05,0.233333333,0.066996594,0.018621929,0.21367463,"d__Bacteria","d__Bacteria","d__Bacteria","k__Bacillati","k__Bacillati","p__Chloroflexi","Chloroflexota--other","Chloroflexota--other","c__Anaerolineae","c__Anaerolineae--other","c__Anaerolineae--other","o__RBG-13-54-9","o__RBG-13-54-9","o__RBG-13-54-9","f__RBG-13-54-9","f__Incertae_Sedis","f__Incertae_Sedis","g__RBG-13-54-9","g__Incertae_Sedis","g__Incertae_Sedis","s__uncultured_Caldilineaceae","s__Bacillota_bacterium","Above prediction",TRUE,2.83e-05,0.00283,-4.548725402,0.233333333,NA,0.156790194,NA,NA,FALSE,"Above","Seedling"
"294","945afead985a2610f6d91b9757bb4ff5",0.000148783,3.41e-06,-9065.798164,0.710011746,-52.05570549,0.066409564,0.898269126,-18127.59633,-18112.3225,2e+06,30,15320,5e-07,1.7e-05,0.2,0.040874167,0.008337136,0.17764506,"d__Bacteria","d__Bacteria","d__Bacteria","k__Pseudomonadati--other","k__Pseudomonadati--other","p__Latescibacterota","Candidatus_Latescibacterota","Candidatus_Latescibacterota","c__Latescibacterota","c__Candidatus_Latescibacteria","c__Candidatus_Latescibacteria","o__Latescibacterota","o__Candidatus_Latescibacterales","o__Candidatus_Latescibacterales","f__Latescibacterota","f__Candidatus_Latescibacteraceae","f__Candidatus_Latescibacteraceae","g__Latescibacterota","g__Candidatus_Latescibacter","g__Candidatus_Latescibacter","s__uncultured_bacterium","s__Candidatus_Eisenbacteria","Above prediction",TRUE,1.7e-05,0.0017,-4.769125508,0.2,NA,0.133497469,NA,NA,FALSE,"Above","Seedling"
"295","b26086d47e0a3f9bd5c419c4617b8502",0.000148783,3.41e-06,-9065.798164,0.710011746,-52.05570549,0.066409564,0.898269126,-18127.59633,-18112.3225,2e+06,30,15320,5e-07,0.001115833,0.9,0.940034388,0.795778163,0.984391019,"d__Archaea","d__Archaea","d__Archaea","k__Thermoproteati","k__Thermoproteati","p__Crenarchaeota","Thermoproteota","Thermoproteota","c__Nitrososphaeria","c__Nitrososphaeria","c__Nitrososphaeria","o__Nitrososphaerales","o__Nitrososphaerales","o__Nitrososphaerales","f__Nitrososphaeraceae","f__Nitrososphaeraceae","f__Nitrososphaeraceae","","g__Candidatus_Nitrosocosmicus","g__Candidatus_Nitrosocosmicus","","s__uncultured_archaeon","As predicted",FALSE,0.001115833,0.1115833,-2.952400669,0.9,NA,0.351121987,NA,NA,FALSE,"Neutral","Seedling"
"296","b2af2d86f64b5aa555813c2e5ccf5125",0.000148783,3.41e-06,-9065.798164,0.710011746,-52.05570549,0.066409564,0.898269126,-18127.59633,-18112.3225,2e+06,30,15320,5e-07,0.002116383,0.966666667,0.995675421,0.878956211,0.999863033,"d__Bacteria","d__Bacteria","d__Bacteria","k__Pseudomonadati","k__Pseudomonadati","p__Proteobacteria","Pseudomonadota","Pseudomonadota","c__Gammaproteobacteria","c__Gammaproteobacteria","c__Gammaproteobacteria","o__Burkholderiales","o__Burkholderiales","o__Burkholderiales","f__Comamonadaceae","f__Comamonadaceae","f__Comamonadaceae","g__Ramlibacter","","g__Ramlibacter","","s__Ramlibacter_sp.","As predicted",FALSE,0.002116383,0.2116383,-2.674405667,0.966666667,NA,0.416473216,NA,NA,FALSE,"Neutral","Seedling"
"297","bc84c01dbfc576927c9a43ad8a4fbf8f",0.000148783,3.41e-06,-9065.798164,0.710011746,-52.05570549,0.066409564,0.898269126,-18127.59633,-18112.3225,2e+06,30,15320,5e-07,0.001708683,1,0.987245153,0.864940423,0.998932182,"d__Bacteria","d__Bacteria","d__Bacteria","k__Pseudomonadati","k__Pseudomonadati","p__Proteobacteria","Pseudomonadota","Pseudomonadota","c__Alphaproteobacteria","c__Alphaproteobacteria","c__Alphaproteobacteria","o__Azospirillales","o__Azospirillales","o__Azospirillales","f__uncultured","f__Azospirillaceae","f__Azospirillaceae","g__uncultured","g__Incertae_Sedis","g__Incertae_Sedis","s__uncultured_bacterium","s__uncultured_bacterium","Above prediction",TRUE,0.001708683,0.1708683,-2.767338417,1,NA,0.368940401,NA,NA,FALSE,"Above","Seedling"
"298","c4b069153ae53489ea1cbfb2de1cfb1d",0.000148783,3.41e-06,-9065.798164,0.710011746,-52.05570549,0.066409564,0.898269126,-18127.59633,-18112.3225,2e+06,30,15320,5e-07,2.7e-05,0.233333333,0.064128751,0.017373733,0.209838217,"d__Bacteria","d__Bacteria","d__Bacteria","k__Bacillati","k__Bacillati","p__Actinobacteriota","Actinomycetota","Actinomycetota","c__Actinobacteria","c__Actinomycetes","c__Actinomycetes","o__Corynebacteriales","o__Mycobacteriales","o__Mycobacteriales","f__Mycobacteriaceae","f__Mycobacteriaceae","f__Mycobacteriaceae","g__Mycobacterium","g__Mycobacterium","g__Mycobacterium","","s__uncultured_actinobacterium","Above prediction",TRUE,2.7e-05,0.0027,-4.568368236,0.233333333,NA,0.192606804,NA,NA,FALSE,"Above","Seedling"
"299","c9f9355d32e264f6bc060415332587bb",0.000148783,3.41e-06,-9065.798164,0.710011746,-52.05570549,0.066409564,0.898269126,-18127.59633,-18112.3225,2e+06,30,15320,5e-07,1.22e-05,0.133333333,0.029393548,0.004761144,0.160866222,"d__Bacteria","d__Bacteria","d__Bacteria","k__Pseudomonadati","k__Pseudomonadati","p__Myxococcota","Myxococcota","Myxococcota","c__Polyangia","c__Polyangiia","c__Polyangiia","o__Nannocystales","o__Nannocystales","o__Nannocystales","f__Nannocystaceae","f__Nannocystaceae","f__Nannocystaceae","g__Nannocystis","g__Nannocystis","g__Nannocystis","s__metagenome","","As predicted",FALSE,1.22e-05,0.00122,-4.91482839,0.133333333,NA,0.093876143,NA,NA,FALSE,"Neutral","Seedling"
"300","ce88479c67c424bd1b2d977d099ce325",0.000148783,3.41e-06,-9065.798164,0.710011746,-52.05570549,0.066409564,0.898269126,-18127.59633,-18112.3225,2e+06,30,15320,5e-07,0.0007736,0.833333333,0.85567735,0.690210235,0.940396179,"d__Bacteria","d__Bacteria","d__Bacteria","k__Pseudomonadati--other","k__Pseudomonadati--other","p__Acidobacteriota","Acidobacteriota","Acidobacteriota","c__Blastocatellia","c__Blastocatellia","c__Blastocatellia","o__Pyrinomonadales","o__Blastocatellales","o__Blastocatellales","f__Pyrinomonadaceae","f__Arenimicrobiaceae","f__Arenimicrobiaceae","g__RB41","g__RB41","g__RB41","","","As predicted",FALSE,0.0007736,0.07736,-3.111483539,0.833333333,NA,0.313348176,NA,NA,FALSE,"Neutral","Seedling"
"301","d6cab129762000bbf37a901dfd906afe",0.000148783,3.41e-06,-9065.798164,0.710011746,-52.05570549,0.066409564,0.898269126,-18127.59633,-18112.3225,2e+06,30,15320,5e-07,1.54e-05,0.166666667,0.036943963,0.007035329,0.17197872,"d__Bacteria","d__Bacteria","d__Bacteria","k__Pseudomonadati--other","k__Pseudomonadati--other","p__Acidobacteriota","Acidobacteriota","Acidobacteriota","c__Acidobacteriae","c__Terriglobia","c__Terriglobia","o__Acidobacteriales","o__Terriglobales","o__Terriglobales","f__Koribacteraceae","f__Candidatus_Korobacteraceae","","g__Candidatus_Koribacter","g__Candidatus_Korobacter","","s__uncultured_bacterium","","As predicted",FALSE,1.54e-05,0.00154,-4.81389162,0.166666667,NA,0.130100415,NA,NA,FALSE,"Neutral","Seedling"
"302","dc3335ef3308ec570f453e4c01a22f2c",0.000148783,3.41e-06,-9065.798164,0.710011746,-52.05570549,0.066409564,0.898269126,-18127.59633,-18112.3225,2e+06,30,15320,5e-07,9.8e-06,0.133333333,0.023742742,0.003280606,0.152328033,"d__Bacteria","d__Bacteria","d__Bacteria","k__Pseudomonadati--other","k__Pseudomonadati--other","p__Acidobacteriota","Acidobacteriota","Acidobacteriota","c__Subgroup_18","c__Terriglobia","c__Terriglobia","o__Subgroup_18","o__Subgroup_18","o__Subgroup_18","f__Subgroup_18","f__Incertae_Sedis","f__Incertae_Sedis","g__Subgroup_18","g__Incertae_Sedis","g__Incertae_Sedis","s__uncultured_bacterium","s__uncultured_bacterium","As predicted",FALSE,9.8e-06,0.00098,-5.008773924,0.133333333,NA,0.11702804,NA,NA,FALSE,"Neutral","Seedling"
"303","def8339f22670d09a6e7d9d629d1e13b",0.000148783,3.41e-06,-9065.798164,0.710011746,-52.05570549,0.066409564,0.898269126,-18127.59633,-18112.3225,2e+06,30,15320,5e-07,0.000464133,0.833333333,0.68413904,0.505229411,0.821244174,"d__Bacteria","d__Bacteria","d__Bacteria","k__Pseudomonadati","k__Pseudomonadati","p__Proteobacteria","Pseudomonadota","Pseudomonadota","c__Gammaproteobacteria","c__Gammaproteobacteria","c__Gammaproteobacteria","o__PLTA13","o__Steroidobacterales--other","o__Steroidobacterales--other","f__PLTA13","f__Steroidobacteraceae--other","f__Steroidobacteraceae--other","g__PLTA13","g__PLTA13","g__PLTA13","","s__uncultured_Gammaproteobacteria","Above prediction",TRUE,0.000464133,0.0464133,-3.33335724,0.833333333,NA,0.344090631,NA,NA,FALSE,"Above","Seedling"
"304","eeb66039bd09c5fae7240effb5126814",0.000148783,3.41e-06,-9065.798164,0.710011746,-52.05570549,0.066409564,0.898269126,-18127.59633,-18112.3225,2e+06,30,15320,5e-07,6.1e-06,0.066666667,0.014843998,0.001411154,0.138420251,"d__Bacteria","d__Bacteria","d__Bacteria","k__Pseudomonadati--other","k__Pseudomonadati--other","p__Planctomycetota","Planctomycetota","Planctomycetota","c__Planctomycetes","c__Planctomycetia","c__Planctomycetia","o__Gemmatales","o__Gemmatales","o__Gemmatales","f__Gemmataceae","f__Gemmataceae","f__Gemmataceae","g__uncultured","g__Incertae_Sedis","g__Incertae_Sedis","","","As predicted",FALSE,6.1e-06,0.00061,-5.214670165,0.066666667,NA,0.090436243,NA,NA,FALSE,"Neutral","Seedling"
"305","ef87e8a8dea72fedaa227d707dc23065",0.000148783,3.41e-06,-9065.798164,0.710011746,-52.05570549,0.066409564,0.898269126,-18127.59633,-18112.3225,2e+06,30,15320,5e-07,1.35e-05,0.166666667,0.032642138,0.005700897,0.165686132,"d__Bacteria","d__Bacteria","d__Bacteria","k__Pseudomonadati--other","k__Pseudomonadati--other","p__Planctomycetota","Planctomycetota","Planctomycetota","c__Planctomycetes","c__Planctomycetia","c__Planctomycetia","o__Gemmatales","o__Gemmatales","o__Gemmatales","f__Gemmataceae","f__Gemmataceae","f__Gemmataceae","g__uncultured","g__Incertae_Sedis","g__Incertae_Sedis","s__uncultured_bacterium","s__uncultured_bacterium","Above prediction",TRUE,1.35e-05,0.00135,-4.868595221,0.166666667,NA,0.102753205,NA,NA,FALSE,"Above","Seedling"
"306","f57538baf707c3dd9629935db2bb981a",0.000148783,3.41e-06,-9065.798164,0.710011746,-52.05570549,0.066409564,0.898269126,-18127.59633,-18112.3225,2e+06,30,15320,5e-07,3.88e-05,0.333333333,0.090750206,0.029852799,0.24455828,"d__Bacteria","d__Bacteria","d__Bacteria","k__Pseudomonadati--other","k__Pseudomonadati--other","p__Planctomycetota","Planctomycetota","Planctomycetota","c__Planctomycetes","c__Planctomycetia","c__Planctomycetia","o__Gemmatales","o__Gemmatales","o__Gemmatales","f__Gemmataceae","f__Gemmataceae","f__Gemmataceae","","","","","","Above prediction",TRUE,3.88e-05,0.00388,-4.41154154,0.333333333,NA,0.223822168,NA,NA,FALSE,"Above","Seedling"
"307","f7f6b04e5691089d34a12b4b455f28a1",0.000148783,3.41e-06,-9065.798164,0.710011746,-52.05570549,0.066409564,0.898269126,-18127.59633,-18112.3225,2e+06,30,15320,5e-07,2.68e-06,0.033333333,0.00655643,0.000305267,0.124832501,"d__Bacteria","d__Bacteria","d__Bacteria","k__Pseudomonadati--other","k__Pseudomonadati--other","p__Bacteroidota","Bacteroidota","Bacteroidota","c__Bacteroidia","c__Cytophagia","c__Cytophagia","o__Cytophagales","o__Cytophagales","o__Cytophagales","f__Hymenobacteraceae","f__Hymenobacteraceae","f__Hymenobacteraceae","g__Pontibacter","g__Pontibacter--other","g__Pontibacter--other","s__Pontibacter_sp.","s__uncultured_Pontibacter","As predicted",FALSE,2.68e-06,0.000268,-5.571325374,0.033333333,NA,0.038855494,NA,NA,FALSE,"Neutral","Seedling"
"308","f968254345bd05c204aee9646945cfa0",0.000148783,3.41e-06,-9065.798164,0.710011746,-52.05570549,0.066409564,0.898269126,-18127.59633,-18112.3225,2e+06,30,15320,5e-07,0.0009902,0.9,0.917104673,0.765491497,0.974023916,"d__Bacteria","d__Bacteria","d__Bacteria","k__Bacillati","k__Bacillati","p__Actinobacteriota","Actinomycetota","Actinomycetota","c__Thermoleophilia","c__Thermoleophilia","c__Thermoleophilia","o__Gaiellales","o__Gaiellales","o__Gaiellales","f__Gaiellaceae","f__Gaiellaceae","f__Gaiellaceae","g__Gaiella","g__Gaiella","g__Gaiella","s__actinobacterium_WWH12","","As predicted",FALSE,0.0009902,0.09902,-3.004277078,0.9,NA,0.344203568,NA,NA,FALSE,"Neutral","Seedling"
"309","f9c97adffa7ac976f53976a689e9885c",0.000148783,3.41e-06,-9065.798164,0.710011746,-52.05570549,0.066409564,0.898269126,-18127.59633,-18112.3225,2e+06,30,15320,5e-07,0.00021215,0.766666667,0.407389308,0.252024536,0.583779187,"d__Bacteria","d__Bacteria","d__Bacteria","k__Pseudomonadati--other","k__Pseudomonadati--other","p__Gemmatimonadota","Gemmatimonadota","Gemmatimonadota","c__AKAU4049","c__Gemmatimonadia","c__Gemmatimonadia","o__AKAU4049","o__AKAU4049","o__AKAU4049","f__AKAU4049","f__Incertae_Sedis","f__Incertae_Sedis","g__AKAU4049","g__Incertae_Sedis","g__Incertae_Sedis","s__uncultured_bacterium","s__uncultured_bacterium","Above prediction",TRUE,0.00021215,0.021215,-3.673356964,0.766666667,NA,0.339573429,NA,NA,FALSE,"Above","Seedling"
"310","01e554a6c77365905a87ceed402b1483",0.000204404,4.25e-06,-7779.134284,0.753947962,-42.49479358,0.068200242,0.906757321,-15554.26857,-15539.12277,2e+06,24,14370,5e-07,0.000131625,0.541666667,0.348497175,0.191176279,0.547625641,"d__Bacteria","d__Bacteria","d__Bacteria","k__Pseudomonadati","k__Pseudomonadati","p__Proteobacteria","Pseudomonadota","Pseudomonadota","c__Alphaproteobacteria","c__Alphaproteobacteria","c__Alphaproteobacteria","o__Rhizobiales","o__Hyphomicrobiales--other","o__Hyphomicrobiales--other","f__Rhizobiaceae","f__Rhizobiaceae--other","f__Rhizobiaceae--other","g__Mesorhizobium","","g__Zhengella","","s__Mesorhizobium_sp.","As predicted",FALSE,0.000131625,0.0131625,-3.880661616,0.541666667,NA,0.380228834,NA,NA,FALSE,"Neutral","Early Vegetative"
"311","040bd74a5c9b1a37501cd9fc4c554326",0.000204404,4.25e-06,-7779.134284,0.753947962,-42.49479358,0.068200242,0.906757321,-15554.26857,-15539.12277,2e+06,24,14370,5e-07,0.003601646,1,0.999997179,0.862018932,1,"d__Archaea","d__Archaea","d__Archaea","k__Thermoproteati","k__Thermoproteati","p__Crenarchaeota","Thermoproteota","Thermoproteota","c__Nitrososphaeria","c__Nitrososphaeria","c__Nitrososphaeria","o__Nitrososphaerales","o__Nitrososphaerales","o__Nitrososphaerales","f__Nitrososphaeraceae","f__Nitrososphaeraceae","f__Nitrososphaeraceae","g__Nitrososphaeraceae","g__Incertae_Sedis","g__Incertae_Sedis","","s__Nitrososphaeraceae_archaeon","Above prediction",TRUE,0.003601646,0.3601646,-2.443498996,1,NA,0.453302004,NA,NA,FALSE,"Above","Early Vegetative"
"312","0dfe245697814f4897dd14ea27bf5250",0.000204404,4.25e-06,-7779.134284,0.753947962,-42.49479358,0.068200242,0.906757321,-15554.26857,-15539.12277,2e+06,24,14370,5e-07,0.002214125,1,0.999526188,0.861208315,0.999998606,"d__Bacteria","d__Bacteria","d__Bacteria","k__Bacillati","k__Bacillati","p__Actinobacteriota","Actinomycetota","Actinomycetota","c__Acidimicrobiia","c__Acidimicrobiia","c__Acidimicrobiia","o__Actinomarinales","o__Candidatus_Actinomarinales","o__Candidatus_Actinomarinales","f__uncultured","f__Candidatus_Actinomarinaceae","f__Candidatus_Actinomarinaceae","g__uncultured","g__Candidatus_Actinomarina","g__Candidatus_Actinomarina","","s__Micrococcales_bacterium","Above prediction",TRUE,0.002214125,0.2214125,-2.654797864,1,NA,0.467929332,NA,NA,FALSE,"Above","Early Vegetative"
"313","13801e7bc71636162780bd7b6d06bf65",0.000204404,4.25e-06,-7779.134284,0.753947962,-42.49479358,0.068200242,0.906757321,-15554.26857,-15539.12277,2e+06,24,14370,5e-07,2.34e-05,0.208333333,0.072892932,0.018698891,0.244948198,"d__Bacteria","d__Bacteria","d__Bacteria","k__Pseudomonadati","k__Pseudomonadati","p__Myxococcota","Myxococcota","Myxococcota","c__Polyangia","c__Polyangiia","c__Polyangiia","o__Polyangiales","o__Polyangiales","o__Polyangiales","f__Phaselicystidaceae","f__Polyangiaceae","f__Polyangiaceae","g__Phaselicystis","g__Phaselicystis","g__Phaselicystis","s__uncultured_Polyangiaceae","s__soil_metagenome","As predicted",FALSE,2.34e-05,0.00234,-4.631635625,0.208333333,NA,0.143369695,NA,NA,FALSE,"Neutral","Early Vegetative"
"314","2713ef3c402d337501d0f9965eb02bfd",0.000204404,4.25e-06,-7779.134284,0.753947962,-42.49479358,0.068200242,0.906757321,-15554.26857,-15539.12277,2e+06,24,14370,5e-07,1.42e-05,0.166666667,0.044856393,0.008381989,0.206928772,"d__Bacteria","d__Bacteria","d__Bacteria","k__Pseudomonadati","k__Pseudomonadati","p__Proteobacteria","Pseudomonadota","Pseudomonadota","c__Alphaproteobacteria","c__Alphaproteobacteria","c__Alphaproteobacteria","o__Rhizobiales","o__Micropepsales","o__Micropepsales","f__A0839","f__Pleomorphomonadaceae","f__Pleomorphomonadaceae","g__A0839","g__Incertae_Sedis","g__Incertae_Sedis","s__uncultured_bacterium","s__uncultured_bacterium","As predicted",FALSE,1.42e-05,0.00142,-4.848732325,0.166666667,NA,0.194744418,NA,NA,FALSE,"Neutral","Early Vegetative"
"315","2fac845da336657d55f1a9f350c6bc09",0.000204404,4.25e-06,-7779.134284,0.753947962,-42.49479358,0.068200242,0.906757321,-15554.26857,-15539.12277,2e+06,24,14370,5e-07,0.004626896,1,0.999999942,0.862023696,1,"d__Bacteria","d__Bacteria","d__Bacteria","k__Pseudomonadati","k__Pseudomonadati","p__Proteobacteria","Pseudomonadota","Pseudomonadota","c__Alphaproteobacteria","c__Alphaproteobacteria","c__Alphaproteobacteria","o__Rhizobiales","","o__Hyphomicrobiales--other","f__Methyloligellaceae","","f__Methyloligellaceae","g__uncultured","","g__Methyloceanibacter","","s__uncultured_Rhodobium","Above prediction",TRUE,0.004626896,0.4626896,-2.334710278,1,NA,0.436862936,NA,NA,FALSE,"Above","Early Vegetative"
"316","33b59ac7bf646a8a5b1129313c3cd6bc",0.000204404,4.25e-06,-7779.134284,0.753947962,-42.49479358,0.068200242,0.906757321,-15554.26857,-15539.12277,2e+06,24,14370,5e-07,0.000846688,0.75,0.940772348,0.773248261,0.986664243,"d__Bacteria","d__Bacteria","d__Bacteria","k__Pseudomonadati--other","k__Pseudomonadati--other","p__Acidobacteriota","Acidobacteriota","Acidobacteriota","c__Subgroup_11","c__Terriglobia","c__Terriglobia","o__Subgroup_11","o__Subgroup_11","o__Subgroup_11","f__Subgroup_11","f__Incertae_Sedis","f__Incertae_Sedis","g__Subgroup_11","g__Incertae_Sedis","g__Incertae_Sedis","s__uncultured_bacterium","s__uncultured_bacterium","Below prediction",FALSE,0.000846688,0.0846688,-3.072276852,0.75,NA,0.366491282,NA,NA,FALSE,"Below","Early Vegetative"
"317","34c76a37daf44b08d51fdac690d8a846",0.000204404,4.25e-06,-7779.134284,0.753947962,-42.49479358,0.068200242,0.906757321,-15554.26857,-15539.12277,2e+06,24,14370,5e-07,3.23e-05,0.166666667,0.099518301,0.030606063,0.278944428,"d__Bacteria","d__Bacteria","d__Bacteria","k__Bacillati","k__Bacillati","p__Actinobacteriota","Actinomycetota","Actinomycetota","c__Actinobacteria","c__Actinomycetes","c__Actinomycetes","o__Propionibacteriales","o__Propionibacteriales","o__Propionibacteriales","f__Nocardioidaceae","f__Nocardioidaceae","f__Nocardioidaceae","g__Nocardioides","g__Nocardioides","g__Nocardioides","","s__rock_metagenome","As predicted",FALSE,3.23e-05,0.00323,-4.49034952,0.166666667,NA,0.167636472,NA,NA,FALSE,"Neutral","Early Vegetative"
"318","351cf4af69db293519bfd5b9eddd432c",0.000204404,4.25e-06,-7779.134284,0.753947962,-42.49479358,0.068200242,0.906757321,-15554.26857,-15539.12277,2e+06,24,14370,5e-07,1.74e-05,0.166666667,0.054931052,0.011774677,0.220905276,"d__Bacteria","d__Bacteria","d__Bacteria","k__Pseudomonadati--other","k__Pseudomonadati--other","p__Planctomycetota","Planctomycetota","Planctomycetota","c__Planctomycetes","c__Planctomycetia","c__Planctomycetia","o__Planctomycetales","o__Planctomycetales","o__Planctomycetales","f__uncultured","f__Planctomycetaceae","f__Planctomycetaceae","g__uncultured","","g__Incertae_Sedis","","s__soil_metagenome","As predicted",FALSE,1.74e-05,0.00174,-4.758515779,0.166666667,NA,0.158794342,NA,NA,FALSE,"Neutral","Early Vegetative"
"319","3849097c8ab5f74d5e44ff2f46ec1c07",0.000204404,4.25e-06,-7779.134284,0.753947962,-42.49479358,0.068200242,0.906757321,-15554.26857,-15539.12277,2e+06,24,14370,5e-07,1.29e-05,0.041666667,0.040978641,0.007186049,0.201439283,"d__Bacteria","d__Bacteria","d__Bacteria","k__Bacillati","k__Bacillati","p__Chloroflexi","Chloroflexota--other","Chloroflexota--other","c__JG30-KF-CM66","c__Ktedonobacteria","c__Ktedonobacteria","o__JG30-KF-CM66","o__Incertae_Sedis","o__Incertae_Sedis","f__JG30-KF-CM66","f__Incertae_Sedis","f__Incertae_Sedis","g__JG30-KF-CM66","g__Incertae_Sedis","g__Incertae_Sedis","s__uncultured_bacterium","s__uncultured_bacterium","As predicted",FALSE,1.29e-05,0.00129,-4.888849548,0.041666667,NA,0.075117192,NA,NA,FALSE,"Neutral","Early Vegetative"
"320","3b85dc79386362e93f5385a08f99dbb2",0.000204404,4.25e-06,-7779.134284,0.753947962,-42.49479358,0.068200242,0.906757321,-15554.26857,-15539.12277,2e+06,24,14370,5e-07,4.01e-05,0.416666667,0.121839228,0.041785011,0.306247821,"d__Bacteria","d__Bacteria","d__Bacteria","k__Pseudomonadati--other","k__Pseudomonadati--other","p__Planctomycetota","Planctomycetota","Planctomycetota","c__Pla4_lineage","c__Candidatus_Uabimicrobiia","c__Candidatus_Uabimicrobiia","o__Pla4_lineage","o__Incertae_Sedis","o__Incertae_Sedis","f__Pla4_lineage","f__Incertae_Sedis","f__Incertae_Sedis","g__Pla4_lineage","g__Incertae_Sedis","g__Incertae_Sedis","","s__Planctomycetaceae_bacterium","Above prediction",TRUE,4.01e-05,0.00401,-4.397261953,0.416666667,NA,0.260369131,NA,NA,FALSE,"Above","Early Vegetative"
"321","3bd9fc0265a969dde3e2c0479c7d80f9",0.000204404,4.25e-06,-7779.134284,0.753947962,-42.49479358,0.068200242,0.906757321,-15554.26857,-15539.12277,2e+06,24,14370,5e-07,2.83e-05,0.416666667,0.087750663,0.025130364,0.264132159,"d__Bacteria","d__Bacteria","d__Bacteria","k__Pseudomonadati--other","k__Pseudomonadati--other","p__Verrucomicrobiota","Verrucomicrobiota","Verrucomicrobiota","c__Verrucomicrobiae","c__Verrucomicrobiia","c__Verrucomicrobiia","o__Verrucomicrobiales","o__Verrucomicrobiales","o__Verrucomicrobiales","f__Rubritaleaceae","f__Rubritaleaceae","f__Rubritaleaceae","g__Luteolibacter","g__Luteolibacter--other","g__Luteolibacter--other","s__uncultured_Verrucomicrobiales","s__Luteolibacter_sp.","Above prediction",TRUE,2.83e-05,0.00283,-4.547702329,0.416666667,NA,0.28547577,NA,NA,FALSE,"Above","Early Vegetative"
"322","3f5f077e16c01f93c4095099c7d43258",0.000204404,4.25e-06,-7779.134284,0.753947962,-42.49479358,0.068200242,0.906757321,-15554.26857,-15539.12277,2e+06,24,14370,5e-07,3.6e-05,0.166666667,0.110054872,0.035762142,0.2919539,"d__Bacteria","d__Bacteria","d__Bacteria","k__Pseudomonadati--other","k__Pseudomonadati--other","p__Acidobacteriota","Acidobacteriota","Acidobacteriota","c__Acidobacteriae","c__Terriglobia","c__Terriglobia","o__Bryobacterales","o__Bryobacterales","o__Bryobacterales","f__Bryobacteraceae","f__Bryobacteraceae","f__Bryobacteraceae","g__Bryobacter","g__Bryobacter","g__Bryobacter","","s__Terriglobia_bacterium","As predicted",FALSE,3.6e-05,0.0036,-4.444200446,0.166666667,NA,0.1721777,NA,NA,FALSE,"Neutral","Early Vegetative"
"323","41c3fcdc0ba7f8aa45aa2bfd2d4eeaf6",0.000204404,4.25e-06,-7779.134284,0.753947962,-42.49479358,0.068200242,0.906757321,-15554.26857,-15539.12277,2e+06,24,14370,5e-07,0.001207646,1,0.982992772,0.834206423,0.998496101,"d__Bacteria","d__Bacteria","d__Bacteria","k__Bacillati","k__Bacillati","p__Actinobacteriota","Actinomycetota","Actinomycetota","c__Thermoleophilia","c__Thermoleophilia","c__Thermoleophilia","o__Gaiellales","o__Gaiellales","o__Gaiellales","f__uncultured","f__Gaiellaceae","f__Gaiellaceae","g__uncultured","g__Gaiella","g__Gaiella","","s__uncultured_Rubrobacteria","Above prediction",TRUE,0.001207646,0.1207646,-2.918060413,1,NA,0.404331876,NA,NA,FALSE,"Above","Early Vegetative"
"324","432b01066dfe0725b4830272bff0caff",0.000204404,4.25e-06,-7779.134284,0.753947962,-42.49479358,0.068200242,0.906757321,-15554.26857,-15539.12277,2e+06,24,14370,5e-07,6.54e-05,0.291666667,0.191283415,0.08169985,0.386058066,"d__Bacteria","d__Bacteria","d__Bacteria","k__Bacillati","k__Bacillati","p__Firmicutes","Bacillota","Bacillota","c__Bacilli","c__Bacilli","c__Bacilli","o__Thermoactinomycetales","o__Thermoactinomycetales","o__Thermoactinomycetales","f__Thermoactinomycetaceae","f__Thermoactinomycetaceae","f__Thermoactinomycetaceae","g__Thermoactinomyces","g__Paenactinomyces","g__Thermoactinomyces--other","s__Thermoactinomyces_sp.","s__Thermoactinomyces_sp.","As predicted",FALSE,6.54e-05,0.00654,-4.184449922,0.291666667,NA,0.242674692,NA,NA,FALSE,"Neutral","Early Vegetative"
"325","45bdd24b81b9a4ed791efe55f698a230",0.000204404,4.25e-06,-7779.134284,0.753947962,-42.49479358,0.068200242,0.906757321,-15554.26857,-15539.12277,2e+06,24,14370,5e-07,7.52e-05,0.375,0.216717389,0.097850082,0.413757215,"d__Bacteria","d__Bacteria","d__Bacteria","k__Pseudomonadati--other","k__Pseudomonadati--other","p__Latescibacterota","Candidatus_Latescibacterota","Candidatus_Latescibacterota","c__Latescibacterota","c__Candidatus_Latescibacteria","c__Candidatus_Latescibacteria","o__Latescibacterota","o__Candidatus_Latescibacterales","o__Candidatus_Latescibacterales","f__Latescibacterota","f__Candidatus_Latescibacteraceae","f__Candidatus_Latescibacteraceae","g__Latescibacterota","g__Candidatus_Latescibacter","g__Candidatus_Latescibacter","s__metagenome","s__soil_metagenome","As predicted",FALSE,7.52e-05,0.00752,-4.123734035,0.375,NA,0.27502993,NA,NA,FALSE,"Neutral","Early Vegetative"
"326","4c687e9abe11199b993e2ab668384d5c",0.000204404,4.25e-06,-7779.134284,0.753947962,-42.49479358,0.068200242,0.906757321,-15554.26857,-15539.12277,2e+06,24,14370,5e-07,0.002784063,1,0.999940913,0.861921948,0.999999978,"d__Bacteria","d__Bacteria","d__Bacteria","k__Pseudomonadati--other","k__Pseudomonadati--other","p__Nitrospirota","Nitrospirota","Nitrospirota","c__Nitrospiria","c__Nitrospiria","c__Nitrospiria","o__Nitrospirales","o__Nitrospirales","o__Nitrospirales","f__Nitrospiraceae","f__Nitrospiraceae","f__Nitrospiraceae","g__Nitrospira","g__Nitrospira","g__Nitrospira","","s__Candidatus_Acidoferrum","Above prediction",TRUE,0.002784063,0.2784063,-2.555321019,1,NA,0.451300503,NA,NA,FALSE,"Above","Early Vegetative"
"327","524f945306ac2c325b6027df82cc10c2",0.000204404,4.25e-06,-7779.134284,0.753947962,-42.49479358,0.068200242,0.906757321,-15554.26857,-15539.12277,2e+06,24,14370,5e-07,0.000634708,0.958333333,0.878081663,0.693657082,0.958173698,"d__Bacteria","d__Bacteria","d__Bacteria","k__Pseudomonadati","k__Pseudomonadati","p__Proteobacteria","Pseudomonadota","Pseudomonadota","c__Gammaproteobacteria","c__Gammaproteobacteria","c__Gammaproteobacteria","o__Steroidobacterales","o__Steroidobacterales","o__Steroidobacterales","f__Steroidobacteraceae","f__Steroidobacteraceae","f__Steroidobacteraceae","g__uncultured","g__Incertae_Sedis","g__Incertae_Sedis","","s__metagenome","Above prediction",TRUE,0.000634708,0.0634708,-3.1974258,0.958333333,NA,0.421491923,NA,NA,FALSE,"Above","Early Vegetative"
"328","53e147376c416a7fb1b1c3dc4ba25d6e",0.000204404,4.25e-06,-7779.134284,0.753947962,-42.49479358,0.068200242,0.906757321,-15554.26857,-15539.12277,2e+06,24,14370,5e-07,0.000146646,0.583333333,0.379765441,0.215317299,0.577392599,"d__Bacteria","d__Bacteria","d__Bacteria","k__Pseudomonadati--other","k__Pseudomonadati--other","p__Gemmatimonadota","Gemmatimonadota","Gemmatimonadota","c__S0134_terrestrial_group","c__Gemmatimonadia","c__Gemmatimonadia","o__S0134_terrestrial_group","o__S0134_terrestrial_group","o__S0134_terrestrial_group","f__S0134_terrestrial_group","f__Incertae_Sedis","f__Incertae_Sedis","g__S0134_terrestrial_group","g__Incertae_Sedis","g__Incertae_Sedis","s__uncultured_bacterium","s__uncultured_bacterium","Above prediction",TRUE,0.000146646,0.0146646,-3.833730272,0.583333333,NA,0.328061585,NA,NA,FALSE,"Above","Early Vegetative"
"329","548f1f37d4853c6e929864a929bcbb4e",0.000204404,4.25e-06,-7779.134284,0.753947962,-42.49479358,0.068200242,0.906757321,-15554.26857,-15539.12277,2e+06,24,14370,5e-07,7.06e-05,0.25,0.204936,0.090280784,0.401014837,"d__Bacteria","d__Bacteria","d__Bacteria","k__Bacillati","k__Bacillati","p__Firmicutes","Bacillota","Bacillota","c__Bacilli","c__Bacilli","c__Bacilli","o__Bacillales","o__Bacillales","o__Bacillales","f__Bacillaceae","f__Bacillaceae","f__Bacillaceae","g__Bacillus","g__Lederbergia","g__Lederbergia","s__uncultured_compost","s__uncultured_bacterium","As predicted",FALSE,7.06e-05,0.00706,-4.151041539,0.25,NA,0.214002043,NA,NA,FALSE,"Neutral","Early Vegetative"
"330","5b5fc41e4def55055e7e165fecdfc4f1",0.000204404,4.25e-06,-7779.134284,0.753947962,-42.49479358,0.068200242,0.906757321,-15554.26857,-15539.12277,2e+06,24,14370,5e-07,4.98e-05,0.25,0.149228092,0.056701772,0.338550766,"d__Bacteria","d__Bacteria","d__Bacteria","k__Bacillati","k__Bacillati","p__Chloroflexi","Thermomicrobiota","Thermomicrobiota","c__Chloroflexia","c__Thermomicrobia","c__Thermomicrobia","o__Thermomicrobiales","o__Thermomicrobiales--other","o__Thermomicrobiales--other","f__JG30-KF-CM45","f__JG30-KF-CM45","f__JG30-KF-CM45","g__JG30-KF-CM45","g__Incertae_Sedis","g__Incertae_Sedis","s__uncultured_Chloroflexi","","As predicted",FALSE,4.98e-05,0.00498,-4.302661661,0.25,NA,0.199134496,NA,NA,FALSE,"Neutral","Early Vegetative"
"331","5de04fe69beee5cc76f6cdc2005dc3a5",0.000204404,4.25e-06,-7779.134284,0.753947962,-42.49479358,0.068200242,0.906757321,-15554.26857,-15539.12277,2e+06,24,14370,5e-07,9.15e-06,0.166666667,0.029187629,0.003984389,0.184312678,"d__Bacteria","d__Bacteria","d__Bacteria","k__Bacillati","k__Bacillati","p__Chloroflexi","Chloroflexota--other","Chloroflexota--other","c__Anaerolineae","c__Anaerolineae","c__Anaerolineae","o__SBR1031","o__Phototrophicales","o__Phototrophicales","f__SBR1031","f__Phototrophicaceae","f__Phototrophicaceae","g__SBR1031","g__Phototrophicus","g__Phototrophicus","s__uncultured_Caldilineaceae","s__uncultured_Caldilineaceae","As predicted",FALSE,9.15e-06,0.000915,-5.038776717,0.166666667,NA,0.18635976,NA,NA,FALSE,"Neutral","Early Vegetative"
"332","66449c73c79eb4cf250519f8d4d670c7",0.000204404,4.25e-06,-7779.134284,0.753947962,-42.49479358,0.068200242,0.906757321,-15554.26857,-15539.12277,2e+06,24,14370,5e-07,6.75e-05,0.458333333,0.196858829,0.085178668,0.392191527,"d__Bacteria","d__Bacteria","d__Bacteria","k__Pseudomonadati--other","k__Pseudomonadati--other","p__Acidobacteriota","Acidobacteriota","Acidobacteriota","c__Blastocatellia","c__Blastocatellia","c__Blastocatellia","o__Blastocatellales","o__Blastocatellales","o__Blastocatellales","f__Blastocatellaceae","f__Blastocatellaceae","f__Blastocatellaceae","g__uncultured","g__Incertae_Sedis","g__Incertae_Sedis","s__uncultured_Acidobacteria","s__uncultured_Acidobacteria","Above prediction",TRUE,6.75e-05,0.00675,-4.170562206,0.458333333,NA,0.277425077,NA,NA,FALSE,"Above","Early Vegetative"
"333","6d01029368e4cc381d8e748ea1285708",0.000204404,4.25e-06,-7779.134284,0.753947962,-42.49479358,0.068200242,0.906757321,-15554.26857,-15539.12277,2e+06,24,14370,5e-07,0.001470333,0.875,0.99322998,0.85061644,0.999735518,"d__Bacteria","d__Bacteria","d__Bacteria","k__Pseudomonadati--other","k__Pseudomonadati--other","p__Acidobacteriota","Acidobacteriota","Acidobacteriota","c__Vicinamibacteria","c__Vicinamibacteria","c__Vicinamibacteria","o__Vicinamibacterales","o__Vicinamibacterales","o__Vicinamibacterales","f__uncultured","f__Vicinamibacteraceae","f__Vicinamibacteraceae","g__uncultured","g__Incertae_Sedis","g__Incertae_Sedis","s__uncultured_Acidobacteriaceae","","As predicted",FALSE,0.001470333,0.1470333,-2.832584197,0.875,NA,0.463078304,NA,NA,FALSE,"Neutral","Early Vegetative"
"334","6d30448b2542057714130ba12fec491f",0.000204404,4.25e-06,-7779.134284,0.753947962,-42.49479358,0.068200242,0.906757321,-15554.26857,-15539.12277,2e+06,24,14370,5e-07,8.11e-05,0.416666667,0.231570251,0.107597933,0.429616404,"d__Bacteria","d__Bacteria","d__Bacteria","k__Bacillati","k__Bacillati","p__Chloroflexi","Chloroflexota--other","Chloroflexota--other","c__Anaerolineae","c__Anaerolineae--other","c__Anaerolineae--other","o__RBG-13-54-9","o__RBG-13-54-9","o__RBG-13-54-9","f__RBG-13-54-9","f__Incertae_Sedis","f__Incertae_Sedis","g__RBG-13-54-9","g__Incertae_Sedis","g__Incertae_Sedis","s__uncultured_sludge","","As predicted",FALSE,8.11e-05,0.00811,-4.091068406,0.416666667,NA,0.316614176,NA,NA,FALSE,"Neutral","Early Vegetative"
"335","770f6d40306b14f30101bf45337bdecb",0.000204404,4.25e-06,-7779.134284,0.753947962,-42.49479358,0.068200242,0.906757321,-15554.26857,-15539.12277,2e+06,24,14370,5e-07,4.17e-06,0.083333333,0.013401783,0.000966971,0.160114544,"d__Bacteria","d__Bacteria","d__Bacteria","k__Pseudomonadati--other","k__Pseudomonadati--other","p__Latescibacterota","Candidatus_Latescibacterota","Candidatus_Latescibacterota","c__Latescibacterota","c__Candidatus_Latescibacteria","c__Candidatus_Latescibacteria","o__Latescibacterota","o__Candidatus_Latescibacterales","o__Candidatus_Latescibacterales","f__Latescibacterota","f__Candidatus_Latescibacteraceae","f__Candidatus_Latescibacteraceae","g__Latescibacterota","g__Candidatus_Latescibacter","g__Candidatus_Latescibacter","s__uncultured_bacterium","","As predicted",FALSE,4.17e-06,0.000417,-5.380211242,0.083333333,NA,0.086805164,NA,NA,FALSE,"Neutral","Early Vegetative"
"336","79f854ba7e9256f5c29821a8b32cfadc",0.000204404,4.25e-06,-7779.134284,0.753947962,-42.49479358,0.068200242,0.906757321,-15554.26857,-15539.12277,2e+06,24,14370,5e-07,7.07e-05,0.458333333,0.205205668,0.090452371,0.401308171,"d__Bacteria","d__Bacteria","d__Bacteria","k__Pseudomonadati--other","k__Pseudomonadati--other","p__Gemmatimonadota","Gemmatimonadota","Gemmatimonadota","c__Gemmatimonadetes","c__Gemmatimonadia","c__Gemmatimonadia","o__Gemmatimonadales","o__Gemmatimonadales","o__Gemmatimonadales","f__Gemmatimonadaceae","f__Gemmatimonadaceae","f__Gemmatimonadaceae","","g__Gemmatimonas","g__Gemmatimonas","","","Above prediction",TRUE,7.07e-05,0.00707,-4.150401459,0.458333333,NA,0.264912747,NA,NA,FALSE,"Above","Early Vegetative"
"337","7ebbe0dc9ad3c1a88944fd59dde184fb",0.000204404,4.25e-06,-7779.134284,0.753947962,-42.49479358,0.068200242,0.906757321,-15554.26857,-15539.12277,2e+06,24,14370,5e-07,3.33e-06,0.041666667,0.010735495,0.000637477,0.155847232,"d__Bacteria","d__Bacteria","d__Bacteria","k__Bacillati","k__Bacillati","p__Firmicutes","Bacillota","Bacillota","c__Bacilli","c__Bacilli","c__Bacilli","o__Bacillales","","o__Bacillales","f__Bacillaceae","","f__Bacillaceae","g__Bacillus","","","","","As predicted",FALSE,3.33e-06,0.000333,-5.477121255,0.041666667,NA,0.042613359,NA,NA,FALSE,"Neutral","Early Vegetative"
"338","8c236fe169500c5b91c687f10e0d3c6b",0.000204404,4.25e-06,-7779.134284,0.753947962,-42.49479358,0.068200242,0.906757321,-15554.26857,-15539.12277,2e+06,24,14370,5e-07,3.53e-05,0.25,0.108065832,0.034771596,0.289515247,"d__Bacteria","d__Bacteria","d__Bacteria","k__Bacillati","k__Bacillati","p__Actinobacteriota","Actinomycetota","Actinomycetota","c__Acidimicrobiia","c__Acidimicrobiia","c__Acidimicrobiia","","o__Acidimicrobiales","o__Acidimicrobiales","","f__Acidimicrobiaceae","f__Acidimicrobiaceae","","g__Incertae_Sedis","g__Incertae_Sedis","","s__uncultured_bacterium","As predicted",FALSE,3.53e-05,0.00353,-4.452584279,0.25,NA,0.180713829,NA,NA,FALSE,"Neutral","Early Vegetative"
"339","8f0fb68673a8b3c26f3fd210e29b7916",0.000204404,4.25e-06,-7779.134284,0.753947962,-42.49479358,0.068200242,0.906757321,-15554.26857,-15539.12277,2e+06,24,14370,5e-07,0.001207229,1,0.982968047,0.834167822,0.998492076,"d__Bacteria","d__Bacteria","d__Bacteria","k__Bacillati","k__Bacillati","p__Firmicutes","Clostridiota","Clostridiota","c__Clostridia","c__Clostridia","c__Clostridia","o__Clostridiales","o__Clostridiales","o__Clostridiales","f__Clostridiaceae","f__Clostridiaceae","f__Clostridiaceae","g__Clostridium_sensu_stricto_13","g__Clostridium--other","g__Clostridium--other","","s__Clostridium_bowmanii","Above prediction",TRUE,0.001207229,0.1207229,-2.918210281,1,NA,0.476938939,NA,NA,FALSE,"Above","Early Vegetative"
"340","90aca794c7e30b8a77e87f13ffc9a5cc",0.000204404,4.25e-06,-7779.134284,0.753947962,-42.49479358,0.068200242,0.906757321,-15554.26857,-15539.12277,2e+06,24,14370,5e-07,0.002142083,1,0.999385132,0.860966077,0.999997656,"d__Bacteria","d__Bacteria","d__Bacteria","k__Pseudomonadati","k__Pseudomonadati","p__Proteobacteria","Pseudomonadota","Pseudomonadota","c__Alphaproteobacteria","c__Alphaproteobacteria","c__Alphaproteobacteria","o__Rhizobiales","o__Hyphomicrobiales--other","o__Hyphomicrobiales--other","f__Xanthobacteraceae","f__Nitrobacteraceae","f__Nitrobacteraceae","g__uncultured","","g__Incertae_Sedis","","","Above prediction",TRUE,0.002142083,0.2142083,-2.669163638,1,NA,0.446668393,NA,NA,FALSE,"Above","Early Vegetative"
"341","91ddf6ae6fe1b2f82da6ceeeb5d9b519",0.000204404,4.25e-06,-7779.134284,0.753947962,-42.49479358,0.068200242,0.906757321,-15554.26857,-15539.12277,2e+06,24,14370,5e-07,4.68e-05,0.333333333,0.140832485,0.05200266,0.328775451,"d__Archaea","d__Archaea","d__Archaea","k__Thermoproteati","k__Thermoproteati","p__Crenarchaeota","Thermoproteota","Thermoproteota","c__Nitrososphaeria","c__Nitrososphaeria","c__Nitrososphaeria","o__Nitrososphaerales","o__Nitrososphaerales","o__Nitrososphaerales","f__Nitrososphaeraceae","f__Nitrososphaeraceae","f__Nitrososphaeraceae","g__Candidatus_Nitrocosmicus","g__Candidatus_Nitrosocosmicus","g__Candidatus_Nitrosocosmicus","","","Above prediction",TRUE,4.68e-05,0.00468,-4.329831485,0.333333333,NA,0.251599512,NA,NA,FALSE,"Above","Early Vegetative"
"342","91ff993a5f5f767d1d14eed660db4ecf",0.000204404,4.25e-06,-7779.134284,0.753947962,-42.49479358,0.068200242,0.906757321,-15554.26857,-15539.12277,2e+06,24,14370,5e-07,5.74e-05,0.333333333,0.169840657,0.068666785,0.362122795,"d__Bacteria","d__Bacteria","d__Bacteria","k__Bacillati","k__Bacillati","p__Chloroflexi","Chloroflexota--other","Chloroflexota--other","c__Anaerolineae","c__Anaerolineae--other","c__Anaerolineae--other","o__RBG-13-54-9","o__RBG-13-54-9","o__RBG-13-54-9","f__RBG-13-54-9","f__Incertae_Sedis","f__Incertae_Sedis","g__RBG-13-54-9","g__Incertae_Sedis","g__Incertae_Sedis","s__uncultured_Caldilineaceae","s__Bacillota_bacterium","As predicted",FALSE,5.74e-05,0.00574,-4.241435026,0.333333333,NA,0.266940866,NA,NA,FALSE,"Neutral","Early Vegetative"
"343","945afead985a2610f6d91b9757bb4ff5",0.000204404,4.25e-06,-7779.134284,0.753947962,-42.49479358,0.068200242,0.906757321,-15554.26857,-15539.12277,2e+06,24,14370,5e-07,2.86e-05,0.291666667,0.088428878,0.025437275,0.264994523,"d__Bacteria","d__Bacteria","d__Bacteria","k__Pseudomonadati--other","k__Pseudomonadati--other","p__Latescibacterota","Candidatus_Latescibacterota","Candidatus_Latescibacterota","c__Latescibacterota","c__Candidatus_Latescibacteria","c__Candidatus_Latescibacteria","o__Latescibacterota","o__Candidatus_Latescibacterales","o__Candidatus_Latescibacterales","f__Latescibacterota","f__Candidatus_Latescibacteraceae","f__Candidatus_Latescibacteraceae","g__Latescibacterota","g__Candidatus_Latescibacter","g__Candidatus_Latescibacter","s__uncultured_bacterium","s__Candidatus_Eisenbacteria","Above prediction",TRUE,2.86e-05,0.00286,-4.544203783,0.291666667,NA,0.208863378,NA,NA,FALSE,"Above","Early Vegetative"
"344","b26086d47e0a3f9bd5c419c4617b8502",0.000204404,4.25e-06,-7779.134284,0.753947962,-42.49479358,0.068200242,0.906757321,-15554.26857,-15539.12277,2e+06,24,14370,5e-07,0.001713313,0.958333333,0.997137718,0.85713852,0.999950566,"d__Archaea","d__Archaea","d__Archaea","k__Thermoproteati","k__Thermoproteati","p__Crenarchaeota","Thermoproteota","Thermoproteota","c__Nitrososphaeria","c__Nitrososphaeria","c__Nitrososphaeria","o__Nitrososphaerales","o__Nitrososphaerales","o__Nitrososphaerales","f__Nitrososphaeraceae","f__Nitrososphaeraceae","f__Nitrososphaeraceae","","g__Candidatus_Nitrosocosmicus","g__Candidatus_Nitrosocosmicus","","s__uncultured_archaeon","As predicted",FALSE,0.001713313,0.1713313,-2.766163417,0.958333333,NA,0.448966249,NA,NA,FALSE,"Neutral","Early Vegetative"
"345","b2af2d86f64b5aa555813c2e5ccf5125",0.000204404,4.25e-06,-7779.134284,0.753947962,-42.49479358,0.068200242,0.906757321,-15554.26857,-15539.12277,2e+06,24,14370,5e-07,0.002736458,1,0.9999296,0.861902453,0.999999969,"d__Bacteria","d__Bacteria","d__Bacteria","k__Pseudomonadati","k__Pseudomonadati","p__Proteobacteria","Pseudomonadota","Pseudomonadota","c__Gammaproteobacteria","c__Gammaproteobacteria","c__Gammaproteobacteria","o__Burkholderiales","o__Burkholderiales","o__Burkholderiales","f__Comamonadaceae","f__Comamonadaceae","f__Comamonadaceae","g__Ramlibacter","","g__Ramlibacter","","s__Ramlibacter_sp.","Above prediction",TRUE,0.002736458,0.2736458,-2.56281116,1,NA,0.481665963,NA,NA,FALSE,"Above","Early Vegetative"
"346","bc84c01dbfc576927c9a43ad8a4fbf8f",0.000204404,4.25e-06,-7779.134284,0.753947962,-42.49479358,0.068200242,0.906757321,-15554.26857,-15539.12277,2e+06,24,14370,5e-07,0.002208479,1,0.999516401,0.8611915,0.999998548,"d__Bacteria","d__Bacteria","d__Bacteria","k__Pseudomonadati","k__Pseudomonadati","p__Proteobacteria","Pseudomonadota","Pseudomonadota","c__Alphaproteobacteria","c__Alphaproteobacteria","c__Alphaproteobacteria","o__Azospirillales","o__Azospirillales","o__Azospirillales","f__uncultured","f__Azospirillaceae","f__Azospirillaceae","g__uncultured","g__Incertae_Sedis","g__Incertae_Sedis","s__uncultured_bacterium","s__uncultured_bacterium","Above prediction",TRUE,0.002208479,0.2208479,-2.655906693,1,NA,0.419442156,NA,NA,FALSE,"Above","Early Vegetative"
"347","c4b069153ae53489ea1cbfb2de1cfb1d",0.000204404,4.25e-06,-7779.134284,0.753947962,-42.49479358,0.068200242,0.906757321,-15554.26857,-15539.12277,2e+06,24,14370,5e-07,1.36e-05,0.125,0.043242523,0.007876355,0.204652017,"d__Bacteria","d__Bacteria","d__Bacteria","k__Bacillati","k__Bacillati","p__Actinobacteriota","Actinomycetota","Actinomycetota","c__Actinobacteria","c__Actinomycetes","c__Actinomycetes","o__Corynebacteriales","o__Mycobacteriales","o__Mycobacteriales","f__Mycobacteriaceae","f__Mycobacteriaceae","f__Mycobacteriaceae","g__Mycobacterium","g__Mycobacterium","g__Mycobacterium","","s__uncultured_actinobacterium","As predicted",FALSE,1.36e-05,0.00136,-4.864999937,0.125,NA,0.100189541,NA,NA,FALSE,"Neutral","Early Vegetative"
"348","c9f9355d32e264f6bc060415332587bb",0.000204404,4.25e-06,-7779.134284,0.753947962,-42.49479358,0.068200242,0.906757321,-15554.26857,-15539.12277,2e+06,24,14370,5e-07,2.6e-05,0.166666667,0.080755019,0.022030627,0.255171074,"d__Bacteria","d__Bacteria","d__Bacteria","k__Pseudomonadati","k__Pseudomonadati","p__Myxococcota","Myxococcota","Myxococcota","c__Polyangia","c__Polyangiia","c__Polyangiia","o__Nannocystales","o__Nannocystales","o__Nannocystales","f__Nannocystaceae","f__Nannocystaceae","f__Nannocystaceae","g__Nannocystis","g__Nannocystis","g__Nannocystis","s__metagenome","","As predicted",FALSE,2.6e-05,0.0026,-4.585374784,0.166666667,NA,0.15336881,NA,NA,FALSE,"Neutral","Early Vegetative"
"349","ce88479c67c424bd1b2d977d099ce325",0.000204404,4.25e-06,-7779.134284,0.753947962,-42.49479358,0.068200242,0.906757321,-15554.26857,-15539.12277,2e+06,24,14370,5e-07,0.001456917,0.916666667,0.992902101,0.850076354,0.999710327,"d__Bacteria","d__Bacteria","d__Bacteria","k__Pseudomonadati--other","k__Pseudomonadati--other","p__Acidobacteriota","Acidobacteriota","Acidobacteriota","c__Blastocatellia","c__Blastocatellia","c__Blastocatellia","o__Pyrinomonadales","o__Blastocatellales","o__Blastocatellales","f__Pyrinomonadaceae","f__Arenimicrobiaceae","f__Arenimicrobiaceae","g__RB41","g__RB41","g__RB41","","","As predicted",FALSE,0.001456917,0.1456917,-2.836565288,0.916666667,NA,0.451006332,NA,NA,FALSE,"Neutral","Early Vegetative"
"350","d6cab129762000bbf37a901dfd906afe",0.000204404,4.25e-06,-7779.134284,0.753947962,-42.49479358,0.068200242,0.906757321,-15554.26857,-15539.12277,2e+06,24,14370,5e-07,2.4e-05,0.166666667,0.074895836,0.01953166,0.247568531,"d__Bacteria","d__Bacteria","d__Bacteria","k__Pseudomonadati--other","k__Pseudomonadati--other","p__Acidobacteriota","Acidobacteriota","Acidobacteriota","c__Acidobacteriae","c__Terriglobia","c__Terriglobia","o__Acidobacteriales","o__Terriglobales","o__Terriglobales","f__Koribacteraceae","f__Candidatus_Korobacteraceae","","g__Candidatus_Koribacter","g__Candidatus_Korobacter","","s__uncultured_bacterium","","As predicted",FALSE,2.4e-05,0.0024,-4.61941193,0.166666667,NA,0.162749074,NA,NA,FALSE,"Neutral","Early Vegetative"
"351","dc3335ef3308ec570f453e4c01a22f2c",0.000204404,4.25e-06,-7779.134284,0.753947962,-42.49479358,0.068200242,0.906757321,-15554.26857,-15539.12277,2e+06,24,14370,5e-07,2.45e-05,0.208333333,0.076270387,0.020109614,0.249360368,"d__Bacteria","d__Bacteria","d__Bacteria","k__Pseudomonadati--other","k__Pseudomonadati--other","p__Acidobacteriota","Acidobacteriota","Acidobacteriota","c__Subgroup_18","c__Terriglobia","c__Terriglobia","o__Subgroup_18","o__Subgroup_18","o__Subgroup_18","f__Subgroup_18","f__Incertae_Sedis","f__Incertae_Sedis","g__Subgroup_18","g__Incertae_Sedis","g__Incertae_Sedis","s__uncultured_bacterium","s__uncultured_bacterium","As predicted",FALSE,2.45e-05,0.00245,-4.611203371,0.208333333,NA,0.231198611,NA,NA,FALSE,"Neutral","Early Vegetative"
"352","def8339f22670d09a6e7d9d629d1e13b",0.000204404,4.25e-06,-7779.134284,0.753947962,-42.49479358,0.068200242,0.906757321,-15554.26857,-15539.12277,2e+06,24,14370,5e-07,0.000556417,1,0.84117752,0.650404398,0.937801882,"d__Bacteria","d__Bacteria","d__Bacteria","k__Pseudomonadati","k__Pseudomonadati","p__Proteobacteria","Pseudomonadota","Pseudomonadota","c__Gammaproteobacteria","c__Gammaproteobacteria","c__Gammaproteobacteria","o__PLTA13","o__Steroidobacterales--other","o__Steroidobacterales--other","f__PLTA13","f__Steroidobacteraceae--other","f__Steroidobacteraceae--other","g__PLTA13","g__PLTA13","g__PLTA13","","s__uncultured_Gammaproteobacteria","Above prediction",TRUE,0.000556417,0.0556417,-3.25459987,1,NA,0.412707305,NA,NA,FALSE,"Above","Early Vegetative"
"353","eeb66039bd09c5fae7240effb5126814",0.000204404,4.25e-06,-7779.134284,0.753947962,-42.49479358,0.068200242,0.906757321,-15554.26857,-15539.12277,2e+06,24,14370,5e-07,2.75e-06,0.041666667,0.008864919,0.000443301,0.152816447,"d__Bacteria","d__Bacteria","d__Bacteria","k__Pseudomonadati--other","k__Pseudomonadati--other","p__Planctomycetota","Planctomycetota","Planctomycetota","c__Planctomycetes","c__Planctomycetia","c__Planctomycetia","o__Gemmatales","o__Gemmatales","o__Gemmatales","f__Gemmataceae","f__Gemmataceae","f__Gemmataceae","g__uncultured","g__Incertae_Sedis","g__Incertae_Sedis","","","As predicted",FALSE,2.75e-06,0.000275,-5.560667306,0.041666667,NA,0.048004721,NA,NA,FALSE,"Neutral","Early Vegetative"
"354","ef87e8a8dea72fedaa227d707dc23065",0.000204404,4.25e-06,-7779.134284,0.753947962,-42.49479358,0.068200242,0.906757321,-15554.26857,-15539.12277,2e+06,24,14370,5e-07,3.68e-05,0.25,0.112520084,0.037000525,0.294965659,"d__Bacteria","d__Bacteria","d__Bacteria","k__Pseudomonadati--other","k__Pseudomonadati--other","p__Planctomycetota","Planctomycetota","Planctomycetota","c__Planctomycetes","c__Planctomycetia","c__Planctomycetia","o__Gemmatales","o__Gemmatales","o__Gemmatales","f__Gemmataceae","f__Gemmataceae","f__Gemmataceae","g__uncultured","g__Incertae_Sedis","g__Incertae_Sedis","s__uncultured_bacterium","s__uncultured_bacterium","As predicted",FALSE,3.68e-05,0.00368,-4.434004688,0.25,NA,0.20755647,NA,NA,FALSE,"Neutral","Early Vegetative"
"355","f57538baf707c3dd9629935db2bb981a",0.000204404,4.25e-06,-7779.134284,0.753947962,-42.49479358,0.068200242,0.906757321,-15554.26857,-15539.12277,2e+06,24,14370,5e-07,5.4e-05,0.333333333,0.160734012,0.063308621,0.35178067,"d__Bacteria","d__Bacteria","d__Bacteria","k__Pseudomonadati--other","k__Pseudomonadati--other","p__Planctomycetota","Planctomycetota","Planctomycetota","c__Planctomycetes","c__Planctomycetia","c__Planctomycetia","o__Gemmatales","o__Gemmatales","o__Gemmatales","f__Gemmataceae","f__Gemmataceae","f__Gemmataceae","","","","","","As predicted",FALSE,5.4e-05,0.0054,-4.26760624,0.333333333,NA,0.264162245,NA,NA,FALSE,"Neutral","Early Vegetative"
"356","f7f6b04e5691089d34a12b4b455f28a1",0.000204404,4.25e-06,-7779.134284,0.753947962,-42.49479358,0.068200242,0.906757321,-15554.26857,-15539.12277,2e+06,24,14370,5e-07,1.49e-05,0.208333333,0.046982642,0.009064783,0.209911733,"d__Bacteria","d__Bacteria","d__Bacteria","k__Pseudomonadati--other","k__Pseudomonadati--other","p__Bacteroidota","Bacteroidota","Bacteroidota","c__Bacteroidia","c__Cytophagia","c__Cytophagia","o__Cytophagales","o__Cytophagales","o__Cytophagales","f__Hymenobacteraceae","f__Hymenobacteraceae","f__Hymenobacteraceae","g__Pontibacter","g__Pontibacter--other","g__Pontibacter--other","s__Pontibacter_sp.","s__uncultured_Pontibacter","As predicted",FALSE,1.49e-05,0.00149,-4.828151708,0.208333333,NA,0.228548976,NA,NA,FALSE,"Neutral","Early Vegetative"
"357","f968254345bd05c204aee9646945cfa0",0.000204404,4.25e-06,-7779.134284,0.753947962,-42.49479358,0.068200242,0.906757321,-15554.26857,-15539.12277,2e+06,24,14370,5e-07,0.001413958,1,0.991743057,0.848175527,0.999612906,"d__Bacteria","d__Bacteria","d__Bacteria","k__Bacillati","k__Bacillati","p__Actinobacteriota","Actinomycetota","Actinomycetota","c__Thermoleophilia","c__Thermoleophilia","c__Thermoleophilia","o__Gaiellales","o__Gaiellales","o__Gaiellales","f__Gaiellaceae","f__Gaiellaceae","f__Gaiellaceae","g__Gaiella","g__Gaiella","g__Gaiella","s__actinobacterium_WWH12","","Above prediction",TRUE,0.001413958,0.1413958,-2.849563388,1,NA,0.433561748,NA,NA,FALSE,"Above","Early Vegetative"
"358","f9c97adffa7ac976f53976a689e9885c",0.000204404,4.25e-06,-7779.134284,0.753947962,-42.49479358,0.068200242,0.906757321,-15554.26857,-15539.12277,2e+06,24,14370,5e-07,0.000292854,0.791666667,0.616843654,0.419420475,0.782023546,"d__Bacteria","d__Bacteria","d__Bacteria","k__Pseudomonadati--other","k__Pseudomonadati--other","p__Gemmatimonadota","Gemmatimonadota","Gemmatimonadota","c__AKAU4049","c__Gemmatimonadia","c__Gemmatimonadia","o__AKAU4049","o__AKAU4049","o__AKAU4049","f__AKAU4049","f__Incertae_Sedis","f__Incertae_Sedis","g__AKAU4049","g__Incertae_Sedis","g__Incertae_Sedis","s__uncultured_bacterium","s__uncultured_bacterium","Above prediction",TRUE,0.000292854,0.0292854,-3.533348593,0.791666667,NA,0.405420565,NA,NA,FALSE,"Above","Early Vegetative"
"359","01e554a6c77365905a87ceed402b1483",0.000202526,3.54e-06,-12041.92634,0.763673117,-52.9312371,0.060060631,0.90730545,-24079.85267,-24064.10796,2e+06,26,19387,5e-07,0.000170904,0.807692308,0.424602398,0.256700153,0.611916346,"d__Bacteria","d__Bacteria","d__Bacteria","k__Pseudomonadati","k__Pseudomonadati","p__Proteobacteria","Pseudomonadota","Pseudomonadota","c__Alphaproteobacteria","c__Alphaproteobacteria","c__Alphaproteobacteria","o__Rhizobiales","o__Hyphomicrobiales--other","o__Hyphomicrobiales--other","f__Rhizobiaceae","f__Rhizobiaceae--other","f__Rhizobiaceae--other","g__Mesorhizobium","","g__Zhengella","","s__Mesorhizobium_sp.","Above prediction",TRUE,0.000170904,0.0170904,-3.767248163,0.807692308,"late_vegetative",0.529,0.016,"*",TRUE,"Above","Late Vegetative"
"360","040bd74a5c9b1a37501cd9fc4c554326",0.000202526,3.54e-06,-12041.92634,0.763673117,-52.9312371,0.060060631,0.90730545,-24079.85267,-24064.10796,2e+06,26,19387,5e-07,0.005114327,1,0.99999999,0.87127106,1,"d__Archaea","d__Archaea","d__Archaea","k__Thermoproteati","k__Thermoproteati","p__Crenarchaeota","Thermoproteota","Thermoproteota","c__Nitrososphaeria","c__Nitrososphaeria","c__Nitrososphaeria","o__Nitrososphaerales","o__Nitrososphaerales","o__Nitrososphaerales","f__Nitrososphaeraceae","f__Nitrososphaeraceae","f__Nitrososphaeraceae","g__Nitrososphaeraceae","g__Incertae_Sedis","g__Incertae_Sedis","","s__Nitrososphaeraceae_archaeon","Above prediction",TRUE,0.005114327,0.5114327,-2.291211514,1,"late_vegetative",0.54,0.002,"**",TRUE,"Above","Late Vegetative"
"361","0dfe245697814f4897dd14ea27bf5250",0.000202526,3.54e-06,-12041.92634,0.763673117,-52.9312371,0.060060631,0.90730545,-24079.85267,-24064.10796,2e+06,26,19387,5e-07,0.00291225,1,0.999959791,0.871201024,0.999999989,"d__Bacteria","d__Bacteria","d__Bacteria","k__Bacillati","k__Bacillati","p__Actinobacteriota","Actinomycetota","Actinomycetota","c__Acidimicrobiia","c__Acidimicrobiia","c__Acidimicrobiia","o__Actinomarinales","o__Candidatus_Actinomarinales","o__Candidatus_Actinomarinales","f__uncultured","f__Candidatus_Actinomarinaceae","f__Candidatus_Actinomarinaceae","g__uncultured","g__Candidatus_Actinomarina","g__Candidatus_Actinomarina","","s__Micrococcales_bacterium","Above prediction",TRUE,0.00291225,0.291225,-2.535771346,1,"late_vegetative",0.537,0.001,"***",TRUE,"Above","Late Vegetative"
"362","13801e7bc71636162780bd7b6d06bf65",0.000202526,3.54e-06,-12041.92634,0.763673117,-52.9312371,0.060060631,0.90730545,-24079.85267,-24064.10796,2e+06,26,19387,5e-07,9.78e-05,0.5,0.27049376,0.137943648,0.462132054,"d__Bacteria","d__Bacteria","d__Bacteria","k__Pseudomonadati","k__Pseudomonadati","p__Myxococcota","Myxococcota","Myxococcota","c__Polyangia","c__Polyangiia","c__Polyangiia","o__Polyangiales","o__Polyangiales","o__Polyangiales","f__Phaselicystidaceae","f__Polyangiaceae","f__Polyangiaceae","g__Phaselicystis","g__Phaselicystis","g__Phaselicystis","s__uncultured_Polyangiaceae","s__soil_metagenome","Above prediction",TRUE,9.78e-05,0.00978,-4.009626988,0.5,"late_vegetative",0.455,0.014,"*",TRUE,"Above","Late Vegetative"
"363","1aed60cbc5eb3c3e0c7006ca6298cbba",0.000202526,3.54e-06,-12041.92634,0.763673117,-52.9312371,0.060060631,0.90730545,-24079.85267,-24064.10796,2e+06,26,19387,5e-07,2.1e-05,0.230769231,0.065275011,0.016422571,0.22605081,"d__Bacteria","d__Bacteria","d__Bacteria","k__Pseudomonadati--other","k__Pseudomonadati--other","p__Planctomycetota","Planctomycetota","Planctomycetota","c__Planctomycetes","c__Planctomycetia","c__Planctomycetia","o__Pirellulales","o__Pirellulales","o__Pirellulales","f__Pirellulaceae","","f__Thermoguttaceae--other","g__uncultured","","g__Incertae_Sedis","s__uncultured_soil","s__freshwater_metagenome","Above prediction",TRUE,2.1e-05,0.0021,-4.677780705,0.230769231,"late_vegetative",0.388,0.007,"**",TRUE,"Above","Late Vegetative"
"364","1e719e830824495d0ed48bef7d84c4a8",0.000202526,3.54e-06,-12041.92634,0.763673117,-52.9312371,0.060060631,0.90730545,-24079.85267,-24064.10796,2e+06,26,19387,5e-07,1.22e-05,0.192307692,0.038300448,0.006773276,0.188695791,"d__Bacteria","d__Bacteria","d__Bacteria","k__Pseudomonadati","k__Pseudomonadati","p__Proteobacteria","Pseudomonadota","Pseudomonadota","c__Gammaproteobacteria","c__Gammaproteobacteria","c__Gammaproteobacteria","o__Gammaproteobacteria_Incertae_Sedis","o__Legionellales","o__Legionellales","f__Unknown_Family","f__Legionellaceae","f__Legionellaceae","g__Unknown_Family","g__Candidatus_Berkiella","g__Candidatus_Berkiella","","s__metagenome","Above prediction",TRUE,1.22e-05,0.00122,-4.915286265,0.192307692,"late_vegetative",0.335,0.029,"*",TRUE,"Above","Late Vegetative"
"365","2713ef3c402d337501d0f9965eb02bfd",0.000202526,3.54e-06,-12041.92634,0.763673117,-52.9312371,0.060060631,0.90730545,-24079.85267,-24064.10796,2e+06,26,19387,5e-07,2.81e-05,0.269230769,0.086492295,0.025685311,0.25376008,"d__Bacteria","d__Bacteria","d__Bacteria","k__Pseudomonadati","k__Pseudomonadati","p__Proteobacteria","Pseudomonadota","Pseudomonadota","c__Alphaproteobacteria","c__Alphaproteobacteria","c__Alphaproteobacteria","o__Rhizobiales","o__Micropepsales","o__Micropepsales","f__A0839","f__Pleomorphomonadaceae","f__Pleomorphomonadaceae","g__A0839","g__Incertae_Sedis","g__Incertae_Sedis","s__uncultured_bacterium","s__uncultured_bacterium","Above prediction",TRUE,2.81e-05,0.00281,-4.550759018,0.269230769,"late_vegetative",0.349,0.048,"*",TRUE,"Above","Late Vegetative"
"366","2fac845da336657d55f1a9f350c6bc09",0.000202526,3.54e-06,-12041.92634,0.763673117,-52.9312371,0.060060631,0.90730545,-24079.85267,-24064.10796,2e+06,26,19387,5e-07,0.006502192,1,1,0.871271078,1,"d__Bacteria","d__Bacteria","d__Bacteria","k__Pseudomonadati","k__Pseudomonadati","p__Proteobacteria","Pseudomonadota","Pseudomonadota","c__Alphaproteobacteria","c__Alphaproteobacteria","c__Alphaproteobacteria","o__Rhizobiales","","o__Hyphomicrobiales--other","f__Methyloligellaceae","","f__Methyloligellaceae","g__uncultured","","g__Methyloceanibacter","","s__uncultured_Rhodobium","Above prediction",TRUE,0.006502192,0.6502192,-2.18694019,1,"late_vegetative",0.518,0.005,"**",TRUE,"Above","Late Vegetative"
"367","33b59ac7bf646a8a5b1129313c3cd6bc",0.000202526,3.54e-06,-12041.92634,0.763673117,-52.9312371,0.060060631,0.90730545,-24079.85267,-24064.10796,2e+06,26,19387,5e-07,0.001464885,1,0.992803033,0.859050235,0.999679825,"d__Bacteria","d__Bacteria","d__Bacteria","k__Pseudomonadati--other","k__Pseudomonadati--other","p__Acidobacteriota","Acidobacteriota","Acidobacteriota","c__Subgroup_11","c__Terriglobia","c__Terriglobia","o__Subgroup_11","o__Subgroup_11","o__Subgroup_11","f__Subgroup_11","f__Incertae_Sedis","f__Incertae_Sedis","g__Subgroup_11","g__Incertae_Sedis","g__Incertae_Sedis","s__uncultured_bacterium","s__uncultured_bacterium","Above prediction",TRUE,0.001464885,0.1464885,-2.834196582,1,"late_vegetative",0.557,0.001,"***",TRUE,"Above","Late Vegetative"
"368","34c76a37daf44b08d51fdac690d8a846",0.000202526,3.54e-06,-12041.92634,0.763673117,-52.9312371,0.060060631,0.90730545,-24079.85267,-24064.10796,2e+06,26,19387,5e-07,8.19e-05,0.423076923,0.23207156,0.111220427,0.421902972,"d__Bacteria","d__Bacteria","d__Bacteria","k__Bacillati","k__Bacillati","p__Actinobacteriota","Actinomycetota","Actinomycetota","c__Actinobacteria","c__Actinomycetes","c__Actinomycetes","o__Propionibacteriales","o__Propionibacteriales","o__Propionibacteriales","f__Nocardioidaceae","f__Nocardioidaceae","f__Nocardioidaceae","g__Nocardioides","g__Nocardioides","g__Nocardioides","","s__rock_metagenome","Above prediction",TRUE,8.19e-05,0.00819,-4.086491809,0.423076923,"late_vegetative",0.425,0.017,"*",TRUE,"Above","Late Vegetative"
"369","351cf4af69db293519bfd5b9eddd432c",0.000202526,3.54e-06,-12041.92634,0.763673117,-52.9312371,0.060060631,0.90730545,-24079.85267,-24064.10796,2e+06,26,19387,5e-07,5.64e-05,0.5,0.166093283,0.068800777,0.349352692,"d__Bacteria","d__Bacteria","d__Bacteria","k__Pseudomonadati--other","k__Pseudomonadati--other","p__Planctomycetota","Planctomycetota","Planctomycetota","c__Planctomycetes","c__Planctomycetia","c__Planctomycetia","o__Planctomycetales","o__Planctomycetales","o__Planctomycetales","f__uncultured","f__Planctomycetaceae","f__Planctomycetaceae","g__uncultured","","g__Incertae_Sedis","","s__soil_metagenome","Above prediction",TRUE,5.64e-05,0.00564,-4.248543234,0.5,"late_vegetative",0.495,0.002,"**",TRUE,"Above","Late Vegetative"
"370","3849097c8ab5f74d5e44ff2f46ec1c07",0.000202526,3.54e-06,-12041.92634,0.763673117,-52.9312371,0.060060631,0.90730545,-24079.85267,-24064.10796,2e+06,26,19387,5e-07,4.55e-05,0.423076923,0.136299307,0.051413128,0.314823082,"d__Bacteria","d__Bacteria","d__Bacteria","k__Bacillati","k__Bacillati","p__Chloroflexi","Chloroflexota--other","Chloroflexota--other","c__JG30-KF-CM66","c__Ktedonobacteria","c__Ktedonobacteria","o__JG30-KF-CM66","o__Incertae_Sedis","o__Incertae_Sedis","f__JG30-KF-CM66","f__Incertae_Sedis","f__Incertae_Sedis","g__JG30-KF-CM66","g__Incertae_Sedis","g__Incertae_Sedis","s__uncultured_bacterium","s__uncultured_bacterium","Above prediction",TRUE,4.55e-05,0.00455,-4.341621646,0.423076923,"late_vegetative",0.449,0.002,"**",TRUE,"Above","Late Vegetative"
"371","3b85dc79386362e93f5385a08f99dbb2",0.000202526,3.54e-06,-12041.92634,0.763673117,-52.9312371,0.060060631,0.90730545,-24079.85267,-24064.10796,2e+06,26,19387,5e-07,0.000111519,0.576923077,0.302183808,0.160935076,0.494361869,"d__Bacteria","d__Bacteria","d__Bacteria","k__Pseudomonadati--other","k__Pseudomonadati--other","p__Planctomycetota","Planctomycetota","Planctomycetota","c__Pla4_lineage","c__Candidatus_Uabimicrobiia","c__Candidatus_Uabimicrobiia","o__Pla4_lineage","o__Incertae_Sedis","o__Incertae_Sedis","f__Pla4_lineage","f__Incertae_Sedis","f__Incertae_Sedis","g__Pla4_lineage","g__Incertae_Sedis","g__Incertae_Sedis","","s__Planctomycetaceae_bacterium","Above prediction",TRUE,0.000111519,0.0111519,-3.952650235,0.576923077,"late_vegetative",0.511,0.004,"**",TRUE,"Above","Late Vegetative"
"372","3bd9fc0265a969dde3e2c0479c7d80f9",0.000202526,3.54e-06,-12041.92634,0.763673117,-52.9312371,0.060060631,0.90730545,-24079.85267,-24064.10796,2e+06,26,19387,5e-07,6.32e-05,0.576923077,0.184165185,0.079928132,0.369716389,"d__Bacteria","d__Bacteria","d__Bacteria","k__Pseudomonadati--other","k__Pseudomonadati--other","p__Verrucomicrobiota","Verrucomicrobiota","Verrucomicrobiota","c__Verrucomicrobiae","c__Verrucomicrobiia","c__Verrucomicrobiia","o__Verrucomicrobiales","o__Verrucomicrobiales","o__Verrucomicrobiales","f__Rubritaleaceae","f__Rubritaleaceae","f__Rubritaleaceae","g__Luteolibacter","g__Luteolibacter--other","g__Luteolibacter--other","s__uncultured_Verrucomicrobiales","s__Luteolibacter_sp.","Above prediction",TRUE,6.32e-05,0.00632,-4.19920364,0.576923077,"late_vegetative",0.502,0.006,"**",TRUE,"Above","Late Vegetative"
"373","3f5f077e16c01f93c4095099c7d43258",0.000202526,3.54e-06,-12041.92634,0.763673117,-52.9312371,0.060060631,0.90730545,-24079.85267,-24064.10796,2e+06,26,19387,5e-07,0.000108096,0.5,0.294400578,0.155213329,0.486521011,"d__Bacteria","d__Bacteria","d__Bacteria","k__Pseudomonadati--other","k__Pseudomonadati--other","p__Acidobacteriota","Acidobacteriota","Acidobacteriota","c__Acidobacteriae","c__Terriglobia","c__Terriglobia","o__Bryobacterales","o__Bryobacterales","o__Bryobacterales","f__Bryobacteraceae","f__Bryobacteraceae","f__Bryobacteraceae","g__Bryobacter","g__Bryobacter","g__Bryobacter","","s__Terriglobia_bacterium","Above prediction",TRUE,0.000108096,0.0108096,-3.966189758,0.5,"late_vegetative",0.517,0.001,"***",TRUE,"Above","Late Vegetative"
"374","41c3fcdc0ba7f8aa45aa2bfd2d4eeaf6",0.000202526,3.54e-06,-12041.92634,0.763673117,-52.9312371,0.060060631,0.90730545,-24079.85267,-24064.10796,2e+06,26,19387,5e-07,0.002256827,1,0.999566118,0.870516287,0.999998733,"d__Bacteria","d__Bacteria","d__Bacteria","k__Bacillati","k__Bacillati","p__Actinobacteriota","Actinomycetota","Actinomycetota","c__Thermoleophilia","c__Thermoleophilia","c__Thermoleophilia","o__Gaiellales","o__Gaiellales","o__Gaiellales","f__uncultured","f__Gaiellaceae","f__Gaiellaceae","g__uncultured","g__Gaiella","g__Gaiella","","s__uncultured_Rubrobacteria","Above prediction",TRUE,0.002256827,0.2256827,-2.646501746,1,"late_vegetative",0.553,0.005,"**",TRUE,"Above","Late Vegetative"
"375","432b01066dfe0725b4830272bff0caff",0.000202526,3.54e-06,-12041.92634,0.763673117,-52.9312371,0.060060631,0.90730545,-24079.85267,-24064.10796,2e+06,26,19387,5e-07,0.000142577,0.653846154,0.369077476,0.211977645,0.559884338,"d__Bacteria","d__Bacteria","d__Bacteria","k__Bacillati","k__Bacillati","p__Firmicutes","Bacillota","Bacillota","c__Bacilli","c__Bacilli","c__Bacilli","o__Thermoactinomycetales","o__Thermoactinomycetales","o__Thermoactinomycetales","f__Thermoactinomycetaceae","f__Thermoactinomycetaceae","f__Thermoactinomycetaceae","g__Thermoactinomyces","g__Paenactinomyces","g__Thermoactinomyces--other","s__Thermoactinomyces_sp.","s__Thermoactinomyces_sp.","Above prediction",TRUE,0.000142577,0.0142577,-3.845950762,0.653846154,"late_vegetative",0.536,0.001,"***",TRUE,"Above","Late Vegetative"
"376","45bdd24b81b9a4ed791efe55f698a230",0.000202526,3.54e-06,-12041.92634,0.763673117,-52.9312371,0.060060631,0.90730545,-24079.85267,-24064.10796,2e+06,26,19387,5e-07,0.000138385,0.692307692,0.360427528,0.20519713,0.551591954,"d__Bacteria","d__Bacteria","d__Bacteria","k__Pseudomonadati--other","k__Pseudomonadati--other","p__Latescibacterota","Candidatus_Latescibacterota","Candidatus_Latescibacterota","c__Latescibacterota","c__Candidatus_Latescibacteria","c__Candidatus_Latescibacteria","o__Latescibacterota","o__Candidatus_Latescibacterales","o__Candidatus_Latescibacterales","f__Latescibacterota","f__Candidatus_Latescibacteraceae","f__Candidatus_Latescibacteraceae","g__Latescibacterota","g__Candidatus_Latescibacter","g__Candidatus_Latescibacter","s__metagenome","s__soil_metagenome","Above prediction",TRUE,0.000138385,0.0138385,-3.858912189,0.692307692,"late_vegetative",0.507,0.003,"**",TRUE,"Above","Late Vegetative"
"377","48a25a351f673f799f73620221769bb5",0.000202526,3.54e-06,-12041.92634,0.763673117,-52.9312371,0.060060631,0.90730545,-24079.85267,-24064.10796,2e+06,26,19387,5e-07,0.000105462,0.5,0.288352487,0.150800314,0.480394971,"d__Bacteria","d__Bacteria","d__Bacteria","k__Bacillati","k__Bacillati","p__Actinobacteriota","Actinomycetota","Actinomycetota","c__Thermoleophilia","c__Thermoleophilia","c__Thermoleophilia","o__Gaiellales","o__Gaiellales","o__Gaiellales","f__uncultured","f__Gaiellaceae","f__Gaiellaceae","g__uncultured","g__Gaiella","g__Gaiella","s__bacterium_Ellin6515","","Above prediction",TRUE,0.000105462,0.0105462,-3.976905898,0.5,"late_vegetative",0.449,0.027,"*",TRUE,"Above","Late Vegetative"
"378","4b1164f46f0a3b68ace98a626f89d3d2",0.000202526,3.54e-06,-12041.92634,0.763673117,-52.9312371,0.060060631,0.90730545,-24079.85267,-24064.10796,2e+06,26,19387,5e-07,1.29e-05,0.192307692,0.040557214,0.007466824,0.191934753,"d__Bacteria","d__Bacteria","d__Bacteria","k__Bacillati","k__Bacillati","p__Chloroflexi","Chloroflexota--other","Chloroflexota--other","c__Anaerolineae","c__Anaerolineae","c__Anaerolineae","o__Anaerolineales","o__Anaerolineales","o__Anaerolineales","f__Anaerolineaceae","f__Anaerolineaceae","f__Anaerolineaceae","g__uncultured","g__RBG-16-58-14","g__RBG-16-58-14","s__uncultured_Chloroflexi","","Above prediction",TRUE,1.29e-05,0.00129,-4.889928541,0.192307692,"late_vegetative",0.339,0.02,"*",TRUE,"Above","Late Vegetative"
"379","4c687e9abe11199b993e2ab668384d5c",0.000202526,3.54e-06,-12041.92634,0.763673117,-52.9312371,0.060060631,0.90730545,-24079.85267,-24064.10796,2e+06,26,19387,5e-07,0.003811038,1,0.999998558,0.871268565,1,"d__Bacteria","d__Bacteria","d__Bacteria","k__Pseudomonadati--other","k__Pseudomonadati--other","p__Nitrospirota","Nitrospirota","Nitrospirota","c__Nitrospiria","c__Nitrospiria","c__Nitrospiria","o__Nitrospirales","o__Nitrospirales","o__Nitrospirales","f__Nitrospiraceae","f__Nitrospiraceae","f__Nitrospiraceae","g__Nitrospira","g__Nitrospira","g__Nitrospira","","s__Candidatus_Acidoferrum","Above prediction",TRUE,0.003811038,0.3811038,-2.418956668,1,"late_vegetative",0.528,0.003,"**",TRUE,"Above","Late Vegetative"
"380","524f945306ac2c325b6027df82cc10c2",0.000202526,3.54e-06,-12041.92634,0.763673117,-52.9312371,0.060060631,0.90730545,-24079.85267,-24064.10796,2e+06,26,19387,5e-07,0.001030788,1,0.967649915,0.819964296,0.994935396,"d__Bacteria","d__Bacteria","d__Bacteria","k__Pseudomonadati","k__Pseudomonadati","p__Proteobacteria","Pseudomonadota","Pseudomonadota","c__Gammaproteobacteria","c__Gammaproteobacteria","c__Gammaproteobacteria","o__Steroidobacterales","o__Steroidobacterales","o__Steroidobacterales","f__Steroidobacteraceae","f__Steroidobacteraceae","f__Steroidobacteraceae","g__uncultured","g__Incertae_Sedis","g__Incertae_Sedis","","s__metagenome","Above prediction",TRUE,0.001030788,0.1030788,-2.986830452,1,"late_vegetative",0.549,0.003,"**",TRUE,"Above","Late Vegetative"
"381","53e147376c416a7fb1b1c3dc4ba25d6e",0.000202526,3.54e-06,-12041.92634,0.763673117,-52.9312371,0.060060631,0.90730545,-24079.85267,-24064.10796,2e+06,26,19387,5e-07,0.000272865,0.807692308,0.587653141,0.39939362,0.753345674,"d__Bacteria","d__Bacteria","d__Bacteria","k__Pseudomonadati--other","k__Pseudomonadati--other","p__Gemmatimonadota","Gemmatimonadota","Gemmatimonadota","c__S0134_terrestrial_group","c__Gemmatimonadia","c__Gemmatimonadia","o__S0134_terrestrial_group","o__S0134_terrestrial_group","o__S0134_terrestrial_group","f__S0134_terrestrial_group","f__Incertae_Sedis","f__Incertae_Sedis","g__S0134_terrestrial_group","g__Incertae_Sedis","g__Incertae_Sedis","s__uncultured_bacterium","s__uncultured_bacterium","Above prediction",TRUE,0.000272865,0.0272865,-3.564051555,0.807692308,"late_vegetative",0.527,0.003,"**",TRUE,"Above","Late Vegetative"
"382","548f1f37d4853c6e929864a929bcbb4e",0.000202526,3.54e-06,-12041.92634,0.763673117,-52.9312371,0.060060631,0.90730545,-24079.85267,-24064.10796,2e+06,26,19387,5e-07,0.000165712,0.615384615,0.414795141,0.248653392,0.602873548,"d__Bacteria","d__Bacteria","d__Bacteria","k__Bacillati","k__Bacillati","p__Firmicutes","Bacillota","Bacillota","c__Bacilli","c__Bacilli","c__Bacilli","o__Bacillales","o__Bacillales","o__Bacillales","f__Bacillaceae","f__Bacillaceae","f__Bacillaceae","g__Bacillus","g__Lederbergia","g__Lederbergia","s__uncultured_compost","s__uncultured_bacterium","Above prediction",TRUE,0.000165712,0.0165712,-3.780647251,0.615384615,"late_vegetative",0.514,0.001,"***",TRUE,"Above","Late Vegetative"
"383","5b5fc41e4def55055e7e165fecdfc4f1",0.000202526,3.54e-06,-12041.92634,0.763673117,-52.9312371,0.060060631,0.90730545,-24079.85267,-24064.10796,2e+06,26,19387,5e-07,0.000129462,0.538461538,0.341629389,0.190641902,0.533390632,"d__Bacteria","d__Bacteria","d__Bacteria","k__Bacillati","k__Bacillati","p__Chloroflexi","Thermomicrobiota","Thermomicrobiota","c__Chloroflexia","c__Thermomicrobia","c__Thermomicrobia","o__Thermomicrobiales","o__Thermomicrobiales--other","o__Thermomicrobiales--other","f__JG30-KF-CM45","f__JG30-KF-CM45","f__JG30-KF-CM45","g__JG30-KF-CM45","g__Incertae_Sedis","g__Incertae_Sedis","s__uncultured_Chloroflexi","","Above prediction",TRUE,0.000129462,0.0129462,-3.887859236,0.538461538,"late_vegetative",0.471,0.004,"**",TRUE,"Above","Late Vegetative"
"384","5de04fe69beee5cc76f6cdc2005dc3a5",0.000202526,3.54e-06,-12041.92634,0.763673117,-52.9312371,0.060060631,0.90730545,-24079.85267,-24064.10796,2e+06,26,19387,5e-07,2.29e-05,0.307692308,0.070925783,0.018766112,0.233553977,"d__Bacteria","d__Bacteria","d__Bacteria","k__Bacillati","k__Bacillati","p__Chloroflexi","Chloroflexota--other","Chloroflexota--other","c__Anaerolineae","c__Anaerolineae","c__Anaerolineae","o__SBR1031","o__Phototrophicales","o__Phototrophicales","f__SBR1031","f__Phototrophicaceae","f__Phototrophicaceae","g__SBR1031","g__Phototrophicus","g__Phototrophicus","s__uncultured_Caldilineaceae","s__uncultured_Caldilineaceae","Above prediction",TRUE,2.29e-05,0.00229,-4.640456382,0.307692308,"late_vegetative",0.401,0.021,"*",TRUE,"Above","Late Vegetative"
"385","66449c73c79eb4cf250519f8d4d670c7",0.000202526,3.54e-06,-12041.92634,0.763673117,-52.9312371,0.060060631,0.90730545,-24079.85267,-24064.10796,2e+06,26,19387,5e-07,0.000132423,0.653846154,0.347927456,0.195490618,0.539516564,"d__Bacteria","d__Bacteria","d__Bacteria","k__Pseudomonadati--other","k__Pseudomonadati--other","p__Acidobacteriota","Acidobacteriota","Acidobacteriota","c__Blastocatellia","c__Blastocatellia","c__Blastocatellia","o__Blastocatellales","o__Blastocatellales","o__Blastocatellales","f__Blastocatellaceae","f__Blastocatellaceae","f__Blastocatellaceae","g__uncultured","g__Incertae_Sedis","g__Incertae_Sedis","s__uncultured_Acidobacteria","s__uncultured_Acidobacteria","Above prediction",TRUE,0.000132423,0.0132423,-3.878036325,0.653846154,"late_vegetative",0.464,0.02,"*",TRUE,"Above","Late Vegetative"
"386","6d01029368e4cc381d8e748ea1285708",0.000202526,3.54e-06,-12041.92634,0.763673117,-52.9312371,0.060060631,0.90730545,-24079.85267,-24064.10796,2e+06,26,19387,5e-07,0.001679077,1,0.996606226,0.865431856,0.999925428,"d__Bacteria","d__Bacteria","d__Bacteria","k__Pseudomonadati--other","k__Pseudomonadati--other","p__Acidobacteriota","Acidobacteriota","Acidobacteriota","c__Vicinamibacteria","c__Vicinamibacteria","c__Vicinamibacteria","o__Vicinamibacterales","o__Vicinamibacterales","o__Vicinamibacterales","f__uncultured","f__Vicinamibacteraceae","f__Vicinamibacteraceae","g__uncultured","g__Incertae_Sedis","g__Incertae_Sedis","s__uncultured_Acidobacteriaceae","","Above prediction",TRUE,0.001679077,0.1679077,-2.774929407,1,"late_vegetative",0.529,0.002,"**",TRUE,"Above","Late Vegetative"
"387","6d30448b2542057714130ba12fec491f",0.000202526,3.54e-06,-12041.92634,0.763673117,-52.9312371,0.060060631,0.90730545,-24079.85267,-24064.10796,2e+06,26,19387,5e-07,0.000131423,0.538461538,0.345807441,0.193855318,0.537457648,"d__Bacteria","d__Bacteria","d__Bacteria","k__Bacillati","k__Bacillati","p__Chloroflexi","Chloroflexota--other","Chloroflexota--other","c__Anaerolineae","c__Anaerolineae--other","c__Anaerolineae--other","o__RBG-13-54-9","o__RBG-13-54-9","o__RBG-13-54-9","f__RBG-13-54-9","f__Incertae_Sedis","f__Incertae_Sedis","g__RBG-13-54-9","g__Incertae_Sedis","g__Incertae_Sedis","s__uncultured_sludge","","Above prediction",TRUE,0.000131423,0.0131423,-3.881328369,0.538461538,"late_vegetative",0.458,0.012,"*",TRUE,"Above","Late Vegetative"
"388","72defd2687a9a2f00a7b6874b838a546",0.000202526,3.54e-06,-12041.92634,0.763673117,-52.9312371,0.060060631,0.90730545,-24079.85267,-24064.10796,2e+06,26,19387,5e-07,1.27e-05,0.192307692,0.040082535,0.007318967,0.191255461,"d__Bacteria","d__Bacteria","d__Bacteria","k__Bacillati","k__Bacillati","p__Elusimicrobiota","Elusimicrobiota","Elusimicrobiota","c__Lineage_IIa","c__Lineage_IIa","c__Lineage_IIa","o__Lineage_IIa","o__Incertae_Sedis","o__Incertae_Sedis","f__Lineage_IIa","f__Incertae_Sedis","f__Incertae_Sedis","g__Lineage_IIa","g__Incertae_Sedis","g__Incertae_Sedis","s__uncultured_bacterium","s__uncultured_bacterium","Above prediction",TRUE,1.27e-05,0.00127,-4.895145354,0.192307692,"late_vegetative",0.439,0.002,"**",TRUE,"Above","Late Vegetative"
"389","770f6d40306b14f30101bf45337bdecb",0.000202526,3.54e-06,-12041.92634,0.763673117,-52.9312371,0.060060631,0.90730545,-24079.85267,-24064.10796,2e+06,26,19387,5e-07,2e-05,0.346153846,0.062379079,0.015259885,0.222167212,"d__Bacteria","d__Bacteria","d__Bacteria","k__Pseudomonadati--other","k__Pseudomonadati--other","p__Latescibacterota","Candidatus_Latescibacterota","Candidatus_Latescibacterota","c__Latescibacterota","c__Candidatus_Latescibacteria","c__Candidatus_Latescibacteria","o__Latescibacterota","o__Candidatus_Latescibacterales","o__Candidatus_Latescibacterales","f__Latescibacterota","f__Candidatus_Latescibacteraceae","f__Candidatus_Latescibacteraceae","g__Latescibacterota","g__Candidatus_Latescibacter","g__Candidatus_Latescibacter","s__uncultured_bacterium","","Above prediction",TRUE,2e-05,0.002,-4.698135625,0.346153846,"late_vegetative",0.388,0.044,"*",TRUE,"Above","Late Vegetative"
"390","79f854ba7e9256f5c29821a8b32cfadc",0.000202526,3.54e-06,-12041.92634,0.763673117,-52.9312371,0.060060631,0.90730545,-24079.85267,-24064.10796,2e+06,26,19387,5e-07,0.000181904,0.692307692,0.444851835,0.273510189,0.630391809,"d__Bacteria","d__Bacteria","d__Bacteria","k__Pseudomonadati--other","k__Pseudomonadati--other","p__Gemmatimonadota","Gemmatimonadota","Gemmatimonadota","c__Gemmatimonadetes","c__Gemmatimonadia","c__Gemmatimonadia","o__Gemmatimonadales","o__Gemmatimonadales","o__Gemmatimonadales","f__Gemmatimonadaceae","f__Gemmatimonadaceae","f__Gemmatimonadaceae","","g__Gemmatimonas","g__Gemmatimonas","","","Above prediction",TRUE,0.000181904,0.0181904,-3.740158118,0.692307692,"late_vegetative",0.522,0.002,"**",TRUE,"Above","Late Vegetative"
"391","7ebbe0dc9ad3c1a88944fd59dde184fb",0.000202526,3.54e-06,-12041.92634,0.763673117,-52.9312371,0.060060631,0.90730545,-24079.85267,-24064.10796,2e+06,26,19387,5e-07,2.96e-05,0.384615385,0.090780417,0.027699525,0.2592181,"d__Bacteria","d__Bacteria","d__Bacteria","k__Bacillati","k__Bacillati","p__Firmicutes","Bacillota","Bacillota","c__Bacilli","c__Bacilli","c__Bacilli","o__Bacillales","","o__Bacillales","f__Bacillaceae","","f__Bacillaceae","g__Bacillus","","","","","Above prediction",TRUE,2.96e-05,0.00296,-4.528764724,0.384615385,"late_vegetative",0.386,0.034,"*",TRUE,"Above","Late Vegetative"
"392","8c236fe169500c5b91c687f10e0d3c6b",0.000202526,3.54e-06,-12041.92634,0.763673117,-52.9312371,0.060060631,0.90730545,-24079.85267,-24064.10796,2e+06,26,19387,5e-07,0.000106404,0.5,0.290521461,0.152379547,0.482595268,"d__Bacteria","d__Bacteria","d__Bacteria","k__Bacillati","k__Bacillati","p__Actinobacteriota","Actinomycetota","Actinomycetota","c__Acidimicrobiia","c__Acidimicrobiia","c__Acidimicrobiia","","o__Acidimicrobiales","o__Acidimicrobiales","","f__Acidimicrobiaceae","f__Acidimicrobiaceae","","g__Incertae_Sedis","g__Incertae_Sedis","","s__uncultured_bacterium","Above prediction",TRUE,0.000106404,0.0106404,-3.973042673,0.5,"late_vegetative",0.444,0.009,"**",TRUE,"Above","Late Vegetative"
"393","8f0fb68673a8b3c26f3fd210e29b7916",0.000202526,3.54e-06,-12041.92634,0.763673117,-52.9312371,0.060060631,0.90730545,-24079.85267,-24064.10796,2e+06,26,19387,5e-07,0.001374538,1,0.99013685,0.854667329,0.999416795,"d__Bacteria","d__Bacteria","d__Bacteria","k__Bacillati","k__Bacillati","p__Firmicutes","Clostridiota","Clostridiota","c__Clostridia","c__Clostridia","c__Clostridia","o__Clostridiales","o__Clostridiales","o__Clostridiales","f__Clostridiaceae","f__Clostridiaceae","f__Clostridiaceae","g__Clostridium_sensu_stricto_13","g__Clostridium--other","g__Clostridium--other","","s__Clostridium_bowmanii","Above prediction",TRUE,0.001374538,0.1374538,-2.861843103,1,"late_vegetative",0.509,0.023,"*",TRUE,"Above","Late Vegetative"
"394","90aca794c7e30b8a77e87f13ffc9a5cc",0.000202526,3.54e-06,-12041.92634,0.763673117,-52.9312371,0.060060631,0.90730545,-24079.85267,-24064.10796,2e+06,26,19387,5e-07,0.002997135,1,0.999970545,0.871219757,0.999999994,"d__Bacteria","d__Bacteria","d__Bacteria","k__Pseudomonadati","k__Pseudomonadati","p__Proteobacteria","Pseudomonadota","Pseudomonadota","c__Alphaproteobacteria","c__Alphaproteobacteria","c__Alphaproteobacteria","o__Rhizobiales","o__Hyphomicrobiales--other","o__Hyphomicrobiales--other","f__Xanthobacteraceae","f__Nitrobacteraceae","f__Nitrobacteraceae","g__uncultured","","g__Incertae_Sedis","","","Above prediction",TRUE,0.002997135,0.2997135,-2.52329375,1,"late_vegetative",0.528,0.005,"**",TRUE,"Above","Late Vegetative"
"395","91ddf6ae6fe1b2f82da6ceeeb5d9b519",0.000202526,3.54e-06,-12041.92634,0.763673117,-52.9312371,0.060060631,0.90730545,-24079.85267,-24064.10796,2e+06,26,19387,5e-07,9.23e-05,0.692307692,0.257391375,0.128682316,0.448561928,"d__Archaea","d__Archaea","d__Archaea","k__Thermoproteati","k__Thermoproteati","p__Crenarchaeota","Thermoproteota","Thermoproteota","c__Nitrososphaeria","c__Nitrososphaeria","c__Nitrososphaeria","o__Nitrososphaerales","o__Nitrososphaerales","o__Nitrososphaerales","f__Nitrososphaeraceae","f__Nitrososphaeraceae","f__Nitrososphaeraceae","g__Candidatus_Nitrocosmicus","g__Candidatus_Nitrosocosmicus","g__Candidatus_Nitrosocosmicus","","","Above prediction",TRUE,9.23e-05,0.00923,-4.034762106,0.692307692,"late_vegetative",0.509,0.006,"**",TRUE,"Above","Late Vegetative"
"396","91ff993a5f5f767d1d14eed660db4ecf",0.000202526,3.54e-06,-12041.92634,0.763673117,-52.9312371,0.060060631,0.90730545,-24079.85267,-24064.10796,2e+06,26,19387,5e-07,0.000111308,0.615384615,0.30170526,0.160581907,0.493881149,"d__Bacteria","d__Bacteria","d__Bacteria","k__Bacillati","k__Bacillati","p__Chloroflexi","Chloroflexota--other","Chloroflexota--other","c__Anaerolineae","c__Anaerolineae--other","c__Anaerolineae--other","o__RBG-13-54-9","o__RBG-13-54-9","o__RBG-13-54-9","f__RBG-13-54-9","f__Incertae_Sedis","f__Incertae_Sedis","g__RBG-13-54-9","g__Incertae_Sedis","g__Incertae_Sedis","s__uncultured_Caldilineaceae","s__Bacillota_bacterium","Above prediction",TRUE,0.000111308,0.0111308,-3.953474821,0.615384615,"late_vegetative",0.505,0.003,"**",TRUE,"Above","Late Vegetative"
"397","945afead985a2610f6d91b9757bb4ff5",0.000202526,3.54e-06,-12041.92634,0.763673117,-52.9312371,0.060060631,0.90730545,-24079.85267,-24064.10796,2e+06,26,19387,5e-07,7.24e-05,0.5,0.208078214,0.095243124,0.396070858,"d__Bacteria","d__Bacteria","d__Bacteria","k__Pseudomonadati--other","k__Pseudomonadati--other","p__Latescibacterota","Candidatus_Latescibacterota","Candidatus_Latescibacterota","c__Latescibacterota","c__Candidatus_Latescibacteria","c__Candidatus_Latescibacteria","o__Latescibacterota","o__Candidatus_Latescibacterales","o__Candidatus_Latescibacterales","f__Latescibacterota","f__Candidatus_Latescibacteraceae","f__Candidatus_Latescibacteraceae","g__Latescibacterota","g__Candidatus_Latescibacter","g__Candidatus_Latescibacter","s__uncultured_bacterium","s__Candidatus_Eisenbacteria","Above prediction",TRUE,7.24e-05,0.00724,-4.140123028,0.5,"late_vegetative",0.435,0.033,"*",TRUE,"Above","Late Vegetative"
"398","b26086d47e0a3f9bd5c419c4617b8502",0.000202526,3.54e-06,-12041.92634,0.763673117,-52.9312371,0.060060631,0.90730545,-24079.85267,-24064.10796,2e+06,26,19387,5e-07,0.002495423,1,0.999816535,0.87095161,0.999999773,"d__Archaea","d__Archaea","d__Archaea","k__Thermoproteati","k__Thermoproteati","p__Crenarchaeota","Thermoproteota","Thermoproteota","c__Nitrososphaeria","c__Nitrososphaeria","c__Nitrososphaeria","o__Nitrososphaerales","o__Nitrososphaerales","o__Nitrososphaerales","f__Nitrososphaeraceae","f__Nitrososphaeraceae","f__Nitrososphaeraceae","","g__Candidatus_Nitrosocosmicus","g__Candidatus_Nitrosocosmicus","","s__uncultured_archaeon","Above prediction",TRUE,0.002495423,0.2495423,-2.602855813,1,"late_vegetative",0.553,0.001,"***",TRUE,"Above","Late Vegetative"
"399","b2af2d86f64b5aa555813c2e5ccf5125",0.000202526,3.54e-06,-12041.92634,0.763673117,-52.9312371,0.060060631,0.90730545,-24079.85267,-24064.10796,2e+06,26,19387,5e-07,0.002845519,1,0.999948671,0.871181654,0.999999982,"d__Bacteria","d__Bacteria","d__Bacteria","k__Pseudomonadati","k__Pseudomonadati","p__Proteobacteria","Pseudomonadota","Pseudomonadota","c__Gammaproteobacteria","c__Gammaproteobacteria","c__Gammaproteobacteria","o__Burkholderiales","o__Burkholderiales","o__Burkholderiales","f__Comamonadaceae","f__Comamonadaceae","f__Comamonadaceae","g__Ramlibacter","","g__Ramlibacter","","s__Ramlibacter_sp.","Above prediction",TRUE,0.002845519,0.2845519,-2.545838475,1,"late_vegetative",0.491,0.048,"*",TRUE,"Above","Late Vegetative"
"400","bc84c01dbfc576927c9a43ad8a4fbf8f",0.000202526,3.54e-06,-12041.92634,0.763673117,-52.9312371,0.060060631,0.90730545,-24079.85267,-24064.10796,2e+06,26,19387,5e-07,0.003642404,1,0.999997293,0.871266361,1,"d__Bacteria","d__Bacteria","d__Bacteria","k__Pseudomonadati","k__Pseudomonadati","p__Proteobacteria","Pseudomonadota","Pseudomonadota","c__Alphaproteobacteria","c__Alphaproteobacteria","c__Alphaproteobacteria","o__Azospirillales","o__Azospirillales","o__Azospirillales","f__uncultured","f__Azospirillaceae","f__Azospirillaceae","g__uncultured","g__Incertae_Sedis","g__Incertae_Sedis","s__uncultured_bacterium","s__uncultured_bacterium","Above prediction",TRUE,0.003642404,0.3642404,-2.438611904,1,"late_vegetative",0.539,0.002,"**",TRUE,"Above","Late Vegetative"
"401","c4b069153ae53489ea1cbfb2de1cfb1d",0.000202526,3.54e-06,-12041.92634,0.763673117,-52.9312371,0.060060631,0.90730545,-24079.85267,-24064.10796,2e+06,26,19387,5e-07,7.63e-05,0.423076923,0.21785925,0.10168601,0.406671839,"d__Bacteria","d__Bacteria","d__Bacteria","k__Bacillati","k__Bacillati","p__Actinobacteriota","Actinomycetota","Actinomycetota","c__Actinobacteria","c__Actinomycetes","c__Actinomycetes","o__Corynebacteriales","o__Mycobacteriales","o__Mycobacteriales","f__Mycobacteriaceae","f__Mycobacteriaceae","f__Mycobacteriaceae","g__Mycobacterium","g__Mycobacterium","g__Mycobacterium","","s__uncultured_actinobacterium","Above prediction",TRUE,7.63e-05,0.00763,-4.117650634,0.423076923,"late_vegetative",0.436,0.008,"**",TRUE,"Above","Late Vegetative"
"402","c9f9355d32e264f6bc060415332587bb",0.000202526,3.54e-06,-12041.92634,0.763673117,-52.9312371,0.060060631,0.90730545,-24079.85267,-24064.10796,2e+06,26,19387,5e-07,0.000104635,0.5,0.286443772,0.149413715,0.478455554,"d__Bacteria","d__Bacteria","d__Bacteria","k__Pseudomonadati","k__Pseudomonadati","p__Myxococcota","Myxococcota","Myxococcota","c__Polyangia","c__Polyangiia","c__Polyangiia","o__Nannocystales","o__Nannocystales","o__Nannocystales","f__Nannocystaceae","f__Nannocystaceae","f__Nannocystaceae","g__Nannocystis","g__Nannocystis","g__Nannocystis","s__metagenome","","Above prediction",TRUE,0.000104635,0.0104635,-3.980324618,0.5,"late_vegetative",0.533,0.001,"***",TRUE,"Above","Late Vegetative"
"403","ce88479c67c424bd1b2d977d099ce325",0.000202526,3.54e-06,-12041.92634,0.763673117,-52.9312371,0.060060631,0.90730545,-24079.85267,-24064.10796,2e+06,26,19387,5e-07,0.002096269,1,0.999228434,0.869930579,0.999996012,"d__Bacteria","d__Bacteria","d__Bacteria","k__Pseudomonadati--other","k__Pseudomonadati--other","p__Acidobacteriota","Acidobacteriota","Acidobacteriota","c__Blastocatellia","c__Blastocatellia","c__Blastocatellia","o__Pyrinomonadales","o__Blastocatellales","o__Blastocatellales","f__Pyrinomonadaceae","f__Arenimicrobiaceae","f__Arenimicrobiaceae","g__RB41","g__RB41","g__RB41","","","Above prediction",TRUE,0.002096269,0.2096269,-2.67855294,1,"late_vegetative",0.565,0.001,"***",TRUE,"Above","Late Vegetative"
"404","d6cab129762000bbf37a901dfd906afe",0.000202526,3.54e-06,-12041.92634,0.763673117,-52.9312371,0.060060631,0.90730545,-24079.85267,-24064.10796,2e+06,26,19387,5e-07,6.05e-05,0.384615385,0.177095095,0.075526661,0.361797929,"d__Bacteria","d__Bacteria","d__Bacteria","k__Pseudomonadati--other","k__Pseudomonadati--other","p__Acidobacteriota","Acidobacteriota","Acidobacteriota","c__Acidobacteriae","c__Terriglobia","c__Terriglobia","o__Acidobacteriales","o__Terriglobales","o__Terriglobales","f__Koribacteraceae","f__Candidatus_Korobacteraceae","","g__Candidatus_Koribacter","g__Candidatus_Korobacter","","s__uncultured_bacterium","","Above prediction",TRUE,6.05e-05,0.00605,-4.21796862,0.384615385,"late_vegetative",0.392,0.039,"*",TRUE,"Above","Late Vegetative"
"405","dc3335ef3308ec570f453e4c01a22f2c",0.000202526,3.54e-06,-12041.92634,0.763673117,-52.9312371,0.060060631,0.90730545,-24079.85267,-24064.10796,2e+06,26,19387,5e-07,4.59e-05,0.538461538,0.137262595,0.051954793,0.315959987,"d__Bacteria","d__Bacteria","d__Bacteria","k__Pseudomonadati--other","k__Pseudomonadati--other","p__Acidobacteriota","Acidobacteriota","Acidobacteriota","c__Subgroup_18","c__Terriglobia","c__Terriglobia","o__Subgroup_18","o__Subgroup_18","o__Subgroup_18","f__Subgroup_18","f__Incertae_Sedis","f__Incertae_Sedis","g__Subgroup_18","g__Incertae_Sedis","g__Incertae_Sedis","s__uncultured_bacterium","s__uncultured_bacterium","Above prediction",TRUE,4.59e-05,0.00459,-4.338332904,0.538461538,"late_vegetative",0.509,0.001,"***",TRUE,"Above","Late Vegetative"
"406","def8339f22670d09a6e7d9d629d1e13b",0.000202526,3.54e-06,-12041.92634,0.763673117,-52.9312371,0.060060631,0.90730545,-24079.85267,-24064.10796,2e+06,26,19387,5e-07,0.001103788,1,0.97482314,0.830660697,0.99673864,"d__Bacteria","d__Bacteria","d__Bacteria","k__Pseudomonadati","k__Pseudomonadati","p__Proteobacteria","Pseudomonadota","Pseudomonadota","c__Gammaproteobacteria","c__Gammaproteobacteria","c__Gammaproteobacteria","o__PLTA13","o__Steroidobacterales--other","o__Steroidobacterales--other","f__PLTA13","f__Steroidobacteraceae--other","f__Steroidobacteraceae--other","g__PLTA13","g__PLTA13","g__PLTA13","","s__uncultured_Gammaproteobacteria","Above prediction",TRUE,0.001103788,0.1103788,-2.95711415,1,"late_vegetative",0.581,0.001,"***",TRUE,"Above","Late Vegetative"
"407","eeb66039bd09c5fae7240effb5126814",0.000202526,3.54e-06,-12041.92634,0.763673117,-52.9312371,0.060060631,0.90730545,-24079.85267,-24064.10796,2e+06,26,19387,5e-07,2.76e-05,0.269230769,0.084964145,0.024978222,0.251804303,"d__Bacteria","d__Bacteria","d__Bacteria","k__Pseudomonadati--other","k__Pseudomonadati--other","p__Planctomycetota","Planctomycetota","Planctomycetota","c__Planctomycetes","c__Planctomycetia","c__Planctomycetia","o__Gemmatales","o__Gemmatales","o__Gemmatales","f__Gemmataceae","f__Gemmataceae","f__Gemmataceae","g__uncultured","g__Incertae_Sedis","g__Incertae_Sedis","","","Above prediction",TRUE,2.76e-05,0.00276,-4.558848904,0.269230769,"late_vegetative",0.387,0.013,"*",TRUE,"Above","Late Vegetative"
"408","ef87e8a8dea72fedaa227d707dc23065",0.000202526,3.54e-06,-12041.92634,0.763673117,-52.9312371,0.060060631,0.90730545,-24079.85267,-24064.10796,2e+06,26,19387,5e-07,7.97e-05,0.461538462,0.226417121,0.107403214,0.415867087,"d__Bacteria","d__Bacteria","d__Bacteria","k__Pseudomonadati--other","k__Pseudomonadati--other","p__Planctomycetota","Planctomycetota","Planctomycetota","c__Planctomycetes","c__Planctomycetia","c__Planctomycetia","o__Gemmatales","o__Gemmatales","o__Gemmatales","f__Gemmataceae","f__Gemmataceae","f__Gemmataceae","g__uncultured","g__Incertae_Sedis","g__Incertae_Sedis","s__uncultured_bacterium","s__uncultured_bacterium","Above prediction",TRUE,7.97e-05,0.00797,-4.09868841,0.461538462,"late_vegetative",0.415,0.039,"*",TRUE,"Above","Late Vegetative"
"409","f57538baf707c3dd9629935db2bb981a",0.000202526,3.54e-06,-12041.92634,0.763673117,-52.9312371,0.060060631,0.90730545,-24079.85267,-24064.10796,2e+06,26,19387,5e-07,9.2e-05,0.538461538,0.256559115,0.128099089,0.447694905,"d__Bacteria","d__Bacteria","d__Bacteria","k__Pseudomonadati--other","k__Pseudomonadati--other","p__Planctomycetota","Planctomycetota","Planctomycetota","c__Planctomycetes","c__Planctomycetia","c__Planctomycetia","o__Gemmatales","o__Gemmatales","o__Gemmatales","f__Gemmataceae","f__Gemmataceae","f__Gemmataceae","","","","","","Above prediction",TRUE,9.2e-05,0.0092,-4.036393772,0.538461538,"late_vegetative",0.438,0.024,"*",TRUE,"Above","Late Vegetative"
"410","f7f6b04e5691089d34a12b4b455f28a1",0.000202526,3.54e-06,-12041.92634,0.763673117,-52.9312371,0.060060631,0.90730545,-24079.85267,-24064.10796,2e+06,26,19387,5e-07,2.65e-05,0.307692308,0.08161618,0.023449422,0.247499134,"d__Bacteria","d__Bacteria","d__Bacteria","k__Pseudomonadati--other","k__Pseudomonadati--other","p__Bacteroidota","Bacteroidota","Bacteroidota","c__Bacteroidia","c__Cytophagia","c__Cytophagia","o__Cytophagales","o__Cytophagales","o__Cytophagales","f__Hymenobacteraceae","f__Hymenobacteraceae","f__Hymenobacteraceae","g__Pontibacter","g__Pontibacter--other","g__Pontibacter--other","s__Pontibacter_sp.","s__uncultured_Pontibacter","Above prediction",TRUE,2.65e-05,0.00265,-4.577069403,0.307692308,"late_vegetative",0.371,0.026,"*",TRUE,"Above","Late Vegetative"
"411","f968254345bd05c204aee9646945cfa0",0.000202526,3.54e-06,-12041.92634,0.763673117,-52.9312371,0.060060631,0.90730545,-24079.85267,-24064.10796,2e+06,26,19387,5e-07,0.002369538,1,0.999710854,0.870767793,0.999999436,"d__Bacteria","d__Bacteria","d__Bacteria","k__Bacillati","k__Bacillati","p__Actinobacteriota","Actinomycetota","Actinomycetota","c__Thermoleophilia","c__Thermoleophilia","c__Thermoleophilia","o__Gaiellales","o__Gaiellales","o__Gaiellales","f__Gaiellaceae","f__Gaiellaceae","f__Gaiellaceae","g__Gaiella","g__Gaiella","g__Gaiella","s__actinobacterium_WWH12","","Above prediction",TRUE,0.002369538,0.2369538,-2.625336238,1,"late_vegetative",0.561,0.001,"***",TRUE,"Above","Late Vegetative"
"412","f9c97adffa7ac976f53976a689e9885c",0.000202526,3.54e-06,-12041.92634,0.763673117,-52.9312371,0.060060631,0.90730545,-24079.85267,-24064.10796,2e+06,26,19387,5e-07,0.000438712,0.884615385,0.761398405,0.571164749,0.884332991,"d__Bacteria","d__Bacteria","d__Bacteria","k__Pseudomonadati--other","k__Pseudomonadati--other","p__Gemmatimonadota","Gemmatimonadota","Gemmatimonadota","c__AKAU4049","c__Gemmatimonadia","c__Gemmatimonadia","o__AKAU4049","o__AKAU4049","o__AKAU4049","f__AKAU4049","f__Incertae_Sedis","f__Incertae_Sedis","g__AKAU4049","g__Incertae_Sedis","g__Incertae_Sedis","s__uncultured_bacterium","s__uncultured_bacterium","Above prediction",TRUE,0.000438712,0.0438712,-3.357820943,0.884615385,"late_vegetative",0.525,0.011,"*",TRUE,"Above","Late Vegetative"
"413","01e554a6c77365905a87ceed402b1483",0.000184267,3.31e-06,-10577.1403,0.772220932,-51.15016773,0.059707263,0.903437505,-21150.28061,-21134.72012,2e+06,29,17681,5e-07,7.79e-05,0.551724138,0.206344055,0.098090186,0.383295677,"d__Bacteria","d__Bacteria","d__Bacteria","k__Pseudomonadati","k__Pseudomonadati","p__Proteobacteria","Pseudomonadota","Pseudomonadota","c__Alphaproteobacteria","c__Alphaproteobacteria","c__Alphaproteobacteria","o__Rhizobiales","o__Hyphomicrobiales--other","o__Hyphomicrobiales--other","f__Rhizobiaceae","f__Rhizobiaceae--other","f__Rhizobiaceae--other","g__Mesorhizobium","","g__Zhengella","","s__Mesorhizobium_sp.","Above prediction",TRUE,7.79e-05,0.00779,-4.108289559,0.551724138,NA,0.295274548,NA,NA,FALSE,"Above","Early Reproductive"
"414","040bd74a5c9b1a37501cd9fc4c554326",0.000184267,3.31e-06,-10577.1403,0.772220932,-51.15016773,0.059707263,0.903437505,-21150.28061,-21134.72012,2e+06,29,17681,5e-07,0.003736655,0.965517241,0.999994145,0.883019862,1,"d__Archaea","d__Archaea","d__Archaea","k__Thermoproteati","k__Thermoproteati","p__Crenarchaeota","Thermoproteota","Thermoproteota","c__Nitrososphaeria","c__Nitrososphaeria","c__Nitrososphaeria","o__Nitrososphaerales","o__Nitrososphaerales","o__Nitrososphaerales","f__Nitrososphaeraceae","f__Nitrososphaeraceae","f__Nitrososphaeraceae","g__Nitrososphaeraceae","g__Incertae_Sedis","g__Incertae_Sedis","","s__Nitrososphaeraceae_archaeon","As predicted",FALSE,0.003736655,0.3736655,-2.427516978,0.965517241,NA,0.453689433,NA,NA,FALSE,"Neutral","Early Reproductive"
"415","0dfe245697814f4897dd14ea27bf5250",0.000184267,3.31e-06,-10577.1403,0.772220932,-51.15016773,0.059707263,0.903437505,-21150.28061,-21134.72012,2e+06,29,17681,5e-07,0.002176293,1,0.998917369,0.881126916,0.999991293,"d__Bacteria","d__Bacteria","d__Bacteria","k__Bacillati","k__Bacillati","p__Actinobacteriota","Actinomycetota","Actinomycetota","c__Acidimicrobiia","c__Acidimicrobiia","c__Acidimicrobiia","o__Actinomarinales","o__Candidatus_Actinomarinales","o__Candidatus_Actinomarinales","f__uncultured","f__Candidatus_Actinomarinaceae","f__Candidatus_Actinomarinaceae","g__uncultured","g__Candidatus_Actinomarina","g__Candidatus_Actinomarina","","s__Micrococcales_bacterium","Above prediction",TRUE,0.002176293,0.2176293,-2.662282614,1,NA,0.463914444,NA,NA,FALSE,"Above","Early Reproductive"
"416","13801e7bc71636162780bd7b6d06bf65",0.000184267,3.31e-06,-10577.1403,0.772220932,-51.15016773,0.059707263,0.903437505,-21150.28061,-21134.72012,2e+06,29,17681,5e-07,5.48e-05,0.275862069,0.149900716,0.062078676,0.319624842,"d__Bacteria","d__Bacteria","d__Bacteria","k__Pseudomonadati","k__Pseudomonadati","p__Myxococcota","Myxococcota","Myxococcota","c__Polyangia","c__Polyangiia","c__Polyangiia","o__Polyangiales","o__Polyangiales","o__Polyangiales","f__Phaselicystidaceae","f__Polyangiaceae","f__Polyangiaceae","g__Phaselicystis","g__Phaselicystis","g__Phaselicystis","s__uncultured_Polyangiaceae","s__soil_metagenome","As predicted",FALSE,5.48e-05,0.00548,-4.261137466,0.275862069,NA,0.25273946,NA,NA,FALSE,"Neutral","Early Reproductive"
"417","1aed60cbc5eb3c3e0c7006ca6298cbba",0.000184267,3.31e-06,-10577.1403,0.772220932,-51.15016773,0.059707263,0.903437505,-21150.28061,-21134.72012,2e+06,29,17681,5e-07,6.84e-06,0.068965517,0.020041233,0.002364477,0.14999935,"d__Bacteria","d__Bacteria","d__Bacteria","k__Pseudomonadati--other","k__Pseudomonadati--other","p__Planctomycetota","Planctomycetota","Planctomycetota","c__Planctomycetes","c__Planctomycetia","c__Planctomycetia","o__Pirellulales","o__Pirellulales","o__Pirellulales","f__Pirellulaceae","","f__Thermoguttaceae--other","g__uncultured","","g__Incertae_Sedis","s__uncultured_soil","s__freshwater_metagenome","As predicted",FALSE,6.84e-06,0.000684,-5.164637487,0.068965517,NA,0.121245882,NA,NA,FALSE,"Neutral","Early Reproductive"
"418","1e719e830824495d0ed48bef7d84c4a8",0.000184267,3.31e-06,-10577.1403,0.772220932,-51.15016773,0.059707263,0.903437505,-21150.28061,-21134.72012,2e+06,29,17681,5e-07,8.71e-06,0.103448276,0.025425183,0.003606763,0.158265444,"d__Bacteria","d__Bacteria","d__Bacteria","k__Pseudomonadati","k__Pseudomonadati","p__Proteobacteria","Pseudomonadota","Pseudomonadota","c__Gammaproteobacteria","c__Gammaproteobacteria","c__Gammaproteobacteria","o__Gammaproteobacteria_Incertae_Sedis","o__Legionellales","o__Legionellales","f__Unknown_Family","f__Legionellaceae","f__Legionellaceae","g__Unknown_Family","g__Candidatus_Berkiella","g__Candidatus_Berkiella","","s__metagenome","As predicted",FALSE,8.71e-06,0.000871,-5.060136615,0.103448276,NA,0.207791815,NA,NA,FALSE,"Neutral","Early Reproductive"
"419","2713ef3c402d337501d0f9965eb02bfd",0.000184267,3.31e-06,-10577.1403,0.772220932,-51.15016773,0.059707263,0.903437505,-21150.28061,-21134.72012,2e+06,29,17681,5e-07,1.74e-05,0.172413793,0.05021996,0.01146818,0.194193102,"d__Bacteria","d__Bacteria","d__Bacteria","k__Pseudomonadati","k__Pseudomonadati","p__Proteobacteria","Pseudomonadota","Pseudomonadota","c__Alphaproteobacteria","c__Alphaproteobacteria","c__Alphaproteobacteria","o__Rhizobiales","o__Micropepsales","o__Micropepsales","f__A0839","f__Pleomorphomonadaceae","f__Pleomorphomonadaceae","g__A0839","g__Incertae_Sedis","g__Incertae_Sedis","s__uncultured_bacterium","s__uncultured_bacterium","As predicted",FALSE,1.74e-05,0.00174,-4.75910662,0.172413793,NA,0.219603622,NA,NA,FALSE,"Neutral","Early Reproductive"
"420","2fac845da336657d55f1a9f350c6bc09",0.000184267,3.31e-06,-10577.1403,0.772220932,-51.15016773,0.059707263,0.903437505,-21150.28061,-21134.72012,2e+06,29,17681,5e-07,0.00563881,1,0.999999992,0.883030187,1,"d__Bacteria","d__Bacteria","d__Bacteria","k__Pseudomonadati","k__Pseudomonadati","p__Proteobacteria","Pseudomonadota","Pseudomonadota","c__Alphaproteobacteria","c__Alphaproteobacteria","c__Alphaproteobacteria","o__Rhizobiales","","o__Hyphomicrobiales--other","f__Methyloligellaceae","","f__Methyloligellaceae","g__uncultured","","g__Methyloceanibacter","","s__uncultured_Rhodobium","Above prediction",TRUE,0.00563881,0.563881,-2.248812512,1,NA,0.48227426,NA,NA,FALSE,"Above","Early Reproductive"
"421","33b59ac7bf646a8a5b1129313c3cd6bc",0.000184267,3.31e-06,-10577.1403,0.772220932,-51.15016773,0.059707263,0.903437505,-21150.28061,-21134.72012,2e+06,29,17681,5e-07,0.00115069,0.896551724,0.970597964,0.835752048,0.995352382,"d__Bacteria","d__Bacteria","d__Bacteria","k__Pseudomonadati--other","k__Pseudomonadati--other","p__Acidobacteriota","Acidobacteriota","Acidobacteriota","c__Subgroup_11","c__Terriglobia","c__Terriglobia","o__Subgroup_11","o__Subgroup_11","o__Subgroup_11","f__Subgroup_11","f__Incertae_Sedis","f__Incertae_Sedis","g__Subgroup_11","g__Incertae_Sedis","g__Incertae_Sedis","s__uncultured_bacterium","s__uncultured_bacterium","As predicted",FALSE,0.00115069,0.115069,-2.939041791,0.896551724,NA,0.467130497,NA,NA,FALSE,"Neutral","Early Reproductive"
"422","34c76a37daf44b08d51fdac690d8a846",0.000184267,3.31e-06,-10577.1403,0.772220932,-51.15016773,0.059707263,0.903437505,-21150.28061,-21134.72012,2e+06,29,17681,5e-07,5.51e-05,0.206896552,0.150596698,0.062498151,0.320434513,"d__Bacteria","d__Bacteria","d__Bacteria","k__Bacillati","k__Bacillati","p__Actinobacteriota","Actinomycetota","Actinomycetota","c__Actinobacteria","c__Actinomycetes","c__Actinomycetes","o__Propionibacteriales","o__Propionibacteriales","o__Propionibacteriales","f__Nocardioidaceae","f__Nocardioidaceae","f__Nocardioidaceae","g__Nocardioides","g__Nocardioides","g__Nocardioides","","s__rock_metagenome","As predicted",FALSE,5.51e-05,0.00551,-4.258957131,0.206896552,NA,0.243790601,NA,NA,FALSE,"Neutral","Early Reproductive"
"423","351cf4af69db293519bfd5b9eddd432c",0.000184267,3.31e-06,-10577.1403,0.772220932,-51.15016773,0.059707263,0.903437505,-21150.28061,-21134.72012,2e+06,29,17681,5e-07,1.75e-05,0.137931034,0.050413879,0.011540884,0.194462869,"d__Bacteria","d__Bacteria","d__Bacteria","k__Pseudomonadati--other","k__Pseudomonadati--other","p__Planctomycetota","Planctomycetota","Planctomycetota","c__Planctomycetes","c__Planctomycetia","c__Planctomycetia","o__Planctomycetales","o__Planctomycetales","o__Planctomycetales","f__uncultured","f__Planctomycetaceae","f__Planctomycetaceae","g__uncultured","","g__Incertae_Sedis","","s__soil_metagenome","As predicted",FALSE,1.75e-05,0.00175,-4.757390039,0.137931034,NA,0.144645363,NA,NA,FALSE,"Neutral","Early Reproductive"
"424","3849097c8ab5f74d5e44ff2f46ec1c07",0.000184267,3.31e-06,-10577.1403,0.772220932,-51.15016773,0.059707263,0.903437505,-21150.28061,-21134.72012,2e+06,29,17681,5e-07,2.45e-05,0.172413793,0.069992153,0.01957352,0.22100665,"d__Bacteria","d__Bacteria","d__Bacteria","k__Bacillati","k__Bacillati","p__Chloroflexi","Chloroflexota--other","Chloroflexota--other","c__JG30-KF-CM66","c__Ktedonobacteria","c__Ktedonobacteria","o__JG30-KF-CM66","o__Incertae_Sedis","o__Incertae_Sedis","f__JG30-KF-CM66","f__Incertae_Sedis","f__Incertae_Sedis","g__JG30-KF-CM66","g__Incertae_Sedis","g__Incertae_Sedis","s__uncultured_bacterium","s__uncultured_bacterium","As predicted",FALSE,2.45e-05,0.00245,-4.610528397,0.172413793,NA,0.21051912,NA,NA,FALSE,"Neutral","Early Reproductive"
"425","3b85dc79386362e93f5385a08f99dbb2",0.000184267,3.31e-06,-10577.1403,0.772220932,-51.15016773,0.059707263,0.903437505,-21150.28061,-21134.72012,2e+06,29,17681,5e-07,5.87e-05,0.482758621,0.159637074,0.068007754,0.330890758,"d__Bacteria","d__Bacteria","d__Bacteria","k__Pseudomonadati--other","k__Pseudomonadati--other","p__Planctomycetota","Planctomycetota","Planctomycetota","c__Pla4_lineage","c__Candidatus_Uabimicrobiia","c__Candidatus_Uabimicrobiia","o__Pla4_lineage","o__Incertae_Sedis","o__Incertae_Sedis","f__Pla4_lineage","f__Incertae_Sedis","f__Incertae_Sedis","g__Pla4_lineage","g__Incertae_Sedis","g__Incertae_Sedis","","s__Planctomycetaceae_bacterium","Above prediction",TRUE,5.87e-05,0.00587,-4.231438442,0.482758621,NA,0.339212532,NA,NA,FALSE,"Above","Early Reproductive"
"426","3bd9fc0265a969dde3e2c0479c7d80f9",0.000184267,3.31e-06,-10577.1403,0.772220932,-51.15016773,0.059707263,0.903437505,-21150.28061,-21134.72012,2e+06,29,17681,5e-07,3.09e-05,0.689655172,0.087546232,0.027757014,0.243824719,"d__Bacteria","d__Bacteria","d__Bacteria","k__Pseudomonadati--other","k__Pseudomonadati--other","p__Verrucomicrobiota","Verrucomicrobiota","Verrucomicrobiota","c__Verrucomicrobiae","c__Verrucomicrobiia","c__Verrucomicrobiia","o__Verrucomicrobiales","o__Verrucomicrobiales","o__Verrucomicrobiales","f__Rubritaleaceae","f__Rubritaleaceae","f__Rubritaleaceae","g__Luteolibacter","g__Luteolibacter--other","g__Luteolibacter--other","s__uncultured_Verrucomicrobiales","s__Luteolibacter_sp.","Above prediction",TRUE,3.09e-05,0.00309,-4.509363541,0.689655172,NA,0.38384887,NA,NA,FALSE,"Above","Early Reproductive"
"427","3f5f077e16c01f93c4095099c7d43258",0.000184267,3.31e-06,-10577.1403,0.772220932,-51.15016773,0.059707263,0.903437505,-21150.28061,-21134.72012,2e+06,29,17681,5e-07,2.87e-05,0.172413793,0.081324379,0.024763874,0.23582969,"d__Bacteria","d__Bacteria","d__Bacteria","k__Pseudomonadati--other","k__Pseudomonadati--other","p__Acidobacteriota","Acidobacteriota","Acidobacteriota","c__Acidobacteriae","c__Terriglobia","c__Terriglobia","o__Bryobacterales","o__Bryobacterales","o__Bryobacterales","f__Bryobacteraceae","f__Bryobacteraceae","f__Bryobacteraceae","g__Bryobacter","g__Bryobacter","g__Bryobacter","","s__Terriglobia_bacterium","As predicted",FALSE,2.87e-05,0.00287,-4.542796974,0.172413793,NA,0.156329258,NA,NA,FALSE,"Neutral","Early Reproductive"
"428","41c3fcdc0ba7f8aa45aa2bfd2d4eeaf6",0.000184267,3.31e-06,-10577.1403,0.772220932,-51.15016773,0.059707263,0.903437505,-21150.28061,-21134.72012,2e+06,29,17681,5e-07,0.001871034,0.931034483,0.997071147,0.877919718,0.999937952,"d__Bacteria","d__Bacteria","d__Bacteria","k__Bacillati","k__Bacillati","p__Actinobacteriota","Actinomycetota","Actinomycetota","c__Thermoleophilia","c__Thermoleophilia","c__Thermoleophilia","o__Gaiellales","o__Gaiellales","o__Gaiellales","f__uncultured","f__Gaiellaceae","f__Gaiellaceae","g__uncultured","g__Gaiella","g__Gaiella","","s__uncultured_Rubrobacteria","As predicted",FALSE,0.001871034,0.1871034,-2.727918208,0.931034483,NA,0.485614858,NA,NA,FALSE,"Neutral","Early Reproductive"
"429","432b01066dfe0725b4830272bff0caff",0.000184267,3.31e-06,-10577.1403,0.772220932,-51.15016773,0.059707263,0.903437505,-21150.28061,-21134.72012,2e+06,29,17681,5e-07,5.21e-05,0.275862069,0.142910236,0.057903981,0.311453927,"d__Bacteria","d__Bacteria","d__Bacteria","k__Bacillati","k__Bacillati","p__Firmicutes","Bacillota","Bacillota","c__Bacilli","c__Bacilli","c__Bacilli","o__Thermoactinomycetales","o__Thermoactinomycetales","o__Thermoactinomycetales","f__Thermoactinomycetaceae","f__Thermoactinomycetaceae","f__Thermoactinomycetaceae","g__Thermoactinomyces","g__Paenactinomyces","g__Thermoactinomyces--other","s__Thermoactinomyces_sp.","s__Thermoactinomyces_sp.","As predicted",FALSE,5.21e-05,0.00521,-4.283564881,0.275862069,NA,0.21055696,NA,NA,FALSE,"Neutral","Early Reproductive"
"430","45bdd24b81b9a4ed791efe55f698a230",0.000184267,3.31e-06,-10577.1403,0.772220932,-51.15016773,0.059707263,0.903437505,-21150.28061,-21134.72012,2e+06,29,17681,5e-07,7.93e-05,0.379310345,0.209552635,0.100246342,0.386806068,"d__Bacteria","d__Bacteria","d__Bacteria","k__Pseudomonadati--other","k__Pseudomonadati--other","p__Latescibacterota","Candidatus_Latescibacterota","Candidatus_Latescibacterota","c__Latescibacterota","c__Candidatus_Latescibacteria","c__Candidatus_Latescibacteria","o__Latescibacterota","o__Candidatus_Latescibacterales","o__Candidatus_Latescibacterales","f__Latescibacterota","f__Candidatus_Latescibacteraceae","f__Candidatus_Latescibacteraceae","g__Latescibacterota","g__Candidatus_Latescibacter","g__Candidatus_Latescibacter","s__metagenome","s__soil_metagenome","As predicted",FALSE,7.93e-05,0.00793,-4.100764584,0.379310345,NA,0.284018346,NA,NA,FALSE,"Neutral","Early Reproductive"
"431","48a25a351f673f799f73620221769bb5",0.000184267,3.31e-06,-10577.1403,0.772220932,-51.15016773,0.059707263,0.903437505,-21150.28061,-21134.72012,2e+06,29,17681,5e-07,7.69e-05,0.551724138,0.203817031,0.096399575,0.380523412,"d__Bacteria","d__Bacteria","d__Bacteria","k__Bacillati","k__Bacillati","p__Actinobacteriota","Actinomycetota","Actinomycetota","c__Thermoleophilia","c__Thermoleophilia","c__Thermoleophilia","o__Gaiellales","o__Gaiellales","o__Gaiellales","f__uncultured","f__Gaiellaceae","f__Gaiellaceae","g__uncultured","g__Gaiella","g__Gaiella","s__bacterium_Ellin6515","","Above prediction",TRUE,7.69e-05,0.00769,-4.114287929,0.551724138,NA,0.402386613,NA,NA,FALSE,"Above","Early Reproductive"
"432","4b1164f46f0a3b68ace98a626f89d3d2",0.000184267,3.31e-06,-10577.1403,0.772220932,-51.15016773,0.059707263,0.903437505,-21150.28061,-21134.72012,2e+06,29,17681,5e-07,5.02e-06,0.068965517,0.014728805,0.001352564,0.141629194,"d__Bacteria","d__Bacteria","d__Bacteria","k__Bacillati","k__Bacillati","p__Chloroflexi","Chloroflexota--other","Chloroflexota--other","c__Anaerolineae","c__Anaerolineae","c__Anaerolineae","o__Anaerolineales","o__Anaerolineales","o__Anaerolineales","f__Anaerolineaceae","f__Anaerolineaceae","f__Anaerolineaceae","g__uncultured","g__RBG-16-58-14","g__RBG-16-58-14","s__uncultured_Chloroflexi","","As predicted",FALSE,5.02e-06,0.000502,-5.299535005,0.068965517,NA,0.126855854,NA,NA,FALSE,"Neutral","Early Reproductive"
"433","4c687e9abe11199b993e2ab668384d5c",0.000184267,3.31e-06,-10577.1403,0.772220932,-51.15016773,0.059707263,0.903437505,-21150.28061,-21134.72012,2e+06,29,17681,5e-07,0.003082483,1,0.999946471,0.882935688,0.999999978,"d__Bacteria","d__Bacteria","d__Bacteria","k__Pseudomonadati--other","k__Pseudomonadati--other","p__Nitrospirota","Nitrospirota","Nitrospirota","c__Nitrospiria","c__Nitrospiria","c__Nitrospiria","o__Nitrospirales","o__Nitrospirales","o__Nitrospirales","f__Nitrospiraceae","f__Nitrospiraceae","f__Nitrospiraceae","g__Nitrospira","g__Nitrospira","g__Nitrospira","","s__Candidatus_Acidoferrum","Above prediction",TRUE,0.003082483,0.3082483,-2.511099344,1,NA,0.474872101,NA,NA,FALSE,"Above","Early Reproductive"
"434","524f945306ac2c325b6027df82cc10c2",0.000184267,3.31e-06,-10577.1403,0.772220932,-51.15016773,0.059707263,0.903437505,-21150.28061,-21134.72012,2e+06,29,17681,5e-07,0.000812517,0.896551724,0.915195959,0.759687157,0.973573985,"d__Bacteria","d__Bacteria","d__Bacteria","k__Pseudomonadati","k__Pseudomonadati","p__Proteobacteria","Pseudomonadota","Pseudomonadota","c__Gammaproteobacteria","c__Gammaproteobacteria","c__Gammaproteobacteria","o__Steroidobacterales","o__Steroidobacterales","o__Steroidobacterales","f__Steroidobacteraceae","f__Steroidobacteraceae","f__Steroidobacteraceae","g__uncultured","g__Incertae_Sedis","g__Incertae_Sedis","","s__metagenome","As predicted",FALSE,0.000812517,0.0812517,-3.090167415,0.896551724,NA,0.461262158,NA,NA,FALSE,"Neutral","Early Reproductive"
"435","53e147376c416a7fb1b1c3dc4ba25d6e",0.000184267,3.31e-06,-10577.1403,0.772220932,-51.15016773,0.059707263,0.903437505,-21150.28061,-21134.72012,2e+06,29,17681,5e-07,0.000174897,0.793103448,0.405760353,0.248482807,0.585084284,"d__Bacteria","d__Bacteria","d__Bacteria","k__Pseudomonadati--other","k__Pseudomonadati--other","p__Gemmatimonadota","Gemmatimonadota","Gemmatimonadota","c__S0134_terrestrial_group","c__Gemmatimonadia","c__Gemmatimonadia","o__S0134_terrestrial_group","o__S0134_terrestrial_group","o__S0134_terrestrial_group","f__S0134_terrestrial_group","f__Incertae_Sedis","f__Incertae_Sedis","g__S0134_terrestrial_group","g__Incertae_Sedis","g__Incertae_Sedis","s__uncultured_bacterium","s__uncultured_bacterium","Above prediction",TRUE,0.000174897,0.0174897,-3.757218753,0.793103448,NA,0.417751156,NA,NA,FALSE,"Above","Early Reproductive"
"436","548f1f37d4853c6e929864a929bcbb4e",0.000184267,3.31e-06,-10577.1403,0.772220932,-51.15016773,0.059707263,0.903437505,-21150.28061,-21134.72012,2e+06,29,17681,5e-07,0.000103172,0.379310345,0.263790797,0.138189839,0.444650441,"d__Bacteria","d__Bacteria","d__Bacteria","k__Bacillati","k__Bacillati","p__Firmicutes","Bacillota","Bacillota","c__Bacilli","c__Bacilli","c__Bacilli","o__Bacillales","o__Bacillales","o__Bacillales","f__Bacillaceae","f__Bacillaceae","f__Bacillaceae","g__Bacillus","g__Lederbergia","g__Lederbergia","s__uncultured_compost","s__uncultured_bacterium","As predicted",FALSE,0.000103172,0.0103172,-3.986436409,0.379310345,NA,0.318601506,NA,NA,FALSE,"Neutral","Early Reproductive"
"437","5b5fc41e4def55055e7e165fecdfc4f1",0.000184267,3.31e-06,-10577.1403,0.772220932,-51.15016773,0.059707263,0.903437505,-21150.28061,-21134.72012,2e+06,29,17681,5e-07,5.39e-05,0.275862069,0.147504034,0.060639434,0.316831399,"d__Bacteria","d__Bacteria","d__Bacteria","k__Bacillati","k__Bacillati","p__Chloroflexi","Thermomicrobiota","Thermomicrobiota","c__Chloroflexia","c__Thermomicrobia","c__Thermomicrobia","o__Thermomicrobiales","o__Thermomicrobiales--other","o__Thermomicrobiales--other","f__JG30-KF-CM45","f__JG30-KF-CM45","f__JG30-KF-CM45","g__JG30-KF-CM45","g__Incertae_Sedis","g__Incertae_Sedis","s__uncultured_Chloroflexi","","As predicted",FALSE,5.39e-05,0.00539,-4.268716968,0.275862069,NA,0.217517817,NA,NA,FALSE,"Neutral","Early Reproductive"
"438","5de04fe69beee5cc76f6cdc2005dc3a5",0.000184267,3.31e-06,-10577.1403,0.772220932,-51.15016773,0.059707263,0.903437505,-21150.28061,-21134.72012,2e+06,29,17681,5e-07,2.29e-06,0.034482759,0.006758152,0.000313631,0.128591472,"d__Bacteria","d__Bacteria","d__Bacteria","k__Bacillati","k__Bacillati","p__Chloroflexi","Chloroflexota--other","Chloroflexota--other","c__Anaerolineae","c__Anaerolineae","c__Anaerolineae","o__SBR1031","o__Phototrophicales","o__Phototrophicales","f__SBR1031","f__Phototrophicaceae","f__Phototrophicaceae","g__SBR1031","g__Phototrophicus","g__Phototrophicus","s__uncultured_Caldilineaceae","s__uncultured_Caldilineaceae","As predicted",FALSE,2.29e-06,0.000229,-5.639576353,0.034482759,NA,0.042445236,NA,NA,FALSE,"Neutral","Early Reproductive"
"439","66449c73c79eb4cf250519f8d4d670c7",0.000184267,3.31e-06,-10577.1403,0.772220932,-51.15016773,0.059707263,0.903437505,-21150.28061,-21134.72012,2e+06,29,17681,5e-07,0.000102759,0.448275862,0.262882619,0.137532838,0.443703544,"d__Bacteria","d__Bacteria","d__Bacteria","k__Pseudomonadati--other","k__Pseudomonadati--other","p__Acidobacteriota","Acidobacteriota","Acidobacteriota","c__Blastocatellia","c__Blastocatellia","c__Blastocatellia","o__Blastocatellales","o__Blastocatellales","o__Blastocatellales","f__Blastocatellaceae","f__Blastocatellaceae","f__Blastocatellaceae","g__uncultured","g__Incertae_Sedis","g__Incertae_Sedis","s__uncultured_Acidobacteria","s__uncultured_Acidobacteria","Above prediction",TRUE,0.000102759,0.0102759,-3.988181734,0.448275862,NA,0.338468228,NA,NA,FALSE,"Above","Early Reproductive"
"440","6d01029368e4cc381d8e748ea1285708",0.000184267,3.31e-06,-10577.1403,0.772220932,-51.15016773,0.059707263,0.903437505,-21150.28061,-21134.72012,2e+06,29,17681,5e-07,0.001373414,0.896551724,0.985491152,0.858722434,0.998684266,"d__Bacteria","d__Bacteria","d__Bacteria","k__Pseudomonadati--other","k__Pseudomonadati--other","p__Acidobacteriota","Acidobacteriota","Acidobacteriota","c__Vicinamibacteria","c__Vicinamibacteria","c__Vicinamibacteria","o__Vicinamibacterales","o__Vicinamibacterales","o__Vicinamibacterales","f__uncultured","f__Vicinamibacteraceae","f__Vicinamibacteraceae","g__uncultured","g__Incertae_Sedis","g__Incertae_Sedis","s__uncultured_Acidobacteriaceae","","As predicted",FALSE,0.001373414,0.1373414,-2.862198595,0.896551724,NA,0.45303409,NA,NA,FALSE,"Neutral","Early Reproductive"
"441","6d30448b2542057714130ba12fec491f",0.000184267,3.31e-06,-10577.1403,0.772220932,-51.15016773,0.059707263,0.903437505,-21150.28061,-21134.72012,2e+06,29,17681,5e-07,5.7e-05,0.344827586,0.155409793,0.065417555,0.326015326,"d__Bacteria","d__Bacteria","d__Bacteria","k__Bacillati","k__Bacillati","p__Chloroflexi","Chloroflexota--other","Chloroflexota--other","c__Anaerolineae","c__Anaerolineae--other","c__Anaerolineae--other","o__RBG-13-54-9","o__RBG-13-54-9","o__RBG-13-54-9","f__RBG-13-54-9","f__Incertae_Sedis","f__Incertae_Sedis","g__RBG-13-54-9","g__Incertae_Sedis","g__Incertae_Sedis","s__uncultured_sludge","","Above prediction",TRUE,5.7e-05,0.0057,-4.244125144,0.344827586,NA,0.241495259,NA,NA,FALSE,"Above","Early Reproductive"
"442","770f6d40306b14f30101bf45337bdecb",0.000184267,3.31e-06,-10577.1403,0.772220932,-51.15016773,0.059707263,0.903437505,-21150.28061,-21134.72012,2e+06,29,17681,5e-07,1.13e-05,0.24137931,0.032756392,0.005599054,0.169220511,"d__Bacteria","d__Bacteria","d__Bacteria","k__Pseudomonadati--other","k__Pseudomonadati--other","p__Latescibacterota","Candidatus_Latescibacterota","Candidatus_Latescibacterota","c__Latescibacterota","c__Candidatus_Latescibacteria","c__Candidatus_Latescibacteria","o__Latescibacterota","o__Candidatus_Latescibacterales","o__Candidatus_Latescibacterales","f__Latescibacterota","f__Candidatus_Latescibacteraceae","f__Candidatus_Latescibacteraceae","g__Latescibacterota","g__Candidatus_Latescibacter","g__Candidatus_Latescibacter","s__uncultured_bacterium","","Above prediction",TRUE,1.13e-05,0.00113,-4.948514812,0.24137931,NA,0.242847939,NA,NA,FALSE,"Above","Early Reproductive"
"443","79f854ba7e9256f5c29821a8b32cfadc",0.000184267,3.31e-06,-10577.1403,0.772220932,-51.15016773,0.059707263,0.903437505,-21150.28061,-21134.72012,2e+06,29,17681,5e-07,0.000108224,0.448275862,0.274790456,0.146201711,0.456064631,"d__Bacteria","d__Bacteria","d__Bacteria","k__Pseudomonadati--other","k__Pseudomonadati--other","p__Gemmatimonadota","Gemmatimonadota","Gemmatimonadota","c__Gemmatimonadetes","c__Gemmatimonadia","c__Gemmatimonadia","o__Gemmatimonadales","o__Gemmatimonadales","o__Gemmatimonadales","f__Gemmatimonadaceae","f__Gemmatimonadaceae","f__Gemmatimonadaceae","","g__Gemmatimonas","g__Gemmatimonas","","","As predicted",FALSE,0.000108224,0.0108224,-3.965675865,0.448275862,NA,0.324076551,NA,NA,FALSE,"Neutral","Early Reproductive"
"444","7ebbe0dc9ad3c1a88944fd59dde184fb",0.000184267,3.31e-06,-10577.1403,0.772220932,-51.15016773,0.059707263,0.903437505,-21150.28061,-21134.72012,2e+06,29,17681,5e-07,1.64e-05,0.206896552,0.0474038,0.010429369,0.190258404,"d__Bacteria","d__Bacteria","d__Bacteria","k__Bacillati","k__Bacillati","p__Firmicutes","Bacillota","Bacillota","c__Bacilli","c__Bacilli","c__Bacilli","o__Bacillales","","o__Bacillales","f__Bacillaceae","","f__Bacillaceae","g__Bacillus","","","","","Above prediction",TRUE,1.64e-05,0.00164,-4.784791045,0.206896552,NA,0.210713868,NA,NA,FALSE,"Above","Early Reproductive"
"445","8c236fe169500c5b91c687f10e0d3c6b",0.000184267,3.31e-06,-10577.1403,0.772220932,-51.15016773,0.059707263,0.903437505,-21150.28061,-21134.72012,2e+06,29,17681,5e-07,6.44e-05,0.24137931,0.173847557,0.076885885,0.3471092,"d__Bacteria","d__Bacteria","d__Bacteria","k__Bacillati","k__Bacillati","p__Actinobacteriota","Actinomycetota","Actinomycetota","c__Acidimicrobiia","c__Acidimicrobiia","c__Acidimicrobiia","","o__Acidimicrobiales","o__Acidimicrobiales","","f__Acidimicrobiaceae","f__Acidimicrobiaceae","","g__Incertae_Sedis","g__Incertae_Sedis","","s__uncultured_bacterium","As predicted",FALSE,6.44e-05,0.00644,-4.190904896,0.24137931,NA,0.239999919,NA,NA,FALSE,"Neutral","Early Reproductive"
"446","8f0fb68673a8b3c26f3fd210e29b7916",0.000184267,3.31e-06,-10577.1403,0.772220932,-51.15016773,0.059707263,0.903437505,-21150.28061,-21134.72012,2e+06,29,17681,5e-07,0.001129121,0.965517241,0.96852756,0.832675257,0.994772714,"d__Bacteria","d__Bacteria","d__Bacteria","k__Bacillati","k__Bacillati","p__Firmicutes","Clostridiota","Clostridiota","c__Clostridia","c__Clostridia","c__Clostridia","o__Clostridiales","o__Clostridiales","o__Clostridiales","f__Clostridiaceae","f__Clostridiaceae","f__Clostridiaceae","g__Clostridium_sensu_stricto_13","g__Clostridium--other","g__Clostridium--other","","s__Clostridium_bowmanii","As predicted",FALSE,0.001129121,0.1129121,-2.947259635,0.965517241,NA,0.453229449,NA,NA,FALSE,"Neutral","Early Reproductive"
"447","90aca794c7e30b8a77e87f13ffc9a5cc",0.000184267,3.31e-06,-10577.1403,0.772220932,-51.15016773,0.059707263,0.903437505,-21150.28061,-21134.72012,2e+06,29,17681,5e-07,0.002972328,0.931034483,0.999922554,0.882893473,0.999999955,"d__Bacteria","d__Bacteria","d__Bacteria","k__Pseudomonadati","k__Pseudomonadati","p__Proteobacteria","Pseudomonadota","Pseudomonadota","c__Alphaproteobacteria","c__Alphaproteobacteria","c__Alphaproteobacteria","o__Rhizobiales","o__Hyphomicrobiales--other","o__Hyphomicrobiales--other","f__Xanthobacteraceae","f__Nitrobacteraceae","f__Nitrobacteraceae","g__uncultured","","g__Incertae_Sedis","","","As predicted",FALSE,0.002972328,0.2972328,-2.526903328,0.931034483,NA,0.507689592,NA,NA,FALSE,"Neutral","Early Reproductive"
"448","91ddf6ae6fe1b2f82da6ceeeb5d9b519",0.000184267,3.31e-06,-10577.1403,0.772220932,-51.15016773,0.059707263,0.903437505,-21150.28061,-21134.72012,2e+06,29,17681,5e-07,4.92e-05,0.482758621,0.135554131,0.053589256,0.302777327,"d__Archaea","d__Archaea","d__Archaea","k__Thermoproteati","k__Thermoproteati","p__Crenarchaeota","Thermoproteota","Thermoproteota","c__Nitrososphaeria","c__Nitrososphaeria","c__Nitrososphaeria","o__Nitrososphaerales","o__Nitrososphaerales","o__Nitrososphaerales","f__Nitrososphaeraceae","f__Nitrososphaeraceae","f__Nitrososphaeraceae","g__Candidatus_Nitrocosmicus","g__Candidatus_Nitrosocosmicus","g__Candidatus_Nitrosocosmicus","","","Above prediction",TRUE,4.92e-05,0.00492,-4.308278472,0.482758621,NA,0.31039302,NA,NA,FALSE,"Above","Early Reproductive"
"449","91ff993a5f5f767d1d14eed660db4ecf",0.000184267,3.31e-06,-10577.1403,0.772220932,-51.15016773,0.059707263,0.903437505,-21150.28061,-21134.72012,2e+06,29,17681,5e-07,5.21e-05,0.448275862,0.143129535,0.058033862,0.31171134,"d__Bacteria","d__Bacteria","d__Bacteria","k__Bacillati","k__Bacillati","p__Chloroflexi","Chloroflexota--other","Chloroflexota--other","c__Anaerolineae","c__Anaerolineae--other","c__Anaerolineae--other","o__RBG-13-54-9","o__RBG-13-54-9","o__RBG-13-54-9","f__RBG-13-54-9","f__Incertae_Sedis","f__Incertae_Sedis","g__RBG-13-54-9","g__Incertae_Sedis","g__Incertae_Sedis","s__uncultured_Caldilineaceae","s__Bacillota_bacterium","Above prediction",TRUE,5.21e-05,0.00521,-4.282846207,0.448275862,NA,0.295149995,NA,NA,FALSE,"Above","Early Reproductive"
"450","945afead985a2610f6d91b9757bb4ff5",0.000184267,3.31e-06,-10577.1403,0.772220932,-51.15016773,0.059707263,0.903437505,-21150.28061,-21134.72012,2e+06,29,17681,5e-07,6.06e-05,0.482758621,0.164314603,0.070901516,0.336257797,"d__Bacteria","d__Bacteria","d__Bacteria","k__Pseudomonadati--other","k__Pseudomonadati--other","p__Latescibacterota","Candidatus_Latescibacterota","Candidatus_Latescibacterota","c__Latescibacterota","c__Candidatus_Latescibacteria","c__Candidatus_Latescibacteria","o__Latescibacterota","o__Candidatus_Latescibacterales","o__Candidatus_Latescibacterales","f__Latescibacterota","f__Candidatus_Latescibacteraceae","f__Candidatus_Latescibacteraceae","g__Latescibacterota","g__Candidatus_Latescibacter","g__Candidatus_Latescibacter","s__uncultured_bacterium","s__Candidatus_Eisenbacteria","Above prediction",TRUE,6.06e-05,0.00606,-4.217749844,0.482758621,NA,0.391300935,NA,NA,FALSE,"Above","Early Reproductive"
"451","b26086d47e0a3f9bd5c419c4617b8502",0.000184267,3.31e-06,-10577.1403,0.772220932,-51.15016773,0.059707263,0.903437505,-21150.28061,-21134.72012,2e+06,29,17681,5e-07,0.001688207,0.896551724,0.994709764,0.873883278,0.999804047,"d__Archaea","d__Archaea","d__Archaea","k__Thermoproteati","k__Thermoproteati","p__Crenarchaeota","Thermoproteota","Thermoproteota","c__Nitrososphaeria","c__Nitrososphaeria","c__Nitrososphaeria","o__Nitrososphaerales","o__Nitrososphaerales","o__Nitrososphaerales","f__Nitrososphaeraceae","f__Nitrososphaeraceae","f__Nitrososphaeraceae","","g__Candidatus_Nitrosocosmicus","g__Candidatus_Nitrosocosmicus","","s__uncultured_archaeon","As predicted",FALSE,0.001688207,0.1688207,-2.77257433,0.896551724,NA,0.431059892,NA,NA,FALSE,"Neutral","Early Reproductive"
"452","b2af2d86f64b5aa555813c2e5ccf5125",0.000184267,3.31e-06,-10577.1403,0.772220932,-51.15016773,0.059707263,0.903437505,-21150.28061,-21134.72012,2e+06,29,17681,5e-07,0.002374466,1,0.999435463,0.882035581,0.999997614,"d__Bacteria","d__Bacteria","d__Bacteria","k__Pseudomonadati","k__Pseudomonadati","p__Proteobacteria","Pseudomonadota","Pseudomonadota","c__Gammaproteobacteria","c__Gammaproteobacteria","c__Gammaproteobacteria","o__Burkholderiales","o__Burkholderiales","o__Burkholderiales","f__Comamonadaceae","f__Comamonadaceae","f__Comamonadaceae","g__Ramlibacter","","g__Ramlibacter","","s__Ramlibacter_sp.","Above prediction",TRUE,0.002374466,0.2374466,-2.624434133,1,NA,0.448677686,NA,NA,FALSE,"Above","Early Reproductive"
"453","bc84c01dbfc576927c9a43ad8a4fbf8f",0.000184267,3.31e-06,-10577.1403,0.772220932,-51.15016773,0.059707263,0.903437505,-21150.28061,-21134.72012,2e+06,29,17681,5e-07,0.003109793,1,0.999951163,0.88294397,0.999999982,"d__Bacteria","d__Bacteria","d__Bacteria","k__Pseudomonadati","k__Pseudomonadati","p__Proteobacteria","Pseudomonadota","Pseudomonadota","c__Alphaproteobacteria","c__Alphaproteobacteria","c__Alphaproteobacteria","o__Azospirillales","o__Azospirillales","o__Azospirillales","f__uncultured","f__Azospirillaceae","f__Azospirillaceae","g__uncultured","g__Incertae_Sedis","g__Incertae_Sedis","s__uncultured_bacterium","s__uncultured_bacterium","Above prediction",TRUE,0.003109793,0.3109793,-2.507268504,1,NA,0.497726967,NA,NA,FALSE,"Above","Early Reproductive"
"454","c4b069153ae53489ea1cbfb2de1cfb1d",0.000184267,3.31e-06,-10577.1403,0.772220932,-51.15016773,0.059707263,0.903437505,-21150.28061,-21134.72012,2e+06,29,17681,5e-07,3.35e-05,0.24137931,0.09446779,0.03119553,0.252610091,"d__Bacteria","d__Bacteria","d__Bacteria","k__Bacillati","k__Bacillati","p__Actinobacteriota","Actinomycetota","Actinomycetota","c__Actinobacteria","c__Actinomycetes","c__Actinomycetes","o__Corynebacteriales","o__Mycobacteriales","o__Mycobacteriales","f__Mycobacteriaceae","f__Mycobacteriaceae","f__Mycobacteriaceae","g__Mycobacterium","g__Mycobacterium","g__Mycobacterium","","s__uncultured_actinobacterium","As predicted",FALSE,3.35e-05,0.00335,-4.474731733,0.24137931,NA,0.218198371,NA,NA,FALSE,"Neutral","Early Reproductive"
"455","c9f9355d32e264f6bc060415332587bb",0.000184267,3.31e-06,-10577.1403,0.772220932,-51.15016773,0.059707263,0.903437505,-21150.28061,-21134.72012,2e+06,29,17681,5e-07,3.78e-05,0.275862069,0.105829169,0.03706773,0.266802773,"d__Bacteria","d__Bacteria","d__Bacteria","k__Pseudomonadati","k__Pseudomonadati","p__Myxococcota","Myxococcota","Myxococcota","c__Polyangia","c__Polyangiia","c__Polyangiia","o__Nannocystales","o__Nannocystales","o__Nannocystales","f__Nannocystaceae","f__Nannocystaceae","f__Nannocystaceae","g__Nannocystis","g__Nannocystis","g__Nannocystis","s__metagenome","","Above prediction",TRUE,3.78e-05,0.00378,-4.422785616,0.275862069,NA,0.237932218,NA,NA,FALSE,"Above","Early Reproductive"
"456","ce88479c67c424bd1b2d977d099ce325",0.000184267,3.31e-06,-10577.1403,0.772220932,-51.15016773,0.059707263,0.903437505,-21150.28061,-21134.72012,2e+06,29,17681,5e-07,0.001464224,1,0.989141477,0.864622472,0.999230922,"d__Bacteria","d__Bacteria","d__Bacteria","k__Pseudomonadati--other","k__Pseudomonadati--other","p__Acidobacteriota","Acidobacteriota","Acidobacteriota","c__Blastocatellia","c__Blastocatellia","c__Blastocatellia","o__Pyrinomonadales","o__Blastocatellales","o__Blastocatellales","f__Pyrinomonadaceae","f__Arenimicrobiaceae","f__Arenimicrobiaceae","g__RB41","g__RB41","g__RB41","","","Above prediction",TRUE,0.001464224,0.1464224,-2.834392438,1,NA,0.472240625,NA,NA,FALSE,"Above","Early Reproductive"
"457","d6cab129762000bbf37a901dfd906afe",0.000184267,3.31e-06,-10577.1403,0.772220932,-51.15016773,0.059707263,0.903437505,-21150.28061,-21134.72012,2e+06,29,17681,5e-07,4.48e-05,0.310344828,0.124158023,0.047073515,0.289166852,"d__Bacteria","d__Bacteria","d__Bacteria","k__Pseudomonadati--other","k__Pseudomonadati--other","p__Acidobacteriota","Acidobacteriota","Acidobacteriota","c__Acidobacteriae","c__Terriglobia","c__Terriglobia","o__Acidobacteriales","o__Terriglobales","o__Terriglobales","f__Koribacteraceae","f__Candidatus_Korobacteraceae","","g__Candidatus_Koribacter","g__Candidatus_Korobacter","","s__uncultured_bacterium","","Above prediction",TRUE,4.48e-05,0.00448,-4.349123305,0.310344828,NA,0.303152196,NA,NA,FALSE,"Above","Early Reproductive"
"458","dc3335ef3308ec570f453e4c01a22f2c",0.000184267,3.31e-06,-10577.1403,0.772220932,-51.15016773,0.059707263,0.903437505,-21150.28061,-21134.72012,2e+06,29,17681,5e-07,1.03e-05,0.172413793,0.030087741,0.004836836,0.165269729,"d__Bacteria","d__Bacteria","d__Bacteria","k__Pseudomonadati--other","k__Pseudomonadati--other","p__Acidobacteriota","Acidobacteriota","Acidobacteriota","c__Subgroup_18","c__Terriglobia","c__Terriglobia","o__Subgroup_18","o__Subgroup_18","o__Subgroup_18","f__Subgroup_18","f__Incertae_Sedis","f__Incertae_Sedis","g__Subgroup_18","g__Incertae_Sedis","g__Incertae_Sedis","s__uncultured_bacterium","s__uncultured_bacterium","Above prediction",TRUE,1.03e-05,0.00103,-4.986001171,0.172413793,NA,0.136613287,NA,NA,FALSE,"Above","Early Reproductive"
"459","def8339f22670d09a6e7d9d629d1e13b",0.000184267,3.31e-06,-10577.1403,0.772220932,-51.15016773,0.059707263,0.903437505,-21150.28061,-21134.72012,2e+06,29,17681,5e-07,0.000786828,0.896551724,0.908153562,0.750704158,0.970119686,"d__Bacteria","d__Bacteria","d__Bacteria","k__Pseudomonadati","k__Pseudomonadati","p__Proteobacteria","Pseudomonadota","Pseudomonadota","c__Gammaproteobacteria","c__Gammaproteobacteria","c__Gammaproteobacteria","o__PLTA13","o__Steroidobacterales--other","o__Steroidobacterales--other","f__PLTA13","f__Steroidobacteraceae--other","f__Steroidobacteraceae--other","g__PLTA13","g__PLTA13","g__PLTA13","","s__uncultured_Gammaproteobacteria","As predicted",FALSE,0.000786828,0.0786828,-3.104120422,0.896551724,NA,0.464696665,NA,NA,FALSE,"Neutral","Early Reproductive"
"460","eeb66039bd09c5fae7240effb5126814",0.000184267,3.31e-06,-10577.1403,0.772220932,-51.15016773,0.059707263,0.903437505,-21150.28061,-21134.72012,2e+06,29,17681,5e-07,7.47e-06,0.068965517,0.021839096,0.002756586,0.152782374,"d__Bacteria","d__Bacteria","d__Bacteria","k__Pseudomonadati--other","k__Pseudomonadati--other","p__Planctomycetota","Planctomycetota","Planctomycetota","c__Planctomycetes","c__Planctomycetia","c__Planctomycetia","o__Gemmatales","o__Gemmatales","o__Gemmatales","f__Gemmataceae","f__Gemmataceae","f__Gemmataceae","g__uncultured","g__Incertae_Sedis","g__Incertae_Sedis","","","As predicted",FALSE,7.47e-06,0.000747,-5.126940097,0.068965517,NA,0.101758143,NA,NA,FALSE,"Neutral","Early Reproductive"
"461","ef87e8a8dea72fedaa227d707dc23065",0.000184267,3.31e-06,-10577.1403,0.772220932,-51.15016773,0.059707263,0.903437505,-21150.28061,-21134.72012,2e+06,29,17681,5e-07,3.5e-05,0.24137931,0.098347283,0.033169951,0.25748709,"d__Bacteria","d__Bacteria","d__Bacteria","k__Pseudomonadati--other","k__Pseudomonadati--other","p__Planctomycetota","Planctomycetota","Planctomycetota","c__Planctomycetes","c__Planctomycetia","c__Planctomycetia","o__Gemmatales","o__Gemmatales","o__Gemmatales","f__Gemmataceae","f__Gemmataceae","f__Gemmataceae","g__uncultured","g__Incertae_Sedis","g__Incertae_Sedis","s__uncultured_bacterium","s__uncultured_bacterium","As predicted",FALSE,3.5e-05,0.0035,-4.456360043,0.24137931,NA,0.198764406,NA,NA,FALSE,"Neutral","Early Reproductive"
"462","f57538baf707c3dd9629935db2bb981a",0.000184267,3.31e-06,-10577.1403,0.772220932,-51.15016773,0.059707263,0.903437505,-21150.28061,-21134.72012,2e+06,29,17681,5e-07,4.49e-05,0.310344828,0.124650698,0.047350766,0.289759694,"d__Bacteria","d__Bacteria","d__Bacteria","k__Pseudomonadati--other","k__Pseudomonadati--other","p__Planctomycetota","Planctomycetota","Planctomycetota","c__Planctomycetes","c__Planctomycetia","c__Planctomycetia","o__Gemmatales","o__Gemmatales","o__Gemmatales","f__Gemmataceae","f__Gemmataceae","f__Gemmataceae","","","","","","Above prediction",TRUE,4.49e-05,0.00449,-4.347286962,0.310344828,NA,0.232548354,NA,NA,FALSE,"Above","Early Reproductive"
"463","f7f6b04e5691089d34a12b4b455f28a1",0.000184267,3.31e-06,-10577.1403,0.772220932,-51.15016773,0.059707263,0.903437505,-21150.28061,-21134.72012,2e+06,29,17681,5e-07,6.41e-06,0.103448276,0.018790823,0.002106009,0.148049518,"d__Bacteria","d__Bacteria","d__Bacteria","k__Pseudomonadati--other","k__Pseudomonadati--other","p__Bacteroidota","Bacteroidota","Bacteroidota","c__Bacteroidia","c__Cytophagia","c__Cytophagia","o__Cytophagales","o__Cytophagales","o__Cytophagales","f__Hymenobacteraceae","f__Hymenobacteraceae","f__Hymenobacteraceae","g__Pontibacter","g__Pontibacter--other","g__Pontibacter--other","s__Pontibacter_sp.","s__uncultured_Pontibacter","As predicted",FALSE,6.41e-06,0.000641,-5.192885054,0.103448276,NA,0.105826603,NA,NA,FALSE,"Neutral","Early Reproductive"
"464","f968254345bd05c204aee9646945cfa0",0.000184267,3.31e-06,-10577.1403,0.772220932,-51.15016773,0.059707263,0.903437505,-21150.28061,-21134.72012,2e+06,29,17681,5e-07,0.001851431,0.931034483,0.996878902,0.877588424,0.99992973,"d__Bacteria","d__Bacteria","d__Bacteria","k__Bacillati","k__Bacillati","p__Actinobacteriota","Actinomycetota","Actinomycetota","c__Thermoleophilia","c__Thermoleophilia","c__Thermoleophilia","o__Gaiellales","o__Gaiellales","o__Gaiellales","f__Gaiellaceae","f__Gaiellaceae","f__Gaiellaceae","g__Gaiella","g__Gaiella","g__Gaiella","s__actinobacterium_WWH12","","As predicted",FALSE,0.001851431,0.1851431,-2.732492461,0.931034483,NA,0.478706479,NA,NA,FALSE,"Neutral","Early Reproductive"
"465","f9c97adffa7ac976f53976a689e9885c",0.000184267,3.31e-06,-10577.1403,0.772220932,-51.15016773,0.059707263,0.903437505,-21150.28061,-21134.72012,2e+06,29,17681,5e-07,0.000336293,0.827586207,0.634444023,0.453262697,0.784173569,"d__Bacteria","d__Bacteria","d__Bacteria","k__Pseudomonadati--other","k__Pseudomonadati--other","p__Gemmatimonadota","Gemmatimonadota","Gemmatimonadota","c__AKAU4049","c__Gemmatimonadia","c__Gemmatimonadia","o__AKAU4049","o__AKAU4049","o__AKAU4049","f__AKAU4049","f__Incertae_Sedis","f__Incertae_Sedis","g__AKAU4049","g__Incertae_Sedis","g__Incertae_Sedis","s__uncultured_bacterium","s__uncultured_bacterium","Above prediction",TRUE,0.000336293,0.0336293,-3.473282039,0.827586207,NA,0.444195847,NA,NA,FALSE,"Above","Early Reproductive"
"466","01e554a6c77365905a87ceed402b1483",0.000138089,3.28e-06,-8615.344795,0.684043465,-55.3948254,0.067945083,0.907745261,-17226.68959,-17211.73176,2e+06,24,13081,5e-07,7.7e-05,0.541666667,0.162415432,0.064289572,0.353698566,"d__Bacteria","d__Bacteria","d__Bacteria","k__Pseudomonadati","k__Pseudomonadati","p__Proteobacteria","Pseudomonadota","Pseudomonadota","c__Alphaproteobacteria","c__Alphaproteobacteria","c__Alphaproteobacteria","o__Rhizobiales","o__Hyphomicrobiales--other","o__Hyphomicrobiales--other","f__Rhizobiaceae","f__Rhizobiaceae--other","f__Rhizobiaceae--other","g__Mesorhizobium","","g__Zhengella","","s__Mesorhizobium_sp.","Above prediction",TRUE,7.7e-05,0.0077,-4.113274331,0.541666667,NA,0.29089663,NA,NA,FALSE,"Above","Late Reproductive"
"467","040bd74a5c9b1a37501cd9fc4c554326",0.000138089,3.28e-06,-8615.344795,0.684043465,-55.3948254,0.067945083,0.907745261,-17226.68959,-17211.73176,2e+06,24,13081,5e-07,0.002911021,0.916666667,0.99915657,0.86057408,0.999995602,"d__Archaea","d__Archaea","d__Archaea","k__Thermoproteati","k__Thermoproteati","p__Crenarchaeota","Thermoproteota","Thermoproteota","c__Nitrososphaeria","c__Nitrososphaeria","c__Nitrososphaeria","o__Nitrososphaerales","o__Nitrososphaerales","o__Nitrososphaerales","f__Nitrososphaeraceae","f__Nitrososphaeraceae","f__Nitrososphaeraceae","g__Nitrososphaeraceae","g__Incertae_Sedis","g__Incertae_Sedis","","s__Nitrososphaeraceae_archaeon","As predicted",FALSE,0.002911021,0.2911021,-2.535954686,0.916666667,NA,0.390180457,NA,NA,FALSE,"Neutral","Late Reproductive"
"468","0dfe245697814f4897dd14ea27bf5250",0.000138089,3.28e-06,-8615.344795,0.684043465,-55.3948254,0.067945083,0.907745261,-17226.68959,-17211.73176,2e+06,24,13081,5e-07,0.001320021,0.958333333,0.956029214,0.79431922,0.991896848,"d__Bacteria","d__Bacteria","d__Bacteria","k__Bacillati","k__Bacillati","p__Actinobacteriota","Actinomycetota","Actinomycetota","c__Acidimicrobiia","c__Acidimicrobiia","c__Acidimicrobiia","o__Actinomarinales","o__Candidatus_Actinomarinales","o__Candidatus_Actinomarinales","f__uncultured","f__Candidatus_Actinomarinaceae","f__Candidatus_Actinomarinaceae","g__uncultured","g__Candidatus_Actinomarina","g__Candidatus_Actinomarina","","s__Micrococcales_bacterium","As predicted",FALSE,0.001320021,0.1320021,-2.879419214,0.958333333,NA,0.353694162,NA,NA,FALSE,"Neutral","Late Reproductive"
"469","13801e7bc71636162780bd7b6d06bf65",0.000138089,3.28e-06,-8615.344795,0.684043465,-55.3948254,0.067945083,0.907745261,-17226.68959,-17211.73176,2e+06,24,13081,5e-07,3.41e-05,0.25,0.075329148,0.019713293,0.248133947,"d__Bacteria","d__Bacteria","d__Bacteria","k__Pseudomonadati","k__Pseudomonadati","p__Myxococcota","Myxococcota","Myxococcota","c__Polyangia","c__Polyangiia","c__Polyangiia","o__Polyangiales","o__Polyangiales","o__Polyangiales","f__Phaselicystidaceae","f__Polyangiaceae","f__Polyangiaceae","g__Phaselicystis","g__Phaselicystis","g__Phaselicystis","s__uncultured_Polyangiaceae","s__soil_metagenome","Above prediction",TRUE,3.41e-05,0.00341,-4.467457938,0.25,NA,0.189730358,NA,NA,FALSE,"Above","Late Reproductive"
"470","1aed60cbc5eb3c3e0c7006ca6298cbba",0.000138089,3.28e-06,-8615.344795,0.684043465,-55.3948254,0.067945083,0.907745261,-17226.68959,-17211.73176,2e+06,24,13081,5e-07,1.5e-06,0.041666667,0.003437753,7.08e-05,0.143832225,"d__Bacteria","d__Bacteria","d__Bacteria","k__Pseudomonadati--other","k__Pseudomonadati--other","p__Planctomycetota","Planctomycetota","Planctomycetota","c__Planctomycetes","c__Planctomycetia","c__Planctomycetia","o__Pirellulales","o__Pirellulales","o__Pirellulales","f__Pirellulaceae","","f__Thermoguttaceae--other","g__uncultured","","g__Incertae_Sedis","s__uncultured_soil","s__freshwater_metagenome","As predicted",FALSE,1.5e-06,0.00015,-5.823908741,0.041666667,NA,0.044117384,NA,NA,FALSE,"Neutral","Late Reproductive"
"471","2713ef3c402d337501d0f9965eb02bfd",0.000138089,3.28e-06,-8615.344795,0.684043465,-55.3948254,0.067945083,0.907745261,-17226.68959,-17211.73176,2e+06,24,13081,5e-07,2.54e-06,0.041666667,0.005818291,0.000197427,0.147809788,"d__Bacteria","d__Bacteria","d__Bacteria","k__Pseudomonadati","k__Pseudomonadati","p__Proteobacteria","Pseudomonadota","Pseudomonadota","c__Alphaproteobacteria","c__Alphaproteobacteria","c__Alphaproteobacteria","o__Rhizobiales","o__Micropepsales","o__Micropepsales","f__A0839","f__Pleomorphomonadaceae","f__Pleomorphomonadaceae","g__A0839","g__Incertae_Sedis","g__Incertae_Sedis","s__uncultured_bacterium","s__uncultured_bacterium","As predicted",FALSE,2.54e-06,0.000254,-5.594881407,0.041666667,NA,0.041243972,NA,NA,FALSE,"Neutral","Late Reproductive"
"472","2fac845da336657d55f1a9f350c6bc09",0.000138089,3.28e-06,-8615.344795,0.684043465,-55.3948254,0.067945083,0.907745261,-17226.68959,-17211.73176,2e+06,24,13081,5e-07,0.003814708,0.916666667,0.999916528,0.861879929,0.999999957,"d__Bacteria","d__Bacteria","d__Bacteria","k__Pseudomonadati","k__Pseudomonadati","p__Proteobacteria","Pseudomonadota","Pseudomonadota","c__Alphaproteobacteria","c__Alphaproteobacteria","c__Alphaproteobacteria","o__Rhizobiales","","o__Hyphomicrobiales--other","f__Methyloligellaceae","","f__Methyloligellaceae","g__uncultured","","g__Methyloceanibacter","","s__uncultured_Rhodobium","As predicted",FALSE,0.003814708,0.3814708,-2.418538662,0.916666667,NA,0.379784055,NA,NA,FALSE,"Neutral","Late Reproductive"
"473","33b59ac7bf646a8a5b1129313c3cd6bc",0.000138089,3.28e-06,-8615.344795,0.684043465,-55.3948254,0.067945083,0.907745261,-17226.68959,-17211.73176,2e+06,24,13081,5e-07,0.000734,0.75,0.820209313,0.626700278,0.925355817,"d__Bacteria","d__Bacteria","d__Bacteria","k__Pseudomonadati--other","k__Pseudomonadati--other","p__Acidobacteriota","Acidobacteriota","Acidobacteriota","c__Subgroup_11","c__Terriglobia","c__Terriglobia","o__Subgroup_11","o__Subgroup_11","o__Subgroup_11","f__Subgroup_11","f__Incertae_Sedis","f__Incertae_Sedis","g__Subgroup_11","g__Incertae_Sedis","g__Incertae_Sedis","s__uncultured_bacterium","s__uncultured_bacterium","As predicted",FALSE,0.000734,0.0734,-3.13430394,0.75,NA,0.341232277,NA,NA,FALSE,"Neutral","Late Reproductive"
"474","34c76a37daf44b08d51fdac690d8a846",0.000138089,3.28e-06,-8615.344795,0.684043465,-55.3948254,0.067945083,0.907745261,-17226.68959,-17211.73176,2e+06,24,13081,5e-07,3.33e-06,0.041666667,0.007623787,0.000332273,0.150787703,"d__Bacteria","d__Bacteria","d__Bacteria","k__Bacillati","k__Bacillati","p__Actinobacteriota","Actinomycetota","Actinomycetota","c__Actinobacteria","c__Actinomycetes","c__Actinomycetes","o__Propionibacteriales","o__Propionibacteriales","o__Propionibacteriales","f__Nocardioidaceae","f__Nocardioidaceae","f__Nocardioidaceae","g__Nocardioides","g__Nocardioides","g__Nocardioides","","s__rock_metagenome","As predicted",FALSE,3.33e-06,0.000333,-5.477121255,0.041666667,NA,0.026912414,NA,NA,FALSE,"Neutral","Late Reproductive"
"475","351cf4af69db293519bfd5b9eddd432c",0.000138089,3.28e-06,-8615.344795,0.684043465,-55.3948254,0.067945083,0.907745261,-17226.68959,-17211.73176,2e+06,24,13081,5e-07,7.4e-06,0.125,0.016838591,0.001476568,0.165530168,"d__Bacteria","d__Bacteria","d__Bacteria","k__Pseudomonadati--other","k__Pseudomonadati--other","p__Planctomycetota","Planctomycetota","Planctomycetota","c__Planctomycetes","c__Planctomycetia","c__Planctomycetia","o__Planctomycetales","o__Planctomycetales","o__Planctomycetales","f__uncultured","f__Planctomycetaceae","f__Planctomycetaceae","g__uncultured","","g__Incertae_Sedis","","s__soil_metagenome","As predicted",FALSE,7.4e-06,0.00074,-5.131012884,0.125,NA,0.089560622,NA,NA,FALSE,"Neutral","Late Reproductive"
"476","3849097c8ab5f74d5e44ff2f46ec1c07",0.000138089,3.28e-06,-8615.344795,0.684043465,-55.3948254,0.067945083,0.907745261,-17226.68959,-17211.73176,2e+06,24,13081,5e-07,6.88e-06,0.083333333,0.01566189,0.0012918,0.163686248,"d__Bacteria","d__Bacteria","d__Bacteria","k__Bacillati","k__Bacillati","p__Chloroflexi","Chloroflexota--other","Chloroflexota--other","c__JG30-KF-CM66","c__Ktedonobacteria","c__Ktedonobacteria","o__JG30-KF-CM66","o__Incertae_Sedis","o__Incertae_Sedis","f__JG30-KF-CM66","f__Incertae_Sedis","f__Incertae_Sedis","g__JG30-KF-CM66","g__Incertae_Sedis","g__Incertae_Sedis","s__uncultured_bacterium","s__uncultured_bacterium","As predicted",FALSE,6.88e-06,0.000688,-5.162727297,0.083333333,NA,0.077502457,NA,NA,FALSE,"Neutral","Late Reproductive"
"477","3b85dc79386362e93f5385a08f99dbb2",0.000138089,3.28e-06,-8615.344795,0.684043465,-55.3948254,0.067945083,0.907745261,-17226.68959,-17211.73176,2e+06,24,13081,5e-07,2.02e-05,0.25,0.045402543,0.008555589,0.207696761,"d__Bacteria","d__Bacteria","d__Bacteria","k__Pseudomonadati--other","k__Pseudomonadati--other","p__Planctomycetota","Planctomycetota","Planctomycetota","c__Pla4_lineage","c__Candidatus_Uabimicrobiia","c__Candidatus_Uabimicrobiia","o__Pla4_lineage","o__Incertae_Sedis","o__Incertae_Sedis","f__Pla4_lineage","f__Incertae_Sedis","f__Incertae_Sedis","g__Pla4_lineage","g__Incertae_Sedis","g__Incertae_Sedis","","s__Planctomycetaceae_bacterium","Above prediction",TRUE,2.02e-05,0.00202,-4.694022007,0.25,NA,0.143312836,NA,NA,FALSE,"Above","Late Reproductive"
"478","3bd9fc0265a969dde3e2c0479c7d80f9",0.000138089,3.28e-06,-8615.344795,0.684043465,-55.3948254,0.067945083,0.907745261,-17226.68959,-17211.73176,2e+06,24,13081,5e-07,6.33e-06,0.083333333,0.014436663,0.001110696,0.161755003,"d__Bacteria","d__Bacteria","d__Bacteria","k__Pseudomonadati--other","k__Pseudomonadati--other","p__Verrucomicrobiota","Verrucomicrobiota","Verrucomicrobiota","c__Verrucomicrobiae","c__Verrucomicrobiia","c__Verrucomicrobiia","o__Verrucomicrobiales","o__Verrucomicrobiales","o__Verrucomicrobiales","f__Rubritaleaceae","f__Rubritaleaceae","f__Rubritaleaceae","g__Luteolibacter","g__Luteolibacter--other","g__Luteolibacter--other","s__uncultured_Verrucomicrobiales","s__Luteolibacter_sp.","As predicted",FALSE,6.33e-06,0.000633,-5.198367654,0.083333333,NA,0.060360328,NA,NA,FALSE,"Neutral","Late Reproductive"
"479","3f5f077e16c01f93c4095099c7d43258",0.000138089,3.28e-06,-8615.344795,0.684043465,-55.3948254,0.067945083,0.907745261,-17226.68959,-17211.73176,2e+06,24,13081,5e-07,1.34e-05,0.083333333,0.03034195,0.004266231,0.186020939,"d__Bacteria","d__Bacteria","d__Bacteria","k__Pseudomonadati--other","k__Pseudomonadati--other","p__Acidobacteriota","Acidobacteriota","Acidobacteriota","c__Acidobacteriae","c__Terriglobia","c__Terriglobia","o__Bryobacterales","o__Bryobacterales","o__Bryobacterales","f__Bryobacteraceae","f__Bryobacteraceae","f__Bryobacteraceae","g__Bryobacter","g__Bryobacter","g__Bryobacter","","s__Terriglobia_bacterium","As predicted",FALSE,1.34e-05,0.00134,-4.87235537,0.083333333,NA,0.074367716,NA,NA,FALSE,"Neutral","Late Reproductive"
"480","41c3fcdc0ba7f8aa45aa2bfd2d4eeaf6",0.000138089,3.28e-06,-8615.344795,0.684043465,-55.3948254,0.067945083,0.907745261,-17226.68959,-17211.73176,2e+06,24,13081,5e-07,0.00091325,0.958333333,0.882751332,0.699289733,0.960591779,"d__Bacteria","d__Bacteria","d__Bacteria","k__Bacillati","k__Bacillati","p__Actinobacteriota","Actinomycetota","Actinomycetota","c__Thermoleophilia","c__Thermoleophilia","c__Thermoleophilia","o__Gaiellales","o__Gaiellales","o__Gaiellales","f__uncultured","f__Gaiellaceae","f__Gaiellaceae","g__uncultured","g__Gaiella","g__Gaiella","","s__uncultured_Rubrobacteria","As predicted",FALSE,0.00091325,0.091325,-3.039410319,0.958333333,NA,0.344208289,NA,NA,FALSE,"Neutral","Late Reproductive"
"481","432b01066dfe0725b4830272bff0caff",0.000138089,3.28e-06,-8615.344795,0.684043465,-55.3948254,0.067945083,0.907745261,-17226.68959,-17211.73176,2e+06,24,13081,5e-07,1.9e-05,0.166666667,0.042610512,0.007681383,0.203757372,"d__Bacteria","d__Bacteria","d__Bacteria","k__Bacillati","k__Bacillati","p__Firmicutes","Bacillota","Bacillota","c__Bacilli","c__Bacilli","c__Bacilli","o__Thermoactinomycetales","o__Thermoactinomycetales","o__Thermoactinomycetales","f__Thermoactinomycetaceae","f__Thermoactinomycetaceae","f__Thermoactinomycetaceae","g__Thermoactinomyces","g__Paenactinomyces","g__Thermoactinomyces--other","s__Thermoactinomyces_sp.","s__Thermoactinomyces_sp.","As predicted",FALSE,1.9e-05,0.0019,-4.722199845,0.166666667,NA,0.098771239,NA,NA,FALSE,"Neutral","Late Reproductive"
"482","45bdd24b81b9a4ed791efe55f698a230",0.000138089,3.28e-06,-8615.344795,0.684043465,-55.3948254,0.067945083,0.907745261,-17226.68959,-17211.73176,2e+06,24,13081,5e-07,2e-05,0.208333333,0.04489965,0.008395693,0.206989646,"d__Bacteria","d__Bacteria","d__Bacteria","k__Pseudomonadati--other","k__Pseudomonadati--other","p__Latescibacterota","Candidatus_Latescibacterota","Candidatus_Latescibacterota","c__Latescibacterota","c__Candidatus_Latescibacteria","c__Candidatus_Latescibacteria","o__Latescibacterota","o__Candidatus_Latescibacterales","o__Candidatus_Latescibacterales","f__Latescibacterota","f__Candidatus_Latescibacteraceae","f__Candidatus_Latescibacteraceae","g__Latescibacterota","g__Candidatus_Latescibacter","g__Candidatus_Latescibacter","s__metagenome","s__soil_metagenome","Above prediction",TRUE,2e-05,0.002,-4.698970004,0.208333333,NA,0.105712349,NA,NA,FALSE,"Above","Late Reproductive"
"483","48a25a351f673f799f73620221769bb5",0.000138089,3.28e-06,-8615.344795,0.684043465,-55.3948254,0.067945083,0.907745261,-17226.68959,-17211.73176,2e+06,24,13081,5e-07,4.18e-05,0.25,0.091668371,0.026918253,0.269098586,"d__Bacteria","d__Bacteria","d__Bacteria","k__Bacillati","k__Bacillati","p__Actinobacteriota","Actinomycetota","Actinomycetota","c__Thermoleophilia","c__Thermoleophilia","c__Thermoleophilia","o__Gaiellales","o__Gaiellales","o__Gaiellales","f__uncultured","f__Gaiellaceae","f__Gaiellaceae","g__uncultured","g__Gaiella","g__Gaiella","s__bacterium_Ellin6515","","As predicted",FALSE,4.18e-05,0.00418,-4.378477529,0.25,NA,0.199828642,NA,NA,FALSE,"Neutral","Late Reproductive"
"484","4c687e9abe11199b993e2ab668384d5c",0.000138089,3.28e-06,-8615.344795,0.684043465,-55.3948254,0.067945083,0.907745261,-17226.68959,-17211.73176,2e+06,24,13081,5e-07,0.00224525,0.958333333,0.995497398,0.854381109,0.999879987,"d__Bacteria","d__Bacteria","d__Bacteria","k__Pseudomonadati--other","k__Pseudomonadati--other","p__Nitrospirota","Nitrospirota","Nitrospirota","c__Nitrospiria","c__Nitrospiria","c__Nitrospiria","o__Nitrospirales","o__Nitrospirales","o__Nitrospirales","f__Nitrospiraceae","f__Nitrospiraceae","f__Nitrospiraceae","g__Nitrospira","g__Nitrospira","g__Nitrospira","","s__Candidatus_Acidoferrum","As predicted",FALSE,0.00224525,0.224525,-2.648735295,0.958333333,NA,0.396750038,NA,NA,FALSE,"Neutral","Late Reproductive"
"485","524f945306ac2c325b6027df82cc10c2",0.000138089,3.28e-06,-8615.344795,0.684043465,-55.3948254,0.067945083,0.907745261,-17226.68959,-17211.73176,2e+06,24,13081,5e-07,0.000432417,0.791666667,0.633521928,0.435172433,0.795025726,"d__Bacteria","d__Bacteria","d__Bacteria","k__Pseudomonadati","k__Pseudomonadati","p__Proteobacteria","Pseudomonadota","Pseudomonadota","c__Gammaproteobacteria","c__Gammaproteobacteria","c__Gammaproteobacteria","o__Steroidobacterales","o__Steroidobacterales","o__Steroidobacterales","f__Steroidobacteraceae","f__Steroidobacteraceae","f__Steroidobacteraceae","g__uncultured","g__Incertae_Sedis","g__Incertae_Sedis","","s__metagenome","As predicted",FALSE,0.000432417,0.0432417,-3.364097575,0.791666667,NA,0.316203193,NA,NA,FALSE,"Neutral","Late Reproductive"
"486","53e147376c416a7fb1b1c3dc4ba25d6e",0.000138089,3.28e-06,-8615.344795,0.684043465,-55.3948254,0.067945083,0.907745261,-17226.68959,-17211.73176,2e+06,24,13081,5e-07,0.000114292,0.541666667,0.231401817,0.107486152,0.429437797,"d__Bacteria","d__Bacteria","d__Bacteria","k__Pseudomonadati--other","k__Pseudomonadati--other","p__Gemmatimonadota","Gemmatimonadota","Gemmatimonadota","c__S0134_terrestrial_group","c__Gemmatimonadia","c__Gemmatimonadia","o__S0134_terrestrial_group","o__S0134_terrestrial_group","o__S0134_terrestrial_group","f__S0134_terrestrial_group","f__Incertae_Sedis","f__Incertae_Sedis","g__S0134_terrestrial_group","g__Incertae_Sedis","g__Incertae_Sedis","s__uncultured_bacterium","s__uncultured_bacterium","Above prediction",TRUE,0.000114292,0.0114292,-3.941985434,0.541666667,NA,0.279084332,NA,NA,FALSE,"Above","Late Reproductive"
"487","548f1f37d4853c6e929864a929bcbb4e",0.000138089,3.28e-06,-8615.344795,0.684043465,-55.3948254,0.067945083,0.907745261,-17226.68959,-17211.73176,2e+06,24,13081,5e-07,1.52e-05,0.125,0.034325173,0.005293691,0.191860746,"d__Bacteria","d__Bacteria","d__Bacteria","k__Bacillati","k__Bacillati","p__Firmicutes","Bacillota","Bacillota","c__Bacilli","c__Bacilli","c__Bacilli","o__Bacillales","o__Bacillales","o__Bacillales","f__Bacillaceae","f__Bacillaceae","f__Bacillaceae","g__Bacillus","g__Lederbergia","g__Lederbergia","s__uncultured_compost","s__uncultured_bacterium","As predicted",FALSE,1.52e-05,0.00152,-4.817918377,0.125,NA,0.070220595,NA,NA,FALSE,"Neutral","Late Reproductive"
"488","5b5fc41e4def55055e7e165fecdfc4f1",0.000138089,3.28e-06,-8615.344795,0.684043465,-55.3948254,0.067945083,0.907745261,-17226.68959,-17211.73176,2e+06,24,13081,5e-07,2.29e-05,0.083333333,0.051326274,0.010515915,0.215949229,"d__Bacteria","d__Bacteria","d__Bacteria","k__Bacillati","k__Bacillati","p__Chloroflexi","Thermomicrobiota","Thermomicrobiota","c__Chloroflexia","c__Thermomicrobia","c__Thermomicrobia","o__Thermomicrobiales","o__Thermomicrobiales--other","o__Thermomicrobiales--other","f__JG30-KF-CM45","f__JG30-KF-CM45","f__JG30-KF-CM45","g__JG30-KF-CM45","g__Incertae_Sedis","g__Incertae_Sedis","s__uncultured_Chloroflexi","","As predicted",FALSE,2.29e-05,0.00229,-4.639453918,0.083333333,NA,0.078017089,NA,NA,FALSE,"Neutral","Late Reproductive"
"489","5de04fe69beee5cc76f6cdc2005dc3a5",0.000138089,3.28e-06,-8615.344795,0.684043465,-55.3948254,0.067945083,0.907745261,-17226.68959,-17211.73176,2e+06,24,13081,5e-07,1e-06,0.041666667,0.002293119,3.19e-05,0.141897707,"d__Bacteria","d__Bacteria","d__Bacteria","k__Bacillati","k__Bacillati","p__Chloroflexi","Chloroflexota--other","Chloroflexota--other","c__Anaerolineae","c__Anaerolineae","c__Anaerolineae","o__SBR1031","o__Phototrophicales","o__Phototrophicales","f__SBR1031","f__Phototrophicaceae","f__Phototrophicaceae","g__SBR1031","g__Phototrophicus","g__Phototrophicus","s__uncultured_Caldilineaceae","s__uncultured_Caldilineaceae","As predicted",FALSE,1e-06,1e-04,-6,0.041666667,NA,0.030811334,NA,NA,FALSE,"Neutral","Late Reproductive"
"490","66449c73c79eb4cf250519f8d4d670c7",0.000138089,3.28e-06,-8615.344795,0.684043465,-55.3948254,0.067945083,0.907745261,-17226.68959,-17211.73176,2e+06,24,13081,5e-07,4.09e-05,0.25,0.089663311,0.025998702,0.266561318,"d__Bacteria","d__Bacteria","d__Bacteria","k__Pseudomonadati--other","k__Pseudomonadati--other","p__Acidobacteriota","Acidobacteriota","Acidobacteriota","c__Blastocatellia","c__Blastocatellia","c__Blastocatellia","o__Blastocatellales","o__Blastocatellales","o__Blastocatellales","f__Blastocatellaceae","f__Blastocatellaceae","f__Blastocatellaceae","g__uncultured","g__Incertae_Sedis","g__Incertae_Sedis","s__uncultured_Acidobacteria","s__uncultured_Acidobacteria","As predicted",FALSE,4.09e-05,0.00409,-4.388542234,0.25,NA,0.159417129,NA,NA,FALSE,"Neutral","Late Reproductive"
"491","6d01029368e4cc381d8e748ea1285708",0.000138089,3.28e-06,-8615.344795,0.684043465,-55.3948254,0.067945083,0.907745261,-17226.68959,-17211.73176,2e+06,24,13081,5e-07,0.000616292,0.666666667,0.762340376,0.563945031,0.888342262,"d__Bacteria","d__Bacteria","d__Bacteria","k__Pseudomonadati--other","k__Pseudomonadati--other","p__Acidobacteriota","Acidobacteriota","Acidobacteriota","c__Vicinamibacteria","c__Vicinamibacteria","c__Vicinamibacteria","o__Vicinamibacterales","o__Vicinamibacterales","o__Vicinamibacterales","f__uncultured","f__Vicinamibacteraceae","f__Vicinamibacteraceae","g__uncultured","g__Incertae_Sedis","g__Incertae_Sedis","s__uncultured_Acidobacteriaceae","","As predicted",FALSE,0.000616292,0.0616292,-3.210213705,0.666666667,NA,0.261691745,NA,NA,FALSE,"Neutral","Late Reproductive"
"492","6d30448b2542057714130ba12fec491f",0.000138089,3.28e-06,-8615.344795,0.684043465,-55.3948254,0.067945083,0.907745261,-17226.68959,-17211.73176,2e+06,24,13081,5e-07,3.03e-05,0.083333333,0.067141634,0.01637178,0.237359797,"d__Bacteria","d__Bacteria","d__Bacteria","k__Bacillati","k__Bacillati","p__Chloroflexi","Chloroflexota--other","Chloroflexota--other","c__Anaerolineae","c__Anaerolineae--other","c__Anaerolineae--other","o__RBG-13-54-9","o__RBG-13-54-9","o__RBG-13-54-9","f__RBG-13-54-9","f__Incertae_Sedis","f__Incertae_Sedis","g__RBG-13-54-9","g__Incertae_Sedis","g__Incertae_Sedis","s__uncultured_sludge","","As predicted",FALSE,3.03e-05,0.00303,-4.519274621,0.083333333,NA,0.08648529,NA,NA,FALSE,"Neutral","Late Reproductive"
"493","79f854ba7e9256f5c29821a8b32cfadc",0.000138089,3.28e-06,-8615.344795,0.684043465,-55.3948254,0.067945083,0.907745261,-17226.68959,-17211.73176,2e+06,24,13081,5e-07,5.34e-05,0.291666667,0.115437647,0.038481141,0.298515061,"d__Bacteria","d__Bacteria","d__Bacteria","k__Pseudomonadati--other","k__Pseudomonadati--other","p__Gemmatimonadota","Gemmatimonadota","Gemmatimonadota","c__Gemmatimonadetes","c__Gemmatimonadia","c__Gemmatimonadia","o__Gemmatimonadales","o__Gemmatimonadales","o__Gemmatimonadales","f__Gemmatimonadaceae","f__Gemmatimonadaceae","f__Gemmatimonadaceae","","g__Gemmatimonas","g__Gemmatimonas","","","As predicted",FALSE,5.34e-05,0.00534,-4.272831659,0.291666667,NA,0.183544102,NA,NA,FALSE,"Neutral","Late Reproductive"
"494","7ebbe0dc9ad3c1a88944fd59dde184fb",0.000138089,3.28e-06,-8615.344795,0.684043465,-55.3948254,0.067945083,0.907745261,-17226.68959,-17211.73176,2e+06,24,13081,5e-07,1.31e-05,0.083333333,0.029692001,0.004106631,0.185059998,"d__Bacteria","d__Bacteria","d__Bacteria","k__Bacillati","k__Bacillati","p__Firmicutes","Bacillota","Bacillota","c__Bacilli","c__Bacilli","c__Bacilli","o__Bacillales","","o__Bacillales","f__Bacillaceae","","f__Bacillaceae","g__Bacillus","","","","","As predicted",FALSE,1.31e-05,0.00131,-4.881900688,0.083333333,NA,0.119583442,NA,NA,FALSE,"Neutral","Late Reproductive"
"495","8c236fe169500c5b91c687f10e0d3c6b",0.000138089,3.28e-06,-8615.344795,0.684043465,-55.3948254,0.067945083,0.907745261,-17226.68959,-17211.73176,2e+06,24,13081,5e-07,4.26e-05,0.166666667,0.09323454,0.027642993,0.271073995,"d__Bacteria","d__Bacteria","d__Bacteria","k__Bacillati","k__Bacillati","p__Actinobacteriota","Actinomycetota","Actinomycetota","c__Acidimicrobiia","c__Acidimicrobiia","c__Acidimicrobiia","","o__Acidimicrobiales","o__Acidimicrobiales","","f__Acidimicrobiaceae","f__Acidimicrobiaceae","","g__Incertae_Sedis","g__Incertae_Sedis","","s__uncultured_bacterium","As predicted",FALSE,4.26e-05,0.00426,-4.370760346,0.166666667,NA,0.162127888,NA,NA,FALSE,"Neutral","Late Reproductive"
"496","8f0fb68673a8b3c26f3fd210e29b7916",0.000138089,3.28e-06,-8615.344795,0.684043465,-55.3948254,0.067945083,0.907745261,-17226.68959,-17211.73176,2e+06,24,13081,5e-07,0.000806896,0.916666667,0.848844723,0.659220127,0.942204777,"d__Bacteria","d__Bacteria","d__Bacteria","k__Bacillati","k__Bacillati","p__Firmicutes","Clostridiota","Clostridiota","c__Clostridia","c__Clostridia","c__Clostridia","o__Clostridiales","o__Clostridiales","o__Clostridiales","f__Clostridiaceae","f__Clostridiaceae","f__Clostridiaceae","g__Clostridium_sensu_stricto_13","g__Clostridium--other","g__Clostridium--other","","s__Clostridium_bowmanii","As predicted",FALSE,0.000806896,0.0806896,-3.093182527,0.916666667,NA,0.373320963,NA,NA,FALSE,"Neutral","Late Reproductive"
"497","90aca794c7e30b8a77e87f13ffc9a5cc",0.000138089,3.28e-06,-8615.344795,0.684043465,-55.3948254,0.067945083,0.907745261,-17226.68959,-17211.73176,2e+06,24,13081,5e-07,0.001245667,0.833333333,0.947340185,0.782211752,0.989024016,"d__Bacteria","d__Bacteria","d__Bacteria","k__Pseudomonadati","k__Pseudomonadati","p__Proteobacteria","Pseudomonadota","Pseudomonadota","c__Alphaproteobacteria","c__Alphaproteobacteria","c__Alphaproteobacteria","o__Rhizobiales","o__Hyphomicrobiales--other","o__Hyphomicrobiales--other","f__Xanthobacteraceae","f__Nitrobacteraceae","f__Nitrobacteraceae","g__uncultured","","g__Incertae_Sedis","","","As predicted",FALSE,0.001245667,0.1245667,-2.904598157,0.833333333,NA,0.310940533,NA,NA,FALSE,"Neutral","Late Reproductive"
"498","91ddf6ae6fe1b2f82da6ceeeb5d9b519",0.000138089,3.28e-06,-8615.344795,0.684043465,-55.3948254,0.067945083,0.907745261,-17226.68959,-17211.73176,2e+06,24,13081,5e-07,2e-05,0.208333333,0.044945379,0.008410189,0.207053988,"d__Archaea","d__Archaea","d__Archaea","k__Thermoproteati","k__Thermoproteati","p__Crenarchaeota","Thermoproteota","Thermoproteota","c__Nitrososphaeria","c__Nitrososphaeria","c__Nitrososphaeria","o__Nitrososphaerales","o__Nitrososphaerales","o__Nitrososphaerales","f__Nitrososphaeraceae","f__Nitrososphaeraceae","f__Nitrososphaeraceae","g__Candidatus_Nitrocosmicus","g__Candidatus_Nitrosocosmicus","g__Candidatus_Nitrosocosmicus","","","Above prediction",TRUE,2e-05,0.002,-4.69851785,0.208333333,NA,0.130108785,NA,NA,FALSE,"Above","Late Reproductive"
"499","91ff993a5f5f767d1d14eed660db4ecf",0.000138089,3.28e-06,-8615.344795,0.684043465,-55.3948254,0.067945083,0.907745261,-17226.68959,-17211.73176,2e+06,24,13081,5e-07,1.92e-05,0.166666667,0.043206203,0.007865103,0.204600651,"d__Bacteria","d__Bacteria","d__Bacteria","k__Bacillati","k__Bacillati","p__Chloroflexi","Chloroflexota--other","Chloroflexota--other","c__Anaerolineae","c__Anaerolineae--other","c__Anaerolineae--other","o__RBG-13-54-9","o__RBG-13-54-9","o__RBG-13-54-9","f__RBG-13-54-9","f__Incertae_Sedis","f__Incertae_Sedis","g__RBG-13-54-9","g__Incertae_Sedis","g__Incertae_Sedis","s__uncultured_Caldilineaceae","s__Bacillota_bacterium","As predicted",FALSE,1.92e-05,0.00192,-4.716039536,0.166666667,NA,0.109294375,NA,NA,FALSE,"Neutral","Late Reproductive"
"500","945afead985a2610f6d91b9757bb4ff5",0.000138089,3.28e-06,-8615.344795,0.684043465,-55.3948254,0.067945083,0.907745261,-17226.68959,-17211.73176,2e+06,24,13081,5e-07,1.24e-05,0.125,0.02806527,0.0037175,0.182644566,"d__Bacteria","d__Bacteria","d__Bacteria","k__Pseudomonadati--other","k__Pseudomonadati--other","p__Latescibacterota","Candidatus_Latescibacterota","Candidatus_Latescibacterota","c__Latescibacterota","c__Candidatus_Latescibacteria","c__Candidatus_Latescibacteria","o__Latescibacterota","o__Candidatus_Latescibacterales","o__Candidatus_Latescibacterales","f__Latescibacterota","f__Candidatus_Latescibacteraceae","f__Candidatus_Latescibacteraceae","g__Latescibacterota","g__Candidatus_Latescibacter","g__Candidatus_Latescibacter","s__uncultured_bacterium","s__Candidatus_Eisenbacteria","As predicted",FALSE,1.24e-05,0.00124,-4.906724272,0.125,NA,0.090076947,NA,NA,FALSE,"Neutral","Late Reproductive"
"501","b26086d47e0a3f9bd5c419c4617b8502",0.000138089,3.28e-06,-8615.344795,0.684043465,-55.3948254,0.067945083,0.907745261,-17226.68959,-17211.73176,2e+06,24,13081,5e-07,0.001132875,0.791666667,0.930833145,0.759956966,0.98281988,"d__Archaea","d__Archaea","d__Archaea","k__Thermoproteati","k__Thermoproteati","p__Crenarchaeota","Thermoproteota","Thermoproteota","c__Nitrososphaeria","c__Nitrososphaeria","c__Nitrososphaeria","o__Nitrososphaerales","o__Nitrososphaerales","o__Nitrososphaerales","f__Nitrososphaeraceae","f__Nitrososphaeraceae","f__Nitrososphaeraceae","","g__Candidatus_Nitrosocosmicus","g__Candidatus_Nitrosocosmicus","","s__uncultured_archaeon","As predicted",FALSE,0.001132875,0.1132875,-2.945818007,0.791666667,NA,0.331817496,NA,NA,FALSE,"Neutral","Late Reproductive"
"502","b2af2d86f64b5aa555813c2e5ccf5125",0.000138089,3.28e-06,-8615.344795,0.684043465,-55.3948254,0.067945083,0.907745261,-17226.68959,-17211.73176,2e+06,24,13081,5e-07,0.001722146,0.875,0.983543657,0.83506768,0.998584597,"d__Bacteria","d__Bacteria","d__Bacteria","k__Pseudomonadati","k__Pseudomonadati","p__Proteobacteria","Pseudomonadota","Pseudomonadota","c__Gammaproteobacteria","c__Gammaproteobacteria","c__Gammaproteobacteria","o__Burkholderiales","o__Burkholderiales","o__Burkholderiales","f__Comamonadaceae","f__Comamonadaceae","f__Comamonadaceae","g__Ramlibacter","","g__Ramlibacter","","s__Ramlibacter_sp.","As predicted",FALSE,0.001722146,0.1722146,-2.763930075,0.875,NA,0.35742961,NA,NA,FALSE,"Neutral","Late Reproductive"
"503","bc84c01dbfc576927c9a43ad8a4fbf8f",0.000138089,3.28e-06,-8615.344795,0.684043465,-55.3948254,0.067945083,0.907745261,-17226.68959,-17211.73176,2e+06,24,13081,5e-07,0.001883688,1,0.988949299,0.843645128,0.999326733,"d__Bacteria","d__Bacteria","d__Bacteria","k__Pseudomonadati","k__Pseudomonadati","p__Proteobacteria","Pseudomonadota","Pseudomonadota","c__Alphaproteobacteria","c__Alphaproteobacteria","c__Alphaproteobacteria","o__Azospirillales","o__Azospirillales","o__Azospirillales","f__uncultured","f__Azospirillaceae","f__Azospirillaceae","g__uncultured","g__Incertae_Sedis","g__Incertae_Sedis","s__uncultured_bacterium","s__uncultured_bacterium","Above prediction",TRUE,0.001883688,0.1883688,-2.724991144,1,NA,0.38737345,NA,NA,FALSE,"Above","Late Reproductive"
"504","c4b069153ae53489ea1cbfb2de1cfb1d",0.000138089,3.28e-06,-8615.344795,0.684043465,-55.3948254,0.067945083,0.907745261,-17226.68959,-17211.73176,2e+06,24,13081,5e-07,1.95e-05,0.125,0.04375575,0.008035949,0.205377251,"d__Bacteria","d__Bacteria","d__Bacteria","k__Bacillati","k__Bacillati","p__Actinobacteriota","Actinomycetota","Actinomycetota","c__Actinobacteria","c__Actinomycetes","c__Actinomycetes","o__Corynebacteriales","o__Mycobacteriales","o__Mycobacteriales","f__Mycobacteriaceae","f__Mycobacteriaceae","f__Mycobacteriaceae","g__Mycobacterium","g__Mycobacterium","g__Mycobacterium","","s__uncultured_actinobacterium","As predicted",FALSE,1.95e-05,0.00195,-4.710429627,0.125,NA,0.119703691,NA,NA,FALSE,"Neutral","Late Reproductive"
"505","c9f9355d32e264f6bc060415332587bb",0.000138089,3.28e-06,-8615.344795,0.684043465,-55.3948254,0.067945083,0.907745261,-17226.68959,-17211.73176,2e+06,24,13081,5e-07,3.52e-06,0.041666667,0.008050935,0.000368837,0.151487562,"d__Bacteria","d__Bacteria","d__Bacteria","k__Pseudomonadati","k__Pseudomonadati","p__Myxococcota","Myxococcota","Myxococcota","c__Polyangia","c__Polyangiia","c__Polyangiia","o__Nannocystales","o__Nannocystales","o__Nannocystales","f__Nannocystaceae","f__Nannocystaceae","f__Nannocystaceae","g__Nannocystis","g__Nannocystis","g__Nannocystis","s__metagenome","","As predicted",FALSE,3.52e-06,0.000352,-5.453354533,0.041666667,NA,0.02823041,NA,NA,FALSE,"Neutral","Late Reproductive"
"506","ce88479c67c424bd1b2d977d099ce325",0.000138089,3.28e-06,-8615.344795,0.684043465,-55.3948254,0.067945083,0.907745261,-17226.68959,-17211.73176,2e+06,24,13081,5e-07,0.000774688,0.833333333,0.836792369,0.645399148,0.935246924,"d__Bacteria","d__Bacteria","d__Bacteria","k__Pseudomonadati--other","k__Pseudomonadati--other","p__Acidobacteriota","Acidobacteriota","Acidobacteriota","c__Blastocatellia","c__Blastocatellia","c__Blastocatellia","o__Pyrinomonadales","o__Blastocatellales","o__Blastocatellales","f__Pyrinomonadaceae","f__Arenimicrobiaceae","f__Arenimicrobiaceae","g__RB41","g__RB41","g__RB41","","","As predicted",FALSE,0.000774688,0.0774688,-3.110873452,0.833333333,NA,0.313568346,NA,NA,FALSE,"Neutral","Late Reproductive"
"507","d6cab129762000bbf37a901dfd906afe",0.000138089,3.28e-06,-8615.344795,0.684043465,-55.3948254,0.067945083,0.907745261,-17226.68959,-17211.73176,2e+06,24,13081,5e-07,6.48e-06,0.041666667,0.014766678,0.001158323,0.162276338,"d__Bacteria","d__Bacteria","d__Bacteria","k__Pseudomonadati--other","k__Pseudomonadati--other","p__Acidobacteriota","Acidobacteriota","Acidobacteriota","c__Acidobacteriae","c__Terriglobia","c__Terriglobia","o__Acidobacteriales","o__Terriglobales","o__Terriglobales","f__Koribacteraceae","f__Candidatus_Korobacteraceae","","g__Candidatus_Koribacter","g__Candidatus_Korobacter","","s__uncultured_bacterium","","As predicted",FALSE,6.48e-06,0.000648,-5.188480848,0.041666667,NA,0.042262392,NA,NA,FALSE,"Neutral","Late Reproductive"
"508","dc3335ef3308ec570f453e4c01a22f2c",0.000138089,3.28e-06,-8615.344795,0.684043465,-55.3948254,0.067945083,0.907745261,-17226.68959,-17211.73176,2e+06,24,13081,5e-07,4.92e-06,0.041666667,0.01122518,0.000693451,0.156635499,"d__Bacteria","d__Bacteria","d__Bacteria","k__Pseudomonadati--other","k__Pseudomonadati--other","p__Acidobacteriota","Acidobacteriota","Acidobacteriota","c__Subgroup_18","c__Terriglobia","c__Terriglobia","o__Subgroup_18","o__Subgroup_18","o__Subgroup_18","f__Subgroup_18","f__Incertae_Sedis","f__Incertae_Sedis","g__Subgroup_18","g__Incertae_Sedis","g__Incertae_Sedis","s__uncultured_bacterium","s__uncultured_bacterium","As predicted",FALSE,4.92e-06,0.000492,-5.308329234,0.041666667,NA,0.046338,NA,NA,FALSE,"Neutral","Late Reproductive"
"509","def8339f22670d09a6e7d9d629d1e13b",0.000138089,3.28e-06,-8615.344795,0.684043465,-55.3948254,0.067945083,0.907745261,-17226.68959,-17211.73176,2e+06,24,13081,5e-07,0.000355583,0.75,0.561283153,0.368308264,0.737346808,"d__Bacteria","d__Bacteria","d__Bacteria","k__Pseudomonadati","k__Pseudomonadati","p__Proteobacteria","Pseudomonadota","Pseudomonadota","c__Gammaproteobacteria","c__Gammaproteobacteria","c__Gammaproteobacteria","o__PLTA13","o__Steroidobacterales--other","o__Steroidobacterales--other","f__PLTA13","f__Steroidobacteraceae--other","f__Steroidobacteraceae--other","g__PLTA13","g__PLTA13","g__PLTA13","","s__uncultured_Gammaproteobacteria","Above prediction",TRUE,0.000355583,0.0355583,-3.449058603,0.75,NA,0.285721829,NA,NA,FALSE,"Above","Late Reproductive"
"510","eeb66039bd09c5fae7240effb5126814",0.000138089,3.28e-06,-8615.344795,0.684043465,-55.3948254,0.067945083,0.907745261,-17226.68959,-17211.73176,2e+06,24,13081,5e-07,5.79e-06,0.083333333,0.013209947,0.00094128,0.159809503,"d__Bacteria","d__Bacteria","d__Bacteria","k__Pseudomonadati--other","k__Pseudomonadati--other","p__Planctomycetota","Planctomycetota","Planctomycetota","c__Planctomycetes","c__Planctomycetia","c__Planctomycetia","o__Gemmatales","o__Gemmatales","o__Gemmatales","f__Gemmataceae","f__Gemmataceae","f__Gemmataceae","g__uncultured","g__Incertae_Sedis","g__Incertae_Sedis","","","As predicted",FALSE,5.79e-06,0.000579,-5.237196441,0.083333333,NA,0.098522263,NA,NA,FALSE,"Neutral","Late Reproductive"
"511","ef87e8a8dea72fedaa227d707dc23065",0.000138089,3.28e-06,-8615.344795,0.684043465,-55.3948254,0.067945083,0.907745261,-17226.68959,-17211.73176,2e+06,24,13081,5e-07,4.86e-05,0.208333333,0.105797946,0.033651775,0.286725124,"d__Bacteria","d__Bacteria","d__Bacteria","k__Pseudomonadati--other","k__Pseudomonadati--other","p__Planctomycetota","Planctomycetota","Planctomycetota","c__Planctomycetes","c__Planctomycetia","c__Planctomycetia","o__Gemmatales","o__Gemmatales","o__Gemmatales","f__Gemmataceae","f__Gemmataceae","f__Gemmataceae","g__uncultured","g__Incertae_Sedis","g__Incertae_Sedis","s__uncultured_bacterium","s__uncultured_bacterium","As predicted",FALSE,4.86e-05,0.00486,-4.312954352,0.208333333,NA,0.217806492,NA,NA,FALSE,"Neutral","Late Reproductive"
"512","f57538baf707c3dd9629935db2bb981a",0.000138089,3.28e-06,-8615.344795,0.684043465,-55.3948254,0.067945083,0.907745261,-17226.68959,-17211.73176,2e+06,24,13081,5e-07,2.83e-05,0.208333333,0.062886717,0.014714516,0.231681383,"d__Bacteria","d__Bacteria","d__Bacteria","k__Pseudomonadati--other","k__Pseudomonadati--other","p__Planctomycetota","Planctomycetota","Planctomycetota","c__Planctomycetes","c__Planctomycetia","c__Planctomycetia","o__Gemmatales","o__Gemmatales","o__Gemmatales","f__Gemmataceae","f__Gemmataceae","f__Gemmataceae","","","","","","As predicted",FALSE,2.83e-05,0.00283,-4.54866139,0.208333333,NA,0.151106512,NA,NA,FALSE,"Neutral","Late Reproductive"
"513","f7f6b04e5691089d34a12b4b455f28a1",0.000138089,3.28e-06,-8615.344795,0.684043465,-55.3948254,0.067945083,0.907745261,-17226.68959,-17211.73176,2e+06,24,13081,5e-07,8.81e-06,0.125,0.020032273,0.002029069,0.170483727,"d__Bacteria","d__Bacteria","d__Bacteria","k__Pseudomonadati--other","k__Pseudomonadati--other","p__Bacteroidota","Bacteroidota","Bacteroidota","c__Bacteroidia","c__Cytophagia","c__Cytophagia","o__Cytophagales","o__Cytophagales","o__Cytophagales","f__Hymenobacteraceae","f__Hymenobacteraceae","f__Hymenobacteraceae","g__Pontibacter","g__Pontibacter--other","g__Pontibacter--other","s__Pontibacter_sp.","s__uncultured_Pontibacter","As predicted",FALSE,8.81e-06,0.000881,-5.05490087,0.125,NA,0.136357906,NA,NA,FALSE,"Neutral","Late Reproductive"
"514","f968254345bd05c204aee9646945cfa0",0.000138089,3.28e-06,-8615.344795,0.684043465,-55.3948254,0.067945083,0.907745261,-17226.68959,-17211.73176,2e+06,24,13081,5e-07,0.000896896,0.916666667,0.87807275,0.693646369,0.958169045,"d__Bacteria","d__Bacteria","d__Bacteria","k__Bacillati","k__Bacillati","p__Actinobacteriota","Actinomycetota","Actinomycetota","c__Thermoleophilia","c__Thermoleophilia","c__Thermoleophilia","o__Gaiellales","o__Gaiellales","o__Gaiellales","f__Gaiellaceae","f__Gaiellaceae","f__Gaiellaceae","g__Gaiella","g__Gaiella","g__Gaiella","s__actinobacterium_WWH12","","As predicted",FALSE,0.000896896,0.0896896,-3.047257994,0.916666667,NA,0.330604968,NA,NA,FALSE,"Neutral","Late Reproductive"
"515","f9c97adffa7ac976f53976a689e9885c",0.000138089,3.28e-06,-8615.344795,0.684043465,-55.3948254,0.067945083,0.907745261,-17226.68959,-17211.73176,2e+06,24,13081,5e-07,0.000130521,0.541666667,0.259691185,0.126638769,0.459057398,"d__Bacteria","d__Bacteria","d__Bacteria","k__Pseudomonadati--other","k__Pseudomonadati--other","p__Gemmatimonadota","Gemmatimonadota","Gemmatimonadota","c__AKAU4049","c__Gemmatimonadia","c__Gemmatimonadia","o__AKAU4049","o__AKAU4049","o__AKAU4049","f__AKAU4049","f__Incertae_Sedis","f__Incertae_Sedis","g__AKAU4049","g__Incertae_Sedis","g__Incertae_Sedis","s__uncultured_bacterium","s__uncultured_bacterium","Above prediction",TRUE,0.000130521,0.0130521,-3.884320162,0.541666667,NA,0.223879777,NA,NA,FALSE,"Above","Late Reproductive"
"516","0355325d71ce1e2e1ee105237ea2604d",0.000148783,3.41e-06,-9065.798164,0.710011746,-52.05570549,0.066409564,0.898269126,-18127.59633,-18112.3225,2e+06,30,15320,5e-07,4e-05,0.266666667,0.093464144,0.031225982,0.247996835,"d__Bacteria","d__Bacteria","d__Bacteria","k__Pseudomonadati","k__Pseudomonadati","p__Bdellovibrionota","Bdellovibrionota--other","Bdellovibrionota--other","c__Oligoflexia","c__Oligoflexia","c__Oligoflexia","o__Oligoflexales","o__Oligoflexales","o__Oligoflexales","f__uncultured","f__Oligoflexaceae--other","f__Oligoflexaceae--other","g__uncultured","g__Incertae_Sedis","g__Incertae_Sedis","s__uncultured_bacterium","","Above prediction",TRUE,4e-05,0.004,-4.398121002,0.266666667,NA,0.184771444,NA,NA,FALSE,"Above","Seedling"
"517","0e5904cce9d72b93be39f01ac8a8865d",0.000148783,3.41e-06,-9065.798164,0.710011746,-52.05570549,0.066409564,0.898269126,-18127.59633,-18112.3225,2e+06,30,15320,5e-07,3.57e-05,0.466666667,0.08383685,0.026432834,0.23572105,"d__Bacteria","d__Bacteria","d__Bacteria","k__Pseudomonadati","k__Pseudomonadati","p__Proteobacteria","Pseudomonadota","Pseudomonadota","c__Gammaproteobacteria","c__Gammaproteobacteria","c__Gammaproteobacteria","o__Burkholderiales","o__Burkholderiales","o__Burkholderiales","f__Oxalobacteraceae","f__Oxalobacteraceae","f__Oxalobacteraceae","","","g__Noviherbaspirillum--other","","s__uncultured_bacterium","Above prediction",TRUE,3.57e-05,0.00357,-4.447534583,0.466666667,NA,0.282629289,NA,NA,FALSE,"Above","Seedling"
"518","1926b054d212095e681a448fc367bd12",0.000148783,3.41e-06,-9065.798164,0.710011746,-52.05570549,0.066409564,0.898269126,-18127.59633,-18112.3225,2e+06,30,15320,5e-07,7.67e-07,0.033333333,0.001877562,2.68e-05,0.116815507,"d__Bacteria","d__Bacteria","d__Bacteria","k__Bacillati","k__Pseudomonadati--other","p__Verrucomicrobiota","Minisyncoccota","Verrucomicrobiota","c__Verrucomicrobiae","c__Candidatus_Peribacteria","c__Terrimicrobiia","","o__Incertae_Sedis","o__Terrimicrobiales","","f__Incertae_Sedis","f__Chthoniobacteraceae","","g__Incertae_Sedis","g__Chthoniobacter","","s__bacterium_Ellin507","As predicted",FALSE,7.67e-07,7.67e-05,-6.115393419,0.033333333,NA,0.045029923,NA,NA,FALSE,"Neutral","Seedling"
"519","1bc8f2b685c3fd1699eee11ba295b884",0.000148783,3.41e-06,-9065.798164,0.710011746,-52.05570549,0.066409564,0.898269126,-18127.59633,-18112.3225,2e+06,30,15320,5e-07,4.73e-05,0.266666667,0.109582466,0.03970716,0.26809301,"d__Bacteria","d__Bacteria","d__Bacteria","k__Pseudomonadati","k__Pseudomonadati","p__Proteobacteria","Pseudomonadota","Pseudomonadota","c__Gammaproteobacteria","c__Gammaproteobacteria","c__Gammaproteobacteria","o__Burkholderiales","o__Burkholderiales","o__Burkholderiales","f__Sutterellaceae","f__Sutterellaceae","f__Sutterellaceae","g__uncultured","g__Incertae_Sedis","g__Incertae_Sedis","s__uncultured_bacterium","","As predicted",FALSE,4.73e-05,0.00473,-4.325291915,0.266666667,NA,0.159580141,NA,NA,FALSE,"Neutral","Seedling"
"520","2234a31ce0725868fb7d7b0e667ac19a",0.000148783,3.41e-06,-9065.798164,0.710011746,-52.05570549,0.066409564,0.898269126,-18127.59633,-18112.3225,2e+06,30,15320,5e-07,2.79e-05,0.333333333,0.066079819,0.018220111,0.21245103,"d__Bacteria","d__Bacteria","d__Bacteria","k__Bacillati","k__Bacillati","p__Chloroflexi","Chloroflexota--other","Chloroflexota--other","c__Anaerolineae","c__Anaerolineae","c__Anaerolineae","o__SBR1031","o__Phototrophicales","o__Phototrophicales","f__A4b","f__Phototrophicaceae","f__Phototrophicaceae","g__A4b","g__Phototrophicus","g__Phototrophicus","s__uncultured_soil","s__uncultured_soil","Above prediction",TRUE,2.79e-05,0.00279,-4.554914977,0.333333333,NA,0.194180851,NA,NA,FALSE,"Above","Seedling"
"521","2f9378e789b20de27ae45a88e53f5874",0.000148783,3.41e-06,-9065.798164,0.710011746,-52.05570549,0.066409564,0.898269126,-18127.59633,-18112.3225,2e+06,30,15320,5e-07,2.77e-05,0.2,0.065774031,0.018086667,0.212042322,"d__Bacteria","d__Bacteria","d__Bacteria","k__Bacillati","k__Bacillati","p__Armatimonadota","Armatimonadota","Armatimonadota","c__Fimbriimonadia","c__Fimbriimonadia","c__Fimbriimonadia","o__Fimbriimonadales","o__Fimbriimonadales","o__Fimbriimonadales","f__Fimbriimonadaceae","f__Fimbriimonadaceae","f__Fimbriimonadaceae","g__Fimbriimonadaceae","g__Fimbriimonas","g__Fimbriimonas","s__uncultured_bacterium","","As predicted",FALSE,2.77e-05,0.00277,-4.556997928,0.2,NA,0.128362015,NA,NA,FALSE,"Neutral","Seedling"
"522","4240cbdefb886ef8e0b16e50862861b4",0.000148783,3.41e-06,-9065.798164,0.710011746,-52.05570549,0.066409564,0.898269126,-18127.59633,-18112.3225,2e+06,30,15320,5e-07,6.57e-06,0.066666667,0.015970709,0.001612581,0.140216452,"d__Bacteria","d__Bacteria","d__Bacteria","k__Bacillati","k__Bacillati","p__Chloroflexi","Chloroflexota--other","Chloroflexota--other","c__TK10","c__Tepidiformia","c__Tepidiformia","o__TK10","o__Tepidiformales","o__Tepidiformales","f__TK10","f__Tepidiformaceae","f__Tepidiformaceae","g__TK10","g__Tepidiforma","g__Tepidiforma","s__metagenome","s__activated_carbon","As predicted",FALSE,6.57e-06,0.000657,-5.182655029,0.066666667,NA,0.06115907,NA,NA,FALSE,"Neutral","Seedling"
"523","4bd81aaf48f50e2c8ed88598c4f021bd",0.000148783,3.41e-06,-9065.798164,0.710011746,-52.05570549,0.066409564,0.898269126,-18127.59633,-18112.3225,2e+06,30,15320,5e-07,5.22e-06,0.2,0.012707848,0.001060561,0.134983506,"d__Bacteria","d__Bacteria","d__Bacteria","k__Pseudomonadati","k__Pseudomonadati","p__Proteobacteria","Pseudomonadota","Pseudomonadota","c__Alphaproteobacteria","c__Alphaproteobacteria","c__Alphaproteobacteria","o__Sphingomonadales","o__Sphingomonadales","o__Sphingomonadales","f__Sphingomonadaceae","f__Erythrobacteraceae","f__Erythrobacteraceae","g__Altererythrobacter","","g__Croceibacterium","","","Above prediction",TRUE,5.22e-06,0.000522,-5.282606913,0.2,NA,0.137356424,NA,NA,FALSE,"Above","Seedling"
"524","5aa5614c3b98c2b8abeda2760ee15d2f",0.000148783,3.41e-06,-9065.798164,0.710011746,-52.05570549,0.066409564,0.898269126,-18127.59633,-18112.3225,2e+06,30,15320,5e-07,0.00011195,0.5,0.240668004,0.123099543,0.417111774,"d__Bacteria","d__Bacteria","d__Bacteria","k__Bacillati","k__Bacillati","p__Actinobacteriota","Actinomycetota","Actinomycetota","c__Acidimicrobiia","c__Acidimicrobiia","c__Acidimicrobiia","o__Microtrichales","o__Acidimicrobiales","o__Acidimicrobiales","f__uncultured","f__Salinilacustritrichaceae","f__Acidimicrobiaceae","g__uncultured","","g__Acidiferrimicrobium","s__uncultured_bacterium","s__alkali_sediment","Above prediction",TRUE,0.00011195,0.011195,-3.950975902,0.5,NA,0.266401934,NA,NA,FALSE,"Above","Seedling"
"525","63f2215d91283e3b2fea68d22e6af38a",0.000148783,3.41e-06,-9065.798164,0.710011746,-52.05570549,0.066409564,0.898269126,-18127.59633,-18112.3225,2e+06,30,15320,5e-07,1.88e-05,0.133333333,0.04506215,0.009804287,0.183603091,"d__Bacteria","d__Bacteria","d__Bacteria","k__Bacillati","k__Bacillati","p__Chloroflexi","Chloroflexota--other","Chloroflexota--other","c__KD4-96","c__Ktedonobacteria","c__Ktedonobacteria","o__KD4-96","o__Incertae_Sedis","o__Incertae_Sedis","f__KD4-96","f__Incertae_Sedis","f__Incertae_Sedis","g__KD4-96","g__Incertae_Sedis","g__Incertae_Sedis","","s__uncultured_Chloroflexia","As predicted",FALSE,1.88e-05,0.00188,-4.725842151,0.133333333,NA,0.159618467,NA,NA,FALSE,"Neutral","Seedling"
"526","6ca740bf7d917bed5188b292b95561ef",0.000148783,3.41e-06,-9065.798164,0.710011746,-52.05570549,0.066409564,0.898269126,-18127.59633,-18112.3225,2e+06,30,15320,5e-07,3.81e-05,0.266666667,0.089147875,0.029050011,0.242520178,"d__Bacteria","d__Bacteria","d__Bacteria","k__Bacillati","k__Bacillati","p__Firmicutes","Bacillota","Bacillota","c__Bacilli","c__Bacilli","c__Bacilli","o__Paenibacillales","o__Paenibacillales--other","o__Paenibacillales--other","f__Paenibacillaceae","f__Oxalophagaceae","f__Oxalophagaceae","g__Ammoniphilus","g__Ammoniphilus","g__Ammoniphilus","s__uncultured_bacterium","s__uncultured_bacterium","Above prediction",TRUE,3.81e-05,0.00381,-4.419645339,0.266666667,NA,0.151739415,NA,NA,FALSE,"Above","Seedling"
"527","6f9d18323a06678f296e74d6fb9b4e38",0.000148783,3.41e-06,-9065.798164,0.710011746,-52.05570549,0.066409564,0.898269126,-18127.59633,-18112.3225,2e+06,30,15320,5e-07,1.62e-06,0.033333333,0.003955185,0.00011517,0.12041066,"d__Bacteria","d__Bacteria","d__Bacteria","k__Bacillati","k__Bacillati","p__Chloroflexi","Chloroflexota","Chloroflexota","c__Chloroflexia","c__Chloroflexia","c__Chloroflexia","o__Chloroflexales","o__Chloroflexales","o__Chloroflexales","f__Chloroflexaceae","f__Oscillochloridaceae","f__Oscillochloridaceae","g__Oscillochloris","g__Oscillochloris","g__Oscillochloris","s__uncultured_Chloroflexi","s__wastewater_metagenome","As predicted",FALSE,1.62e-06,0.000162,-5.791379516,0.033333333,NA,0.053528639,NA,NA,FALSE,"Neutral","Seedling"
"528","713c59992366b72b9f6fefd3d648d20f",0.000148783,3.41e-06,-9065.798164,0.710011746,-52.05570549,0.066409564,0.898269126,-18127.59633,-18112.3225,2e+06,30,15320,5e-07,6.53e-06,0.1,0.015890272,0.001597836,0.140088584,"d__Bacteria","d__Bacteria","d__Bacteria","k__Pseudomonadati--other","k__Pseudomonadati--other","p__Planctomycetota","Planctomycetota","Planctomycetota","c__Planctomycetes","c__Planctomycetia","c__Planctomycetia","o__Planctomycetales","o__Planctomycetales","o__Planctomycetales","f__Rubinisphaeraceae","f__Planctomycetaceae","f__Planctomycetaceae","g__SH-PL14","g__Caulifigura","g__Caulifigura","s__uncultured_bacterium","s__uncultured_bacterium","As predicted",FALSE,6.53e-06,0.000653,-5.184865183,0.1,NA,0.078964033,NA,NA,FALSE,"Neutral","Seedling"
"529","771687c9b099f2eadca287dc3ea3ef38",0.000148783,3.41e-06,-9065.798164,0.710011746,-52.05570549,0.066409564,0.898269126,-18127.59633,-18112.3225,2e+06,30,15320,5e-07,2.69e-05,0.066666667,0.06382234,0.017241911,0.209426781,"d__Bacteria","d__Bacteria","d__Bacteria","k__Pseudomonadati","k__Pseudomonadati","p__Proteobacteria","Pseudomonadota","Pseudomonadota","c__Alphaproteobacteria","c__Alphaproteobacteria","c__Alphaproteobacteria","o__Holosporales","o__Holosporales","o__Holosporales","f__Holosporaceae","f__Holosporaceae","f__Holosporaceae","g__uncultured","g__Incertae_Sedis","g__Incertae_Sedis","s__uncultured_bacterium","s__uncultured_bacterium","As predicted",FALSE,2.69e-05,0.00269,-4.570516883,0.066666667,NA,0.059358782,NA,NA,FALSE,"Neutral","Seedling"
"530","824156f70568e29dfafcfe9fa530f404",0.000148783,3.41e-06,-9065.798164,0.710011746,-52.05570549,0.066409564,0.898269126,-18127.59633,-18112.3225,2e+06,30,15320,5e-07,8.75e-06,0.066666667,0.021225426,0.00269023,0.148455274,"d__Bacteria","d__Bacteria","d__Bacteria","k__Pseudomonadati","k__Pseudomonadati","p__Proteobacteria","Pseudomonadota","Pseudomonadota","c__Gammaproteobacteria","c__Gammaproteobacteria","c__Gammaproteobacteria","o__Burkholderiales","o__Burkholderiales","o__Burkholderiales","f__Comamonadaceae","f__Comamonadaceae","f__Comamonadaceae","","","g__Piscinibacter","","s__uncultured_bacterium","As predicted",FALSE,8.75e-06,0.000875,-5.057991947,0.066666667,NA,0.023432074,NA,NA,FALSE,"Neutral","Seedling"
"531","85c07b5f1b5c2f044e099073f4d94ec8",0.000148783,3.41e-06,-9065.798164,0.710011746,-52.05570549,0.066409564,0.898269126,-18127.59633,-18112.3225,2e+06,30,15320,5e-07,8.13e-06,0.333333333,0.01974405,0.002364461,0.146154604,"d__Bacteria","d__Bacteria","d__Bacteria","k__Pseudomonadati","k__Pseudomonadati","p__Proteobacteria","Pseudomonadota","Pseudomonadota","c__Gammaproteobacteria","c__Gammaproteobacteria","c__Gammaproteobacteria","o__Burkholderiales","o__Burkholderiales","o__Burkholderiales","f__Comamonadaceae","f__Comamonadaceae","f__Comamonadaceae","","","g__Ramlibacter","","s__Ramlibacter_sp.","Above prediction",TRUE,8.13e-06,0.000813,-5.089731428,0.333333333,NA,0.135099496,NA,NA,FALSE,"Above","Seedling"
"532","8e2d4eaee5ec9a47a57ee92bcbe2401e",0.000148783,3.41e-06,-9065.798164,0.710011746,-52.05570549,0.066409564,0.898269126,-18127.59633,-18112.3225,2e+06,30,15320,5e-07,1.28e-06,0.033333333,0.003140934,7.35e-05,0.119008698,"d__Bacteria","d__Bacteria","d__Bacteria","k__Pseudomonadati--other","k__Pseudomonadati--other","p__Planctomycetota","Planctomycetota","Planctomycetota","c__Planctomycetes","c__Planctomycetia","c__Planctomycetia","o__Pirellulales","o__Pirellulales","o__Pirellulales","f__Pirellulaceae","f__Thermoguttaceae--other","f__Thermoguttaceae--other","g__uncultured","g__Incertae_Sedis","g__Incertae_Sedis","s__uncultured_bacterium","s__Pirellulales_bacterium","As predicted",FALSE,1.28e-06,0.000128,-5.891660525,0.033333333,NA,0.036544584,NA,NA,FALSE,"Neutral","Seedling"
"533","930bd976bb670c25f689d7d0c8a0e12e",0.000148783,3.41e-06,-9065.798164,0.710011746,-52.05570549,0.066409564,0.898269126,-18127.59633,-18112.3225,2e+06,30,15320,5e-07,0.000113867,0.466666667,0.244250435,0.125645121,0.420917751,"d__Bacteria","d__Bacteria","d__Bacteria","k__Bacillati","k__Bacillati","p__Actinobacteriota","Actinomycetota","Actinomycetota","c__MB-A2-108","c__Actinomycetes--other","c__MB-A2-108","o__MB-A2-108","o__FFCH16263","o__Incertae_Sedis","f__MB-A2-108","f__Incertae_Sedis","f__Incertae_Sedis","g__MB-A2-108","g__Incertae_Sedis","g__Incertae_Sedis","s__metagenome","s__metagenome","Above prediction",TRUE,0.000113867,0.0113867,-3.943603393,0.466666667,NA,0.244392156,NA,NA,FALSE,"Above","Seedling"
"534","93fa99be8ff07d8f368273a60a1e0fbc",0.000148783,3.41e-06,-9065.798164,0.710011746,-52.05570549,0.066409564,0.898269126,-18127.59633,-18112.3225,2e+06,30,15320,5e-07,1.43e-05,0.233333333,0.034380906,0.006228361,0.168241458,"d__Bacteria","d__Bacteria","d__Bacteria","k__Pseudomonadati","k__Pseudomonadati","p__Proteobacteria","Pseudomonadota","Pseudomonadota","c__Alphaproteobacteria","c__Alphaproteobacteria","c__Alphaproteobacteria","o__Tistrellales","o__Azospirillales","o__Azospirillales","f__Geminicoccaceae","f__Geminicoccaceae","f__Geminicoccaceae","g__Candidatus_Alysiosphaera","g__Benzoatithermus","g__Benzoatithermus","s__uncultured_bacterium","s__uncultured_bacterium","Above prediction",TRUE,1.43e-05,0.00143,-4.845677486,0.233333333,NA,0.147597939,NA,NA,FALSE,"Above","Seedling"
"535","a611900bc993d70d44c9cfab9bc41e0c",0.000148783,3.41e-06,-9065.798164,0.710011746,-52.05570549,0.066409564,0.898269126,-18127.59633,-18112.3225,2e+06,30,15320,5e-07,1.18e-05,0.133333333,0.028401008,0.004486448,0.159381171,"d__Bacteria","d__Bacteria","d__Bacteria","k__Pseudomonadati","k__Pseudomonadati","p__Proteobacteria","Pseudomonadota","Pseudomonadota","c__Alphaproteobacteria","c__Alphaproteobacteria","c__Alphaproteobacteria","o__Rhizobiales","o__Hyphomicrobiales--other","o__Hyphomicrobiales--other","f__Xanthobacteraceae","f__Nitrobacteraceae","f__Nitrobacteraceae","g__Rhodoplanes","g__Rhodoplanes","g__Rhodoplanes","","","As predicted",FALSE,1.18e-05,0.00118,-4.929962133,0.133333333,NA,0.106045811,NA,NA,FALSE,"Neutral","Seedling"
"536","bbd4834377a28435b34904d56cb8c808",0.000148783,3.41e-06,-9065.798164,0.710011746,-52.05570549,0.066409564,0.898269126,-18127.59633,-18112.3225,2e+06,30,15320,5e-07,4.93e-05,0.266666667,0.113876782,0.042054054,0.273359824,"d__Bacteria","d__Bacteria","d__Bacteria","k__Bacillati","k__Bacillati","p__Actinobacteriota","Actinomycetota","Actinomycetota","c__Actinobacteria","c__Actinomycetes","c__Actinomycetes","o__Propionibacteriales","o__Propionibacteriales","o__Propionibacteriales","f__Nocardioidaceae","f__Nocardioidaceae","f__Nocardioidaceae","g__Nocardioides","g__Nocardioides","g__Nocardioides","s__uncultured_organism","s__rock_metagenome","As predicted",FALSE,4.93e-05,0.00493,-4.307593765,0.266666667,NA,0.213567764,NA,NA,FALSE,"Neutral","Seedling"
"537","c252134efa44f25e744c20e9ade0781e",0.000148783,3.41e-06,-9065.798164,0.710011746,-52.05570549,0.066409564,0.898269126,-18127.59633,-18112.3225,2e+06,30,15320,5e-07,2.31e-05,0.2,0.055009699,0.013585466,0.197458649,"d__Bacteria","d__Bacteria","d__Bacteria","k__Pseudomonadati","k__Pseudomonadati","p__Proteobacteria","Pseudomonadota","Pseudomonadota","c__Alphaproteobacteria","c__Alphaproteobacteria","c__Alphaproteobacteria","o__Rhizobiales","o__Micropepsales","o__Micropepsales","f__A0839","f__Pleomorphomonadaceae","f__Pleomorphomonadaceae","g__A0839","g__Incertae_Sedis","g__Incertae_Sedis","s__uncultured_sludge","s__uncultured_sludge","Above prediction",TRUE,2.31e-05,0.00231,-4.63701516,0.2,NA,0.123035318,NA,NA,FALSE,"Above","Seedling"
"538","c97490def9c4f565cb1d84f6743f2d2f",0.000148783,3.41e-06,-9065.798164,0.710011746,-52.05570549,0.066409564,0.898269126,-18127.59633,-18112.3225,2e+06,30,15320,5e-07,2.26e-05,0.166666667,0.053887927,0.013139726,0.195915519,"d__Bacteria","d__Bacteria","d__Bacteria","k__Pseudomonadati","k__Pseudomonadati","p__Myxococcota","Myxococcota","Myxococcota","c__Polyangia","c__Polyangiia","c__Polyangiia","o__Haliangiales","o__Haliangiales","o__Haliangiales","f__Haliangiaceae","f__Kofleriaceae","f__Kofleriaceae","g__Haliangium","g__Incertae_Sedis","g__Incertae_Sedis","s__uncultured_bacterium","s__uncultured_bacterium","As predicted",FALSE,2.26e-05,0.00226,-4.646211955,0.166666667,NA,0.141592395,NA,NA,FALSE,"Neutral","Seedling"
"539","d2b9af2b46a3090bdaab1cedbd33c87b",0.000148783,3.41e-06,-9065.798164,0.710011746,-52.05570549,0.066409564,0.898269126,-18127.59633,-18112.3225,2e+06,30,15320,5e-07,3.83e-06,0.033333333,0.009353471,0.000598901,0.129497946,"d__Bacteria","d__Bacteria","d__Bacteria","k__Pseudomonadati","k__Pseudomonadati","p__Proteobacteria","Pseudomonadota","Pseudomonadota","c__Gammaproteobacteria","c__Gammaproteobacteria","c__Gammaproteobacteria","o__Burkholderiales","o__Burkholderiales","o__Burkholderiales","f__Comamonadaceae","f__Comamonadaceae","f__Comamonadaceae","","","g__Ideonella","","s__uncultured_bacterium","As predicted",FALSE,3.83e-06,0.000383,-5.416423414,0.033333333,NA,0.060347999,NA,NA,FALSE,"Neutral","Seedling"
"540","d3ac14e193d870746f08f2e205a904d2",0.000148783,3.41e-06,-9065.798164,0.710011746,-52.05570549,0.066409564,0.898269126,-18127.59633,-18112.3225,2e+06,30,15320,5e-07,0.0003082,0.733333333,0.533319934,0.36141085,0.6976645,"d__Bacteria","d__Bacteria","d__Bacteria","k__Bacillati","k__Bacillati","p__Actinobacteriota","Actinomycetota","Actinomycetota","c__Actinobacteria","c__Actinomycetes","c__Actinomycetes","o__Streptosporangiales","o__Streptosporangiales","o__Streptosporangiales","f__Streptosporangiaceae","f__Streptosporangiaceae","f__Streptosporangiaceae","g__Nonomuraea","g__Sebekia","g__Sebekia","","s__Nonomuraea_sp.","Above prediction",TRUE,0.0003082,0.03082,-3.511167366,0.733333333,NA,0.320705618,NA,NA,FALSE,"Above","Seedling"
"541","fd7a29a224c0789cd1cd690a83fe9054",0.000148783,3.41e-06,-9065.798164,0.710011746,-52.05570549,0.066409564,0.898269126,-18127.59633,-18112.3225,2e+06,30,15320,5e-07,2.6e-05,0.2,0.061674722,0.016326534,0.20653449,"d__Bacteria","d__Bacteria","d__Bacteria","k__Pseudomonadati","k__Pseudomonadati","p__Proteobacteria","Pseudomonadota","Pseudomonadota","c__Alphaproteobacteria","c__Alphaproteobacteria","c__Alphaproteobacteria","o__Caulobacterales","o__Hyphomonadales","o__Hyphomonadales","f__Hyphomonadaceae","f__Hyphomonadaceae--other","f__Hyphomonadaceae--other","g__SWB02","g__Terricaulis","g__Terricaulis","","","As predicted",FALSE,2.6e-05,0.0026,-4.585862638,0.2,NA,0.143143523,NA,NA,FALSE,"Neutral","Seedling"
"542","0355325d71ce1e2e1ee105237ea2604d",0.000204404,4.25e-06,-7779.134284,0.753947962,-42.49479358,0.068200242,0.906757321,-15554.26857,-15539.12277,2e+06,24,14370,5e-07,3.14e-05,0.291666667,0.096651427,0.029243403,0.275364461,"d__Bacteria","d__Bacteria","d__Bacteria","k__Pseudomonadati","k__Pseudomonadati","p__Bdellovibrionota","Bdellovibrionota--other","Bdellovibrionota--other","c__Oligoflexia","c__Oligoflexia","c__Oligoflexia","o__Oligoflexales","o__Oligoflexales","o__Oligoflexales","f__uncultured","f__Oligoflexaceae--other","f__Oligoflexaceae--other","g__uncultured","g__Incertae_Sedis","g__Incertae_Sedis","s__uncultured_bacterium","","Above prediction",TRUE,3.14e-05,0.00314,-4.503704737,0.291666667,NA,0.171120491,NA,NA,FALSE,"Above","Early Vegetative"
"543","0e5904cce9d72b93be39f01ac8a8865d",0.000204404,4.25e-06,-7779.134284,0.753947962,-42.49479358,0.068200242,0.906757321,-15554.26857,-15539.12277,2e+06,24,14370,5e-07,2.72e-05,0.5,0.084352207,0.023609283,0.259794141,"d__Bacteria","d__Bacteria","d__Bacteria","k__Pseudomonadati","k__Pseudomonadati","p__Proteobacteria","Pseudomonadota","Pseudomonadota","c__Gammaproteobacteria","c__Gammaproteobacteria","c__Gammaproteobacteria","o__Burkholderiales","o__Burkholderiales","o__Burkholderiales","f__Oxalobacteraceae","f__Oxalobacteraceae","f__Oxalobacteraceae","","","g__Noviherbaspirillum--other","","s__uncultured_bacterium","Above prediction",TRUE,2.72e-05,0.00272,-4.565630726,0.5,NA,0.255358728,NA,NA,FALSE,"Above","Early Vegetative"
"544","1926b054d212095e681a448fc367bd12",0.000204404,4.25e-06,-7779.134284,0.753947962,-42.49479358,0.068200242,0.906757321,-15554.26857,-15539.12277,2e+06,24,14370,5e-07,1.23e-06,0.041666667,0.003971852,9.4e-05,0.144729906,"d__Bacteria","d__Bacteria","d__Bacteria","k__Bacillati","k__Pseudomonadati--other","p__Verrucomicrobiota","Minisyncoccota","Verrucomicrobiota","c__Verrucomicrobiae","c__Candidatus_Peribacteria","c__Terrimicrobiia","","o__Incertae_Sedis","o__Terrimicrobiales","","f__Incertae_Sedis","f__Chthoniobacteraceae","","g__Incertae_Sedis","g__Chthoniobacter","","s__bacterium_Ellin507","As predicted",FALSE,1.23e-06,0.000123,-5.910389226,0.041666667,NA,0.063746789,NA,NA,FALSE,"Neutral","Early Vegetative"
"545","1bc8f2b685c3fd1699eee11ba295b884",0.000204404,4.25e-06,-7779.134284,0.753947962,-42.49479358,0.068200242,0.906757321,-15554.26857,-15539.12277,2e+06,24,14370,5e-07,4.53e-05,0.25,0.136516764,0.049629197,0.323708406,"d__Bacteria","d__Bacteria","d__Bacteria","k__Pseudomonadati","k__Pseudomonadati","p__Proteobacteria","Pseudomonadota","Pseudomonadota","c__Gammaproteobacteria","c__Gammaproteobacteria","c__Gammaproteobacteria","o__Burkholderiales","o__Burkholderiales","o__Burkholderiales","f__Sutterellaceae","f__Sutterellaceae","f__Sutterellaceae","g__uncultured","g__Incertae_Sedis","g__Incertae_Sedis","s__uncultured_bacterium","","As predicted",FALSE,4.53e-05,0.00453,-4.344381416,0.25,NA,0.15115403,NA,NA,FALSE,"Neutral","Early Vegetative"
"546","2234a31ce0725868fb7d7b0e667ac19a",0.000204404,4.25e-06,-7779.134284,0.753947962,-42.49479358,0.068200242,0.906757321,-15554.26857,-15539.12277,2e+06,24,14370,5e-07,2.81e-05,0.333333333,0.087010231,0.024796562,0.263189422,"d__Bacteria","d__Bacteria","d__Bacteria","k__Bacillati","k__Bacillati","p__Chloroflexi","Chloroflexota--other","Chloroflexota--other","c__Anaerolineae","c__Anaerolineae","c__Anaerolineae","o__SBR1031","o__Phototrophicales","o__Phototrophicales","f__A4b","f__Phototrophicaceae","f__Phototrophicaceae","g__A4b","g__Phototrophicus","g__Phototrophicus","s__uncultured_soil","s__uncultured_soil","Above prediction",TRUE,2.81e-05,0.00281,-4.551551345,0.333333333,NA,0.194934279,NA,NA,FALSE,"Above","Early Vegetative"
"547","2f9378e789b20de27ae45a88e53f5874",0.000204404,4.25e-06,-7779.134284,0.753947962,-42.49479358,0.068200242,0.906757321,-15554.26857,-15539.12277,2e+06,24,14370,5e-07,7.51e-05,0.625,0.216345163,0.097608686,0.413356875,"d__Bacteria","d__Bacteria","d__Bacteria","k__Bacillati","k__Bacillati","p__Armatimonadota","Armatimonadota","Armatimonadota","c__Fimbriimonadia","c__Fimbriimonadia","c__Fimbriimonadia","o__Fimbriimonadales","o__Fimbriimonadales","o__Fimbriimonadales","f__Fimbriimonadaceae","f__Fimbriimonadaceae","f__Fimbriimonadaceae","g__Fimbriimonadaceae","g__Fimbriimonas","g__Fimbriimonas","s__uncultured_bacterium","","Above prediction",TRUE,7.51e-05,0.00751,-4.124576975,0.625,NA,0.373312055,NA,NA,FALSE,"Above","Early Vegetative"
"548","4240cbdefb886ef8e0b16e50862861b4",0.000204404,4.25e-06,-7779.134284,0.753947962,-42.49479358,0.068200242,0.906757321,-15554.26857,-15539.12277,2e+06,24,14370,5e-07,2.22e-05,0.125,0.069440566,0.017290308,0.240404737,"d__Bacteria","d__Bacteria","d__Bacteria","k__Bacillati","k__Bacillati","p__Chloroflexi","Chloroflexota--other","Chloroflexota--other","c__TK10","c__Tepidiformia","c__Tepidiformia","o__TK10","o__Tepidiformales","o__Tepidiformales","f__TK10","f__Tepidiformaceae","f__Tepidiformaceae","g__TK10","g__Tepidiforma","g__Tepidiforma","s__metagenome","s__activated_carbon","As predicted",FALSE,2.22e-05,0.00222,-4.653484033,0.125,NA,0.154009321,NA,NA,FALSE,"Neutral","Early Vegetative"
"549","4bd81aaf48f50e2c8ed88598c4f021bd",0.000204404,4.25e-06,-7779.134284,0.753947962,-42.49479358,0.068200242,0.906757321,-15554.26857,-15539.12277,2e+06,24,14370,5e-07,1.05e-05,0.25,0.033568625,0.00509218,0.190757932,"d__Bacteria","d__Bacteria","d__Bacteria","k__Pseudomonadati","k__Pseudomonadati","p__Proteobacteria","Pseudomonadota","Pseudomonadota","c__Alphaproteobacteria","c__Alphaproteobacteria","c__Alphaproteobacteria","o__Sphingomonadales","o__Sphingomonadales","o__Sphingomonadales","f__Sphingomonadaceae","f__Erythrobacteraceae","f__Erythrobacteraceae","g__Altererythrobacter","","g__Croceibacterium","","","Above prediction",TRUE,1.05e-05,0.00105,-4.977090721,0.25,NA,0.218304194,NA,NA,FALSE,"Above","Early Vegetative"
"550","5aa5614c3b98c2b8abeda2760ee15d2f",0.000204404,4.25e-06,-7779.134284,0.753947962,-42.49479358,0.068200242,0.906757321,-15554.26857,-15539.12277,2e+06,24,14370,5e-07,3.58e-05,0.333333333,0.109633316,0.035551557,0.291437703,"d__Bacteria","d__Bacteria","d__Bacteria","k__Bacillati","k__Bacillati","p__Actinobacteriota","Actinomycetota","Actinomycetota","c__Acidimicrobiia","c__Acidimicrobiia","c__Acidimicrobiia","o__Microtrichales","o__Acidimicrobiales","o__Acidimicrobiales","f__uncultured","f__Salinilacustritrichaceae","f__Acidimicrobiaceae","g__uncultured","","g__Acidiferrimicrobium","s__uncultured_bacterium","s__alkali_sediment","Above prediction",TRUE,3.58e-05,0.00358,-4.445965361,0.333333333,NA,0.123026031,NA,NA,FALSE,"Above","Early Vegetative"
"551","6ca740bf7d917bed5188b292b95561ef",0.000204404,4.25e-06,-7779.134284,0.753947962,-42.49479358,0.068200242,0.906757321,-15554.26857,-15539.12277,2e+06,24,14370,5e-07,5.54e-05,0.333333333,0.164535503,0.065531888,0.356111354,"d__Bacteria","d__Bacteria","d__Bacteria","k__Bacillati","k__Bacillati","p__Firmicutes","Bacillota","Bacillota","c__Bacilli","c__Bacilli","c__Bacilli","o__Paenibacillales","o__Paenibacillales--other","o__Paenibacillales--other","f__Paenibacillaceae","f__Oxalophagaceae","f__Oxalophagaceae","g__Ammoniphilus","g__Ammoniphilus","g__Ammoniphilus","s__uncultured_bacterium","s__uncultured_bacterium","As predicted",FALSE,5.54e-05,0.00554,-4.2565229,0.333333333,NA,0.204698486,NA,NA,FALSE,"Neutral","Early Vegetative"
"552","6f9d18323a06678f296e74d6fb9b4e38",0.000204404,4.25e-06,-7779.134284,0.753947962,-42.49479358,0.068200242,0.906757321,-15554.26857,-15539.12277,2e+06,24,14370,5e-07,1.88e-06,0.041666667,0.006052597,0.000213089,0.148198081,"d__Bacteria","d__Bacteria","d__Bacteria","k__Bacillati","k__Bacillati","p__Chloroflexi","Chloroflexota","Chloroflexota","c__Chloroflexia","c__Chloroflexia","c__Chloroflexia","o__Chloroflexales","o__Chloroflexales","o__Chloroflexales","f__Chloroflexaceae","f__Oscillochloridaceae","f__Oscillochloridaceae","g__Oscillochloris","g__Oscillochloris","g__Oscillochloris","s__uncultured_Chloroflexi","s__wastewater_metagenome","As predicted",FALSE,1.88e-06,0.000188,-5.726998728,0.041666667,NA,0.064451288,NA,NA,FALSE,"Neutral","Early Vegetative"
"553","713c59992366b72b9f6fefd3d648d20f",0.000204404,4.25e-06,-7779.134284,0.753947962,-42.49479358,0.068200242,0.906757321,-15554.26857,-15539.12277,2e+06,24,14370,5e-07,8.52e-06,0.083333333,0.027219726,0.003521193,0.181383114,"d__Bacteria","d__Bacteria","d__Bacteria","k__Pseudomonadati--other","k__Pseudomonadati--other","p__Planctomycetota","Planctomycetota","Planctomycetota","c__Planctomycetes","c__Planctomycetia","c__Planctomycetia","o__Planctomycetales","o__Planctomycetales","o__Planctomycetales","f__Rubinisphaeraceae","f__Planctomycetaceae","f__Planctomycetaceae","g__SH-PL14","g__Caulifigura","g__Caulifigura","s__uncultured_bacterium","s__uncultured_bacterium","As predicted",FALSE,8.52e-06,0.000852,-5.069517929,0.083333333,NA,0.08232132,NA,NA,FALSE,"Neutral","Early Vegetative"
"554","771687c9b099f2eadca287dc3ea3ef38",0.000204404,4.25e-06,-7779.134284,0.753947962,-42.49479358,0.068200242,0.906757321,-15554.26857,-15539.12277,2e+06,24,14370,5e-07,7.64e-05,0.416666667,0.219794925,0.099851428,0.417061688,"d__Bacteria","d__Bacteria","d__Bacteria","k__Pseudomonadati","k__Pseudomonadati","p__Proteobacteria","Pseudomonadota","Pseudomonadota","c__Alphaproteobacteria","c__Alphaproteobacteria","c__Alphaproteobacteria","o__Holosporales","o__Holosporales","o__Holosporales","f__Holosporaceae","f__Holosporaceae","f__Holosporaceae","g__uncultured","g__Incertae_Sedis","g__Incertae_Sedis","s__uncultured_bacterium","s__uncultured_bacterium","As predicted",FALSE,7.64e-05,0.00764,-4.11681191,0.416666667,NA,0.250194337,NA,NA,FALSE,"Neutral","Early Vegetative"
"555","824156f70568e29dfafcfe9fa530f404",0.000204404,4.25e-06,-7779.134284,0.753947962,-42.49479358,0.068200242,0.906757321,-15554.26857,-15539.12277,2e+06,24,14370,5e-07,0.000118458,0.291666667,0.319827015,0.169663674,0.519709525,"d__Bacteria","d__Bacteria","d__Bacteria","k__Pseudomonadati","k__Pseudomonadati","p__Proteobacteria","Pseudomonadota","Pseudomonadota","c__Gammaproteobacteria","c__Gammaproteobacteria","c__Gammaproteobacteria","o__Burkholderiales","o__Burkholderiales","o__Burkholderiales","f__Comamonadaceae","f__Comamonadaceae","f__Comamonadaceae","","","g__Piscinibacter","","s__uncultured_bacterium","As predicted",FALSE,0.000118458,0.0118458,-3.926434382,0.291666667,NA,0.180334381,NA,NA,FALSE,"Neutral","Early Vegetative"
"556","85c07b5f1b5c2f044e099073f4d94ec8",0.000204404,4.25e-06,-7779.134284,0.753947962,-42.49479358,0.068200242,0.906757321,-15554.26857,-15539.12277,2e+06,24,14370,5e-07,8.33e-06,0.291666667,0.026628597,0.003386426,0.180498747,"d__Bacteria","d__Bacteria","d__Bacteria","k__Pseudomonadati","k__Pseudomonadati","p__Proteobacteria","Pseudomonadota","Pseudomonadota","c__Gammaproteobacteria","c__Gammaproteobacteria","c__Gammaproteobacteria","o__Burkholderiales","o__Burkholderiales","o__Burkholderiales","f__Comamonadaceae","f__Comamonadaceae","f__Comamonadaceae","","","g__Ramlibacter","","s__Ramlibacter_sp.","Above prediction",TRUE,8.33e-06,0.000833,-5.079181246,0.291666667,NA,0.127918349,NA,NA,FALSE,"Above","Early Vegetative"
"557","8e2d4eaee5ec9a47a57ee92bcbe2401e",0.000204404,4.25e-06,-7779.134284,0.753947962,-42.49479358,0.068200242,0.906757321,-15554.26857,-15539.12277,2e+06,24,14370,5e-07,1.33e-06,0.041666667,0.004307743,0.000110097,0.145292861,"d__Bacteria","d__Bacteria","d__Bacteria","k__Pseudomonadati--other","k__Pseudomonadati--other","p__Planctomycetota","Planctomycetota","Planctomycetota","c__Planctomycetes","c__Planctomycetia","c__Planctomycetia","o__Pirellulales","o__Pirellulales","o__Pirellulales","f__Pirellulaceae","f__Thermoguttaceae--other","f__Thermoguttaceae--other","g__uncultured","g__Incertae_Sedis","g__Incertae_Sedis","s__uncultured_bacterium","s__Pirellulales_bacterium","As predicted",FALSE,1.33e-06,0.000133,-5.875061263,0.041666667,NA,0.041646419,NA,NA,FALSE,"Neutral","Early Vegetative"
"558","930bd976bb670c25f689d7d0c8a0e12e",0.000204404,4.25e-06,-7779.134284,0.753947962,-42.49479358,0.068200242,0.906757321,-15554.26857,-15539.12277,2e+06,24,14370,5e-07,9.62e-05,0.333333333,0.268506143,0.13275602,0.468137553,"d__Bacteria","d__Bacteria","d__Bacteria","k__Bacillati","k__Bacillati","p__Actinobacteriota","Actinomycetota","Actinomycetota","c__MB-A2-108","c__Actinomycetes--other","c__MB-A2-108","o__MB-A2-108","o__FFCH16263","o__Incertae_Sedis","f__MB-A2-108","f__Incertae_Sedis","f__Incertae_Sedis","g__MB-A2-108","g__Incertae_Sedis","g__Incertae_Sedis","s__metagenome","s__metagenome","As predicted",FALSE,9.62e-05,0.00962,-4.016881363,0.333333333,NA,0.189838485,NA,NA,FALSE,"Neutral","Early Vegetative"
"559","93fa99be8ff07d8f368273a60a1e0fbc",0.000204404,4.25e-06,-7779.134284,0.753947962,-42.49479358,0.068200242,0.906757321,-15554.26857,-15539.12277,2e+06,24,14370,5e-07,4.9e-06,0.125,0.015729043,0.001302062,0.163791761,"d__Bacteria","d__Bacteria","d__Bacteria","k__Pseudomonadati","k__Pseudomonadati","p__Proteobacteria","Pseudomonadota","Pseudomonadota","c__Alphaproteobacteria","c__Alphaproteobacteria","c__Alphaproteobacteria","o__Tistrellales","o__Azospirillales","o__Azospirillales","f__Geminicoccaceae","f__Geminicoccaceae","f__Geminicoccaceae","g__Candidatus_Alysiosphaera","g__Benzoatithermus","g__Benzoatithermus","s__uncultured_bacterium","s__uncultured_bacterium","As predicted",FALSE,4.9e-06,0.00049,-5.310173375,0.125,NA,0.063284734,NA,NA,FALSE,"Neutral","Early Vegetative"
"560","a611900bc993d70d44c9cfab9bc41e0c",0.000204404,4.25e-06,-7779.134284,0.753947962,-42.49479358,0.068200242,0.906757321,-15554.26857,-15539.12277,2e+06,24,14370,5e-07,9.06e-06,0.166666667,0.028925466,0.003921411,0.183923674,"d__Bacteria","d__Bacteria","d__Bacteria","k__Pseudomonadati","k__Pseudomonadati","p__Proteobacteria","Pseudomonadota","Pseudomonadota","c__Alphaproteobacteria","c__Alphaproteobacteria","c__Alphaproteobacteria","o__Rhizobiales","o__Hyphomicrobiales--other","o__Hyphomicrobiales--other","f__Xanthobacteraceae","f__Nitrobacteraceae","f__Nitrobacteraceae","g__Rhodoplanes","g__Rhodoplanes","g__Rhodoplanes","","","As predicted",FALSE,9.06e-06,0.000906,-5.04275198,0.166666667,NA,0.104124661,NA,NA,FALSE,"Neutral","Early Vegetative"
"561","bbd4834377a28435b34904d56cb8c808",0.000204404,4.25e-06,-7779.134284,0.753947962,-42.49479358,0.068200242,0.906757321,-15554.26857,-15539.12277,2e+06,24,14370,5e-07,3.47e-05,0.166666667,0.106435214,0.033965398,0.287510182,"d__Bacteria","d__Bacteria","d__Bacteria","k__Bacillati","k__Bacillati","p__Actinobacteriota","Actinomycetota","Actinomycetota","c__Actinobacteria","c__Actinomycetes","c__Actinomycetes","o__Propionibacteriales","o__Propionibacteriales","o__Propionibacteriales","f__Nocardioidaceae","f__Nocardioidaceae","f__Nocardioidaceae","g__Nocardioides","g__Nocardioides","g__Nocardioides","s__uncultured_organism","s__rock_metagenome","As predicted",FALSE,3.47e-05,0.00347,-4.45956624,0.166666667,NA,0.141739035,NA,NA,FALSE,"Neutral","Early Vegetative"
"562","c252134efa44f25e744c20e9ade0781e",0.000204404,4.25e-06,-7779.134284,0.753947962,-42.49479358,0.068200242,0.906757321,-15554.26857,-15539.12277,2e+06,24,14370,5e-07,3.07e-05,0.208333333,0.094633203,0.02829494,0.27283341,"d__Bacteria","d__Bacteria","d__Bacteria","k__Pseudomonadati","k__Pseudomonadati","p__Proteobacteria","Pseudomonadota","Pseudomonadota","c__Alphaproteobacteria","c__Alphaproteobacteria","c__Alphaproteobacteria","o__Rhizobiales","o__Micropepsales","o__Micropepsales","f__A0839","f__Pleomorphomonadaceae","f__Pleomorphomonadaceae","g__A0839","g__Incertae_Sedis","g__Incertae_Sedis","s__uncultured_sludge","s__uncultured_sludge","As predicted",FALSE,3.07e-05,0.00307,-4.513333427,0.208333333,NA,0.144788826,NA,NA,FALSE,"Neutral","Early Vegetative"
"563","c97490def9c4f565cb1d84f6743f2d2f",0.000204404,4.25e-06,-7779.134284,0.753947962,-42.49479358,0.068200242,0.906757321,-15554.26857,-15539.12277,2e+06,24,14370,5e-07,2.16e-05,0.208333333,0.067552182,0.016534647,0.237904733,"d__Bacteria","d__Bacteria","d__Bacteria","k__Pseudomonadati","k__Pseudomonadati","p__Myxococcota","Myxococcota","Myxococcota","c__Polyangia","c__Polyangiia","c__Polyangiia","o__Haliangiales","o__Haliangiales","o__Haliangiales","f__Haliangiaceae","f__Kofleriaceae","f__Kofleriaceae","g__Haliangium","g__Incertae_Sedis","g__Incertae_Sedis","s__uncultured_bacterium","s__uncultured_bacterium","As predicted",FALSE,2.16e-05,0.00216,-4.665881482,0.208333333,NA,0.154760517,NA,NA,FALSE,"Neutral","Early Vegetative"
"564","d3ac14e193d870746f08f2e205a904d2",0.000204404,4.25e-06,-7779.134284,0.753947962,-42.49479358,0.068200242,0.906757321,-15554.26857,-15539.12277,2e+06,24,14370,5e-07,0.000358292,0.791666667,0.691652114,0.491642077,0.838775289,"d__Bacteria","d__Bacteria","d__Bacteria","k__Bacillati","k__Bacillati","p__Actinobacteriota","Actinomycetota","Actinomycetota","c__Actinobacteria","c__Actinomycetes","c__Actinomycetes","o__Streptosporangiales","o__Streptosporangiales","o__Streptosporangiales","f__Streptosporangiaceae","f__Streptosporangiaceae","f__Streptosporangiaceae","g__Nonomuraea","g__Sebekia","g__Sebekia","","s__Nonomuraea_sp.","As predicted",FALSE,0.000358292,0.0358292,-3.445763293,0.791666667,NA,0.359276715,NA,NA,FALSE,"Neutral","Early Vegetative"
"565","fd7a29a224c0789cd1cd690a83fe9054",0.000204404,4.25e-06,-7779.134284,0.753947962,-42.49479358,0.068200242,0.906757321,-15554.26857,-15539.12277,2e+06,24,14370,5e-07,2.13e-05,0.166666667,0.066543517,0.016135422,0.236564974,"d__Bacteria","d__Bacteria","d__Bacteria","k__Pseudomonadati","k__Pseudomonadati","p__Proteobacteria","Pseudomonadota","Pseudomonadota","c__Alphaproteobacteria","c__Alphaproteobacteria","c__Alphaproteobacteria","o__Caulobacterales","o__Hyphomonadales","o__Hyphomonadales","f__Hyphomonadaceae","f__Hyphomonadaceae--other","f__Hyphomonadaceae--other","g__SWB02","g__Terricaulis","g__Terricaulis","","","As predicted",FALSE,2.13e-05,0.00213,-4.672641066,0.166666667,NA,0.118247472,NA,NA,FALSE,"Neutral","Early Vegetative"
"566","0355325d71ce1e2e1ee105237ea2604d",0.000202526,3.54e-06,-12041.92634,0.763673117,-52.9312371,0.060060631,0.90730545,-24079.85267,-24064.10796,2e+06,26,19387,5e-07,3.58e-05,0.269230769,0.10889755,0.036661329,0.281826165,"d__Bacteria","d__Bacteria","d__Bacteria","k__Pseudomonadati","k__Pseudomonadati","p__Bdellovibrionota","Bdellovibrionota--other","Bdellovibrionota--other","c__Oligoflexia","c__Oligoflexia","c__Oligoflexia","o__Oligoflexales","o__Oligoflexales","o__Oligoflexales","f__uncultured","f__Oligoflexaceae--other","f__Oligoflexaceae--other","g__uncultured","g__Incertae_Sedis","g__Incertae_Sedis","s__uncultured_bacterium","","As predicted",FALSE,3.58e-05,0.00358,-4.445557436,0.269230769,NA,0.175790182,NA,NA,FALSE,"Neutral","Late Vegetative"
"567","0e5904cce9d72b93be39f01ac8a8865d",0.000202526,3.54e-06,-12041.92634,0.763673117,-52.9312371,0.060060631,0.90730545,-24079.85267,-24064.10796,2e+06,26,19387,5e-07,4.92e-05,0.653846154,0.146520562,0.057233487,0.326813691,"d__Bacteria","d__Bacteria","d__Bacteria","k__Pseudomonadati","k__Pseudomonadati","p__Proteobacteria","Pseudomonadota","Pseudomonadota","c__Gammaproteobacteria","c__Gammaproteobacteria","c__Gammaproteobacteria","o__Burkholderiales","o__Burkholderiales","o__Burkholderiales","f__Oxalobacteraceae","f__Oxalobacteraceae","f__Oxalobacteraceae","","","g__Noviherbaspirillum--other","","s__uncultured_bacterium","Above prediction",TRUE,4.92e-05,0.00492,-4.307763378,0.653846154,NA,0.392949884,NA,NA,FALSE,"Above","Late Vegetative"
"568","1926b054d212095e681a448fc367bd12",0.000202526,3.54e-06,-12041.92634,0.763673117,-52.9312371,0.060060631,0.90730545,-24079.85267,-24064.10796,2e+06,26,19387,5e-07,2.54e-06,0.038461538,0.008120243,0.000403228,0.142475559,"d__Bacteria","d__Bacteria","d__Bacteria","k__Bacillati","k__Pseudomonadati--other","p__Verrucomicrobiota","Minisyncoccota","Verrucomicrobiota","c__Verrucomicrobiae","c__Candidatus_Peribacteria","c__Terrimicrobiia","","o__Incertae_Sedis","o__Terrimicrobiales","","f__Incertae_Sedis","f__Chthoniobacteraceae","","g__Incertae_Sedis","g__Chthoniobacter","","s__bacterium_Ellin507","As predicted",FALSE,2.54e-06,0.000254,-5.595429412,0.038461538,NA,0.088015096,NA,NA,FALSE,"Neutral","Late Vegetative"
"569","1bc8f2b685c3fd1699eee11ba295b884",0.000202526,3.54e-06,-12041.92634,0.763673117,-52.9312371,0.060060631,0.90730545,-24079.85267,-24064.10796,2e+06,26,19387,5e-07,6.86e-05,0.384615385,0.198327328,0.088921135,0.385401515,"d__Bacteria","d__Bacteria","d__Bacteria","k__Pseudomonadati","k__Pseudomonadati","p__Proteobacteria","Pseudomonadota","Pseudomonadota","c__Gammaproteobacteria","c__Gammaproteobacteria","c__Gammaproteobacteria","o__Burkholderiales","o__Burkholderiales","o__Burkholderiales","f__Sutterellaceae","f__Sutterellaceae","f__Sutterellaceae","g__uncultured","g__Incertae_Sedis","g__Incertae_Sedis","s__uncultured_bacterium","","As predicted",FALSE,6.86e-05,0.00686,-4.163456796,0.384615385,NA,0.23090076,NA,NA,FALSE,"Neutral","Late Vegetative"
"570","2234a31ce0725868fb7d7b0e667ac19a",0.000202526,3.54e-06,-12041.92634,0.763673117,-52.9312371,0.060060631,0.90730545,-24079.85267,-24064.10796,2e+06,26,19387,5e-07,4.78e-05,0.423076923,0.142541995,0.05494905,0.322165306,"d__Bacteria","d__Bacteria","d__Bacteria","k__Bacillati","k__Bacillati","p__Chloroflexi","Chloroflexota--other","Chloroflexota--other","c__Anaerolineae","c__Anaerolineae","c__Anaerolineae","o__SBR1031","o__Phototrophicales","o__Phototrophicales","f__A4b","f__Phototrophicaceae","f__Phototrophicaceae","g__A4b","g__Phototrophicus","g__Phototrophicus","s__uncultured_soil","s__uncultured_soil","Above prediction",TRUE,4.78e-05,0.00478,-4.320676951,0.423076923,NA,0.286480924,NA,NA,FALSE,"Above","Late Vegetative"
"571","2f9378e789b20de27ae45a88e53f5874",0.000202526,3.54e-06,-12041.92634,0.763673117,-52.9312371,0.060060631,0.90730545,-24079.85267,-24064.10796,2e+06,26,19387,5e-07,8.58e-05,0.423076923,0.241704924,0.117794312,0.43211563,"d__Bacteria","d__Bacteria","d__Bacteria","k__Bacillati","k__Bacillati","p__Armatimonadota","Armatimonadota","Armatimonadota","c__Fimbriimonadia","c__Fimbriimonadia","c__Fimbriimonadia","o__Fimbriimonadales","o__Fimbriimonadales","o__Fimbriimonadales","f__Fimbriimonadaceae","f__Fimbriimonadaceae","f__Fimbriimonadaceae","g__Fimbriimonadaceae","g__Fimbriimonas","g__Fimbriimonas","s__uncultured_bacterium","","As predicted",FALSE,8.58e-05,0.00858,-4.066279158,0.423076923,NA,0.328466122,NA,NA,FALSE,"Neutral","Late Vegetative"
"572","4240cbdefb886ef8e0b16e50862861b4",0.000202526,3.54e-06,-12041.92634,0.763673117,-52.9312371,0.060060631,0.90730545,-24079.85267,-24064.10796,2e+06,26,19387,5e-07,1.48e-05,0.115384615,0.046294541,0.009333407,0.200065704,"d__Bacteria","d__Bacteria","d__Bacteria","k__Bacillati","k__Bacillati","p__Chloroflexi","Chloroflexota--other","Chloroflexota--other","c__TK10","c__Tepidiformia","c__Tepidiformia","o__TK10","o__Tepidiformales","o__Tepidiformales","f__TK10","f__Tepidiformaceae","f__Tepidiformaceae","g__TK10","g__Tepidiforma","g__Tepidiforma","s__metagenome","s__activated_carbon","As predicted",FALSE,1.48e-05,0.00148,-4.83120798,0.115384615,NA,0.120587969,NA,NA,FALSE,"Neutral","Late Vegetative"
"573","4bd81aaf48f50e2c8ed88598c4f021bd",0.000202526,3.54e-06,-12041.92634,0.763673117,-52.9312371,0.060060631,0.90730545,-24079.85267,-24064.10796,2e+06,26,19387,5e-07,4.75e-06,0.115384615,0.015142326,0.001298782,0.153816282,"d__Bacteria","d__Bacteria","d__Bacteria","k__Pseudomonadati","k__Pseudomonadati","p__Proteobacteria","Pseudomonadota","Pseudomonadota","c__Alphaproteobacteria","c__Alphaproteobacteria","c__Alphaproteobacteria","o__Sphingomonadales","o__Sphingomonadales","o__Sphingomonadales","f__Sphingomonadaceae","f__Erythrobacteraceae","f__Erythrobacteraceae","g__Altererythrobacter","","g__Croceibacterium","","","As predicted",FALSE,4.75e-06,0.000475,-5.32330639,0.115384615,NA,0.09955388,NA,NA,FALSE,"Neutral","Late Vegetative"
"574","5aa5614c3b98c2b8abeda2760ee15d2f",0.000202526,3.54e-06,-12041.92634,0.763673117,-52.9312371,0.060060631,0.90730545,-24079.85267,-24064.10796,2e+06,26,19387,5e-07,0.0001655,0.615384615,0.414392143,0.24832407,0.602500631,"d__Bacteria","d__Bacteria","d__Bacteria","k__Bacillati","k__Bacillati","p__Actinobacteriota","Actinomycetota","Actinomycetota","c__Acidimicrobiia","c__Acidimicrobiia","c__Acidimicrobiia","o__Microtrichales","o__Acidimicrobiales","o__Acidimicrobiales","f__uncultured","f__Salinilacustritrichaceae","f__Acidimicrobiaceae","g__uncultured","","g__Acidiferrimicrobium","s__uncultured_bacterium","s__alkali_sediment","Above prediction",TRUE,0.0001655,0.01655,-3.781202002,0.615384615,NA,0.359345854,NA,NA,FALSE,"Above","Late Vegetative"
"575","63f2215d91283e3b2fea68d22e6af38a",0.000202526,3.54e-06,-12041.92634,0.763673117,-52.9312371,0.060060631,0.90730545,-24079.85267,-24064.10796,2e+06,26,19387,5e-07,2.2e-05,0.115384615,0.068335186,0.017679751,0.230126112,"d__Bacteria","d__Bacteria","d__Bacteria","k__Bacillati","k__Bacillati","p__Chloroflexi","Chloroflexota--other","Chloroflexota--other","c__KD4-96","c__Ktedonobacteria","c__Ktedonobacteria","o__KD4-96","o__Incertae_Sedis","o__Incertae_Sedis","f__KD4-96","f__Incertae_Sedis","f__Incertae_Sedis","g__KD4-96","g__Incertae_Sedis","g__Incertae_Sedis","","s__uncultured_Chloroflexia","As predicted",FALSE,2.2e-05,0.0022,-4.657197857,0.115384615,NA,0.160697776,NA,NA,FALSE,"Neutral","Late Vegetative"
"576","6ca740bf7d917bed5188b292b95561ef",0.000202526,3.54e-06,-12041.92634,0.763673117,-52.9312371,0.060060631,0.90730545,-24079.85267,-24064.10796,2e+06,26,19387,5e-07,0.000100788,0.384615385,0.277500181,0.142956167,0.469328519,"d__Bacteria","d__Bacteria","d__Bacteria","k__Bacillati","k__Bacillati","p__Firmicutes","Bacillota","Bacillota","c__Bacilli","c__Bacilli","c__Bacilli","o__Paenibacillales","o__Paenibacillales--other","o__Paenibacillales--other","f__Paenibacillaceae","f__Oxalophagaceae","f__Oxalophagaceae","g__Ammoniphilus","g__Ammoniphilus","g__Ammoniphilus","s__uncultured_bacterium","s__uncultured_bacterium","As predicted",FALSE,0.000100788,0.0100788,-3.996589184,0.384615385,NA,0.296589275,NA,NA,FALSE,"Neutral","Late Vegetative"
"577","6f9d18323a06678f296e74d6fb9b4e38",0.000202526,3.54e-06,-12041.92634,0.763673117,-52.9312371,0.060060631,0.90730545,-24079.85267,-24064.10796,2e+06,26,19387,5e-07,4.38e-06,0.076923077,0.013985504,0.001121319,0.151977934,"d__Bacteria","d__Bacteria","d__Bacteria","k__Bacillati","k__Bacillati","p__Chloroflexi","Chloroflexota","Chloroflexota","c__Chloroflexia","c__Chloroflexia","c__Chloroflexia","o__Chloroflexales","o__Chloroflexales","o__Chloroflexales","f__Chloroflexaceae","f__Oscillochloridaceae","f__Oscillochloridaceae","g__Oscillochloris","g__Oscillochloris","g__Oscillochloris","s__uncultured_Chloroflexi","s__wastewater_metagenome","As predicted",FALSE,4.38e-06,0.000438,-5.358068497,0.076923077,NA,0.133915442,NA,NA,FALSE,"Neutral","Late Vegetative"
"578","713c59992366b72b9f6fefd3d648d20f",0.000202526,3.54e-06,-12041.92634,0.763673117,-52.9312371,0.060060631,0.90730545,-24079.85267,-24064.10796,2e+06,26,19387,5e-07,2.44e-05,0.192307692,0.075342314,0.020662938,0.239353142,"d__Bacteria","d__Bacteria","d__Bacteria","k__Pseudomonadati--other","k__Pseudomonadati--other","p__Planctomycetota","Planctomycetota","Planctomycetota","c__Planctomycetes","c__Planctomycetia","c__Planctomycetia","o__Planctomycetales","o__Planctomycetales","o__Planctomycetales","f__Rubinisphaeraceae","f__Planctomycetaceae","f__Planctomycetaceae","g__SH-PL14","g__Caulifigura","g__Caulifigura","s__uncultured_bacterium","s__uncultured_bacterium","As predicted",FALSE,2.44e-05,0.00244,-4.613226729,0.192307692,NA,0.21146908,NA,NA,FALSE,"Neutral","Late Vegetative"
"579","771687c9b099f2eadca287dc3ea3ef38",0.000202526,3.54e-06,-12041.92634,0.763673117,-52.9312371,0.060060631,0.90730545,-24079.85267,-24064.10796,2e+06,26,19387,5e-07,9.53e-05,0.384615385,0.264657877,0.133800279,0.456106151,"d__Bacteria","d__Bacteria","d__Bacteria","k__Pseudomonadati","k__Pseudomonadati","p__Proteobacteria","Pseudomonadota","Pseudomonadota","c__Alphaproteobacteria","c__Alphaproteobacteria","c__Alphaproteobacteria","o__Holosporales","o__Holosporales","o__Holosporales","f__Holosporaceae","f__Holosporaceae","f__Holosporaceae","g__uncultured","g__Incertae_Sedis","g__Incertae_Sedis","s__uncultured_bacterium","s__uncultured_bacterium","As predicted",FALSE,9.53e-05,0.00953,-4.020696821,0.384615385,NA,0.268505982,NA,NA,FALSE,"Neutral","Late Vegetative"
"580","824156f70568e29dfafcfe9fa530f404",0.000202526,3.54e-06,-12041.92634,0.763673117,-52.9312371,0.060060631,0.90730545,-24079.85267,-24064.10796,2e+06,26,19387,5e-07,0.000330115,0.5,0.658375468,0.466614103,0.809361826,"d__Bacteria","d__Bacteria","d__Bacteria","k__Pseudomonadati","k__Pseudomonadati","p__Proteobacteria","Pseudomonadota","Pseudomonadota","c__Gammaproteobacteria","c__Gammaproteobacteria","c__Gammaproteobacteria","o__Burkholderiales","o__Burkholderiales","o__Burkholderiales","f__Comamonadaceae","f__Comamonadaceae","f__Comamonadaceae","","","g__Piscinibacter","","s__uncultured_bacterium","As predicted",FALSE,0.000330115,0.0330115,-3.481334235,0.5,NA,0.394157877,NA,NA,FALSE,"Neutral","Late Vegetative"
"581","85c07b5f1b5c2f044e099073f4d94ec8",0.000202526,3.54e-06,-12041.92634,0.763673117,-52.9312371,0.060060631,0.90730545,-24079.85267,-24064.10796,2e+06,26,19387,5e-07,2.89e-05,0.615384615,0.088695234,0.02671461,0.256569496,"d__Bacteria","d__Bacteria","d__Bacteria","k__Pseudomonadati","k__Pseudomonadati","p__Proteobacteria","Pseudomonadota","Pseudomonadota","c__Gammaproteobacteria","c__Gammaproteobacteria","c__Gammaproteobacteria","o__Burkholderiales","o__Burkholderiales","o__Burkholderiales","f__Comamonadaceae","f__Comamonadaceae","f__Comamonadaceae","","","g__Ramlibacter","","s__Ramlibacter_sp.","Above prediction",TRUE,2.89e-05,0.00289,-4.539333411,0.615384615,NA,0.34592877,NA,NA,FALSE,"Above","Late Vegetative"
"582","8e2d4eaee5ec9a47a57ee92bcbe2401e",0.000202526,3.54e-06,-12041.92634,0.763673117,-52.9312371,0.060060631,0.90730545,-24079.85267,-24064.10796,2e+06,26,19387,5e-07,1.02e-05,0.115384615,0.032157393,0.005012343,0.179752192,"d__Bacteria","d__Bacteria","d__Bacteria","k__Pseudomonadati--other","k__Pseudomonadati--other","p__Planctomycetota","Planctomycetota","Planctomycetota","c__Planctomycetes","c__Planctomycetia","c__Planctomycetia","o__Pirellulales","o__Pirellulales","o__Pirellulales","f__Pirellulaceae","f__Thermoguttaceae--other","f__Thermoguttaceae--other","g__uncultured","g__Incertae_Sedis","g__Incertae_Sedis","s__uncultured_bacterium","s__Pirellulales_bacterium","As predicted",FALSE,1.02e-05,0.00102,-4.992547672,0.115384615,NA,0.191431779,NA,NA,FALSE,"Neutral","Late Vegetative"
"583","930bd976bb670c25f689d7d0c8a0e12e",0.000202526,3.54e-06,-12041.92634,0.763673117,-52.9312371,0.060060631,0.90730545,-24079.85267,-24064.10796,2e+06,26,19387,5e-07,0.0002735,0.615384615,0.588510564,0.400188537,0.754044852,"d__Bacteria","d__Bacteria","d__Bacteria","k__Bacillati","k__Bacillati","p__Actinobacteriota","Actinomycetota","Actinomycetota","c__MB-A2-108","c__Actinomycetes--other","c__MB-A2-108","o__MB-A2-108","o__FFCH16263","o__Incertae_Sedis","f__MB-A2-108","f__Incertae_Sedis","f__Incertae_Sedis","g__MB-A2-108","g__Incertae_Sedis","g__Incertae_Sedis","s__metagenome","s__metagenome","As predicted",FALSE,0.0002735,0.02735,-3.563042669,0.615384615,NA,0.434948214,NA,NA,FALSE,"Neutral","Late Vegetative"
"584","93fa99be8ff07d8f368273a60a1e0fbc",0.000202526,3.54e-06,-12041.92634,0.763673117,-52.9312371,0.060060631,0.90730545,-24079.85267,-24064.10796,2e+06,26,19387,5e-07,4.14e-05,0.269230769,0.124766248,0.045044793,0.301094575,"d__Bacteria","d__Bacteria","d__Bacteria","k__Pseudomonadati","k__Pseudomonadati","p__Proteobacteria","Pseudomonadota","Pseudomonadota","c__Alphaproteobacteria","c__Alphaproteobacteria","c__Alphaproteobacteria","o__Tistrellales","o__Azospirillales","o__Azospirillales","f__Geminicoccaceae","f__Geminicoccaceae","f__Geminicoccaceae","g__Candidatus_Alysiosphaera","g__Benzoatithermus","g__Benzoatithermus","s__uncultured_bacterium","s__uncultured_bacterium","As predicted",FALSE,4.14e-05,0.00414,-4.382757645,0.269230769,NA,0.270155719,NA,NA,FALSE,"Neutral","Late Vegetative"
"585","a611900bc993d70d44c9cfab9bc41e0c",0.000202526,3.54e-06,-12041.92634,0.763673117,-52.9312371,0.060060631,0.90730545,-24079.85267,-24064.10796,2e+06,26,19387,5e-07,5e-05,0.576923077,0.148687899,0.058487797,0.329336057,"d__Bacteria","d__Bacteria","d__Bacteria","k__Pseudomonadati","k__Pseudomonadati","p__Proteobacteria","Pseudomonadota","Pseudomonadota","c__Alphaproteobacteria","c__Alphaproteobacteria","c__Alphaproteobacteria","o__Rhizobiales","o__Hyphomicrobiales--other","o__Hyphomicrobiales--other","f__Xanthobacteraceae","f__Nitrobacteraceae","f__Nitrobacteraceae","g__Rhodoplanes","g__Rhodoplanes","g__Rhodoplanes","","","Above prediction",TRUE,5e-05,0.005,-4.300862991,0.576923077,NA,0.455127079,NA,NA,FALSE,"Above","Late Vegetative"
"586","bbd4834377a28435b34904d56cb8c808",0.000202526,3.54e-06,-12041.92634,0.763673117,-52.9312371,0.060060631,0.90730545,-24079.85267,-24064.10796,2e+06,26,19387,5e-07,5.22e-05,0.269230769,0.154581121,0.06193265,0.336160392,"d__Bacteria","d__Bacteria","d__Bacteria","k__Bacillati","k__Bacillati","p__Actinobacteriota","Actinomycetota","Actinomycetota","c__Actinobacteria","c__Actinomycetes","c__Actinomycetes","o__Propionibacteriales","o__Propionibacteriales","o__Propionibacteriales","f__Nocardioidaceae","f__Nocardioidaceae","f__Nocardioidaceae","g__Nocardioides","g__Nocardioides","g__Nocardioides","s__uncultured_organism","s__rock_metagenome","As predicted",FALSE,5.22e-05,0.00522,-4.28255355,0.269230769,NA,0.220868504,NA,NA,FALSE,"Neutral","Late Vegetative"
"587","c252134efa44f25e744c20e9ade0781e",0.000202526,3.54e-06,-12041.92634,0.763673117,-52.9312371,0.060060631,0.90730545,-24079.85267,-24064.10796,2e+06,26,19387,5e-07,7.15e-05,0.461538462,0.205614378,0.093636001,0.393384643,"d__Bacteria","d__Bacteria","d__Bacteria","k__Pseudomonadati","k__Pseudomonadati","p__Proteobacteria","Pseudomonadota","Pseudomonadota","c__Alphaproteobacteria","c__Alphaproteobacteria","c__Alphaproteobacteria","o__Rhizobiales","o__Micropepsales","o__Micropepsales","f__A0839","f__Pleomorphomonadaceae","f__Pleomorphomonadaceae","g__A0839","g__Incertae_Sedis","g__Incertae_Sedis","s__uncultured_sludge","s__uncultured_sludge","Above prediction",TRUE,7.15e-05,0.00715,-4.145927638,0.461538462,NA,0.328974707,NA,NA,FALSE,"Above","Late Vegetative"
"588","c97490def9c4f565cb1d84f6743f2d2f",0.000202526,3.54e-06,-12041.92634,0.763673117,-52.9312371,0.060060631,0.90730545,-24079.85267,-24064.10796,2e+06,26,19387,5e-07,5.02e-05,0.269230769,0.149057396,0.058702321,0.329765396,"d__Bacteria","d__Bacteria","d__Bacteria","k__Pseudomonadati","k__Pseudomonadati","p__Myxococcota","Myxococcota","Myxococcota","c__Polyangia","c__Polyangiia","c__Polyangiia","o__Haliangiales","o__Haliangiales","o__Haliangiales","f__Haliangiaceae","f__Kofleriaceae","f__Kofleriaceae","g__Haliangium","g__Incertae_Sedis","g__Incertae_Sedis","s__uncultured_bacterium","s__uncultured_bacterium","As predicted",FALSE,5.02e-05,0.00502,-4.299695757,0.269230769,NA,0.268185936,NA,NA,FALSE,"Neutral","Late Vegetative"
"589","d2b9af2b46a3090bdaab1cedbd33c87b",0.000202526,3.54e-06,-12041.92634,0.763673117,-52.9312371,0.060060631,0.90730545,-24079.85267,-24064.10796,2e+06,26,19387,5e-07,1.15e-05,0.269230769,0.036217275,0.006154739,0.185684311,"d__Bacteria","d__Bacteria","d__Bacteria","k__Pseudomonadati","k__Pseudomonadati","p__Proteobacteria","Pseudomonadota","Pseudomonadota","c__Gammaproteobacteria","c__Gammaproteobacteria","c__Gammaproteobacteria","o__Burkholderiales","o__Burkholderiales","o__Burkholderiales","f__Comamonadaceae","f__Comamonadaceae","f__Comamonadaceae","","","g__Ideonella","","s__uncultured_bacterium","Above prediction",TRUE,1.15e-05,0.00115,-4.940029013,0.269230769,NA,0.29681309,NA,NA,FALSE,"Above","Late Vegetative"
"590","d3ac14e193d870746f08f2e205a904d2",0.000202526,3.54e-06,-12041.92634,0.763673117,-52.9312371,0.060060631,0.90730545,-24079.85267,-24064.10796,2e+06,26,19387,5e-07,0.000688288,0.807692308,0.896396497,0.724708715,0.966028892,"d__Bacteria","d__Bacteria","d__Bacteria","k__Bacillati","k__Bacillati","p__Actinobacteriota","Actinomycetota","Actinomycetota","c__Actinobacteria","c__Actinomycetes","c__Actinomycetes","o__Streptosporangiales","o__Streptosporangiales","o__Streptosporangiales","f__Streptosporangiaceae","f__Streptosporangiaceae","f__Streptosporangiaceae","g__Nonomuraea","g__Sebekia","g__Sebekia","","s__Nonomuraea_sp.","As predicted",FALSE,0.000688288,0.0688288,-3.162229511,0.807692308,NA,0.502976571,NA,NA,FALSE,"Neutral","Late Vegetative"
"591","fd7a29a224c0789cd1cd690a83fe9054",0.000202526,3.54e-06,-12041.92634,0.763673117,-52.9312371,0.060060631,0.90730545,-24079.85267,-24064.10796,2e+06,26,19387,5e-07,7.28e-05,0.461538462,0.209110802,0.095918584,0.397194725,"d__Bacteria","d__Bacteria","d__Bacteria","k__Pseudomonadati","k__Pseudomonadati","p__Proteobacteria","Pseudomonadota","Pseudomonadota","c__Alphaproteobacteria","c__Alphaproteobacteria","c__Alphaproteobacteria","o__Caulobacterales","o__Hyphomonadales","o__Hyphomonadales","f__Hyphomonadaceae","f__Hyphomonadaceae--other","f__Hyphomonadaceae--other","g__SWB02","g__Terricaulis","g__Terricaulis","","","Above prediction",TRUE,7.28e-05,0.00728,-4.137708039,0.461538462,NA,0.364282202,NA,NA,FALSE,"Above","Late Vegetative"
"592","0355325d71ce1e2e1ee105237ea2604d",0.000184267,3.31e-06,-10577.1403,0.772220932,-51.15016773,0.059707263,0.903437505,-21150.28061,-21134.72012,2e+06,29,17681,5e-07,0.000157621,0.586206897,0.374231034,0.222783667,0.555100741,"d__Bacteria","d__Bacteria","d__Bacteria","k__Pseudomonadati","k__Pseudomonadati","p__Bdellovibrionota","Bdellovibrionota--other","Bdellovibrionota--other","c__Oligoflexia","c__Oligoflexia","c__Oligoflexia","o__Oligoflexales","o__Oligoflexales","o__Oligoflexales","f__uncultured","f__Oligoflexaceae--other","f__Oligoflexaceae--other","g__uncultured","g__Incertae_Sedis","g__Incertae_Sedis","s__uncultured_bacterium","","Above prediction",TRUE,0.000157621,0.0157621,-3.802386777,0.586206897,"early_reproductive",0.544,0.001,"***",TRUE,"Above","Early Reproductive"
"593","0e5904cce9d72b93be39f01ac8a8865d",0.000184267,3.31e-06,-10577.1403,0.772220932,-51.15016773,0.059707263,0.903437505,-21150.28061,-21134.72012,2e+06,29,17681,5e-07,7.63e-05,0.862068966,0.202591461,0.09558207,0.379176485,"d__Bacteria","d__Bacteria","d__Bacteria","k__Pseudomonadati","k__Pseudomonadati","p__Proteobacteria","Pseudomonadota","Pseudomonadota","c__Gammaproteobacteria","c__Gammaproteobacteria","c__Gammaproteobacteria","o__Burkholderiales","o__Burkholderiales","o__Burkholderiales","f__Oxalobacteraceae","f__Oxalobacteraceae","f__Oxalobacteraceae","","","g__Noviherbaspirillum--other","","s__uncultured_bacterium","Above prediction",TRUE,7.63e-05,0.00763,-4.117220381,0.862068966,"early_reproductive",0.562,0.002,"**",TRUE,"Above","Early Reproductive"
"594","1926b054d212095e681a448fc367bd12",0.000184267,3.31e-06,-10577.1403,0.772220932,-51.15016773,0.059707263,0.903437505,-21150.28061,-21134.72012,2e+06,29,17681,5e-07,8.07e-06,0.172413793,0.023583936,0.003159266,0.155461188,"d__Bacteria","d__Bacteria","d__Bacteria","k__Bacillati","k__Pseudomonadati--other","p__Verrucomicrobiota","Minisyncoccota","Verrucomicrobiota","c__Verrucomicrobiae","c__Candidatus_Peribacteria","c__Terrimicrobiia","","o__Incertae_Sedis","o__Terrimicrobiales","","f__Incertae_Sedis","f__Chthoniobacteraceae","","g__Incertae_Sedis","g__Chthoniobacter","","s__bacterium_Ellin507","Above prediction",TRUE,8.07e-06,0.000807,-5.09318214,0.172413793,"early_reproductive",0.332,0.026,"*",TRUE,"Above","Early Reproductive"
"595","1bc8f2b685c3fd1699eee11ba295b884",0.000184267,3.31e-06,-10577.1403,0.772220932,-51.15016773,0.059707263,0.903437505,-21150.28061,-21134.72012,2e+06,29,17681,5e-07,0.000194483,0.655172414,0.439630384,0.276791782,0.616591829,"d__Bacteria","d__Bacteria","d__Bacteria","k__Pseudomonadati","k__Pseudomonadati","p__Proteobacteria","Pseudomonadota","Pseudomonadota","c__Gammaproteobacteria","c__Gammaproteobacteria","c__Gammaproteobacteria","o__Burkholderiales","o__Burkholderiales","o__Burkholderiales","f__Sutterellaceae","f__Sutterellaceae","f__Sutterellaceae","g__uncultured","g__Incertae_Sedis","g__Incertae_Sedis","s__uncultured_bacterium","","Above prediction",TRUE,0.000194483,0.0194483,-3.711118894,0.655172414,"early_reproductive",0.507,0.003,"**",TRUE,"Above","Early Reproductive"
"596","2234a31ce0725868fb7d7b0e667ac19a",0.000184267,3.31e-06,-10577.1403,0.772220932,-51.15016773,0.059707263,0.903437505,-21150.28061,-21134.72012,2e+06,29,17681,5e-07,9.86e-05,0.655172414,0.253625509,0.130875958,0.434011809,"d__Bacteria","d__Bacteria","d__Bacteria","k__Bacillati","k__Bacillati","p__Chloroflexi","Chloroflexota--other","Chloroflexota--other","c__Anaerolineae","c__Anaerolineae","c__Anaerolineae","o__SBR1031","o__Phototrophicales","o__Phototrophicales","f__A4b","f__Phototrophicaceae","f__Phototrophicaceae","g__A4b","g__Phototrophicus","g__Phototrophicus","s__uncultured_soil","s__uncultured_soil","Above prediction",TRUE,9.86e-05,0.00986,-4.006259801,0.655172414,"early_reproductive",0.512,0.004,"**",TRUE,"Above","Early Reproductive"
"597","2f9378e789b20de27ae45a88e53f5874",0.000184267,3.31e-06,-10577.1403,0.772220932,-51.15016773,0.059707263,0.903437505,-21150.28061,-21134.72012,2e+06,29,17681,5e-07,0.000116534,0.620689655,0.292537353,0.159334022,0.474274413,"d__Bacteria","d__Bacteria","d__Bacteria","k__Bacillati","k__Bacillati","p__Armatimonadota","Armatimonadota","Armatimonadota","c__Fimbriimonadia","c__Fimbriimonadia","c__Fimbriimonadia","o__Fimbriimonadales","o__Fimbriimonadales","o__Fimbriimonadales","f__Fimbriimonadaceae","f__Fimbriimonadaceae","f__Fimbriimonadaceae","g__Fimbriimonadaceae","g__Fimbriimonas","g__Fimbriimonas","s__uncultured_bacterium","","Above prediction",TRUE,0.000116534,0.0116534,-3.933545547,0.620689655,"early_reproductive",0.464,0.035,"*",TRUE,"Above","Early Reproductive"
"598","4240cbdefb886ef8e0b16e50862861b4",0.000184267,3.31e-06,-10577.1403,0.772220932,-51.15016773,0.059707263,0.903437505,-21150.28061,-21134.72012,2e+06,29,17681,5e-07,4.99e-05,0.310344828,0.13749822,0.054721526,0.305078434,"d__Bacteria","d__Bacteria","d__Bacteria","k__Bacillati","k__Bacillati","p__Chloroflexi","Chloroflexota--other","Chloroflexota--other","c__TK10","c__Tepidiformia","c__Tepidiformia","o__TK10","o__Tepidiformales","o__Tepidiformales","f__TK10","f__Tepidiformaceae","f__Tepidiformaceae","g__TK10","g__Tepidiforma","g__Tepidiforma","s__metagenome","s__activated_carbon","Above prediction",TRUE,4.99e-05,0.00499,-4.301629436,0.310344828,"early_reproductive",0.364,0.05,"*",TRUE,"Above","Early Reproductive"
"599","4bd81aaf48f50e2c8ed88598c4f021bd",0.000184267,3.31e-06,-10577.1403,0.772220932,-51.15016773,0.059707263,0.903437505,-21150.28061,-21134.72012,2e+06,29,17681,5e-07,3.15e-05,0.379310345,0.089037077,0.028488231,0.245726423,"d__Bacteria","d__Bacteria","d__Bacteria","k__Pseudomonadati","k__Pseudomonadati","p__Proteobacteria","Pseudomonadota","Pseudomonadota","c__Alphaproteobacteria","c__Alphaproteobacteria","c__Alphaproteobacteria","o__Sphingomonadales","o__Sphingomonadales","o__Sphingomonadales","f__Sphingomonadaceae","f__Erythrobacteraceae","f__Erythrobacteraceae","g__Altererythrobacter","","g__Croceibacterium","","","Above prediction",TRUE,3.15e-05,0.00315,-4.501689446,0.379310345,"early_reproductive",0.465,0.006,"**",TRUE,"Above","Early Reproductive"
"600","5aa5614c3b98c2b8abeda2760ee15d2f",0.000184267,3.31e-06,-10577.1403,0.772220932,-51.15016773,0.059707263,0.903437505,-21150.28061,-21134.72012,2e+06,29,17681,5e-07,0.000231534,0.793103448,0.498618718,0.327776624,0.669783949,"d__Bacteria","d__Bacteria","d__Bacteria","k__Bacillati","k__Bacillati","p__Actinobacteriota","Actinomycetota","Actinomycetota","c__Acidimicrobiia","c__Acidimicrobiia","c__Acidimicrobiia","o__Microtrichales","o__Acidimicrobiales","o__Acidimicrobiales","f__uncultured","f__Salinilacustritrichaceae","f__Acidimicrobiaceae","g__uncultured","","g__Acidiferrimicrobium","s__uncultured_bacterium","s__alkali_sediment","Above prediction",TRUE,0.000231534,0.0231534,-3.63538432,0.793103448,"early_reproductive",0.483,0.049,"*",TRUE,"Above","Early Reproductive"
"601","63f2215d91283e3b2fea68d22e6af38a",0.000184267,3.31e-06,-10577.1403,0.772220932,-51.15016773,0.059707263,0.903437505,-21150.28061,-21134.72012,2e+06,29,17681,5e-07,5.4e-05,0.344827586,0.147809432,0.060822374,0.31718781,"d__Bacteria","d__Bacteria","d__Bacteria","k__Bacillati","k__Bacillati","p__Chloroflexi","Chloroflexota--other","Chloroflexota--other","c__KD4-96","c__Ktedonobacteria","c__Ktedonobacteria","o__KD4-96","o__Incertae_Sedis","o__Incertae_Sedis","f__KD4-96","f__Incertae_Sedis","f__Incertae_Sedis","g__KD4-96","g__Incertae_Sedis","g__Incertae_Sedis","","s__uncultured_Chloroflexia","Above prediction",TRUE,5.4e-05,0.0054,-4.267744926,0.344827586,"early_reproductive",0.435,0.005,"**",TRUE,"Above","Early Reproductive"
"602","6ca740bf7d917bed5188b292b95561ef",0.000184267,3.31e-06,-10577.1403,0.772220932,-51.15016773,0.059707263,0.903437505,-21150.28061,-21134.72012,2e+06,29,17681,5e-07,0.000153345,0.551724138,0.366178473,0.216323998,0.547339102,"d__Bacteria","d__Bacteria","d__Bacteria","k__Bacillati","k__Bacillati","p__Firmicutes","Bacillota","Bacillota","c__Bacilli","c__Bacilli","c__Bacilli","o__Paenibacillales","o__Paenibacillales--other","o__Paenibacillales--other","f__Paenibacillaceae","f__Oxalophagaceae","f__Oxalophagaceae","g__Ammoniphilus","g__Ammoniphilus","g__Ammoniphilus","s__uncultured_bacterium","s__uncultured_bacterium","Above prediction",TRUE,0.000153345,0.0153345,-3.814330868,0.551724138,"early_reproductive",0.438,0.043,"*",TRUE,"Above","Early Reproductive"
"603","6f9d18323a06678f296e74d6fb9b4e38",0.000184267,3.31e-06,-10577.1403,0.772220932,-51.15016773,0.059707263,0.903437505,-21150.28061,-21134.72012,2e+06,29,17681,5e-07,1.09e-05,0.172413793,0.031818239,0.005326502,0.167836228,"d__Bacteria","d__Bacteria","d__Bacteria","k__Bacillati","k__Bacillati","p__Chloroflexi","Chloroflexota","Chloroflexota","c__Chloroflexia","c__Chloroflexia","c__Chloroflexia","o__Chloroflexales","o__Chloroflexales","o__Chloroflexales","f__Chloroflexaceae","f__Oscillochloridaceae","f__Oscillochloridaceae","g__Oscillochloris","g__Oscillochloris","g__Oscillochloris","s__uncultured_Chloroflexi","s__wastewater_metagenome","Above prediction",TRUE,1.09e-05,0.00109,-4.961338736,0.172413793,"early_reproductive",0.317,0.037,"*",TRUE,"Above","Early Reproductive"
"604","713c59992366b72b9f6fefd3d648d20f",0.000184267,3.31e-06,-10577.1403,0.772220932,-51.15016773,0.059707263,0.903437505,-21150.28061,-21134.72012,2e+06,29,17681,5e-07,4.87e-05,0.379310345,0.134270465,0.052844856,0.301254693,"d__Bacteria","d__Bacteria","d__Bacteria","k__Pseudomonadati--other","k__Pseudomonadati--other","p__Planctomycetota","Planctomycetota","Planctomycetota","c__Planctomycetes","c__Planctomycetia","c__Planctomycetia","o__Planctomycetales","o__Planctomycetales","o__Planctomycetales","f__Rubinisphaeraceae","f__Planctomycetaceae","f__Planctomycetaceae","g__SH-PL14","g__Caulifigura","g__Caulifigura","s__uncultured_bacterium","s__uncultured_bacterium","Above prediction",TRUE,4.87e-05,0.00487,-4.312717115,0.379310345,"early_reproductive",0.42,0.01,"**",TRUE,"Above","Early Reproductive"
"605","771687c9b099f2eadca287dc3ea3ef38",0.000184267,3.31e-06,-10577.1403,0.772220932,-51.15016773,0.059707263,0.903437505,-21150.28061,-21134.72012,2e+06,29,17681,5e-07,0.000176966,0.620689655,0.40943061,0.251515744,0.588533242,"d__Bacteria","d__Bacteria","d__Bacteria","k__Pseudomonadati","k__Pseudomonadati","p__Proteobacteria","Pseudomonadota","Pseudomonadota","c__Alphaproteobacteria","c__Alphaproteobacteria","c__Alphaproteobacteria","o__Holosporales","o__Holosporales","o__Holosporales","f__Holosporaceae","f__Holosporaceae","f__Holosporaceae","g__uncultured","g__Incertae_Sedis","g__Incertae_Sedis","s__uncultured_bacterium","s__uncultured_bacterium","Above prediction",TRUE,0.000176966,0.0176966,-3.75211135,0.620689655,"early_reproductive",0.465,0.02,"*",TRUE,"Above","Early Reproductive"
"606","824156f70568e29dfafcfe9fa530f404",0.000184267,3.31e-06,-10577.1403,0.772220932,-51.15016773,0.059707263,0.903437505,-21150.28061,-21134.72012,2e+06,29,17681,5e-07,0.000369448,0.896551724,0.66937409,0.487453305,0.811671568,"d__Bacteria","d__Bacteria","d__Bacteria","k__Pseudomonadati","k__Pseudomonadati","p__Proteobacteria","Pseudomonadota","Pseudomonadota","c__Gammaproteobacteria","c__Gammaproteobacteria","c__Gammaproteobacteria","o__Burkholderiales","o__Burkholderiales","o__Burkholderiales","f__Comamonadaceae","f__Comamonadaceae","f__Comamonadaceae","","","g__Piscinibacter","","s__uncultured_bacterium","Above prediction",TRUE,0.000369448,0.0369448,-3.432446356,0.896551724,"early_reproductive",0.558,0.001,"***",TRUE,"Above","Early Reproductive"
"607","85c07b5f1b5c2f044e099073f4d94ec8",0.000184267,3.31e-06,-10577.1403,0.772220932,-51.15016773,0.059707263,0.903437505,-21150.28061,-21134.72012,2e+06,29,17681,5e-07,6.4e-05,0.724137931,0.172788893,0.076215698,0.345909722,"d__Bacteria","d__Bacteria","d__Bacteria","k__Pseudomonadati","k__Pseudomonadati","p__Proteobacteria","Pseudomonadota","Pseudomonadota","c__Gammaproteobacteria","c__Gammaproteobacteria","c__Gammaproteobacteria","o__Burkholderiales","o__Burkholderiales","o__Burkholderiales","f__Comamonadaceae","f__Comamonadaceae","f__Comamonadaceae","","","g__Ramlibacter","","s__Ramlibacter_sp.","Above prediction",TRUE,6.4e-05,0.0064,-4.193820026,0.724137931,"early_reproductive",0.559,0.007,"**",TRUE,"Above","Early Reproductive"
"608","8e2d4eaee5ec9a47a57ee92bcbe2401e",0.000184267,3.31e-06,-10577.1403,0.772220932,-51.15016773,0.059707263,0.903437505,-21150.28061,-21134.72012,2e+06,29,17681,5e-07,1.92e-05,0.206896552,0.055345782,0.013438611,0.201275182,"d__Bacteria","d__Bacteria","d__Bacteria","k__Pseudomonadati--other","k__Pseudomonadati--other","p__Planctomycetota","Planctomycetota","Planctomycetota","c__Planctomycetes","c__Planctomycetia","c__Planctomycetia","o__Pirellulales","o__Pirellulales","o__Pirellulales","f__Pirellulaceae","f__Thermoguttaceae--other","f__Thermoguttaceae--other","g__uncultured","g__Incertae_Sedis","g__Incertae_Sedis","s__uncultured_bacterium","s__Pirellulales_bacterium","Above prediction",TRUE,1.92e-05,0.00192,-4.715763799,0.206896552,"early_reproductive",0.353,0.02,"*",TRUE,"Above","Early Reproductive"
"609","930bd976bb670c25f689d7d0c8a0e12e",0.000184267,3.31e-06,-10577.1403,0.772220932,-51.15016773,0.059707263,0.903437505,-21150.28061,-21134.72012,2e+06,29,17681,5e-07,0.000324345,0.827586207,0.620990337,0.440313488,0.773362755,"d__Bacteria","d__Bacteria","d__Bacteria","k__Bacillati","k__Bacillati","p__Actinobacteriota","Actinomycetota","Actinomycetota","c__MB-A2-108","c__Actinomycetes--other","c__MB-A2-108","o__MB-A2-108","o__FFCH16263","o__Incertae_Sedis","f__MB-A2-108","f__Incertae_Sedis","f__Incertae_Sedis","g__MB-A2-108","g__Incertae_Sedis","g__Incertae_Sedis","s__metagenome","s__metagenome","Above prediction",TRUE,0.000324345,0.0324345,-3.488993023,0.827586207,"early_reproductive",0.549,0.002,"**",TRUE,"Above","Early Reproductive"
"610","93fa99be8ff07d8f368273a60a1e0fbc",0.000184267,3.31e-06,-10577.1403,0.772220932,-51.15016773,0.059707263,0.903437505,-21150.28061,-21134.72012,2e+06,29,17681,5e-07,6.43e-05,0.448275862,0.17363593,0.076751804,0.346869534,"d__Bacteria","d__Bacteria","d__Bacteria","k__Pseudomonadati","k__Pseudomonadati","p__Proteobacteria","Pseudomonadota","Pseudomonadota","c__Alphaproteobacteria","c__Alphaproteobacteria","c__Alphaproteobacteria","o__Tistrellales","o__Azospirillales","o__Azospirillales","f__Geminicoccaceae","f__Geminicoccaceae","f__Geminicoccaceae","g__Candidatus_Alysiosphaera","g__Benzoatithermus","g__Benzoatithermus","s__uncultured_bacterium","s__uncultured_bacterium","Above prediction",TRUE,6.43e-05,0.00643,-4.191486358,0.448275862,"early_reproductive",0.434,0.018,"*",TRUE,"Above","Early Reproductive"
"611","a611900bc993d70d44c9cfab9bc41e0c",0.000184267,3.31e-06,-10577.1403,0.772220932,-51.15016773,0.059707263,0.903437505,-21150.28061,-21134.72012,2e+06,29,17681,5e-07,4.63e-05,0.655172414,0.128136467,0.049324043,0.293942496,"d__Bacteria","d__Bacteria","d__Bacteria","k__Pseudomonadati","k__Pseudomonadati","p__Proteobacteria","Pseudomonadota","Pseudomonadota","c__Alphaproteobacteria","c__Alphaproteobacteria","c__Alphaproteobacteria","o__Rhizobiales","o__Hyphomicrobiales--other","o__Hyphomicrobiales--other","f__Xanthobacteraceae","f__Nitrobacteraceae","f__Nitrobacteraceae","g__Rhodoplanes","g__Rhodoplanes","g__Rhodoplanes","","","Above prediction",TRUE,4.63e-05,0.00463,-4.334483704,0.655172414,"early_reproductive",0.467,0.019,"*",TRUE,"Above","Early Reproductive"
"612","bbd4834377a28435b34904d56cb8c808",0.000184267,3.31e-06,-10577.1403,0.772220932,-51.15016773,0.059707263,0.903437505,-21150.28061,-21134.72012,2e+06,29,17681,5e-07,0.000112414,0.482758621,0.283791195,0.15283088,0.46533131,"d__Bacteria","d__Bacteria","d__Bacteria","k__Bacillati","k__Bacillati","p__Actinobacteriota","Actinomycetota","Actinomycetota","c__Actinobacteria","c__Actinomycetes","c__Actinomycetes","o__Propionibacteriales","o__Propionibacteriales","o__Propionibacteriales","f__Nocardioidaceae","f__Nocardioidaceae","f__Nocardioidaceae","g__Nocardioides","g__Nocardioides","g__Nocardioides","s__uncultured_organism","s__rock_metagenome","Above prediction",TRUE,0.000112414,0.0112414,-3.949180398,0.482758621,"early_reproductive",0.434,0.021,"*",TRUE,"Above","Early Reproductive"
"613","c252134efa44f25e744c20e9ade0781e",0.000184267,3.31e-06,-10577.1403,0.772220932,-51.15016773,0.059707263,0.903437505,-21150.28061,-21134.72012,2e+06,29,17681,5e-07,0.000117397,0.482758621,0.29435386,0.160692138,0.476124357,"d__Bacteria","d__Bacteria","d__Bacteria","k__Pseudomonadati","k__Pseudomonadati","p__Proteobacteria","Pseudomonadota","Pseudomonadota","c__Alphaproteobacteria","c__Alphaproteobacteria","c__Alphaproteobacteria","o__Rhizobiales","o__Micropepsales","o__Micropepsales","f__A0839","f__Pleomorphomonadaceae","f__Pleomorphomonadaceae","g__A0839","g__Incertae_Sedis","g__Incertae_Sedis","s__uncultured_sludge","s__uncultured_sludge","Above prediction",TRUE,0.000117397,0.0117397,-3.930344659,0.482758621,"early_reproductive",0.431,0.028,"*",TRUE,"Above","Early Reproductive"
"614","c97490def9c4f565cb1d84f6743f2d2f",0.000184267,3.31e-06,-10577.1403,0.772220932,-51.15016773,0.059707263,0.903437505,-21150.28061,-21134.72012,2e+06,29,17681,5e-07,7.61e-05,0.413793103,0.201977986,0.095173455,0.378501666,"d__Bacteria","d__Bacteria","d__Bacteria","k__Pseudomonadati","k__Pseudomonadati","p__Myxococcota","Myxococcota","Myxococcota","c__Polyangia","c__Polyangiia","c__Polyangiia","o__Haliangiales","o__Haliangiales","o__Haliangiales","f__Haliangiaceae","f__Kofleriaceae","f__Kofleriaceae","g__Haliangium","g__Incertae_Sedis","g__Incertae_Sedis","s__uncultured_bacterium","s__uncultured_bacterium","Above prediction",TRUE,7.61e-05,0.00761,-4.118694066,0.413793103,"early_reproductive",0.41,0.027,"*",TRUE,"Above","Early Reproductive"
"615","d2b9af2b46a3090bdaab1cedbd33c87b",0.000184267,3.31e-06,-10577.1403,0.772220932,-51.15016773,0.059707263,0.903437505,-21150.28061,-21134.72012,2e+06,29,17681,5e-07,1.84e-05,0.517241379,0.052979659,0.012516655,0.198018421,"d__Bacteria","d__Bacteria","d__Bacteria","k__Pseudomonadati","k__Pseudomonadati","p__Proteobacteria","Pseudomonadota","Pseudomonadota","c__Gammaproteobacteria","c__Gammaproteobacteria","c__Gammaproteobacteria","o__Burkholderiales","o__Burkholderiales","o__Burkholderiales","f__Comamonadaceae","f__Comamonadaceae","f__Comamonadaceae","","","g__Ideonella","","s__uncultured_bacterium","Above prediction",TRUE,1.84e-05,0.00184,-4.735263574,0.517241379,"early_reproductive",0.521,0.001,"***",TRUE,"Above","Early Reproductive"
"616","d3ac14e193d870746f08f2e205a904d2",0.000184267,3.31e-06,-10577.1403,0.772220932,-51.15016773,0.059707263,0.903437505,-21150.28061,-21134.72012,2e+06,29,17681,5e-07,0.000594138,0.965517241,0.833478357,0.6612197,0.927723222,"d__Bacteria","d__Bacteria","d__Bacteria","k__Bacillati","k__Bacillati","p__Actinobacteriota","Actinomycetota","Actinomycetota","c__Actinobacteria","c__Actinomycetes","c__Actinomycetes","o__Streptosporangiales","o__Streptosporangiales","o__Streptosporangiales","f__Streptosporangiaceae","f__Streptosporangiaceae","f__Streptosporangiaceae","g__Nonomuraea","g__Sebekia","g__Sebekia","","s__Nonomuraea_sp.","Above prediction",TRUE,0.000594138,0.0594138,-3.22611272,0.965517241,"early_reproductive",0.511,0.027,"*",TRUE,"Above","Early Reproductive"
"617","fd7a29a224c0789cd1cd690a83fe9054",0.000184267,3.31e-06,-10577.1403,0.772220932,-51.15016773,0.059707263,0.903437505,-21150.28061,-21134.72012,2e+06,29,17681,5e-07,9.16e-05,0.517241379,0.238022467,0.119825161,0.417506691,"d__Bacteria","d__Bacteria","d__Bacteria","k__Pseudomonadati","k__Pseudomonadati","p__Proteobacteria","Pseudomonadota","Pseudomonadota","c__Alphaproteobacteria","c__Alphaproteobacteria","c__Alphaproteobacteria","o__Caulobacterales","o__Hyphomonadales","o__Hyphomonadales","f__Hyphomonadaceae","f__Hyphomonadaceae--other","f__Hyphomonadaceae--other","g__SWB02","g__Terricaulis","g__Terricaulis","","","Above prediction",TRUE,9.16e-05,0.00916,-4.038006443,0.517241379,"early_reproductive",0.433,0.025,"*",TRUE,"Above","Early Reproductive"
"618","0355325d71ce1e2e1ee105237ea2604d",0.000138089,3.28e-06,-8615.344795,0.684043465,-55.3948254,0.067945083,0.907745261,-17226.68959,-17211.73176,2e+06,24,13081,5e-07,4.75e-05,0.375,0.103436522,0.03249684,0.283808851,"d__Bacteria","d__Bacteria","d__Bacteria","k__Pseudomonadati","k__Pseudomonadati","p__Bdellovibrionota","Bdellovibrionota--other","Bdellovibrionota--other","c__Oligoflexia","c__Oligoflexia","c__Oligoflexia","o__Oligoflexales","o__Oligoflexales","o__Oligoflexales","f__uncultured","f__Oligoflexaceae--other","f__Oligoflexaceae--other","g__uncultured","g__Incertae_Sedis","g__Incertae_Sedis","s__uncultured_bacterium","","Above prediction",TRUE,4.75e-05,0.00475,-4.32330639,0.375,NA,0.238821503,NA,NA,FALSE,"Above","Late Reproductive"
"619","0e5904cce9d72b93be39f01ac8a8865d",0.000138089,3.28e-06,-8615.344795,0.684043465,-55.3948254,0.067945083,0.907745261,-17226.68959,-17211.73176,2e+06,24,13081,5e-07,2e-05,0.5,0.044945379,0.008410189,0.207053988,"d__Bacteria","d__Bacteria","d__Bacteria","k__Pseudomonadati","k__Pseudomonadati","p__Proteobacteria","Pseudomonadota","Pseudomonadota","c__Gammaproteobacteria","c__Gammaproteobacteria","c__Gammaproteobacteria","o__Burkholderiales","o__Burkholderiales","o__Burkholderiales","f__Oxalobacteraceae","f__Oxalobacteraceae","f__Oxalobacteraceae","","","g__Noviherbaspirillum--other","","s__uncultured_bacterium","Above prediction",TRUE,2e-05,0.002,-4.69851785,0.5,NA,0.219132677,NA,NA,FALSE,"Above","Late Reproductive"
"620","1bc8f2b685c3fd1699eee11ba295b884",0.000138089,3.28e-06,-8615.344795,0.684043465,-55.3948254,0.067945083,0.907745261,-17226.68959,-17211.73176,2e+06,24,13081,5e-07,0.000139479,0.541666667,0.274867918,0.137212963,0.474648613,"d__Bacteria","d__Bacteria","d__Bacteria","k__Pseudomonadati","k__Pseudomonadati","p__Proteobacteria","Pseudomonadota","Pseudomonadota","c__Gammaproteobacteria","c__Gammaproteobacteria","c__Gammaproteobacteria","o__Burkholderiales","o__Burkholderiales","o__Burkholderiales","f__Sutterellaceae","f__Sutterellaceae","f__Sutterellaceae","g__uncultured","g__Incertae_Sedis","g__Incertae_Sedis","s__uncultured_bacterium","","Above prediction",TRUE,0.000139479,0.0139479,-3.855490656,0.541666667,NA,0.390626014,NA,NA,FALSE,"Above","Late Reproductive"
"621","2234a31ce0725868fb7d7b0e667ac19a",0.000138089,3.28e-06,-8615.344795,0.684043465,-55.3948254,0.067945083,0.907745261,-17226.68959,-17211.73176,2e+06,24,13081,5e-07,4.4e-05,0.458333333,0.096272321,0.029064553,0.274889714,"d__Bacteria","d__Bacteria","d__Bacteria","k__Bacillati","k__Bacillati","p__Chloroflexi","Chloroflexota--other","Chloroflexota--other","c__Anaerolineae","c__Anaerolineae","c__Anaerolineae","o__SBR1031","o__Phototrophicales","o__Phototrophicales","f__A4b","f__Phototrophicaceae","f__Phototrophicaceae","g__A4b","g__Phototrophicus","g__Phototrophicus","s__uncultured_soil","s__uncultured_soil","Above prediction",TRUE,4.4e-05,0.0044,-4.356136254,0.458333333,NA,0.286251064,NA,NA,FALSE,"Above","Late Reproductive"
"622","2f9378e789b20de27ae45a88e53f5874",0.000138089,3.28e-06,-8615.344795,0.684043465,-55.3948254,0.067945083,0.907745261,-17226.68959,-17211.73176,2e+06,24,13081,5e-07,3.15e-05,0.25,0.069730092,0.017407104,0.240787098,"d__Bacteria","d__Bacteria","d__Bacteria","k__Bacillati","k__Bacillati","p__Armatimonadota","Armatimonadota","Armatimonadota","c__Fimbriimonadia","c__Fimbriimonadia","c__Fimbriimonadia","o__Fimbriimonadales","o__Fimbriimonadales","o__Fimbriimonadales","f__Fimbriimonadaceae","f__Fimbriimonadaceae","f__Fimbriimonadaceae","g__Fimbriimonadaceae","g__Fimbriimonas","g__Fimbriimonas","s__uncultured_bacterium","","Above prediction",TRUE,3.15e-05,0.00315,-4.50226429,0.25,NA,0.152847504,NA,NA,FALSE,"Above","Late Reproductive"
"623","4240cbdefb886ef8e0b16e50862861b4",0.000138089,3.28e-06,-8615.344795,0.684043465,-55.3948254,0.067945083,0.907745261,-17226.68959,-17211.73176,2e+06,24,13081,5e-07,2.36e-05,0.166666667,0.052733548,0.011001615,0.217889735,"d__Bacteria","d__Bacteria","d__Bacteria","k__Bacillati","k__Bacillati","p__Chloroflexi","Chloroflexota--other","Chloroflexota--other","c__TK10","c__Tepidiformia","c__Tepidiformia","o__TK10","o__Tepidiformales","o__Tepidiformales","f__TK10","f__Tepidiformaceae","f__Tepidiformaceae","g__TK10","g__Tepidiforma","g__Tepidiforma","s__metagenome","s__activated_carbon","As predicted",FALSE,2.36e-05,0.00236,-4.627394811,0.166666667,NA,0.183257174,NA,NA,FALSE,"Neutral","Late Reproductive"
"624","4bd81aaf48f50e2c8ed88598c4f021bd",0.000138089,3.28e-06,-8615.344795,0.684043465,-55.3948254,0.067945083,0.907745261,-17226.68959,-17211.73176,2e+06,24,13081,5e-07,3.29e-06,0.041666667,0.00752884,0.000324383,0.150631901,"d__Bacteria","d__Bacteria","d__Bacteria","k__Pseudomonadati","k__Pseudomonadati","p__Proteobacteria","Pseudomonadota","Pseudomonadota","c__Alphaproteobacteria","c__Alphaproteobacteria","c__Alphaproteobacteria","o__Sphingomonadales","o__Sphingomonadales","o__Sphingomonadales","f__Sphingomonadaceae","f__Erythrobacteraceae","f__Erythrobacteraceae","g__Altererythrobacter","","g__Croceibacterium","","","As predicted",FALSE,3.29e-06,0.000329,-5.48258415,0.041666667,NA,0.049801192,NA,NA,FALSE,"Neutral","Late Reproductive"
"625","5aa5614c3b98c2b8abeda2760ee15d2f",0.000138089,3.28e-06,-8615.344795,0.684043465,-55.3948254,0.067945083,0.907745261,-17226.68959,-17211.73176,2e+06,24,13081,5e-07,0.000243917,0.666666667,0.430832041,0.256188105,0.624563042,"d__Bacteria","d__Bacteria","d__Bacteria","k__Bacillati","k__Bacillati","p__Actinobacteriota","Actinomycetota","Actinomycetota","c__Acidimicrobiia","c__Acidimicrobiia","c__Acidimicrobiia","o__Microtrichales","o__Acidimicrobiales","o__Acidimicrobiales","f__uncultured","f__Salinilacustritrichaceae","f__Acidimicrobiaceae","g__uncultured","","g__Acidiferrimicrobium","s__uncultured_bacterium","s__alkali_sediment","Above prediction",TRUE,0.000243917,0.0243917,-3.612758524,0.666666667,NA,0.454062285,NA,NA,FALSE,"Above","Late Reproductive"
"626","63f2215d91283e3b2fea68d22e6af38a",0.000138089,3.28e-06,-8615.344795,0.684043465,-55.3948254,0.067945083,0.907745261,-17226.68959,-17211.73176,2e+06,24,13081,5e-07,3.58e-06,0.041666667,0.008193278,0.000381409,0.151720397,"d__Bacteria","d__Bacteria","d__Bacteria","k__Bacillati","k__Bacillati","p__Chloroflexi","Chloroflexota--other","Chloroflexota--other","c__KD4-96","c__Ktedonobacteria","c__Ktedonobacteria","o__KD4-96","o__Incertae_Sedis","o__Incertae_Sedis","f__KD4-96","f__Incertae_Sedis","f__Incertae_Sedis","g__KD4-96","g__Incertae_Sedis","g__Incertae_Sedis","","s__uncultured_Chloroflexia","As predicted",FALSE,3.58e-06,0.000358,-5.44571279,0.041666667,NA,0.038955863,NA,NA,FALSE,"Neutral","Late Reproductive"
"627","6ca740bf7d917bed5188b292b95561ef",0.000138089,3.28e-06,-8615.344795,0.684043465,-55.3948254,0.067945083,0.907745261,-17226.68959,-17211.73176,2e+06,24,13081,5e-07,9.31e-05,0.375,0.192874785,0.082689147,0.387812366,"d__Bacteria","d__Bacteria","d__Bacteria","k__Bacillati","k__Bacillati","p__Firmicutes","Bacillota","Bacillota","c__Bacilli","c__Bacilli","c__Bacilli","o__Paenibacillales","o__Paenibacillales--other","o__Paenibacillales--other","f__Paenibacillaceae","f__Oxalophagaceae","f__Oxalophagaceae","g__Ammoniphilus","g__Ammoniphilus","g__Ammoniphilus","s__uncultured_bacterium","s__uncultured_bacterium","As predicted",FALSE,9.31e-05,0.00931,-4.031030883,0.375,NA,0.281473103,NA,NA,FALSE,"Neutral","Late Reproductive"
"628","713c59992366b72b9f6fefd3d648d20f",0.000138089,3.28e-06,-8615.344795,0.684043465,-55.3948254,0.067945083,0.907745261,-17226.68959,-17211.73176,2e+06,24,13081,5e-07,1.67e-05,0.125,0.037601606,0.006199261,0.196603903,"d__Bacteria","d__Bacteria","d__Bacteria","k__Pseudomonadati--other","k__Pseudomonadati--other","p__Planctomycetota","Planctomycetota","Planctomycetota","c__Planctomycetes","c__Planctomycetia","c__Planctomycetia","o__Planctomycetales","o__Planctomycetales","o__Planctomycetales","f__Rubinisphaeraceae","f__Planctomycetaceae","f__Planctomycetaceae","g__SH-PL14","g__Caulifigura","g__Caulifigura","s__uncultured_bacterium","s__uncultured_bacterium","As predicted",FALSE,1.67e-05,0.00167,-4.777608721,0.125,NA,0.141095303,NA,NA,FALSE,"Neutral","Late Reproductive"
"629","771687c9b099f2eadca287dc3ea3ef38",0.000138089,3.28e-06,-8615.344795,0.684043465,-55.3948254,0.067945083,0.907745261,-17226.68959,-17211.73176,2e+06,24,13081,5e-07,0.000133042,0.375,0.263992967,0.129615486,0.463497157,"d__Bacteria","d__Bacteria","d__Bacteria","k__Pseudomonadati","k__Pseudomonadati","p__Proteobacteria","Pseudomonadota","Pseudomonadota","c__Alphaproteobacteria","c__Alphaproteobacteria","c__Alphaproteobacteria","o__Holosporales","o__Holosporales","o__Holosporales","f__Holosporaceae","f__Holosporaceae","f__Holosporaceae","g__uncultured","g__Incertae_Sedis","g__Incertae_Sedis","s__uncultured_bacterium","s__uncultured_bacterium","As predicted",FALSE,0.000133042,0.0133042,-3.876012323,0.375,NA,0.313183247,NA,NA,FALSE,"Neutral","Late Reproductive"
"630","824156f70568e29dfafcfe9fa530f404",0.000138089,3.28e-06,-8615.344795,0.684043465,-55.3948254,0.067945083,0.907745261,-17226.68959,-17211.73176,2e+06,24,13081,5e-07,0.000235646,0.583333333,0.419783792,0.247197907,0.614505533,"d__Bacteria","d__Bacteria","d__Bacteria","k__Pseudomonadati","k__Pseudomonadati","p__Proteobacteria","Pseudomonadota","Pseudomonadota","c__Gammaproteobacteria","c__Gammaproteobacteria","c__Gammaproteobacteria","o__Burkholderiales","o__Burkholderiales","o__Burkholderiales","f__Comamonadaceae","f__Comamonadaceae","f__Comamonadaceae","","","g__Piscinibacter","","s__uncultured_bacterium","As predicted",FALSE,0.000235646,0.0235646,-3.627740235,0.583333333,NA,0.359700138,NA,NA,FALSE,"Neutral","Late Reproductive"
"631","85c07b5f1b5c2f044e099073f4d94ec8",0.000138089,3.28e-06,-8615.344795,0.684043465,-55.3948254,0.067945083,0.907745261,-17226.68959,-17211.73176,2e+06,24,13081,5e-07,3.92e-05,0.416666667,0.086122149,0.024397948,0.26205694,"d__Bacteria","d__Bacteria","d__Bacteria","k__Pseudomonadati","k__Pseudomonadati","p__Proteobacteria","Pseudomonadota","Pseudomonadota","c__Gammaproteobacteria","c__Gammaproteobacteria","c__Gammaproteobacteria","o__Burkholderiales","o__Burkholderiales","o__Burkholderiales","f__Comamonadaceae","f__Comamonadaceae","f__Comamonadaceae","","","g__Ramlibacter","","s__Ramlibacter_sp.","Above prediction",TRUE,3.92e-05,0.00392,-4.406852442,0.416666667,NA,0.331549387,NA,NA,FALSE,"Above","Late Reproductive"
"632","930bd976bb670c25f689d7d0c8a0e12e",0.000138089,3.28e-06,-8615.344795,0.684043465,-55.3948254,0.067945083,0.907745261,-17226.68959,-17211.73176,2e+06,24,13081,5e-07,8.18e-05,0.333333333,0.171498153,0.069653769,0.363993412,"d__Bacteria","d__Bacteria","d__Bacteria","k__Bacillati","k__Bacillati","p__Actinobacteriota","Actinomycetota","Actinomycetota","c__MB-A2-108","c__Actinomycetes--other","c__MB-A2-108","o__MB-A2-108","o__FFCH16263","o__Incertae_Sedis","f__MB-A2-108","f__Incertae_Sedis","f__Incertae_Sedis","g__MB-A2-108","g__Incertae_Sedis","g__Incertae_Sedis","s__metagenome","s__metagenome","As predicted",FALSE,8.18e-05,0.00818,-4.087401576,0.333333333,NA,0.1750347,NA,NA,FALSE,"Neutral","Late Reproductive"
"633","93fa99be8ff07d8f368273a60a1e0fbc",0.000138089,3.28e-06,-8615.344795,0.684043465,-55.3948254,0.067945083,0.907745261,-17226.68959,-17211.73176,2e+06,24,13081,5e-07,2.79e-05,0.166666667,0.062033463,0.014389079,0.230535768,"d__Bacteria","d__Bacteria","d__Bacteria","k__Pseudomonadati","k__Pseudomonadati","p__Proteobacteria","Pseudomonadota","Pseudomonadota","c__Alphaproteobacteria","c__Alphaproteobacteria","c__Alphaproteobacteria","o__Tistrellales","o__Azospirillales","o__Azospirillales","f__Geminicoccaceae","f__Geminicoccaceae","f__Geminicoccaceae","g__Candidatus_Alysiosphaera","g__Benzoatithermus","g__Benzoatithermus","s__uncultured_bacterium","s__uncultured_bacterium","As predicted",FALSE,2.79e-05,0.00279,-4.554785124,0.166666667,NA,0.174366261,NA,NA,FALSE,"Neutral","Late Reproductive"
"634","a611900bc993d70d44c9cfab9bc41e0c",0.000138089,3.28e-06,-8615.344795,0.684043465,-55.3948254,0.067945083,0.907745261,-17226.68959,-17211.73176,2e+06,24,13081,5e-07,2.22e-05,0.166666667,0.04968946,0.009960435,0.213682763,"d__Bacteria","d__Bacteria","d__Bacteria","k__Pseudomonadati","k__Pseudomonadati","p__Proteobacteria","Pseudomonadota","Pseudomonadota","c__Alphaproteobacteria","c__Alphaproteobacteria","c__Alphaproteobacteria","o__Rhizobiales","o__Hyphomicrobiales--other","o__Hyphomicrobiales--other","f__Xanthobacteraceae","f__Nitrobacteraceae","f__Nitrobacteraceae","g__Rhodoplanes","g__Rhodoplanes","g__Rhodoplanes","","","As predicted",FALSE,2.22e-05,0.00222,-4.65389163,0.166666667,NA,0.162923517,NA,NA,FALSE,"Neutral","Late Reproductive"
"635","bbd4834377a28435b34904d56cb8c808",0.000138089,3.28e-06,-8615.344795,0.684043465,-55.3948254,0.067945083,0.907745261,-17226.68959,-17211.73176,2e+06,24,13081,5e-07,3.94e-05,0.25,0.086560056,0.024594262,0.262615599,"d__Bacteria","d__Bacteria","d__Bacteria","k__Bacillati","k__Bacillati","p__Actinobacteriota","Actinomycetota","Actinomycetota","c__Actinobacteria","c__Actinomycetes","c__Actinomycetes","o__Propionibacteriales","o__Propionibacteriales","o__Propionibacteriales","f__Nocardioidaceae","f__Nocardioidaceae","f__Nocardioidaceae","g__Nocardioides","g__Nocardioides","g__Nocardioides","s__uncultured_organism","s__rock_metagenome","As predicted",FALSE,3.94e-05,0.00394,-4.404549709,0.25,NA,0.184945329,NA,NA,FALSE,"Neutral","Late Reproductive"
"636","c252134efa44f25e744c20e9ade0781e",0.000138089,3.28e-06,-8615.344795,0.684043465,-55.3948254,0.067945083,0.907745261,-17226.68959,-17211.73176,2e+06,24,13081,5e-07,6.22e-05,0.25,0.133208049,0.047829608,0.319803612,"d__Bacteria","d__Bacteria","d__Bacteria","k__Pseudomonadati","k__Pseudomonadati","p__Proteobacteria","Pseudomonadota","Pseudomonadota","c__Alphaproteobacteria","c__Alphaproteobacteria","c__Alphaproteobacteria","o__Rhizobiales","o__Micropepsales","o__Micropepsales","f__A0839","f__Pleomorphomonadaceae","f__Pleomorphomonadaceae","g__A0839","g__Incertae_Sedis","g__Incertae_Sedis","s__uncultured_sludge","s__uncultured_sludge","As predicted",FALSE,6.22e-05,0.00622,-4.206442419,0.25,NA,0.22582456,NA,NA,FALSE,"Neutral","Late Reproductive"
"637","c97490def9c4f565cb1d84f6743f2d2f",0.000138089,3.28e-06,-8615.344795,0.684043465,-55.3948254,0.067945083,0.907745261,-17226.68959,-17211.73176,2e+06,24,13081,5e-07,1.73e-05,0.166666667,0.039028755,0.006609853,0.198653783,"d__Bacteria","d__Bacteria","d__Bacteria","k__Pseudomonadati","k__Pseudomonadati","p__Myxococcota","Myxococcota","Myxococcota","c__Polyangia","c__Polyangiia","c__Polyangiia","o__Haliangiales","o__Haliangiales","o__Haliangiales","f__Haliangiaceae","f__Kofleriaceae","f__Kofleriaceae","g__Haliangium","g__Incertae_Sedis","g__Incertae_Sedis","s__uncultured_bacterium","s__uncultured_bacterium","As predicted",FALSE,1.73e-05,0.00173,-4.761117911,0.166666667,NA,0.124047196,NA,NA,FALSE,"Neutral","Late Reproductive"
"638","d2b9af2b46a3090bdaab1cedbd33c87b",0.000138089,3.28e-06,-8615.344795,0.684043465,-55.3948254,0.067945083,0.907745261,-17226.68959,-17211.73176,2e+06,24,13081,5e-07,1.38e-06,0.041666667,0.003151715,5.97e-05,0.143350178,"d__Bacteria","d__Bacteria","d__Bacteria","k__Pseudomonadati","k__Pseudomonadati","p__Proteobacteria","Pseudomonadota","Pseudomonadota","c__Gammaproteobacteria","c__Gammaproteobacteria","c__Gammaproteobacteria","o__Burkholderiales","o__Burkholderiales","o__Burkholderiales","f__Comamonadaceae","f__Comamonadaceae","f__Comamonadaceae","","","g__Ideonella","","s__uncultured_bacterium","As predicted",FALSE,1.38e-06,0.000138,-5.861697302,0.041666667,NA,0.040409264,NA,NA,FALSE,"Neutral","Late Reproductive"
"639","d3ac14e193d870746f08f2e205a904d2",0.000138089,3.28e-06,-8615.344795,0.684043465,-55.3948254,0.067945083,0.907745261,-17226.68959,-17211.73176,2e+06,24,13081,5e-07,0.000248542,0.625,0.436920105,0.261176388,0.630070872,"d__Bacteria","d__Bacteria","d__Bacteria","k__Bacillati","k__Bacillati","p__Actinobacteriota","Actinomycetota","Actinomycetota","c__Actinobacteria","c__Actinomycetes","c__Actinomycetes","o__Streptosporangiales","o__Streptosporangiales","o__Streptosporangiales","f__Streptosporangiaceae","f__Streptosporangiaceae","f__Streptosporangiaceae","g__Nonomuraea","g__Sebekia","g__Sebekia","","s__Nonomuraea_sp.","As predicted",FALSE,0.000248542,0.0248542,-3.604600794,0.625,NA,0.265876008,NA,NA,FALSE,"Neutral","Late Reproductive"
"640","fd7a29a224c0789cd1cd690a83fe9054",0.000138089,3.28e-06,-8615.344795,0.684043465,-55.3948254,0.067945083,0.907745261,-17226.68959,-17211.73176,2e+06,24,13081,5e-07,4.16e-05,0.208333333,0.091276416,0.02673776,0.26860333,"d__Bacteria","d__Bacteria","d__Bacteria","k__Pseudomonadati","k__Pseudomonadati","p__Proteobacteria","Pseudomonadota","Pseudomonadota","c__Alphaproteobacteria","c__Alphaproteobacteria","c__Alphaproteobacteria","o__Caulobacterales","o__Hyphomonadales","o__Hyphomonadales","f__Hyphomonadaceae","f__Hyphomonadaceae--other","f__Hyphomonadaceae--other","g__SWB02","g__Terricaulis","g__Terricaulis","","","As predicted",FALSE,4.16e-05,0.00416,-4.380428443,0.208333333,NA,0.185077312,NA,NA,FALSE,"Neutral","Late Reproductive"
"641","092bc2589a8638b68012c8ab88e3fcc1",0.000148783,3.41e-06,-9065.798164,0.710011746,-52.05570549,0.066409564,0.898269126,-18127.59633,-18112.3225,2e+06,30,15320,5e-07,1.86e-05,0.3,0.044632434,0.009650131,0.182995372,"d__Bacteria","d__Bacteria","d__Bacteria","k__Pseudomonadati--other","k__Pseudomonadati--other","p__Planctomycetota","Planctomycetota","Planctomycetota","c__Planctomycetes","c__Planctomycetia","c__Planctomycetia","o__Pirellulales","o__Pirellulales","o__Pirellulales","f__Pirellulaceae","f__Pirellulaceae","f__Pirellulaceae","g__Pirellula","g__Pirellula--other","g__Pirellula--other","s__uncultured_bacterium","s__uncultured_bacterium","Above prediction",TRUE,1.86e-05,0.00186,-4.730098077,0.3,NA,0.208798158,NA,NA,FALSE,"Above","Seedling"
"642","2d609f4ca22f60c7e2261a03d6066fff",0.000148783,3.41e-06,-9065.798164,0.710011746,-52.05570549,0.066409564,0.898269126,-18127.59633,-18112.3225,2e+06,30,15320,5e-07,3.9e-06,0.033333333,0.009515382,0.000618537,0.129765374,"d__Bacteria","d__Bacteria","d__Bacteria","k__Pseudomonadati--other","k__Pseudomonadati--other","p__Acidobacteriota","Acidobacteriota","Acidobacteriota","c__Acidobacteriae","c__Terriglobia","c__Terriglobia","o__Acidobacteriales","o__Terriglobales","o__Terriglobales","f__uncultured","f__Incertae_Sedis","f__Incertae_Sedis","g__uncultured","g__Incertae_Sedis","g__Incertae_Sedis","","","As predicted",FALSE,3.9e-06,0.00039,-5.408935393,0.033333333,NA,0.087544072,NA,NA,FALSE,"Neutral","Seedling"
"643","3e95ce55121f2bd0a6cf2967d742df09",0.000148783,3.41e-06,-9065.798164,0.710011746,-52.05570549,0.066409564,0.898269126,-18127.59633,-18112.3225,2e+06,30,15320,5e-07,3.16e-05,0.166666667,0.074640179,0.022069829,0.223778603,"d__Bacteria","d__Bacteria","d__Bacteria","k__Pseudomonadati","k__Pseudomonadati","p__Proteobacteria","Pseudomonadota","Pseudomonadota","c__Alphaproteobacteria","c__Alphaproteobacteria","c__Alphaproteobacteria","o__Sphingomonadales","o__Sphingomonadales","o__Sphingomonadales","f__Sphingomonadaceae","","f__Parasphingopyxidaceae","g__Novosphingobium","","g__Flavinovosphingobium","","s__uncultured_Novosphingobium","As predicted",FALSE,3.16e-05,0.00316,-4.500083919,0.166666667,NA,0.173063702,NA,NA,FALSE,"Neutral","Seedling"
"644","4473ac847f597164696bc96da74ca753",0.000148783,3.41e-06,-9065.798164,0.710011746,-52.05570549,0.066409564,0.898269126,-18127.59633,-18112.3225,2e+06,30,15320,5e-07,0.004104433,1,0.999981113,0.886453123,0.999999997,"d__Bacteria","d__Bacteria","d__Bacteria","k__Pseudomonadati","k__Pseudomonadati","p__Proteobacteria","Pseudomonadota","Pseudomonadota","c__Alphaproteobacteria","c__Alphaproteobacteria","c__Alphaproteobacteria","o__Rhizobiales","o__Hyphomicrobiales--other","o__Hyphomicrobiales--other","f__Beijerinckiaceae","f__Boseaceae","f__Boseaceae","g__Bosea","g__Bosea","g__Bosea","","s__metagenome","Above prediction",TRUE,0.004104433,0.4104433,-2.386746794,1,NA,0.435519478,NA,NA,FALSE,"Above","Seedling"
"645","4fb203e3e3100ecbb0c432656829bef9",0.000148783,3.41e-06,-9065.798164,0.710011746,-52.05570549,0.066409564,0.898269126,-18127.59633,-18112.3225,2e+06,30,15320,5e-07,1.33e-05,0.1,0.032167398,0.005559787,0.164985541,"d__Bacteria","d__Bacteria","d__Bacteria","k__Pseudomonadati","k__Pseudomonadati","p__Proteobacteria","Pseudomonadota","Pseudomonadota","c__Gammaproteobacteria","c__Gammaproteobacteria","c__Gammaproteobacteria","o__uncultured","o__Legionellales","o__Legionellales","f__uncultured","f__Legionellaceae","f__Legionellaceae","g__uncultured","g__Candidatus_Endonucleariibacter","g__Candidatus_Endonucleariibacter","s__metagenome","s__uncultured_bacterium","As predicted",FALSE,1.33e-05,0.00133,-4.875061263,0.1,NA,0.127239404,NA,NA,FALSE,"Neutral","Seedling"
"646","5009dd39373c7f4120f9846c42ad42ad",0.000148783,3.41e-06,-9065.798164,0.710011746,-52.05570549,0.066409564,0.898269126,-18127.59633,-18112.3225,2e+06,30,15320,5e-07,1.76e-05,0.133333333,0.042167696,0.008781778,0.17949381,"d__Bacteria","d__Bacteria","d__Bacteria","k__Pseudomonadati","k__Pseudomonadati","p__Proteobacteria","Pseudomonadota","Pseudomonadota","c__Alphaproteobacteria","c__Alphaproteobacteria","c__Alphaproteobacteria","o__Caulobacterales","o__Hyphomonadales","o__Hyphomonadales","f__Hyphomonadaceae","f__Hyphomonadaceae","f__Hyphomonadaceae","g__Hirschia","g__Asprobacter","g__Asprobacter","s__uncultured_bacterium","s__uncultured_bacterium","As predicted",FALSE,1.76e-05,0.00176,-4.75531064,0.133333333,NA,0.06799437,NA,NA,FALSE,"Neutral","Seedling"
"647","5b3177319096715b0e5487165e09768d",0.000148783,3.41e-06,-9065.798164,0.710011746,-52.05570549,0.066409564,0.898269126,-18127.59633,-18112.3225,2e+06,30,15320,5e-07,2.55e-06,0.1,0.006231637,0.000276986,0.124284933,"d__Bacteria","d__Bacteria","d__Bacteria","k__Pseudomonadati","k__Pseudomonadati","p__Proteobacteria","Pseudomonadota","Pseudomonadota","c__Gammaproteobacteria","c__Gammaproteobacteria","c__Gammaproteobacteria","o__Burkholderiales","o__Burkholderiales","o__Burkholderiales","f__Comamonadaceae","f__Comamonadaceae","f__Comamonadaceae","","","","","","As predicted",FALSE,2.55e-06,0.000255,-5.59345982,0.1,NA,0.124284931,NA,NA,FALSE,"Neutral","Seedling"
"648","5f59131fb4fda508c070ce947135eec9",0.000148783,3.41e-06,-9065.798164,0.710011746,-52.05570549,0.066409564,0.898269126,-18127.59633,-18112.3225,2e+06,30,15320,5e-07,2.37e-06,0.033333333,0.005784878,0.000240154,0.123529673,"d__Bacteria","d__Bacteria","d__Bacteria","k__Bacillati","k__Bacillati","p__Actinobacteriota","Actinomycetota","Actinomycetota","c__Actinobacteria","c__Actinomycetes","c__Actinomycetes","o__Streptomycetales","o__Kitasatosporales","o__Kitasatosporales","f__Streptomycetaceae","f__Streptomycetaceae","f__Streptomycetaceae","g__Streptomyces","g__Streptomyces","g__Streptomyces","","","As predicted",FALSE,2.37e-06,0.000237,-5.625862906,0.033333333,NA,0.06060229,NA,NA,FALSE,"Neutral","Seedling"
"649","6492b37373a71cdcba02edab97f95a23",0.000148783,3.41e-06,-9065.798164,0.710011746,-52.05570549,0.066409564,0.898269126,-18127.59633,-18112.3225,2e+06,30,15320,5e-07,5.43e-06,0.166666667,0.013232227,0.001142718,0.13583106,"d__Bacteria","d__Bacteria","d__Bacteria","k__Pseudomonadati","k__Pseudomonadati","p__Proteobacteria","Pseudomonadota","Pseudomonadota","c__Alphaproteobacteria","c__Alphaproteobacteria","c__Alphaproteobacteria","o__Caulobacterales","o__Caulobacterales","o__Caulobacterales","f__Caulobacteraceae","f__Caulobacteraceae","f__Caulobacteraceae","g__Phenylobacterium","g__Phenylobacterium","g__Phenylobacterium","","","Above prediction",TRUE,5.43e-06,0.000543,-5.26493365,0.166666667,NA,0.102120123,NA,NA,FALSE,"Above","Seedling"
"650","6cfdf7540de93e6bac612bb99188cf1d",0.000148783,3.41e-06,-9065.798164,0.710011746,-52.05570549,0.066409564,0.898269126,-18127.59633,-18112.3225,2e+06,30,15320,5e-07,3.6e-06,0.1,0.008786577,0.000532363,0.128559397,"d__Bacteria","d__Bacteria","d__Bacteria","k__Pseudomonadati--other","k__Pseudomonadati--other","p__Planctomycetota","Planctomycetota","Planctomycetota","c__Planctomycetes","c__Planctomycetia","c__Planctomycetia","o__Gemmatales","o__Gemmatales","o__Gemmatales","f__Gemmataceae","f__Gemmataceae","f__Gemmataceae","g__uncultured","g__Incertae_Sedis","g__Incertae_Sedis","","","As predicted",FALSE,3.6e-06,0.00036,-5.443697499,0.1,NA,0.056750776,NA,NA,FALSE,"Neutral","Seedling"
"651","811deccea42bb9981df3003ed19a5669",0.000148783,3.41e-06,-9065.798164,0.710011746,-52.05570549,0.066409564,0.898269126,-18127.59633,-18112.3225,2e+06,30,15320,5e-07,2.33e-06,0.066666667,0.005703628,0.000233715,0.123392057,"d__Bacteria","d__Bacteria","d__Bacteria","k__Pseudomonadati","k__Pseudomonadati","p__Proteobacteria","Pseudomonadota","Pseudomonadota","c__Gammaproteobacteria","c__Gammaproteobacteria","c__Gammaproteobacteria","o__uncultured","o__Legionellales","","f__uncultured","f__Legionellaceae","","g__uncultured","g__Candidatus_Endonucleariibacter","","s__uncultured_organism","","As predicted",FALSE,2.33e-06,0.000233,-5.632023215,0.066666667,NA,0.042013445,NA,NA,FALSE,"Neutral","Seedling"
"652","8f83b75bc2f3107388acd9923ea7a447",0.000148783,3.41e-06,-9065.798164,0.710011746,-52.05570549,0.066409564,0.898269126,-18127.59633,-18112.3225,2e+06,30,15320,5e-07,3.45e-05,0.2,0.081245239,0.025180999,0.232378027,"d__Bacteria","d__Bacteria","d__Bacteria","k__Pseudomonadati--other","k__Pseudomonadati--other","p__Bacteroidota","Bacteroidota","Bacteroidota","c__Bacteroidia","c__Cytophagia","c__Cytophagia","o__Cytophagales","o__Cytophagales","o__Cytophagales","f__Microscillaceae","f__Chryseotaleaceae","f__Chryseotaleaceae","g__Chryseolinea","g__Chryseolinea","g__Chryseolinea","s__metagenome","s__metagenome","As predicted",FALSE,3.45e-05,0.00345,-4.461761499,0.2,NA,0.148076612,NA,NA,FALSE,"Neutral","Seedling"
"653","9028c0d6d8f88f1713351e6f9f443272",0.000148783,3.41e-06,-9065.798164,0.710011746,-52.05570549,0.066409564,0.898269126,-18127.59633,-18112.3225,2e+06,30,15320,5e-07,9.67e-07,0.033333333,0.002366794,4.22e-05,0.117667454,"d__Bacteria","d__Bacteria","d__Bacteria","k__Pseudomonadati--other","k__Pseudomonadati--other","p__Bacteroidota","Bacteroidota","Bacteroidota","c__Bacteroidia","c__Chitinophagia","c__Chitinophagia","o__Chitinophagales","o__Chitinophagales","o__Chitinophagales","f__Chitinophagaceae","f__Chitinophagaceae","f__Chitinophagaceae","","","","","","As predicted",FALSE,9.67e-07,9.67e-05,-6.014723257,0.033333333,NA,0.064187613,NA,NA,FALSE,"Neutral","Seedling"
"654","90938b5f91186ed52c02f75b4d65a492",0.000148783,3.41e-06,-9065.798164,0.710011746,-52.05570549,0.066409564,0.898269126,-18127.59633,-18112.3225,2e+06,30,15320,5e-07,0.0006086,0.933333333,0.780570786,0.605694598,0.89174989,"d__Bacteria","d__Bacteria","d__Bacteria","k__Pseudomonadati","k__Pseudomonadati","p__Proteobacteria","Pseudomonadota","Pseudomonadota","c__Alphaproteobacteria","c__Alphaproteobacteria","c__Alphaproteobacteria","o__Rhizobiales","o__Hyphomicrobiales--other","o__Hyphomicrobiales--other","f__Rhizobiaceae","f__Rhizobiaceae--other","f__Rhizobiaceae--other","g__Mesorhizobium","","g__Zhengella","","s__Mesorhizobium_sp.","Above prediction",TRUE,0.0006086,0.06086,-3.215668052,0.933333333,NA,0.389210967,NA,NA,FALSE,"Above","Seedling"
"655","9828341287c53b76acf7ca753c0364cc",0.000148783,3.41e-06,-9065.798164,0.710011746,-52.05570549,0.066409564,0.898269126,-18127.59633,-18112.3225,2e+06,30,15320,5e-07,0.003886233,0.833333333,0.999965326,0.88642514,0.999999991,"d__Bacteria","d__Bacteria","d__Bacteria","k__Pseudomonadati","k__Pseudomonadati","p__Proteobacteria","Pseudomonadota","Pseudomonadota","c__Alphaproteobacteria","c__Alphaproteobacteria","c__Alphaproteobacteria","o__Sphingomonadales","o__Sphingomonadales","o__Sphingomonadales","f__Sphingomonadaceae","f__Parasphingopyxidaceae","f__Parasphingopyxidaceae","g__Novosphingobium","","","","","Below prediction",FALSE,0.003886233,0.3886233,-2.410471127,0.833333333,NA,0.391535605,NA,NA,FALSE,"Below","Seedling"
"656","a60f0b4bc20e5a162b45b3d2ed7a0d6c",0.000148783,3.41e-06,-9065.798164,0.710011746,-52.05570549,0.066409564,0.898269126,-18127.59633,-18112.3225,2e+06,30,15320,5e-07,0.00181785,0.966666667,0.990440009,0.870160995,0.999376004,"d__Bacteria","d__Bacteria","d__Bacteria","k__Pseudomonadati","k__Pseudomonadati","p__Proteobacteria","Pseudomonadota","Pseudomonadota","c__Alphaproteobacteria","c__Alphaproteobacteria","c__Alphaproteobacteria","o__Caulobacterales","o__Caulobacterales","o__Caulobacterales","f__Caulobacteraceae","f__Caulobacteraceae","f__Caulobacteraceae","g__Caulobacter","g__Caulobacter","g__Caulobacter","","s__Caulobacter_sp.","As predicted",FALSE,0.00181785,0.181785,-2.740441955,0.966666667,NA,0.479599449,NA,NA,FALSE,"Neutral","Seedling"
"657","a652f496fb4f9105e6797d717c3926ef",0.000148783,3.41e-06,-9065.798164,0.710011746,-52.05570549,0.066409564,0.898269126,-18127.59633,-18112.3225,2e+06,30,15320,5e-07,0.000712517,0.566666667,0.831402886,0.66215376,0.925414679,"d__Bacteria","d__Bacteria","d__Bacteria","k__Pseudomonadati--other","k__Pseudomonadati--other","p__Acidobacteriota","Acidobacteriota","Acidobacteriota","c__Blastocatellia","c__Blastocatellia","c__Blastocatellia","o__Blastocatellales","o__Blastocatellales","o__Blastocatellales","f__Blastocatellaceae","f__Blastocatellaceae","f__Blastocatellaceae","g__uncultured","g__Stenotrophobacter","","","","Below prediction",FALSE,0.000712517,0.0712517,-3.147204973,0.566666667,NA,0.217762445,NA,NA,FALSE,"Below","Seedling"
"658","b394e0ec5c9154abb2aa22921eb10cf1",0.000148783,3.41e-06,-9065.798164,0.710011746,-52.05570549,0.066409564,0.898269126,-18127.59633,-18112.3225,2e+06,30,15320,5e-07,7.02e-06,0.1,0.01705599,0.001816906,0.1419363,"d__Bacteria","d__Bacteria","d__Bacteria","k__Pseudomonadati","k__Pseudomonadati","p__Proteobacteria","Pseudomonadota","Pseudomonadota","c__Gammaproteobacteria","c__Gammaproteobacteria","c__Gammaproteobacteria","o__Gammaproteobacteria_Incertae_Sedis","o__Legionellales","o__Legionellales","f__Unknown_Family","f__Legionellaceae","f__Legionellaceae","g__Candidatus_Berkiella","g__Candidatus_Berkiella","g__Candidatus_Berkiella","s__uncultured_bacterium","s__uncultured_bacterium","As predicted",FALSE,7.02e-06,0.000702,-5.153869155,0.1,NA,0.116267813,NA,NA,FALSE,"Neutral","Seedling"
"659","d1f4babdfa6aa29532c66b9b1b30c201",0.000148783,3.41e-06,-9065.798164,0.710011746,-52.05570549,0.066409564,0.898269126,-18127.59633,-18112.3225,2e+06,30,15320,5e-07,0.000784433,0.833333333,0.859608156,0.694830883,0.942744745,"d__Bacteria","d__Bacteria","d__Bacteria","k__Pseudomonadati","k__Pseudomonadati","p__Proteobacteria","Pseudomonadota","Pseudomonadota","c__Alphaproteobacteria","c__Alphaproteobacteria","c__Alphaproteobacteria","o__Rhizobiales","o__Hyphomicrobiales","o__Hyphomicrobiales","f__Rhizobiales_Incertae_Sedis","f__Aestuariivirgaceae","f__Aestuariivirgaceae","g__Nordella","g__Taklimakanibacter","g__Taklimakanibacter","s__Nordella_oligomobilis","s__Nordella_oligomobilis","As predicted",FALSE,0.000784433,0.0784433,-3.10544396,0.833333333,NA,0.324439206,NA,NA,FALSE,"Neutral","Seedling"
"660","d88fdd25cf0defbbeed5e4a61038ecee",0.000148783,3.41e-06,-9065.798164,0.710011746,-52.05570549,0.066409564,0.898269126,-18127.59633,-18112.3225,2e+06,30,15320,5e-07,0.003141983,0.766666667,0.999729896,0.886008288,0.999999433,"d__Bacteria","d__Bacteria","d__Bacteria","k__Pseudomonadati","k__Pseudomonadati","p__Proteobacteria","Pseudomonadota","Pseudomonadota","c__Alphaproteobacteria","c__Alphaproteobacteria","c__Alphaproteobacteria","o__Sphingomonadales","o__Sphingomonadales","o__Sphingomonadales","f__Sphingomonadaceae","f__Parasphingopyxidaceae","f__Parasphingopyxidaceae","g__Novosphingobium","","g__Novosphingobium","","","Below prediction",FALSE,0.003141983,0.3141983,-2.502796123,0.766666667,NA,0.321284629,NA,NA,FALSE,"Below","Seedling"
"661","df14ed79583b7b54bd7c109a02e8dace",0.000148783,3.41e-06,-9065.798164,0.710011746,-52.05570549,0.066409564,0.898269126,-18127.59633,-18112.3225,2e+06,30,15320,5e-07,0.00278435,0.933333333,0.999283973,0.885221069,0.99999604,"d__Bacteria","d__Bacteria","d__Bacteria","k__Pseudomonadati","k__Pseudomonadati","p__Proteobacteria","Pseudomonadota","Pseudomonadota","c__Alphaproteobacteria","c__Alphaproteobacteria","c__Alphaproteobacteria","o__Sphingomonadales","o__Sphingomonadales","o__Sphingomonadales","f__Sphingomonadaceae","f__Parasphingopyxidaceae","f__Parasphingopyxidaceae","g__Novosphingobium","","g__Novosphingobium","","","As predicted",FALSE,0.00278435,0.278435,-2.555276174,0.933333333,NA,0.412999521,NA,NA,FALSE,"Neutral","Seedling"
"662","f63dd2f75fd6bccfbb13840befa6259f",0.000148783,3.41e-06,-9065.798164,0.710011746,-52.05570549,0.066409564,0.898269126,-18127.59633,-18112.3225,2e+06,30,15320,5e-07,1.05e-05,0.166666667,0.025377601,0.003687631,0.154819569,"d__Bacteria","d__Bacteria","d__Bacteria","k__Pseudomonadati","k__Pseudomonadati","p__Proteobacteria","Pseudomonadota","Pseudomonadota","c__Gammaproteobacteria","c__Gammaproteobacteria","c__Gammaproteobacteria","o__Burkholderiales","o__Spirillales--other","o__Spirillales--other","f__Nitrosomonadaceae","f__Nitrosomonadaceae","f__Nitrosomonadaceae","g__Nitrosomonas","g__Nitrosomonas","g__Nitrosomonas","s__Nitrosomonas_communis","s__Nitrosomonas_communis","Above prediction",TRUE,1.05e-05,0.00105,-4.979500605,0.166666667,NA,0.096072125,NA,NA,FALSE,"Above","Seedling"
"663","092bc2589a8638b68012c8ab88e3fcc1",0.000204404,4.25e-06,-7779.134284,0.753947962,-42.49479358,0.068200242,0.906757321,-15554.26857,-15539.12277,2e+06,24,14370,5e-07,2.02e-05,0.291666667,0.063258013,0.014856862,0.232179167,"d__Bacteria","d__Bacteria","d__Bacteria","k__Pseudomonadati--other","k__Pseudomonadati--other","p__Planctomycetota","Planctomycetota","Planctomycetota","c__Planctomycetes","c__Planctomycetia","c__Planctomycetia","o__Pirellulales","o__Pirellulales","o__Pirellulales","f__Pirellulaceae","f__Pirellulaceae","f__Pirellulaceae","g__Pirellula","g__Pirellula--other","g__Pirellula--other","s__uncultured_bacterium","s__uncultured_bacterium","Above prediction",TRUE,2.02e-05,0.00202,-4.69536588,0.291666667,NA,0.214276988,NA,NA,FALSE,"Above","Early Vegetative"
"664","19f9f30d5492ed1f3f968da3d20389b1",0.000204404,4.25e-06,-7779.134284,0.753947962,-42.49479358,0.068200242,0.906757321,-15554.26857,-15539.12277,2e+06,24,14370,5e-07,9.17e-07,0.041666667,0.002963518,5.29e-05,0.143032521,"d__Bacteria","d__Bacteria","d__Bacteria","k__Pseudomonadati--other","k__Pseudomonadati--other","p__Planctomycetota","Planctomycetota","Planctomycetota","c__Planctomycetes","c__Planctomycetia","c__Planctomycetia","o__Gemmatales","o__Gemmatales","o__Gemmatales","f__Gemmataceae","f__Gemmataceae","f__Gemmataceae","g__uncultured","g__Incertae_Sedis","g__Incertae_Sedis","s__uncultured_bacterium","","As predicted",FALSE,9.17e-07,9.17e-05,-6.037788561,0.041666667,NA,0.020392877,NA,NA,FALSE,"Neutral","Early Vegetative"
"665","3e95ce55121f2bd0a6cf2967d742df09",0.000204404,4.25e-06,-7779.134284,0.753947962,-42.49479358,0.068200242,0.906757321,-15554.26857,-15539.12277,2e+06,24,14370,5e-07,3.75e-05,0.125,0.114439526,0.037972804,0.297302591,"d__Bacteria","d__Bacteria","d__Bacteria","k__Pseudomonadati","k__Pseudomonadati","p__Proteobacteria","Pseudomonadota","Pseudomonadota","c__Alphaproteobacteria","c__Alphaproteobacteria","c__Alphaproteobacteria","o__Sphingomonadales","o__Sphingomonadales","o__Sphingomonadales","f__Sphingomonadaceae","","f__Parasphingopyxidaceae","g__Novosphingobium","","g__Flavinovosphingobium","","s__uncultured_Novosphingobium","As predicted",FALSE,3.75e-05,0.00375,-4.426210074,0.125,NA,0.163182486,NA,NA,FALSE,"Neutral","Early Vegetative"
"666","4473ac847f597164696bc96da74ca753",0.000204404,4.25e-06,-7779.134284,0.753947962,-42.49479358,0.068200242,0.906757321,-15554.26857,-15539.12277,2e+06,24,14370,5e-07,0.002909958,1,0.999962862,0.861959777,0.999999991,"d__Bacteria","d__Bacteria","d__Bacteria","k__Pseudomonadati","k__Pseudomonadati","p__Proteobacteria","Pseudomonadota","Pseudomonadota","c__Alphaproteobacteria","c__Alphaproteobacteria","c__Alphaproteobacteria","o__Rhizobiales","o__Hyphomicrobiales--other","o__Hyphomicrobiales--other","f__Beijerinckiaceae","f__Boseaceae","f__Boseaceae","g__Bosea","g__Bosea","g__Bosea","","s__metagenome","Above prediction",TRUE,0.002909958,0.2909958,-2.536113229,1,NA,0.366711362,NA,NA,FALSE,"Above","Early Vegetative"
"667","4fb203e3e3100ecbb0c432656829bef9",0.000204404,4.25e-06,-7779.134284,0.753947962,-42.49479358,0.068200242,0.906757321,-15554.26857,-15539.12277,2e+06,24,14370,5e-07,4.27e-06,0.041666667,0.013734576,0.00101225,0.160643017,"d__Bacteria","d__Bacteria","d__Bacteria","k__Pseudomonadati","k__Pseudomonadati","p__Proteobacteria","Pseudomonadota","Pseudomonadota","c__Gammaproteobacteria","c__Gammaproteobacteria","c__Gammaproteobacteria","o__uncultured","o__Legionellales","o__Legionellales","f__uncultured","f__Legionellaceae","f__Legionellaceae","g__uncultured","g__Candidatus_Endonucleariibacter","g__Candidatus_Endonucleariibacter","s__metagenome","s__uncultured_bacterium","As predicted",FALSE,4.27e-06,0.000427,-5.369487376,0.041666667,NA,0.046483942,NA,NA,FALSE,"Neutral","Early Vegetative"
"668","5009dd39373c7f4120f9846c42ad42ad",0.000204404,4.25e-06,-7779.134284,0.753947962,-42.49479358,0.068200242,0.906757321,-15554.26857,-15539.12277,2e+06,24,14370,5e-07,0.000104854,0.25,0.288911604,0.147173266,0.488900294,"d__Bacteria","d__Bacteria","d__Bacteria","k__Pseudomonadati","k__Pseudomonadati","p__Proteobacteria","Pseudomonadota","Pseudomonadota","c__Alphaproteobacteria","c__Alphaproteobacteria","c__Alphaproteobacteria","o__Caulobacterales","o__Hyphomonadales","o__Hyphomonadales","f__Hyphomonadaceae","f__Hyphomonadaceae","f__Hyphomonadaceae","g__Hirschia","g__Asprobacter","g__Asprobacter","s__uncultured_bacterium","s__uncultured_bacterium","As predicted",FALSE,0.000104854,0.0104854,-3.979414307,0.25,NA,0.22746876,NA,NA,FALSE,"Neutral","Early Vegetative"
"669","5b3177319096715b0e5487165e09768d",0.000204404,4.25e-06,-7779.134284,0.753947962,-42.49479358,0.068200242,0.906757321,-15554.26857,-15539.12277,2e+06,24,14370,5e-07,5.21e-06,0.041666667,0.016724803,0.001458247,0.165352314,"d__Bacteria","d__Bacteria","d__Bacteria","k__Pseudomonadati","k__Pseudomonadati","p__Proteobacteria","Pseudomonadota","Pseudomonadota","c__Gammaproteobacteria","c__Gammaproteobacteria","c__Gammaproteobacteria","o__Burkholderiales","o__Burkholderiales","o__Burkholderiales","f__Comamonadaceae","f__Comamonadaceae","f__Comamonadaceae","","","","","","As predicted",FALSE,5.21e-06,0.000521,-5.283301229,0.041666667,NA,0.114654776,NA,NA,FALSE,"Neutral","Early Vegetative"
"670","6492b37373a71cdcba02edab97f95a23",0.000204404,4.25e-06,-7779.134284,0.753947962,-42.49479358,0.068200242,0.906757321,-15554.26857,-15539.12277,2e+06,24,14370,5e-07,1.85e-05,0.166666667,0.058181382,0.012949729,0.225333946,"d__Bacteria","d__Bacteria","d__Bacteria","k__Pseudomonadati","k__Pseudomonadati","p__Proteobacteria","Pseudomonadota","Pseudomonadota","c__Alphaproteobacteria","c__Alphaproteobacteria","c__Alphaproteobacteria","o__Caulobacterales","o__Caulobacterales","o__Caulobacterales","f__Caulobacteraceae","f__Caulobacteraceae","f__Caulobacteraceae","g__Phenylobacterium","g__Phenylobacterium","g__Phenylobacterium","","","As predicted",FALSE,1.85e-05,0.00185,-4.732828272,0.166666667,NA,0.188436061,NA,NA,FALSE,"Neutral","Early Vegetative"
"671","6cfdf7540de93e6bac612bb99188cf1d",0.000204404,4.25e-06,-7779.134284,0.753947962,-42.49479358,0.068200242,0.906757321,-15554.26857,-15539.12277,2e+06,24,14370,5e-07,3.28e-05,0.125,0.100796377,0.031219253,0.280534702,"d__Bacteria","d__Bacteria","d__Bacteria","k__Pseudomonadati--other","k__Pseudomonadati--other","p__Planctomycetota","Planctomycetota","Planctomycetota","c__Planctomycetes","c__Planctomycetia","c__Planctomycetia","o__Gemmatales","o__Gemmatales","o__Gemmatales","f__Gemmataceae","f__Gemmataceae","f__Gemmataceae","g__uncultured","g__Incertae_Sedis","g__Incertae_Sedis","","","As predicted",FALSE,3.28e-05,0.00328,-4.484512515,0.125,NA,0.191434101,NA,NA,FALSE,"Neutral","Early Vegetative"
"672","811deccea42bb9981df3003ed19a5669",0.000204404,4.25e-06,-7779.134284,0.753947962,-42.49479358,0.068200242,0.906757321,-15554.26857,-15539.12277,2e+06,24,14370,5e-07,1.1e-05,0.166666667,0.034937805,0.005458991,0.192751652,"d__Bacteria","d__Bacteria","d__Bacteria","k__Pseudomonadati","k__Pseudomonadati","p__Proteobacteria","Pseudomonadota","Pseudomonadota","c__Gammaproteobacteria","c__Gammaproteobacteria","c__Gammaproteobacteria","o__uncultured","o__Legionellales","","f__uncultured","f__Legionellaceae","","g__uncultured","g__Candidatus_Endonucleariibacter","","s__uncultured_organism","","As predicted",FALSE,1.1e-05,0.0011,-4.959430622,0.166666667,NA,0.144096886,NA,NA,FALSE,"Neutral","Early Vegetative"
"673","8f83b75bc2f3107388acd9923ea7a447",0.000204404,4.25e-06,-7779.134284,0.753947962,-42.49479358,0.068200242,0.906757321,-15554.26857,-15539.12277,2e+06,24,14370,5e-07,2.1e-05,0.208333333,0.065849444,0.015862519,0.235641262,"d__Bacteria","d__Bacteria","d__Bacteria","k__Pseudomonadati--other","k__Pseudomonadati--other","p__Bacteroidota","Bacteroidota","Bacteroidota","c__Bacteroidia","c__Cytophagia","c__Cytophagia","o__Cytophagales","o__Cytophagales","o__Cytophagales","f__Microscillaceae","f__Chryseotaleaceae","f__Chryseotaleaceae","g__Chryseolinea","g__Chryseolinea","g__Chryseolinea","s__metagenome","s__metagenome","As predicted",FALSE,2.1e-05,0.0021,-4.677350071,0.208333333,NA,0.117911609,NA,NA,FALSE,"Neutral","Early Vegetative"
"674","90938b5f91186ed52c02f75b4d65a492",0.000204404,4.25e-06,-7779.134284,0.753947962,-42.49479358,0.068200242,0.906757321,-15554.26857,-15539.12277,2e+06,24,14370,5e-07,0.000689083,1,0.898609664,0.718727431,0.9684946,"d__Bacteria","d__Bacteria","d__Bacteria","k__Pseudomonadati","k__Pseudomonadati","p__Proteobacteria","Pseudomonadota","Pseudomonadota","c__Alphaproteobacteria","c__Alphaproteobacteria","c__Alphaproteobacteria","o__Rhizobiales","o__Hyphomicrobiales--other","o__Hyphomicrobiales--other","f__Rhizobiaceae","f__Rhizobiaceae--other","f__Rhizobiaceae--other","g__Mesorhizobium","","g__Zhengella","","s__Mesorhizobium_sp.","Above prediction",TRUE,0.000689083,0.0689083,-3.161728254,1,NA,0.428683314,NA,NA,FALSE,"Above","Early Vegetative"
"675","9828341287c53b76acf7ca753c0364cc",0.000204404,4.25e-06,-7779.134284,0.753947962,-42.49479358,0.068200242,0.906757321,-15554.26857,-15539.12277,2e+06,24,14370,5e-07,0.003590604,1,0.99999706,0.862018726,1,"d__Bacteria","d__Bacteria","d__Bacteria","k__Pseudomonadati","k__Pseudomonadati","p__Proteobacteria","Pseudomonadota","Pseudomonadota","c__Alphaproteobacteria","c__Alphaproteobacteria","c__Alphaproteobacteria","o__Sphingomonadales","o__Sphingomonadales","o__Sphingomonadales","f__Sphingomonadaceae","f__Parasphingopyxidaceae","f__Parasphingopyxidaceae","g__Novosphingobium","","","","","Above prediction",TRUE,0.003590604,0.3590604,-2.444832469,1,NA,0.412269506,NA,NA,FALSE,"Above","Early Vegetative"
"676","a60f0b4bc20e5a162b45b3d2ed7a0d6c",0.000204404,4.25e-06,-7779.134284,0.753947962,-42.49479358,0.068200242,0.906757321,-15554.26857,-15539.12277,2e+06,24,14370,5e-07,0.001313813,0.916666667,0.988264603,0.842545392,0.999246021,"d__Bacteria","d__Bacteria","d__Bacteria","k__Pseudomonadati","k__Pseudomonadati","p__Proteobacteria","Pseudomonadota","Pseudomonadota","c__Alphaproteobacteria","c__Alphaproteobacteria","c__Alphaproteobacteria","o__Caulobacterales","o__Caulobacterales","o__Caulobacterales","f__Caulobacteraceae","f__Caulobacteraceae","f__Caulobacteraceae","g__Caulobacter","g__Caulobacter","g__Caulobacter","","s__Caulobacter_sp.","As predicted",FALSE,0.001313813,0.1313813,-2.88146661,0.916666667,NA,0.397039482,NA,NA,FALSE,"Neutral","Early Vegetative"
"677","a652f496fb4f9105e6797d717c3926ef",0.000204404,4.25e-06,-7779.134284,0.753947962,-42.49479358,0.068200242,0.906757321,-15554.26857,-15539.12277,2e+06,24,14370,5e-07,0.001390313,0.916666667,0.991027217,0.847007924,0.999546367,"d__Bacteria","d__Bacteria","d__Bacteria","k__Pseudomonadati--other","k__Pseudomonadati--other","p__Acidobacteriota","Acidobacteriota","Acidobacteriota","c__Blastocatellia","c__Blastocatellia","c__Blastocatellia","o__Blastocatellales","o__Blastocatellales","o__Blastocatellales","f__Blastocatellaceae","f__Blastocatellaceae","f__Blastocatellaceae","g__uncultured","g__Stenotrophobacter","","","","As predicted",FALSE,0.001390313,0.1390313,-2.856887573,0.916666667,NA,0.386886496,NA,NA,FALSE,"Neutral","Early Vegetative"
"678","d1f4babdfa6aa29532c66b9b1b30c201",0.000204404,4.25e-06,-7779.134284,0.753947962,-42.49479358,0.068200242,0.906757321,-15554.26857,-15539.12277,2e+06,24,14370,5e-07,0.000568208,0.916666667,0.847366531,0.657514003,0.941362427,"d__Bacteria","d__Bacteria","d__Bacteria","k__Pseudomonadati","k__Pseudomonadati","p__Proteobacteria","Pseudomonadota","Pseudomonadota","c__Alphaproteobacteria","c__Alphaproteobacteria","c__Alphaproteobacteria","o__Rhizobiales","o__Hyphomicrobiales","o__Hyphomicrobiales","f__Rhizobiales_Incertae_Sedis","f__Aestuariivirgaceae","f__Aestuariivirgaceae","g__Nordella","g__Taklimakanibacter","g__Taklimakanibacter","s__Nordella_oligomobilis","s__Nordella_oligomobilis","As predicted",FALSE,0.000568208,0.0568208,-3.245492401,0.916666667,NA,0.289604597,NA,NA,FALSE,"Neutral","Early Vegetative"
"679","d88fdd25cf0defbbeed5e4a61038ecee",0.000204404,4.25e-06,-7779.134284,0.753947962,-42.49479358,0.068200242,0.906757321,-15554.26857,-15539.12277,2e+06,24,14370,5e-07,0.003479167,0.958333333,0.999995534,0.862016096,1,"d__Bacteria","d__Bacteria","d__Bacteria","k__Pseudomonadati","k__Pseudomonadati","p__Proteobacteria","Pseudomonadota","Pseudomonadota","c__Alphaproteobacteria","c__Alphaproteobacteria","c__Alphaproteobacteria","o__Sphingomonadales","o__Sphingomonadales","o__Sphingomonadales","f__Sphingomonadaceae","f__Parasphingopyxidaceae","f__Parasphingopyxidaceae","g__Novosphingobium","","g__Novosphingobium","","","As predicted",FALSE,0.003479167,0.3479167,-2.458524766,0.958333333,NA,0.377990281,NA,NA,FALSE,"Neutral","Early Vegetative"
"680","df14ed79583b7b54bd7c109a02e8dace",0.000204404,4.25e-06,-7779.134284,0.753947962,-42.49479358,0.068200242,0.906757321,-15554.26857,-15539.12277,2e+06,24,14370,5e-07,0.002854667,1,0.999954452,0.861945281,0.999999987,"d__Bacteria","d__Bacteria","d__Bacteria","k__Pseudomonadati","k__Pseudomonadati","p__Proteobacteria","Pseudomonadota","Pseudomonadota","c__Alphaproteobacteria","c__Alphaproteobacteria","c__Alphaproteobacteria","o__Sphingomonadales","o__Sphingomonadales","o__Sphingomonadales","f__Sphingomonadaceae","f__Parasphingopyxidaceae","f__Parasphingopyxidaceae","g__Novosphingobium","","g__Novosphingobium","","","Above prediction",TRUE,0.002854667,0.2854667,-2.544444596,1,NA,0.432859495,NA,NA,FALSE,"Above","Early Vegetative"
"681","f63dd2f75fd6bccfbb13840befa6259f",0.000204404,4.25e-06,-7779.134284,0.753947962,-42.49479358,0.068200242,0.906757321,-15554.26857,-15539.12277,2e+06,24,14370,5e-07,3.36e-05,0.208333333,0.103347229,0.032453393,0.283698353,"d__Bacteria","d__Bacteria","d__Bacteria","k__Pseudomonadati","k__Pseudomonadati","p__Proteobacteria","Pseudomonadota","Pseudomonadota","c__Gammaproteobacteria","c__Gammaproteobacteria","c__Gammaproteobacteria","o__Burkholderiales","o__Spirillales--other","o__Spirillales--other","f__Nitrosomonadaceae","f__Nitrosomonadaceae","f__Nitrosomonadaceae","g__Nitrosomonas","g__Nitrosomonas","g__Nitrosomonas","s__Nitrosomonas_communis","s__Nitrosomonas_communis","As predicted",FALSE,3.36e-05,0.00336,-4.473068711,0.208333333,NA,0.192428037,NA,NA,FALSE,"Neutral","Early Vegetative"
"682","092bc2589a8638b68012c8ab88e3fcc1",0.000202526,3.54e-06,-12041.92634,0.763673117,-52.9312371,0.060060631,0.90730545,-24079.85267,-24064.10796,2e+06,26,19387,5e-07,3.56e-06,0.076923077,0.011362544,0.000761247,0.147767386,"d__Bacteria","d__Bacteria","d__Bacteria","k__Pseudomonadati--other","k__Pseudomonadati--other","p__Planctomycetota","Planctomycetota","Planctomycetota","c__Planctomycetes","c__Planctomycetia","c__Planctomycetia","o__Pirellulales","o__Pirellulales","o__Pirellulales","f__Pirellulaceae","f__Pirellulaceae","f__Pirellulaceae","g__Pirellula","g__Pirellula--other","g__Pirellula--other","s__uncultured_bacterium","s__uncultured_bacterium","As predicted",FALSE,3.56e-06,0.000356,-5.448831615,0.076923077,NA,0.04621975,NA,NA,FALSE,"Neutral","Late Vegetative"
"683","19f9f30d5492ed1f3f968da3d20389b1",0.000202526,3.54e-06,-12041.92634,0.763673117,-52.9312371,0.060060631,0.90730545,-24079.85267,-24064.10796,2e+06,26,19387,5e-07,2.11e-05,0.115384615,0.065621937,0.016563641,0.226514272,"d__Bacteria","d__Bacteria","d__Bacteria","k__Pseudomonadati--other","k__Pseudomonadati--other","p__Planctomycetota","Planctomycetota","Planctomycetota","c__Planctomycetes","c__Planctomycetia","c__Planctomycetia","o__Gemmatales","o__Gemmatales","o__Gemmatales","f__Gemmataceae","f__Gemmataceae","f__Gemmataceae","g__uncultured","g__Incertae_Sedis","g__Incertae_Sedis","s__uncultured_bacterium","","As predicted",FALSE,2.11e-05,0.00211,-4.675401004,0.115384615,NA,0.162874032,NA,NA,FALSE,"Neutral","Late Vegetative"
"684","3e95ce55121f2bd0a6cf2967d742df09",0.000202526,3.54e-06,-12041.92634,0.763673117,-52.9312371,0.060060631,0.90730545,-24079.85267,-24064.10796,2e+06,26,19387,5e-07,2.3e-05,0.038461538,0.071155719,0.01886349,0.233857272,"d__Bacteria","d__Bacteria","d__Bacteria","k__Pseudomonadati","k__Pseudomonadati","p__Proteobacteria","Pseudomonadota","Pseudomonadota","c__Alphaproteobacteria","c__Alphaproteobacteria","c__Alphaproteobacteria","o__Sphingomonadales","o__Sphingomonadales","o__Sphingomonadales","f__Sphingomonadaceae","","f__Parasphingopyxidaceae","g__Novosphingobium","","g__Flavinovosphingobium","","s__uncultured_Novosphingobium","As predicted",FALSE,2.3e-05,0.0023,-4.638999017,0.038461538,NA,0.070849598,NA,NA,FALSE,"Neutral","Late Vegetative"
"685","4473ac847f597164696bc96da74ca753",0.000202526,3.54e-06,-12041.92634,0.763673117,-52.9312371,0.060060631,0.90730545,-24079.85267,-24064.10796,2e+06,26,19387,5e-07,0.003624923,1,0.999997111,0.871266043,1,"d__Bacteria","d__Bacteria","d__Bacteria","k__Pseudomonadati","k__Pseudomonadati","p__Proteobacteria","Pseudomonadota","Pseudomonadota","c__Alphaproteobacteria","c__Alphaproteobacteria","c__Alphaproteobacteria","o__Rhizobiales","o__Hyphomicrobiales--other","o__Hyphomicrobiales--other","f__Beijerinckiaceae","f__Boseaceae","f__Boseaceae","g__Bosea","g__Bosea","g__Bosea","","s__metagenome","Above prediction",TRUE,0.003624923,0.3624923,-2.440701205,1,NA,0.409289288,NA,NA,FALSE,"Above","Late Vegetative"
"686","4fb203e3e3100ecbb0c432656829bef9",0.000202526,3.54e-06,-12041.92634,0.763673117,-52.9312371,0.060060631,0.90730545,-24079.85267,-24064.10796,2e+06,26,19387,5e-07,8.12e-06,0.115384615,0.025735301,0.003390748,0.17018302,"d__Bacteria","d__Bacteria","d__Bacteria","k__Pseudomonadati","k__Pseudomonadati","p__Proteobacteria","Pseudomonadota","Pseudomonadota","c__Gammaproteobacteria","c__Gammaproteobacteria","c__Gammaproteobacteria","o__uncultured","o__Legionellales","o__Legionellales","f__uncultured","f__Legionellaceae","f__Legionellaceae","g__uncultured","g__Candidatus_Endonucleariibacter","g__Candidatus_Endonucleariibacter","s__metagenome","s__uncultured_bacterium","As predicted",FALSE,8.12e-06,0.000812,-5.090690893,0.115384615,NA,0.106630333,NA,NA,FALSE,"Neutral","Late Vegetative"
"687","5009dd39373c7f4120f9846c42ad42ad",0.000202526,3.54e-06,-12041.92634,0.763673117,-52.9312371,0.060060631,0.90730545,-24079.85267,-24064.10796,2e+06,26,19387,5e-07,5.85e-05,0.269230769,0.171663403,0.072186851,0.355672788,"d__Bacteria","d__Bacteria","d__Bacteria","k__Pseudomonadati","k__Pseudomonadati","p__Proteobacteria","Pseudomonadota","Pseudomonadota","c__Alphaproteobacteria","c__Alphaproteobacteria","c__Alphaproteobacteria","o__Caulobacterales","o__Hyphomonadales","o__Hyphomonadales","f__Hyphomonadaceae","f__Hyphomonadaceae","f__Hyphomonadaceae","g__Hirschia","g__Asprobacter","g__Asprobacter","s__uncultured_bacterium","s__uncultured_bacterium","As predicted",FALSE,5.85e-05,0.00585,-4.232844134,0.269230769,NA,0.17631903,NA,NA,FALSE,"Neutral","Late Vegetative"
"688","6492b37373a71cdcba02edab97f95a23",0.000202526,3.54e-06,-12041.92634,0.763673117,-52.9312371,0.060060631,0.90730545,-24079.85267,-24064.10796,2e+06,26,19387,5e-07,1.3e-05,0.153846154,0.040794468,0.007541115,0.192273888,"d__Bacteria","d__Bacteria","d__Bacteria","k__Pseudomonadati","k__Pseudomonadati","p__Proteobacteria","Pseudomonadota","Pseudomonadota","c__Alphaproteobacteria","c__Alphaproteobacteria","c__Alphaproteobacteria","o__Caulobacterales","o__Caulobacterales","o__Caulobacterales","f__Caulobacteraceae","f__Caulobacteraceae","f__Caulobacteraceae","g__Phenylobacterium","g__Phenylobacterium","g__Phenylobacterium","","","As predicted",FALSE,1.3e-05,0.0013,-4.887343447,0.153846154,NA,0.151539335,NA,NA,FALSE,"Neutral","Late Vegetative"
"689","6cfdf7540de93e6bac612bb99188cf1d",0.000202526,3.54e-06,-12041.92634,0.763673117,-52.9312371,0.060060631,0.90730545,-24079.85267,-24064.10796,2e+06,26,19387,5e-07,5.69e-06,0.076923077,0.018119614,0.001804789,0.158498323,"d__Bacteria","d__Bacteria","d__Bacteria","k__Pseudomonadati--other","k__Pseudomonadati--other","p__Planctomycetota","Planctomycetota","Planctomycetota","c__Planctomycetes","c__Planctomycetia","c__Planctomycetia","o__Gemmatales","o__Gemmatales","o__Gemmatales","f__Gemmataceae","f__Gemmataceae","f__Gemmataceae","g__uncultured","g__Incertae_Sedis","g__Incertae_Sedis","","","As predicted",FALSE,5.69e-06,0.000569,-5.244711633,0.076923077,NA,0.062588286,NA,NA,FALSE,"Neutral","Late Vegetative"
"690","811deccea42bb9981df3003ed19a5669",0.000202526,3.54e-06,-12041.92634,0.763673117,-52.9312371,0.060060631,0.90730545,-24079.85267,-24064.10796,2e+06,26,19387,5e-07,7.02e-06,0.115384615,0.022297262,0.002625947,0.164956894,"d__Bacteria","d__Bacteria","d__Bacteria","k__Pseudomonadati","k__Pseudomonadati","p__Proteobacteria","Pseudomonadota","Pseudomonadota","c__Gammaproteobacteria","c__Gammaproteobacteria","c__Gammaproteobacteria","o__uncultured","o__Legionellales","","f__uncultured","f__Legionellaceae","","g__uncultured","g__Candidatus_Endonucleariibacter","","s__uncultured_organism","","As predicted",FALSE,7.02e-06,0.000702,-5.153710479,0.115384615,NA,0.095865921,NA,NA,FALSE,"Neutral","Late Vegetative"
"691","8f83b75bc2f3107388acd9923ea7a447",0.000202526,3.54e-06,-12041.92634,0.763673117,-52.9312371,0.060060631,0.90730545,-24079.85267,-24064.10796,2e+06,26,19387,5e-07,2.52e-05,0.153846154,0.077856855,0.021767141,0.242630634,"d__Bacteria","d__Bacteria","d__Bacteria","k__Pseudomonadati--other","k__Pseudomonadati--other","p__Bacteroidota","Bacteroidota","Bacteroidota","c__Bacteroidia","c__Cytophagia","c__Cytophagia","o__Cytophagales","o__Cytophagales","o__Cytophagales","f__Microscillaceae","f__Chryseotaleaceae","f__Chryseotaleaceae","g__Chryseolinea","g__Chryseolinea","g__Chryseolinea","s__metagenome","s__metagenome","As predicted",FALSE,2.52e-05,0.00252,-4.598400652,0.153846154,NA,0.11096735,NA,NA,FALSE,"Neutral","Late Vegetative"
"692","90938b5f91186ed52c02f75b4d65a492",0.000202526,3.54e-06,-12041.92634,0.763673117,-52.9312371,0.060060631,0.90730545,-24079.85267,-24064.10796,2e+06,26,19387,5e-07,0.00063225,0.961538462,0.874918506,0.698527215,0.954784087,"d__Bacteria","d__Bacteria","d__Bacteria","k__Pseudomonadati","k__Pseudomonadati","p__Proteobacteria","Pseudomonadota","Pseudomonadota","c__Alphaproteobacteria","c__Alphaproteobacteria","c__Alphaproteobacteria","o__Rhizobiales","o__Hyphomicrobiales--other","o__Hyphomicrobiales--other","f__Rhizobiaceae","f__Rhizobiaceae--other","f__Rhizobiaceae--other","g__Mesorhizobium","","g__Zhengella","","s__Mesorhizobium_sp.","Above prediction",TRUE,0.00063225,0.063225,-3.199111162,0.961538462,NA,0.402650698,NA,NA,FALSE,"Above","Late Vegetative"
"693","9828341287c53b76acf7ca753c0364cc",0.000202526,3.54e-06,-12041.92634,0.763673117,-52.9312371,0.060060631,0.90730545,-24079.85267,-24064.10796,2e+06,26,19387,5e-07,0.003616827,1,0.999997022,0.871265889,1,"d__Bacteria","d__Bacteria","d__Bacteria","k__Pseudomonadati","k__Pseudomonadati","p__Proteobacteria","Pseudomonadota","Pseudomonadota","c__Alphaproteobacteria","c__Alphaproteobacteria","c__Alphaproteobacteria","o__Sphingomonadales","o__Sphingomonadales","o__Sphingomonadales","f__Sphingomonadaceae","f__Parasphingopyxidaceae","f__Parasphingopyxidaceae","g__Novosphingobium","","","","","Above prediction",TRUE,0.003616827,0.3616827,-2.441672273,1,NA,0.413772203,NA,NA,FALSE,"Above","Late Vegetative"
"694","a60f0b4bc20e5a162b45b3d2ed7a0d6c",0.000202526,3.54e-06,-12041.92634,0.763673117,-52.9312371,0.060060631,0.90730545,-24079.85267,-24064.10796,2e+06,26,19387,5e-07,0.000974423,0.807692308,0.960764605,0.809959447,0.992942302,"d__Bacteria","d__Bacteria","d__Bacteria","k__Pseudomonadati","k__Pseudomonadati","p__Proteobacteria","Pseudomonadota","Pseudomonadota","c__Alphaproteobacteria","c__Alphaproteobacteria","c__Alphaproteobacteria","o__Caulobacterales","o__Caulobacterales","o__Caulobacterales","f__Caulobacteraceae","f__Caulobacteraceae","f__Caulobacteraceae","g__Caulobacter","g__Caulobacter","g__Caulobacter","","s__Caulobacter_sp.","Below prediction",FALSE,0.000974423,0.0974423,-3.011252439,0.807692308,NA,0.320965265,NA,NA,FALSE,"Below","Late Vegetative"
"695","a652f496fb4f9105e6797d717c3926ef",0.000202526,3.54e-06,-12041.92634,0.763673117,-52.9312371,0.060060631,0.90730545,-24079.85267,-24064.10796,2e+06,26,19387,5e-07,0.001166365,0.769230769,0.979705639,0.838124074,0.997783224,"d__Bacteria","d__Bacteria","d__Bacteria","k__Pseudomonadati--other","k__Pseudomonadati--other","p__Acidobacteriota","Acidobacteriota","Acidobacteriota","c__Blastocatellia","c__Blastocatellia","c__Blastocatellia","o__Blastocatellales","o__Blastocatellales","o__Blastocatellales","f__Blastocatellaceae","f__Blastocatellaceae","f__Blastocatellaceae","g__uncultured","g__Stenotrophobacter","","","","Below prediction",FALSE,0.001166365,0.1166365,-2.933165378,0.769230769,NA,0.32461402,NA,NA,FALSE,"Below","Late Vegetative"
"696","d1f4babdfa6aa29532c66b9b1b30c201",0.000202526,3.54e-06,-12041.92634,0.763673117,-52.9312371,0.060060631,0.90730545,-24079.85267,-24064.10796,2e+06,26,19387,5e-07,0.000804923,0.846153846,0.930135628,0.767848075,0.981681389,"d__Bacteria","d__Bacteria","d__Bacteria","k__Pseudomonadati","k__Pseudomonadati","p__Proteobacteria","Pseudomonadota","Pseudomonadota","c__Alphaproteobacteria","c__Alphaproteobacteria","c__Alphaproteobacteria","o__Rhizobiales","o__Hyphomicrobiales","o__Hyphomicrobiales","f__Rhizobiales_Incertae_Sedis","f__Aestuariivirgaceae","f__Aestuariivirgaceae","g__Nordella","g__Taklimakanibacter","g__Taklimakanibacter","s__Nordella_oligomobilis","s__Nordella_oligomobilis","As predicted",FALSE,0.000804923,0.0804923,-3.094245621,0.846153846,NA,0.33116756,NA,NA,FALSE,"Neutral","Late Vegetative"
"697","d88fdd25cf0defbbeed5e4a61038ecee",0.000202526,3.54e-06,-12041.92634,0.763673117,-52.9312371,0.060060631,0.90730545,-24079.85267,-24064.10796,2e+06,26,19387,5e-07,0.005308308,1,0.999999995,0.87127107,1,"d__Bacteria","d__Bacteria","d__Bacteria","k__Pseudomonadati","k__Pseudomonadati","p__Proteobacteria","Pseudomonadota","Pseudomonadota","c__Alphaproteobacteria","c__Alphaproteobacteria","c__Alphaproteobacteria","o__Sphingomonadales","o__Sphingomonadales","o__Sphingomonadales","f__Sphingomonadaceae","f__Parasphingopyxidaceae","f__Parasphingopyxidaceae","g__Novosphingobium","","g__Novosphingobium","","","Above prediction",TRUE,0.005308308,0.5308308,-2.275043912,1,NA,0.476938919,NA,NA,FALSE,"Above","Late Vegetative"
"698","df14ed79583b7b54bd7c109a02e8dace",0.000202526,3.54e-06,-12041.92634,0.763673117,-52.9312371,0.060060631,0.90730545,-24079.85267,-24064.10796,2e+06,26,19387,5e-07,0.0031045,1,0.999980149,0.871236489,0.999999997,"d__Bacteria","d__Bacteria","d__Bacteria","k__Pseudomonadati","k__Pseudomonadati","p__Proteobacteria","Pseudomonadota","Pseudomonadota","c__Alphaproteobacteria","c__Alphaproteobacteria","c__Alphaproteobacteria","o__Sphingomonadales","o__Sphingomonadales","o__Sphingomonadales","f__Sphingomonadaceae","f__Parasphingopyxidaceae","f__Parasphingopyxidaceae","g__Novosphingobium","","g__Novosphingobium","","","Above prediction",TRUE,0.0031045,0.31045,-2.508008336,1,NA,0.451403662,NA,NA,FALSE,"Above","Late Vegetative"
"699","f63dd2f75fd6bccfbb13840befa6259f",0.000202526,3.54e-06,-12041.92634,0.763673117,-52.9312371,0.060060631,0.90730545,-24079.85267,-24064.10796,2e+06,26,19387,5e-07,2.8e-05,0.230769231,0.085983188,0.025449107,0.253109144,"d__Bacteria","d__Bacteria","d__Bacteria","k__Pseudomonadati","k__Pseudomonadati","p__Proteobacteria","Pseudomonadota","Pseudomonadota","c__Gammaproteobacteria","c__Gammaproteobacteria","c__Gammaproteobacteria","o__Burkholderiales","o__Spirillales--other","o__Spirillales--other","f__Nitrosomonadaceae","f__Nitrosomonadaceae","f__Nitrosomonadaceae","g__Nitrosomonas","g__Nitrosomonas","g__Nitrosomonas","s__Nitrosomonas_communis","s__Nitrosomonas_communis","As predicted",FALSE,2.8e-05,0.0028,-4.553438937,0.230769231,NA,0.184625977,NA,NA,FALSE,"Neutral","Late Vegetative"
"700","092bc2589a8638b68012c8ab88e3fcc1",0.000184267,3.31e-06,-10577.1403,0.772220932,-51.15016773,0.059707263,0.903437505,-21150.28061,-21134.72012,2e+06,29,17681,5e-07,2.08e-05,0.275862069,0.059772743,0.015217832,0.207314241,"d__Bacteria","d__Bacteria","d__Bacteria","k__Pseudomonadati--other","k__Pseudomonadati--other","p__Planctomycetota","Planctomycetota","Planctomycetota","c__Planctomycetes","c__Planctomycetia","c__Planctomycetia","o__Pirellulales","o__Pirellulales","o__Pirellulales","f__Pirellulaceae","f__Pirellulaceae","f__Pirellulaceae","g__Pirellula","g__Pirellula--other","g__Pirellula--other","s__uncultured_bacterium","s__uncultured_bacterium","Above prediction",TRUE,2.08e-05,0.00208,-4.681361059,0.275862069,NA,0.211777852,NA,NA,FALSE,"Above","Early Reproductive"
"701","19f9f30d5492ed1f3f968da3d20389b1",0.000184267,3.31e-06,-10577.1403,0.772220932,-51.15016773,0.059707263,0.903437505,-21150.28061,-21134.72012,2e+06,29,17681,5e-07,5.81e-06,0.068965517,0.017037636,0.001764181,0.145295112,"d__Bacteria","d__Bacteria","d__Bacteria","k__Pseudomonadati--other","k__Pseudomonadati--other","p__Planctomycetota","Planctomycetota","Planctomycetota","c__Planctomycetes","c__Planctomycetia","c__Planctomycetia","o__Gemmatales","o__Gemmatales","o__Gemmatales","f__Gemmataceae","f__Gemmataceae","f__Gemmataceae","g__uncultured","g__Incertae_Sedis","g__Incertae_Sedis","s__uncultured_bacterium","","As predicted",FALSE,5.81e-06,0.000581,-5.235798093,0.068965517,NA,0.066053426,NA,NA,FALSE,"Neutral","Early Reproductive"
"702","3e95ce55121f2bd0a6cf2967d742df09",0.000184267,3.31e-06,-10577.1403,0.772220932,-51.15016773,0.059707263,0.903437505,-21150.28061,-21134.72012,2e+06,29,17681,5e-07,1.59e-06,0.034482759,0.004679571,0.000154597,0.125079607,"d__Bacteria","d__Bacteria","d__Bacteria","k__Pseudomonadati","k__Pseudomonadati","p__Proteobacteria","Pseudomonadota","Pseudomonadota","c__Alphaproteobacteria","c__Alphaproteobacteria","c__Alphaproteobacteria","o__Sphingomonadales","o__Sphingomonadales","o__Sphingomonadales","f__Sphingomonadaceae","","f__Parasphingopyxidaceae","g__Novosphingobium","","g__Flavinovosphingobium","","s__uncultured_Novosphingobium","As predicted",FALSE,1.59e-06,0.000159,-5.799640166,0.034482759,NA,0.017632118,NA,NA,FALSE,"Neutral","Early Reproductive"
"703","4473ac847f597164696bc96da74ca753",0.000184267,3.31e-06,-10577.1403,0.772220932,-51.15016773,0.059707263,0.903437505,-21150.28061,-21134.72012,2e+06,29,17681,5e-07,0.004702207,1,0.999999789,0.883029828,1,"d__Bacteria","d__Bacteria","d__Bacteria","k__Pseudomonadati","k__Pseudomonadati","p__Proteobacteria","Pseudomonadota","Pseudomonadota","c__Alphaproteobacteria","c__Alphaproteobacteria","c__Alphaproteobacteria","o__Rhizobiales","o__Hyphomicrobiales--other","o__Hyphomicrobiales--other","f__Beijerinckiaceae","f__Boseaceae","f__Boseaceae","g__Bosea","g__Bosea","g__Bosea","","s__metagenome","Above prediction",TRUE,0.004702207,0.4702207,-2.327698266,1,NA,0.466156611,NA,NA,FALSE,"Above","Early Reproductive"
"704","4fb203e3e3100ecbb0c432656829bef9",0.000184267,3.31e-06,-10577.1403,0.772220932,-51.15016773,0.059707263,0.903437505,-21150.28061,-21134.72012,2e+06,29,17681,5e-07,1.58e-05,0.137931034,0.045797871,0.009851636,0.187999969,"d__Bacteria","d__Bacteria","d__Bacteria","k__Pseudomonadati","k__Pseudomonadati","p__Proteobacteria","Pseudomonadota","Pseudomonadota","c__Gammaproteobacteria","c__Gammaproteobacteria","c__Gammaproteobacteria","o__uncultured","o__Legionellales","o__Legionellales","f__uncultured","f__Legionellaceae","f__Legionellaceae","g__uncultured","g__Candidatus_Endonucleariibacter","g__Candidatus_Endonucleariibacter","s__metagenome","s__uncultured_bacterium","As predicted",FALSE,1.58e-05,0.00158,-4.800112482,0.137931034,NA,0.162902224,NA,NA,FALSE,"Neutral","Early Reproductive"
"705","5009dd39373c7f4120f9846c42ad42ad",0.000184267,3.31e-06,-10577.1403,0.772220932,-51.15016773,0.059707263,0.903437505,-21150.28061,-21134.72012,2e+06,29,17681,5e-07,0.000150845,0.586206897,0.36142352,0.212529884,0.542735682,"d__Bacteria","d__Bacteria","d__Bacteria","k__Pseudomonadati","k__Pseudomonadati","p__Proteobacteria","Pseudomonadota","Pseudomonadota","c__Alphaproteobacteria","c__Alphaproteobacteria","c__Alphaproteobacteria","o__Caulobacterales","o__Hyphomonadales","o__Hyphomonadales","f__Hyphomonadaceae","f__Hyphomonadaceae","f__Hyphomonadaceae","g__Hirschia","g__Asprobacter","g__Asprobacter","s__uncultured_bacterium","s__uncultured_bacterium","Above prediction",TRUE,0.000150845,0.0150845,-3.821469577,0.586206897,NA,0.417781863,NA,NA,FALSE,"Above","Early Reproductive"
"706","5b3177319096715b0e5487165e09768d",0.000184267,3.31e-06,-10577.1403,0.772220932,-51.15016773,0.059707263,0.903437505,-21150.28061,-21134.72012,2e+06,29,17681,5e-07,1e-06,0.034482759,0.002952655,6.3e-05,0.122121327,"d__Bacteria","d__Bacteria","d__Bacteria","k__Pseudomonadati","k__Pseudomonadati","p__Proteobacteria","Pseudomonadota","Pseudomonadota","c__Gammaproteobacteria","c__Gammaproteobacteria","c__Gammaproteobacteria","o__Burkholderiales","o__Burkholderiales","o__Burkholderiales","f__Comamonadaceae","f__Comamonadaceae","f__Comamonadaceae","","","","","","As predicted",FALSE,1e-06,1e-04,-6,0.034482759,NA,0.045703492,NA,NA,FALSE,"Neutral","Early Reproductive"
"707","5f59131fb4fda508c070ce947135eec9",0.000184267,3.31e-06,-10577.1403,0.772220932,-51.15016773,0.059707263,0.903437505,-21150.28061,-21134.72012,2e+06,29,17681,5e-07,6.55e-07,0.034482759,0.001935459,2.75e-05,0.120360454,"d__Bacteria","d__Bacteria","d__Bacteria","k__Bacillati","k__Bacillati","p__Actinobacteriota","Actinomycetota","Actinomycetota","c__Actinobacteria","c__Actinomycetes","c__Actinomycetes","o__Streptomycetales","o__Kitasatosporales","o__Kitasatosporales","f__Streptomycetaceae","f__Streptomycetaceae","f__Streptomycetaceae","g__Streptomyces","g__Streptomyces","g__Streptomyces","","","As predicted",FALSE,6.55e-07,6.55e-05,-6.183644397,0.034482759,NA,0.032430969,NA,NA,FALSE,"Neutral","Early Reproductive"
"708","6492b37373a71cdcba02edab97f95a23",0.000184267,3.31e-06,-10577.1403,0.772220932,-51.15016773,0.059707263,0.903437505,-21150.28061,-21134.72012,2e+06,29,17681,5e-07,3.19e-06,0.137931034,0.009388317,0.000585348,0.132964785,"d__Bacteria","d__Bacteria","d__Bacteria","k__Pseudomonadati","k__Pseudomonadati","p__Proteobacteria","Pseudomonadota","Pseudomonadota","c__Alphaproteobacteria","c__Alphaproteobacteria","c__Alphaproteobacteria","o__Caulobacterales","o__Caulobacterales","o__Caulobacterales","f__Caulobacteraceae","f__Caulobacteraceae","f__Caulobacteraceae","g__Phenylobacterium","g__Phenylobacterium","g__Phenylobacterium","","","Above prediction",TRUE,3.19e-06,0.000319,-5.496256265,0.137931034,NA,0.07117978,NA,NA,FALSE,"Above","Early Reproductive"
"709","6cfdf7540de93e6bac612bb99188cf1d",0.000184267,3.31e-06,-10577.1403,0.772220932,-51.15016773,0.059707263,0.903437505,-21150.28061,-21134.72012,2e+06,29,17681,5e-07,4.97e-06,0.068965517,0.014578046,0.001327275,0.141388233,"d__Bacteria","d__Bacteria","d__Bacteria","k__Pseudomonadati--other","k__Pseudomonadati--other","p__Planctomycetota","Planctomycetota","Planctomycetota","c__Planctomycetes","c__Planctomycetia","c__Planctomycetia","o__Gemmatales","o__Gemmatales","o__Gemmatales","f__Gemmataceae","f__Gemmataceae","f__Gemmataceae","g__uncultured","g__Incertae_Sedis","g__Incertae_Sedis","","","As predicted",FALSE,4.97e-06,0.000497,-5.304035506,0.068965517,NA,0.05535015,NA,NA,FALSE,"Neutral","Early Reproductive"
"710","811deccea42bb9981df3003ed19a5669",0.000184267,3.31e-06,-10577.1403,0.772220932,-51.15016773,0.059707263,0.903437505,-21150.28061,-21134.72012,2e+06,29,17681,5e-07,1.9e-05,0.172413793,0.054622071,0.013154416,0.20028126,"d__Bacteria","d__Bacteria","d__Bacteria","k__Pseudomonadati","k__Pseudomonadati","p__Proteobacteria","Pseudomonadota","Pseudomonadota","c__Gammaproteobacteria","c__Gammaproteobacteria","c__Gammaproteobacteria","o__uncultured","o__Legionellales","","f__uncultured","f__Legionellaceae","","g__uncultured","g__Candidatus_Endonucleariibacter","","s__uncultured_organism","","As predicted",FALSE,1.9e-05,0.0019,-4.721640675,0.172413793,NA,0.192713083,NA,NA,FALSE,"Neutral","Early Reproductive"
"711","8f83b75bc2f3107388acd9923ea7a447",0.000184267,3.31e-06,-10577.1403,0.772220932,-51.15016773,0.059707263,0.903437505,-21150.28061,-21134.72012,2e+06,29,17681,5e-07,9.73e-05,0.448275862,0.250860937,0.128902241,0.431103126,"d__Bacteria","d__Bacteria","d__Bacteria","k__Pseudomonadati--other","k__Pseudomonadati--other","p__Bacteroidota","Bacteroidota","Bacteroidota","c__Bacteroidia","c__Cytophagia","c__Cytophagia","o__Cytophagales","o__Cytophagales","o__Cytophagales","f__Microscillaceae","f__Chryseotaleaceae","f__Chryseotaleaceae","g__Chryseolinea","g__Chryseolinea","g__Chryseolinea","s__metagenome","s__metagenome","Above prediction",TRUE,9.73e-05,0.00973,-4.011764047,0.448275862,NA,0.372171295,NA,NA,FALSE,"Above","Early Reproductive"
"712","90938b5f91186ed52c02f75b4d65a492",0.000184267,3.31e-06,-10577.1403,0.772220932,-51.15016773,0.059707263,0.903437505,-21150.28061,-21134.72012,2e+06,29,17681,5e-07,0.000802534,1,0.912524818,0.756266045,0.972277702,"d__Bacteria","d__Bacteria","d__Bacteria","k__Pseudomonadati","k__Pseudomonadati","p__Proteobacteria","Pseudomonadota","Pseudomonadota","c__Alphaproteobacteria","c__Alphaproteobacteria","c__Alphaproteobacteria","o__Rhizobiales","o__Hyphomicrobiales--other","o__Hyphomicrobiales--other","f__Rhizobiaceae","f__Rhizobiaceae--other","f__Rhizobiaceae--other","g__Mesorhizobium","","g__Zhengella","","s__Mesorhizobium_sp.","Above prediction",TRUE,0.000802534,0.0802534,-3.095536298,1,NA,0.462628685,NA,NA,FALSE,"Above","Early Reproductive"
"713","9828341287c53b76acf7ca753c0364cc",0.000184267,3.31e-06,-10577.1403,0.772220932,-51.15016773,0.059707263,0.903437505,-21150.28061,-21134.72012,2e+06,29,17681,5e-07,0.003132931,1,0.999954816,0.88295042,0.999999985,"d__Bacteria","d__Bacteria","d__Bacteria","k__Pseudomonadati","k__Pseudomonadati","p__Proteobacteria","Pseudomonadota","Pseudomonadota","c__Alphaproteobacteria","c__Alphaproteobacteria","c__Alphaproteobacteria","o__Sphingomonadales","o__Sphingomonadales","o__Sphingomonadales","f__Sphingomonadaceae","f__Parasphingopyxidaceae","f__Parasphingopyxidaceae","g__Novosphingobium","","","","","Above prediction",TRUE,0.003132931,0.3132931,-2.504049165,1,NA,0.385099421,NA,NA,FALSE,"Above","Early Reproductive"
"714","a60f0b4bc20e5a162b45b3d2ed7a0d6c",0.000184267,3.31e-06,-10577.1403,0.772220932,-51.15016773,0.059707263,0.903437505,-21150.28061,-21134.72012,2e+06,29,17681,5e-07,0.001376155,0.965517241,0.985617315,0.858924313,0.998705198,"d__Bacteria","d__Bacteria","d__Bacteria","k__Pseudomonadati","k__Pseudomonadati","p__Proteobacteria","Pseudomonadota","Pseudomonadota","c__Alphaproteobacteria","c__Alphaproteobacteria","c__Alphaproteobacteria","o__Caulobacterales","o__Caulobacterales","o__Caulobacterales","f__Caulobacteraceae","f__Caulobacteraceae","f__Caulobacteraceae","g__Caulobacter","g__Caulobacter","g__Caulobacter","","s__Caulobacter_sp.","As predicted",FALSE,0.001376155,0.1376155,-2.861332593,0.965517241,NA,0.417037397,NA,NA,FALSE,"Neutral","Early Reproductive"
"715","a652f496fb4f9105e6797d717c3926ef",0.000184267,3.31e-06,-10577.1403,0.772220932,-51.15016773,0.059707263,0.903437505,-21150.28061,-21134.72012,2e+06,29,17681,5e-07,0.002079862,0.931034483,0.998515869,0.880425403,0.999983734,"d__Bacteria","d__Bacteria","d__Bacteria","k__Pseudomonadati--other","k__Pseudomonadati--other","p__Acidobacteriota","Acidobacteriota","Acidobacteriota","c__Blastocatellia","c__Blastocatellia","c__Blastocatellia","o__Blastocatellales","o__Blastocatellales","o__Blastocatellales","f__Blastocatellaceae","f__Blastocatellaceae","f__Blastocatellaceae","g__uncultured","g__Stenotrophobacter","","","","As predicted",FALSE,0.002079862,0.2079862,-2.681965465,0.931034483,NA,0.476893923,NA,NA,FALSE,"Neutral","Early Reproductive"
"716","b394e0ec5c9154abb2aa22921eb10cf1",0.000184267,3.31e-06,-10577.1403,0.772220932,-51.15016773,0.059707263,0.903437505,-21150.28061,-21134.72012,2e+06,29,17681,5e-07,3.03e-06,0.034482759,0.008933582,0.000533027,0.132214017,"d__Bacteria","d__Bacteria","d__Bacteria","k__Pseudomonadati","k__Pseudomonadati","p__Proteobacteria","Pseudomonadota","Pseudomonadota","c__Gammaproteobacteria","c__Gammaproteobacteria","c__Gammaproteobacteria","o__Gammaproteobacteria_Incertae_Sedis","o__Legionellales","o__Legionellales","f__Unknown_Family","f__Legionellaceae","f__Legionellaceae","g__Candidatus_Berkiella","g__Candidatus_Berkiella","g__Candidatus_Berkiella","s__uncultured_bacterium","s__uncultured_bacterium","As predicted",FALSE,3.03e-06,0.000303,-5.517915326,0.034482759,NA,0.044899078,NA,NA,FALSE,"Neutral","Early Reproductive"
"717","d1f4babdfa6aa29532c66b9b1b30c201",0.000184267,3.31e-06,-10577.1403,0.772220932,-51.15016773,0.059707263,0.903437505,-21150.28061,-21134.72012,2e+06,29,17681,5e-07,0.001580776,0.931034483,0.992525409,0.870209732,0.999619891,"d__Bacteria","d__Bacteria","d__Bacteria","k__Pseudomonadati","k__Pseudomonadati","p__Proteobacteria","Pseudomonadota","Pseudomonadota","c__Alphaproteobacteria","c__Alphaproteobacteria","c__Alphaproteobacteria","o__Rhizobiales","o__Hyphomicrobiales","o__Hyphomicrobiales","f__Rhizobiales_Incertae_Sedis","f__Aestuariivirgaceae","f__Aestuariivirgaceae","g__Nordella","g__Taklimakanibacter","g__Taklimakanibacter","s__Nordella_oligomobilis","s__Nordella_oligomobilis","As predicted",FALSE,0.001580776,0.1580776,-2.801129704,0.931034483,NA,0.486815013,NA,NA,FALSE,"Neutral","Early Reproductive"
"718","d88fdd25cf0defbbeed5e4a61038ecee",0.000184267,3.31e-06,-10577.1403,0.772220932,-51.15016773,0.059707263,0.903437505,-21150.28061,-21134.72012,2e+06,29,17681,5e-07,0.004344328,1,0.999999271,0.883028914,1,"d__Bacteria","d__Bacteria","d__Bacteria","k__Pseudomonadati","k__Pseudomonadati","p__Proteobacteria","Pseudomonadota","Pseudomonadota","c__Alphaproteobacteria","c__Alphaproteobacteria","c__Alphaproteobacteria","o__Sphingomonadales","o__Sphingomonadales","o__Sphingomonadales","f__Sphingomonadaceae","f__Parasphingopyxidaceae","f__Parasphingopyxidaceae","g__Novosphingobium","","g__Novosphingobium","","","Above prediction",TRUE,0.004344328,0.4344328,-2.362077434,1,NA,0.431465427,NA,NA,FALSE,"Above","Early Reproductive"
"719","df14ed79583b7b54bd7c109a02e8dace",0.000184267,3.31e-06,-10577.1403,0.772220932,-51.15016773,0.059707263,0.903437505,-21150.28061,-21134.72012,2e+06,29,17681,5e-07,0.002533172,1,0.999665772,0.882440773,0.999999161,"d__Bacteria","d__Bacteria","d__Bacteria","k__Pseudomonadati","k__Pseudomonadati","p__Proteobacteria","Pseudomonadota","Pseudomonadota","c__Alphaproteobacteria","c__Alphaproteobacteria","c__Alphaproteobacteria","o__Sphingomonadales","o__Sphingomonadales","o__Sphingomonadales","f__Sphingomonadaceae","f__Parasphingopyxidaceae","f__Parasphingopyxidaceae","g__Novosphingobium","","g__Novosphingobium","","","Above prediction",TRUE,0.002533172,0.2533172,-2.59633525,1,NA,0.407757184,NA,NA,FALSE,"Above","Early Reproductive"
"720","f63dd2f75fd6bccfbb13840befa6259f",0.000184267,3.31e-06,-10577.1403,0.772220932,-51.15016773,0.059707263,0.903437505,-21150.28061,-21134.72012,2e+06,29,17681,5e-07,3.72e-05,0.206896552,0.104273543,0.036247857,0.264875318,"d__Bacteria","d__Bacteria","d__Bacteria","k__Pseudomonadati","k__Pseudomonadati","p__Proteobacteria","Pseudomonadota","Pseudomonadota","c__Gammaproteobacteria","c__Gammaproteobacteria","c__Gammaproteobacteria","o__Burkholderiales","o__Spirillales--other","o__Spirillales--other","f__Nitrosomonadaceae","f__Nitrosomonadaceae","f__Nitrosomonadaceae","g__Nitrosomonas","g__Nitrosomonas","g__Nitrosomonas","s__Nitrosomonas_communis","s__Nitrosomonas_communis","As predicted",FALSE,3.72e-05,0.00372,-4.429577848,0.206896552,NA,0.201609515,NA,NA,FALSE,"Neutral","Early Reproductive"
"721","092bc2589a8638b68012c8ab88e3fcc1",0.000138089,3.28e-06,-8615.344795,0.684043465,-55.3948254,0.067945083,0.907745261,-17226.68959,-17211.73176,2e+06,24,13081,5e-07,6.49e-05,0.416666667,0.138723017,0.050838887,0.326302401,"d__Bacteria","d__Bacteria","d__Bacteria","k__Pseudomonadati--other","k__Pseudomonadati--other","p__Planctomycetota","Planctomycetota","Planctomycetota","c__Planctomycetes","c__Planctomycetia","c__Planctomycetia","o__Pirellulales","o__Pirellulales","o__Pirellulales","f__Pirellulaceae","f__Pirellulaceae","f__Pirellulaceae","g__Pirellula","g__Pirellula--other","g__Pirellula--other","s__uncultured_bacterium","s__uncultured_bacterium","Above prediction",TRUE,6.49e-05,0.00649,-4.187504435,0.416666667,"late_reproductive",0.46,0.01,"**",TRUE,"Above","Late Reproductive"
"722","19f9f30d5492ed1f3f968da3d20389b1",0.000138089,3.28e-06,-8615.344795,0.684043465,-55.3948254,0.067945083,0.907745261,-17226.68959,-17211.73176,2e+06,24,13081,5e-07,6.4e-05,0.333333333,0.136860898,0.049817378,0.324113528,"d__Bacteria","d__Bacteria","d__Bacteria","k__Pseudomonadati--other","k__Pseudomonadati--other","p__Planctomycetota","Planctomycetota","Planctomycetota","c__Planctomycetes","c__Planctomycetia","c__Planctomycetia","o__Gemmatales","o__Gemmatales","o__Gemmatales","f__Gemmataceae","f__Gemmataceae","f__Gemmataceae","g__uncultured","g__Incertae_Sedis","g__Incertae_Sedis","s__uncultured_bacterium","","Above prediction",TRUE,6.4e-05,0.0064,-4.193820026,0.333333333,"late_reproductive",0.482,0.003,"**",TRUE,"Above","Late Reproductive"
"723","2d609f4ca22f60c7e2261a03d6066fff",0.000138089,3.28e-06,-8615.344795,0.684043465,-55.3948254,0.067945083,0.907745261,-17226.68959,-17211.73176,2e+06,24,13081,5e-07,1.31e-05,0.208333333,0.029552672,0.004072721,0.184853696,"d__Bacteria","d__Bacteria","d__Bacteria","k__Pseudomonadati--other","k__Pseudomonadati--other","p__Acidobacteriota","Acidobacteriota","Acidobacteriota","c__Acidobacteriae","c__Terriglobia","c__Terriglobia","o__Acidobacteriales","o__Terriglobales","o__Terriglobales","f__uncultured","f__Incertae_Sedis","f__Incertae_Sedis","g__uncultured","g__Incertae_Sedis","g__Incertae_Sedis","","","Above prediction",TRUE,1.31e-05,0.00131,-4.883973697,0.208333333,"late_reproductive",0.401,0.004,"**",TRUE,"Above","Late Reproductive"
"724","3e95ce55121f2bd0a6cf2967d742df09",0.000138089,3.28e-06,-8615.344795,0.684043465,-55.3948254,0.067945083,0.907745261,-17226.68959,-17211.73176,2e+06,24,13081,5e-07,8.23e-05,0.375,0.17249255,0.070247599,0.36511397,"d__Bacteria","d__Bacteria","d__Bacteria","k__Pseudomonadati","k__Pseudomonadati","p__Proteobacteria","Pseudomonadota","Pseudomonadota","c__Alphaproteobacteria","c__Alphaproteobacteria","c__Alphaproteobacteria","o__Sphingomonadales","o__Sphingomonadales","o__Sphingomonadales","f__Sphingomonadaceae","","f__Parasphingopyxidaceae","g__Novosphingobium","","g__Flavinovosphingobium","","s__uncultured_Novosphingobium","Above prediction",TRUE,8.23e-05,0.00823,-4.084644142,0.375,"late_reproductive",0.419,0.009,"**",TRUE,"Above","Late Reproductive"
"725","4473ac847f597164696bc96da74ca753",0.000138089,3.28e-06,-8615.344795,0.684043465,-55.3948254,0.067945083,0.907745261,-17226.68959,-17211.73176,2e+06,24,13081,5e-07,0.006297521,1,0.99999988,0.862023588,1,"d__Bacteria","d__Bacteria","d__Bacteria","k__Pseudomonadati","k__Pseudomonadati","p__Proteobacteria","Pseudomonadota","Pseudomonadota","c__Alphaproteobacteria","c__Alphaproteobacteria","c__Alphaproteobacteria","o__Rhizobiales","o__Hyphomicrobiales--other","o__Hyphomicrobiales--other","f__Beijerinckiaceae","f__Boseaceae","f__Boseaceae","g__Bosea","g__Bosea","g__Bosea","","s__metagenome","Above prediction",TRUE,0.006297521,0.6297521,-2.200830387,1,"late_reproductive",0.539,0.001,"***",TRUE,"Above","Late Reproductive"
"726","4fb203e3e3100ecbb0c432656829bef9",0.000138089,3.28e-06,-8615.344795,0.684043465,-55.3948254,0.067945083,0.907745261,-17226.68959,-17211.73176,2e+06,24,13081,5e-07,4.08e-05,0.291666667,0.089488754,0.025919094,0.266339981,"d__Bacteria","d__Bacteria","d__Bacteria","k__Pseudomonadati","k__Pseudomonadati","p__Proteobacteria","Pseudomonadota","Pseudomonadota","c__Gammaproteobacteria","c__Gammaproteobacteria","c__Gammaproteobacteria","o__uncultured","o__Legionellales","o__Legionellales","f__uncultured","f__Legionellaceae","f__Legionellaceae","g__uncultured","g__Candidatus_Endonucleariibacter","g__Candidatus_Endonucleariibacter","s__metagenome","s__uncultured_bacterium","Above prediction",TRUE,4.08e-05,0.00408,-4.38942855,0.291666667,"late_reproductive",0.38,0.023,"*",TRUE,"Above","Late Reproductive"
"727","5009dd39373c7f4120f9846c42ad42ad",0.000138089,3.28e-06,-8615.344795,0.684043465,-55.3948254,0.067945083,0.907745261,-17226.68959,-17211.73176,2e+06,24,13081,5e-07,0.000174854,0.583333333,0.331881073,0.178633814,0.531521155,"d__Bacteria","d__Bacteria","d__Bacteria","k__Pseudomonadati","k__Pseudomonadati","p__Proteobacteria","Pseudomonadota","Pseudomonadota","c__Alphaproteobacteria","c__Alphaproteobacteria","c__Alphaproteobacteria","o__Caulobacterales","o__Hyphomonadales","o__Hyphomonadales","f__Hyphomonadaceae","f__Hyphomonadaceae","f__Hyphomonadaceae","g__Hirschia","g__Asprobacter","g__Asprobacter","s__uncultured_bacterium","s__uncultured_bacterium","Above prediction",TRUE,0.000174854,0.0174854,-3.757324014,0.583333333,"late_reproductive",0.449,0.041,"*",TRUE,"Above","Late Reproductive"
"728","5b3177319096715b0e5487165e09768d",0.000138089,3.28e-06,-8615.344795,0.684043465,-55.3948254,0.067945083,0.907745261,-17226.68959,-17211.73176,2e+06,24,13081,5e-07,7.75e-06,0.25,0.017637962,0.001607978,0.166776913,"d__Bacteria","d__Bacteria","d__Bacteria","k__Pseudomonadati","k__Pseudomonadati","p__Proteobacteria","Pseudomonadota","Pseudomonadota","c__Gammaproteobacteria","c__Gammaproteobacteria","c__Gammaproteobacteria","o__Burkholderiales","o__Burkholderiales","o__Burkholderiales","f__Comamonadaceae","f__Comamonadaceae","f__Comamonadaceae","","","","","","Above prediction",TRUE,7.75e-06,0.000775,-5.110698297,0.25,"late_reproductive",0.343,0.048,"*",TRUE,"Above","Late Reproductive"
"729","5f59131fb4fda508c070ce947135eec9",0.000138089,3.28e-06,-8615.344795,0.684043465,-55.3948254,0.067945083,0.907745261,-17226.68959,-17211.73176,2e+06,24,13081,5e-07,1.85e-05,0.291666667,0.041509823,0.00734599,0.202195126,"d__Bacteria","d__Bacteria","d__Bacteria","k__Bacillati","k__Bacillati","p__Actinobacteriota","Actinomycetota","Actinomycetota","c__Actinobacteria","c__Actinomycetes","c__Actinomycetes","o__Streptomycetales","o__Kitasatosporales","o__Kitasatosporales","f__Streptomycetaceae","f__Streptomycetaceae","f__Streptomycetaceae","g__Streptomyces","g__Streptomyces","g__Streptomyces","","","Above prediction",TRUE,1.85e-05,0.00185,-4.733807515,0.291666667,"late_reproductive",0.501,0.001,"***",TRUE,"Above","Late Reproductive"
"730","6492b37373a71cdcba02edab97f95a23",0.000138089,3.28e-06,-8615.344795,0.684043465,-55.3948254,0.067945083,0.907745261,-17226.68959,-17211.73176,2e+06,24,13081,5e-07,4.68e-05,0.375,0.101887566,0.031745518,0.281889698,"d__Bacteria","d__Bacteria","d__Bacteria","k__Pseudomonadati","k__Pseudomonadati","p__Proteobacteria","Pseudomonadota","Pseudomonadota","c__Alphaproteobacteria","c__Alphaproteobacteria","c__Alphaproteobacteria","o__Caulobacterales","o__Caulobacterales","o__Caulobacterales","f__Caulobacteraceae","f__Caulobacteraceae","f__Caulobacteraceae","g__Phenylobacterium","g__Phenylobacterium","g__Phenylobacterium","","","Above prediction",TRUE,4.68e-05,0.00468,-4.330218385,0.375,"late_reproductive",0.449,0.027,"*",TRUE,"Above","Late Reproductive"
"731","6cfdf7540de93e6bac612bb99188cf1d",0.000138089,3.28e-06,-8615.344795,0.684043465,-55.3948254,0.067945083,0.907745261,-17226.68959,-17211.73176,2e+06,24,13081,5e-07,6.48e-05,0.333333333,0.138350908,0.05063432,0.325865433,"d__Bacteria","d__Bacteria","d__Bacteria","k__Pseudomonadati--other","k__Pseudomonadati--other","p__Planctomycetota","Planctomycetota","Planctomycetota","c__Planctomycetes","c__Planctomycetia","c__Planctomycetia","o__Gemmatales","o__Gemmatales","o__Gemmatales","f__Gemmataceae","f__Gemmataceae","f__Gemmataceae","g__uncultured","g__Incertae_Sedis","g__Incertae_Sedis","","","Above prediction",TRUE,6.48e-05,0.00648,-4.188760227,0.333333333,"late_reproductive",0.439,0.007,"**",TRUE,"Above","Late Reproductive"
"732","811deccea42bb9981df3003ed19a5669",0.000138089,3.28e-06,-8615.344795,0.684043465,-55.3948254,0.067945083,0.907745261,-17226.68959,-17211.73176,2e+06,24,13081,5e-07,4.88e-05,0.333333333,0.10614092,0.033820463,0.287147739,"d__Bacteria","d__Bacteria","d__Bacteria","k__Pseudomonadati","k__Pseudomonadati","p__Proteobacteria","Pseudomonadota","Pseudomonadota","c__Gammaproteobacteria","c__Gammaproteobacteria","c__Gammaproteobacteria","o__uncultured","o__Legionellales","","f__uncultured","f__Legionellaceae","","g__uncultured","g__Candidatus_Endonucleariibacter","","s__uncultured_organism","","Above prediction",TRUE,4.88e-05,0.00488,-4.311468949,0.333333333,"late_reproductive",0.43,0.017,"*",TRUE,"Above","Late Reproductive"
"733","8f83b75bc2f3107388acd9923ea7a447",0.000138089,3.28e-06,-8615.344795,0.684043465,-55.3948254,0.067945083,0.907745261,-17226.68959,-17211.73176,2e+06,24,13081,5e-07,0.000136896,0.583333333,0.270522865,0.134165117,0.47020538,"d__Bacteria","d__Bacteria","d__Bacteria","k__Pseudomonadati--other","k__Pseudomonadati--other","p__Bacteroidota","Bacteroidota","Bacteroidota","c__Bacteroidia","c__Cytophagia","c__Cytophagia","o__Cytophagales","o__Cytophagales","o__Cytophagales","f__Microscillaceae","f__Chryseotaleaceae","f__Chryseotaleaceae","g__Chryseolinea","g__Chryseolinea","g__Chryseolinea","s__metagenome","s__metagenome","Above prediction",TRUE,0.000136896,0.0136896,-3.86360977,0.583333333,"late_reproductive",0.504,0.002,"**",TRUE,"Above","Late Reproductive"
"734","9028c0d6d8f88f1713351e6f9f443272",0.000138089,3.28e-06,-8615.344795,0.684043465,-55.3948254,0.067945083,0.907745261,-17226.68959,-17211.73176,2e+06,24,13081,5e-07,6.85e-06,0.166666667,0.015614793,0.001284624,0.163612228,"d__Bacteria","d__Bacteria","d__Bacteria","k__Pseudomonadati--other","k__Pseudomonadati--other","p__Bacteroidota","Bacteroidota","Bacteroidota","c__Bacteroidia","c__Chitinophagia","c__Chitinophagia","o__Chitinophagales","o__Chitinophagales","o__Chitinophagales","f__Chitinophagaceae","f__Chitinophagaceae","f__Chitinophagaceae","","","","","","Above prediction",TRUE,6.85e-06,0.000685,-5.164045339,0.166666667,"late_reproductive",0.382,0.009,"**",TRUE,"Above","Late Reproductive"
"735","90938b5f91186ed52c02f75b4d65a492",0.000138089,3.28e-06,-8615.344795,0.684043465,-55.3948254,0.067945083,0.907745261,-17226.68959,-17211.73176,2e+06,24,13081,5e-07,0.00101725,1,0.90863073,0.731279311,0.973219513,"d__Bacteria","d__Bacteria","d__Bacteria","k__Pseudomonadati","k__Pseudomonadati","p__Proteobacteria","Pseudomonadota","Pseudomonadota","c__Alphaproteobacteria","c__Alphaproteobacteria","c__Alphaproteobacteria","o__Rhizobiales","o__Hyphomicrobiales--other","o__Hyphomicrobiales--other","f__Rhizobiaceae","f__Rhizobiaceae--other","f__Rhizobiaceae--other","g__Mesorhizobium","","g__Zhengella","","s__Mesorhizobium_sp.","Above prediction",TRUE,0.00101725,0.101725,-2.992572301,1,"late_reproductive",0.521,0.007,"**",TRUE,"Above","Late Reproductive"
"736","9828341287c53b76acf7ca753c0364cc",0.000138089,3.28e-06,-8615.344795,0.684043465,-55.3948254,0.067945083,0.907745261,-17226.68959,-17211.73176,2e+06,24,13081,5e-07,0.006898813,1,0.999999976,0.862023754,1,"d__Bacteria","d__Bacteria","d__Bacteria","k__Pseudomonadati","k__Pseudomonadati","p__Proteobacteria","Pseudomonadota","Pseudomonadota","c__Alphaproteobacteria","c__Alphaproteobacteria","c__Alphaproteobacteria","o__Sphingomonadales","o__Sphingomonadales","o__Sphingomonadales","f__Sphingomonadaceae","f__Parasphingopyxidaceae","f__Parasphingopyxidaceae","g__Novosphingobium","","","","","Above prediction",TRUE,0.006898813,0.6898813,-2.161225658,1,"late_reproductive",0.571,0.001,"***",TRUE,"Above","Late Reproductive"
"737","a60f0b4bc20e5a162b45b3d2ed7a0d6c",0.000138089,3.28e-06,-8615.344795,0.684043465,-55.3948254,0.067945083,0.907745261,-17226.68959,-17211.73176,2e+06,24,13081,5e-07,0.002157479,1,0.994396375,0.85254645,0.99981643,"d__Bacteria","d__Bacteria","d__Bacteria","k__Pseudomonadati","k__Pseudomonadati","p__Proteobacteria","Pseudomonadota","Pseudomonadota","c__Alphaproteobacteria","c__Alphaproteobacteria","c__Alphaproteobacteria","o__Caulobacterales","o__Caulobacterales","o__Caulobacterales","f__Caulobacteraceae","f__Caulobacteraceae","f__Caulobacteraceae","g__Caulobacter","g__Caulobacter","g__Caulobacter","","s__Caulobacter_sp.","Above prediction",TRUE,0.002157479,0.2157479,-2.666053389,1,"late_reproductive",0.531,0.03,"*",TRUE,"Above","Late Reproductive"
"738","a652f496fb4f9105e6797d717c3926ef",0.000138089,3.28e-06,-8615.344795,0.684043465,-55.3948254,0.067945083,0.907745261,-17226.68959,-17211.73176,2e+06,24,13081,5e-07,0.003165396,1,0.999558251,0.861263411,0.999998788,"d__Bacteria","d__Bacteria","d__Bacteria","k__Pseudomonadati--other","k__Pseudomonadati--other","p__Acidobacteriota","Acidobacteriota","Acidobacteriota","c__Blastocatellia","c__Blastocatellia","c__Blastocatellia","o__Blastocatellales","o__Blastocatellales","o__Blastocatellales","f__Blastocatellaceae","f__Blastocatellaceae","f__Blastocatellaceae","g__uncultured","g__Stenotrophobacter","","","","Above prediction",TRUE,0.003165396,0.3165396,-2.499571974,1,"late_reproductive",0.61,0.001,"***",TRUE,"Above","Late Reproductive"
"739","b394e0ec5c9154abb2aa22921eb10cf1",0.000138089,3.28e-06,-8615.344795,0.684043465,-55.3948254,0.067945083,0.907745261,-17226.68959,-17211.73176,2e+06,24,13081,5e-07,4.19e-05,0.291666667,0.091711911,0.026938325,0.26915358,"d__Bacteria","d__Bacteria","d__Bacteria","k__Pseudomonadati","k__Pseudomonadati","p__Proteobacteria","Pseudomonadota","Pseudomonadota","c__Gammaproteobacteria","c__Gammaproteobacteria","c__Gammaproteobacteria","o__Gammaproteobacteria_Incertae_Sedis","o__Legionellales","o__Legionellales","f__Unknown_Family","f__Legionellaceae","f__Legionellaceae","g__Candidatus_Berkiella","g__Candidatus_Berkiella","g__Candidatus_Berkiella","s__uncultured_bacterium","s__uncultured_bacterium","Above prediction",TRUE,4.19e-05,0.00419,-4.378261301,0.291666667,"late_reproductive",0.485,0.001,"***",TRUE,"Above","Late Reproductive"
"740","d1f4babdfa6aa29532c66b9b1b30c201",0.000138089,3.28e-06,-8615.344795,0.684043465,-55.3948254,0.067945083,0.907745261,-17226.68959,-17211.73176,2e+06,24,13081,5e-07,0.002471896,1,0.997446447,0.857660837,0.99996051,"d__Bacteria","d__Bacteria","d__Bacteria","k__Pseudomonadati","k__Pseudomonadati","p__Proteobacteria","Pseudomonadota","Pseudomonadota","c__Alphaproteobacteria","c__Alphaproteobacteria","c__Alphaproteobacteria","o__Rhizobiales","o__Hyphomicrobiales","o__Hyphomicrobiales","f__Rhizobiales_Incertae_Sedis","f__Aestuariivirgaceae","f__Aestuariivirgaceae","g__Nordella","g__Taklimakanibacter","g__Taklimakanibacter","s__Nordella_oligomobilis","s__Nordella_oligomobilis","Above prediction",TRUE,0.002471896,0.2471896,-2.606969835,1,"late_reproductive",0.631,0.001,"***",TRUE,"Above","Late Reproductive"
"741","d88fdd25cf0defbbeed5e4a61038ecee",0.000138089,3.28e-06,-8615.344795,0.684043465,-55.3948254,0.067945083,0.907745261,-17226.68959,-17211.73176,2e+06,24,13081,5e-07,0.007062438,1,0.999999985,0.862023769,1,"d__Bacteria","d__Bacteria","d__Bacteria","k__Pseudomonadati","k__Pseudomonadati","p__Proteobacteria","Pseudomonadota","Pseudomonadota","c__Alphaproteobacteria","c__Alphaproteobacteria","c__Alphaproteobacteria","o__Sphingomonadales","o__Sphingomonadales","o__Sphingomonadales","f__Sphingomonadaceae","f__Parasphingopyxidaceae","f__Parasphingopyxidaceae","g__Novosphingobium","","g__Novosphingobium","","","Above prediction",TRUE,0.007062438,0.7062438,-2.151045383,1,"late_reproductive",0.55,0.001,"***",TRUE,"Above","Late Reproductive"
"742","df14ed79583b7b54bd7c109a02e8dace",0.000138089,3.28e-06,-8615.344795,0.684043465,-55.3948254,0.067945083,0.907745261,-17226.68959,-17211.73176,2e+06,24,13081,5e-07,0.003958979,1,0.999942518,0.861924714,0.999999979,"d__Bacteria","d__Bacteria","d__Bacteria","k__Pseudomonadati","k__Pseudomonadati","p__Proteobacteria","Pseudomonadota","Pseudomonadota","c__Alphaproteobacteria","c__Alphaproteobacteria","c__Alphaproteobacteria","o__Sphingomonadales","o__Sphingomonadales","o__Sphingomonadales","f__Sphingomonadaceae","f__Parasphingopyxidaceae","f__Parasphingopyxidaceae","g__Novosphingobium","","g__Novosphingobium","","","Above prediction",TRUE,0.003958979,0.3958979,-2.402416784,1,"late_reproductive",0.51,0.05,"*",TRUE,"Above","Late Reproductive"
"743","e66dedb2d2a50506d00442353dcb8c5e",0.000138089,3.28e-06,-8615.344795,0.684043465,-55.3948254,0.067945083,0.907745261,-17226.68959,-17211.73176,2e+06,24,13081,5e-07,3.15e-05,0.25,0.069908348,0.017479135,0.241022388,"d__Bacteria","d__Bacteria","d__Bacteria","k__Bacillati","k__Bacillati","p__Cyanobacteria","Cyanobacteriota","Cyanobacteriota","c__Sericytochromatia","c__Candidatus_Sericytochromatia","c__Candidatus_Sericytochromatia","o__Sericytochromatia","o__Incertae_Sedis","o__Incertae_Sedis","f__Sericytochromatia","f__Incertae_Sedis","f__Incertae_Sedis","g__Sericytochromatia","g__Incertae_Sedis","g__Incertae_Sedis","s__uncultured_bacterium","s__uncultured_bacterium","Above prediction",TRUE,3.15e-05,0.00315,-4.501115362,0.25,"late_reproductive",0.5,0.001,"***",TRUE,"Above","Late Reproductive"
"744","f63dd2f75fd6bccfbb13840befa6259f",0.000138089,3.28e-06,-8615.344795,0.684043465,-55.3948254,0.067945083,0.907745261,-17226.68959,-17211.73176,2e+06,24,13081,5e-07,8e-05,0.416666667,0.168148419,0.067662793,0.360209288,"d__Bacteria","d__Bacteria","d__Bacteria","k__Pseudomonadati","k__Pseudomonadati","p__Proteobacteria","Pseudomonadota","Pseudomonadota","c__Gammaproteobacteria","c__Gammaproteobacteria","c__Gammaproteobacteria","o__Burkholderiales","o__Spirillales--other","o__Spirillales--other","f__Nitrosomonadaceae","f__Nitrosomonadaceae","f__Nitrosomonadaceae","g__Nitrosomonas","g__Nitrosomonas","g__Nitrosomonas","s__Nitrosomonas_communis","s__Nitrosomonas_communis","Above prediction",TRUE,8e-05,0.008,-4.09679693,0.416666667,"late_reproductive",0.42,0.016,"*",TRUE,"Above","Late Reproductive"
