"","asvID","fitstats.m","fitstats.m.ci","fitstats.poisLL","fitstats.Rsqr","fitstats.Rsqr.pois","fitstats.RMSE","fitstats.RMSE.pois","fitstats.AIC.pois","fitstats.BIC.pois","fitstats.N","fitstats.Samples","fitstats.Richness","fitstats.Detect","predictions.p","predictions.freq","predictions.freq.pred","predictions.pred.lwr","predictions.pred.upr","Old.Domain","Unif.Domain","Weight.Domain","Unif.Kingdom","Weight.Kingdom","Old.Phylum","Unif.Phylum","Weight.Phylum","Old.Class","Unif.Class","Weight.Class","Old.Order","Unif.Order","Weight.Order","Old.Family","Unif.Family","Weight.Family","Old.Genus","Unif.Genus","Weight.Genus","Old.Species","Weight.Species","predictions.fit_class","above_CI","mean_relabund","log_mean","occupancy","stage_aggregate","IndVal.Stat","IndVal.p_value","IndVal.signif","stage_indicator","Stage","Weight.Family_asvID"
"1","099369e6e45163e0709cdd0d348f413e",0.000179510843751234,2.20598490000936e-06,-12593.3327136999,0.846805321645803,-46.5973096501844,0.052199179706779,0.920095785791046,-25182.6654273999,-25166.6712894675,2e+06,30,21962,5e-07,0.000420483333333333,0.933333333333333,0.708499384789073,0.529900172114901,0.83976365217906,"d__Bacteria","d__Bacteria","d__Bacteria","k__Bacillati","k__Bacillati","p__Actinobacteriota","Actinomycetota","Actinomycetota","c__Acidimicrobiia","c__Acidimicrobiia","Acidimicrobiia","o__Actinomarinales","o__Candidatus_Actinomarinales","Candidatus_Actinomarinales","f__uncultured","f__Candidatus_Actinomarinaceae","Candidatus_Actinomarinaceae","g__uncultured","g__Candidatus_Actinomarina","Candidatus_Actinomarina","","uncultured_Acidimicrobiia","Above prediction",TRUE,0.000420483333333333,-3.37625121362306,0.933333333333333,"seedling",0.527334944545045,0.006,"**",TRUE,"Seedling","Candidatus_Actinomarinaceae-0993"
"2","0dfe245697814f4897dd14ea27bf5250",0.000179510843751234,2.20598490000936e-06,-12593.3327136999,0.846805321645803,-46.5973096501844,0.052199179706779,0.920095785791046,-25182.6654273999,-25166.6712894675,2e+06,30,21962,5e-07,0.00596346666666667,1,0.999999995863734,0.886486599492542,1,"d__Bacteria","d__Bacteria","d__Bacteria","k__Bacillati","k__Bacillati","p__Actinobacteriota","Actinomycetota","Actinomycetota","c__Acidimicrobiia","c__Acidimicrobiia","Acidimicrobiia","o__Actinomarinales","o__Candidatus_Actinomarinales","Candidatus_Actinomarinales","f__uncultured","f__Candidatus_Actinomarinaceae","Candidatus_Actinomarinaceae","g__uncultured","g__Candidatus_Actinomarina","Candidatus_Actinomarina","","Micrococcales_bacterium","Above prediction",TRUE,0.00596346666666667,-2.22450120393146,1,"seedling",0.469449734670685,0.039,"*",TRUE,"Seedling","Candidatus_Actinomarinaceae-0dfe"
"3","266eaecefef824dba9127ab07175b513",0.000179510843751234,2.20598490000936e-06,-12593.3327136999,0.846805321645803,-46.5973096501844,0.052199179706779,0.920095785791046,-25182.6654273999,-25166.6712894675,2e+06,30,21962,5e-07,0.0001688,0.666666666666667,0.387845262699175,0.235917349366354,0.565235305615099,"d__Bacteria","d__Bacteria","d__Bacteria","k__Pseudomonadati--other","k__Pseudomonadati--other","p__Latescibacterota","Candidatus_Latescibacterota","Candidatus_Latescibacterota","c__Latescibacterota","c__Candidatus_Latescibacteria","Candidatus_Latescibacteria","o__Latescibacterota","o__Candidatus_Latescibacterales","Candidatus_Latescibacterales","f__Latescibacterota","f__Candidatus_Latescibacteraceae","Candidatus_Latescibacteraceae","g__Latescibacterota","g__Candidatus_Latescibacter","Candidatus_Latescibacter","s__uncultured_proteobacterium","uncultured_proteobacterium","Above prediction",TRUE,0.0001688,-3.77262755771036,0.666666666666667,"seedling",0.459667016684092,0.042,"*",TRUE,"Seedling","Candidatus_Latescibacteraceae-266e"
"4","28b818fded7df9117fcd604aaf44415f",0.000179510843751234,2.20598490000936e-06,-12593.3327136999,0.846805321645803,-46.5973096501844,0.052199179706779,0.920095785791046,-25182.6654273999,-25166.6712894675,2e+06,30,21962,5e-07,0.000211533333333333,0.7,0.45985275004068,0.296433348219113,0.63238665300122,"d__Bacteria","d__Bacteria","d__Bacteria","k__Pseudomonadati","k__Pseudomonadati","p__Proteobacteria","Pseudomonadota","Pseudomonadota","c__Gammaproteobacteria","c__Gammaproteobacteria","Gammaproteobacteria","o__Steroidobacterales","o__Woeseiales","Woeseiales","f__Woeseiaceae","f__Woeseiaceae","Woeseiaceae","g__Woeseia","","Woeseia--other","","uncultured_bacterium","Above prediction",TRUE,0.000211533333333333,-3.67462118695527,0.7,"seedling",0.499871883535408,0.004,"**",TRUE,"Seedling","Woeseiaceae-28b8"
"5","2cd337f519a58231f183f512daf8c231",0.000179510843751234,2.20598490000936e-06,-12593.3327136999,0.846805321645803,-46.5973096501844,0.052199179706779,0.920095785791046,-25182.6654273999,-25166.6712894675,2e+06,30,21962,5e-07,0.000136883333333333,0.533333333333333,0.328025627278766,0.188166177497401,0.506927866233235,"d__Bacteria","d__Bacteria","d__Bacteria","k__Bacillati","k__Bacillati","p__Elusimicrobiota","Elusimicrobiota","Elusimicrobiota","c__Lineage_IIb","c__Lineage_IIb","Lineage_IIb","o__Lineage_IIb","o__Incertae_Sedis","Incertae_Sedis","f__Lineage_IIb","f__Incertae_Sedis","Incertae_Sedis","g__Lineage_IIb","g__Incertae_Sedis","Incertae_Sedis","s__uncultured_bacterium","","Above prediction",TRUE,0.000136883333333333,-3.86364942755633,0.533333333333333,"seedling",0.515388918608223,0.002,"**",TRUE,"Seedling","Lineage_IIb-2cd3"
"6","2e4a2e5ad75f2d321aadefddacb2fca7",0.000179510843751234,2.20598490000936e-06,-12593.3327136999,0.846805321645803,-46.5973096501844,0.052199179706779,0.920095785791046,-25182.6654273999,-25166.6712894675,2e+06,30,21962,5e-07,0.00479136666666667,1,0.999999772221063,0.886486202980482,0.999999999999595,"d__Bacteria","d__Bacteria","d__Bacteria","k__Pseudomonadati","k__Pseudomonadati","p__Proteobacteria","Pseudomonadota","Pseudomonadota","c__Gammaproteobacteria","c__Gammaproteobacteria","Gammaproteobacteria","o__Gammaproteobacteria_Incertae_Sedis","o__Steroidobacterales--other","Steroidobacterales--other","f__Unknown_Family","f__Steroidobacteraceae--other","Steroidobacteraceae--other","g__Acidibacter","g__Acidibacter","Acidibacter","","","Above prediction",TRUE,0.00479136666666667,-2.31954059282026,1,"seedling",0.485160653426151,0.007,"**",TRUE,"Seedling","Steroidobacteraceae--other-2e4a"
"7","2fe0b8c8296c96264c80e0c995649e7e",0.000179510843751234,2.20598490000936e-06,-12593.3327136999,0.846805321645803,-46.5973096501844,0.052199179706779,0.920095785791046,-25182.6654273999,-25166.6712894675,2e+06,30,21962,5e-07,3.73833333333333e-05,0.266666666666667,0.102538413770242,0.035934760352972,0.259376493806008,"d__Bacteria","d__Bacteria","d__Bacteria","k__Pseudomonadati--other","k__Pseudomonadati--other","p__Planctomycetota","Planctomycetota","Planctomycetota","c__Planctomycetes","c__Planctomycetia","Planctomycetia","o__Gemmatales","o__Gemmatales","Gemmatales","f__Gemmataceae","f__Gemmataceae","Gemmataceae","g__uncultured","g__Incertae_Sedis","Incertae_Sedis","s__uncultured_bacterium","uncultured_bacterium","Above prediction",TRUE,3.73833333333333e-05,-4.42732197680068,0.266666666666667,"seedling",0.499846815855141,0.001,"***",TRUE,"Seedling","Gemmataceae-2fe0"
"8","345bb6e7d820fe8551d1b4354cb9fba7",0.000179510843751234,2.20598490000936e-06,-12593.3327136999,0.846805321645803,-46.5973096501844,0.052199179706779,0.920095785791046,-25182.6654273999,-25166.6712894675,2e+06,30,21962,5e-07,9.695e-05,0.433333333333333,0.245097120808221,0.126248422359445,0.421815600750742,"d__Bacteria","d__Bacteria","d__Bacteria","k__Pseudomonadati--other","k__Pseudomonadati--other","p__Acidobacteriota","Acidobacteriota","Acidobacteriota","c__Acidobacteriae","c__Terriglobia","Terriglobia","o__Subgroup_15","o__Subgroup_15","Subgroup_15","f__Subgroup_15","f__Incertae_Sedis","Incertae_Sedis","g__Subgroup_15","g__Incertae_Sedis","Incertae_Sedis","s__uncultured_bacterium","","Above prediction",TRUE,9.695e-05,-4.01345218658528,0.433333333333333,"seedling",0.467270551479866,0.002,"**",TRUE,"Seedling","Subgroup_15-345b"
"9","3b47f8b716abbadfc918668fed451136",0.000179510843751234,2.20598490000936e-06,-12593.3327136999,0.846805321645803,-46.5973096501844,0.052199179706779,0.920095785791046,-25182.6654273999,-25166.6712894675,2e+06,30,21962,5e-07,2.47166666666667e-05,0.3,0.0689995880646378,0.0195087886893224,0.216339025876276,"d__Bacteria","d__Bacteria","d__Bacteria","k__Pseudomonadati--other","k__Pseudomonadati--other","p__Bacteroidota","Bacteroidota","Bacteroidota","c__Bacteroidia","c__Chitinophagia","Chitinophagia","o__Chitinophagales","o__Chitinophagales","Chitinophagales","f__Chitinophagaceae","f__Chitinophagaceae","Chitinophagaceae","g__Terrimonas","g__Terrimonas--other","Terrimonas--other","","metagenome","Above prediction",TRUE,2.47166666666667e-05,-4.60701009935526,0.3,"seedling",0.426123614925945,0.017,"*",TRUE,"Seedling","Chitinophagaceae-3b47"
"10","47f2617de53ce85d035fd4d1cc587272",0.000179510843751234,2.20598490000936e-06,-12593.3327136999,0.846805321645803,-46.5973096501844,0.052199179706779,0.920095785791046,-25182.6654273999,-25166.6712894675,2e+06,30,21962,5e-07,0.00487313333333333,1,0.999999827371251,0.886486300760116,0.999999999999767,"d__Bacteria","d__Bacteria","d__Bacteria","k__Pseudomonadati--other","k__Pseudomonadati--other","p__Bacteroidota","Bacteroidota","Bacteroidota","c__Bacteroidia","c__Chitinophagia","Chitinophagia","o__Chitinophagales","o__Chitinophagales","Chitinophagales","f__Chitinophagaceae","f__Chitinophagaceae","Chitinophagaceae","g__uncultured","","Incertae_Sedis","","uncultured_soil","Above prediction",TRUE,0.00487313333333333,-2.31219170576651,1,"seedling",0.513959468021402,0.002,"**",TRUE,"Seedling","Chitinophagaceae-47f2"
"11","562585e289d3b422ddf21c53f44fe3eb",0.000179510843751234,2.20598490000936e-06,-12593.3327136999,0.846805321645803,-46.5973096501844,0.052199179706779,0.920095785791046,-25182.6654273999,-25166.6712894675,2e+06,30,21962,5e-07,0.00015225,0.566666666666667,0.357506938194771,0.2114006708135,0.535962947474562,"d__Bacteria","d__Bacteria","d__Bacteria","k__Pseudomonadati--other","k__Pseudomonadati--other","p__Zixibacteria","Candidatus_Zixiibacteriota","Candidatus_Zixiibacteriota","c__Zixibacteria","c__Incertae_Sedis","Incertae_Sedis","o__Zixibacteria","o__Incertae_Sedis","Incertae_Sedis","f__Zixibacteria","f__Incertae_Sedis","Incertae_Sedis","g__Zixibacteria","g__Incertae_Sedis","Incertae_Sedis","s__uncultured_bacterium","uncultured_bacterium","Above prediction",TRUE,0.00015225,-3.81744269869509,0.566666666666667,"seedling",0.465063940619283,0.022,"*",TRUE,"Seedling","Candidatus_Zixiibacteriota-5625"
"12","669c8f8d724c09e49dc3b239b06e68dc",0.000179510843751234,2.20598490000936e-06,-12593.3327136999,0.846805321645803,-46.5973096501844,0.052199179706779,0.920095785791046,-25182.6654273999,-25166.6712894675,2e+06,30,21962,5e-07,0.00218875,1,0.998774979523797,0.884326179022787,0.99998849931276,"d__Bacteria","d__Bacteria","d__Bacteria","k__Pseudomonadati--other","k__Pseudomonadati--other","p__Bacteroidota","Bacteroidota","Bacteroidota","c__Bacteroidia","c__Cytophagia","Cytophagia","o__Cytophagales","o__Cytophagales","Cytophagales","f__Microscillaceae","f__Chryseotaleaceae","Chryseotaleaceae","g__Chryseolinea","g__Chryseolinea","Chryseolinea","s__uncultured_bacterium","","Above prediction",TRUE,0.00218875,-2.6598038409085,1,"seedling",0.528254162022625,0.003,"**",TRUE,"Seedling","Chryseotaleaceae-669c"
"13","6d01029368e4cc381d8e748ea1285708",0.000179510843751234,2.20598490000936e-06,-12593.3327136999,0.846805321645803,-46.5973096501844,0.052199179706779,0.920095785791046,-25182.6654273999,-25166.6712894675,2e+06,30,21962,5e-07,0.00322456666666667,1,0.99995738924948,0.8864110732769,0.999999985829847,"d__Bacteria","d__Bacteria","d__Bacteria","k__Pseudomonadati--other","k__Pseudomonadati--other","p__Acidobacteriota","Acidobacteriota","Acidobacteriota","c__Vicinamibacteria","c__Vicinamibacteria","Vicinamibacteria","o__Vicinamibacterales","o__Vicinamibacterales","Vicinamibacterales","f__uncultured","f__Vicinamibacteraceae","Vicinamibacteraceae","g__uncultured","g__Incertae_Sedis","Incertae_Sedis","s__uncultured_Acidobacteriaceae","","Above prediction",TRUE,0.00322456666666667,-2.49152863976365,1,"seedling",0.491939623335424,0.006,"**",TRUE,"Seedling","Vicinamibacteraceae-6d01"
"14","7120d8342c6f08d5cc97c29108b17f3c",0.000179510843751234,2.20598490000936e-06,-12593.3327136999,0.846805321645803,-46.5973096501844,0.052199179706779,0.920095785791046,-25182.6654273999,-25166.6712894675,2e+06,30,21962,5e-07,0.0018486,1,0.99638710195986,0.880177606125734,0.999903429251473,"d__Bacteria","d__Bacteria","d__Bacteria","k__Pseudomonadati--other","k__Pseudomonadati--other","p__Acidobacteriota","Acidobacteriota","Acidobacteriota","c__Thermoanaerobaculia","c__Thermoanaerobaculia","Thermoanaerobaculia","o__Thermoanaerobaculales","o__Subgroup_10","Subgroup_10","f__Thermoanaerobaculaceae","f__Incertae_Sedis","Incertae_Sedis","g__Subgroup_10","g__Incertae_Sedis","Incertae_Sedis","","","Above prediction",TRUE,0.0018486,-2.73315705129942,1,"seedling",0.50418009712473,0.035,"*",TRUE,"Seedling","Subgroup_10-7120"
"15","769e44855fc5aae59b3c9652de4711df",0.000179510843751234,2.20598490000936e-06,-12593.3327136999,0.846805321645803,-46.5973096501844,0.052199179706779,0.920095785791046,-25182.6654273999,-25166.6712894675,2e+06,30,21962,5e-07,2.715e-05,0.233333333333333,0.0755360131978697,0.0224848897896797,0.224951831450181,"d__Bacteria","d__Bacteria","d__Bacteria","k__Pseudomonadati--other","k__Pseudomonadati--other","p__Planctomycetota","Planctomycetota","Planctomycetota","c__OM190","c__OM190","OM190","o__OM190","o__Incertae_Sedis","Incertae_Sedis","f__OM190","f__Incertae_Sedis","Incertae_Sedis","g__OM190","g__Incertae_Sedis","Incertae_Sedis","s__uncultured_bacterium","soil_metagenome","Above prediction",TRUE,2.715e-05,-4.56623016607513,0.233333333333333,"seedling",0.356792378355829,0.043,"*",TRUE,"Seedling","OM190-769e"
"16","784091fb35ae9199014b843afe756c1c",0.000179510843751234,2.20598490000936e-06,-12593.3327136999,0.846805321645803,-46.5973096501844,0.052199179706779,0.920095785791046,-25182.6654273999,-25166.6712894675,2e+06,30,21962,5e-07,0.00255153333333333,1,0.99961819062564,0.885810800756047,0.999998868276522,"d__Bacteria","d__Bacteria","d__Bacteria","k__Pseudomonadati","k__Pseudomonadati","p__Proteobacteria","Pseudomonadota","Pseudomonadota","c__Alphaproteobacteria","c__Alphaproteobacteria","Alphaproteobacteria","o__Sphingomonadales","o__Sphingomonadales","Sphingomonadales","f__Sphingomonadaceae","f__Sphingomicrobiaceae","Sphingomicrobiaceae","g__Sphingomonas","g__Pseudosphingomonas","Pseudosphingomonas","","","Above prediction",TRUE,0.00255153333333333,-2.59319875365424,1,"seedling",0.497881143698406,0.025,"*",TRUE,"Seedling","Sphingomicrobiaceae-7840"
"17","7f300dd37db558444736f6b15ee90958",0.000179510843751234,2.20598490000936e-06,-12593.3327136999,0.846805321645803,-46.5973096501844,0.052199179706779,0.920095785791046,-25182.6654273999,-25166.6712894675,2e+06,30,21962,5e-07,0.00463295,1,0.999999610683106,0.886485916578791,0.999999999998816,"d__Bacteria","d__Bacteria","d__Bacteria","k__Bacillati","k__Bacillati","p__Firmicutes","Bacillota","Bacillota","c__Bacilli","c__Bacilli","Bacilli","o__Paenibacillales","o__Paenibacillales","Paenibacillales","f__Paenibacillaceae","f__Paenibacillaceae","Paenibacillaceae","g__Paenibacillus","","Paenibacillus--other","","","Above prediction",TRUE,0.00463295,-2.33414238679043,1,"seedling",0.482502783136687,0.046,"*",TRUE,"Seedling","Paenibacillaceae-7f30"
"18","945afead985a2610f6d91b9757bb4ff5",0.000179510843751234,2.20598490000936e-06,-12593.3327136999,0.846805321645803,-46.5973096501844,0.052199179706779,0.920095785791046,-25182.6654273999,-25166.6712894675,2e+06,30,21962,5e-07,0.000262233333333333,0.8,0.534591063519947,0.362563525311966,0.698765503740638,"d__Bacteria","d__Bacteria","d__Bacteria","k__Pseudomonadati--other","k__Pseudomonadati--other","p__Latescibacterota","Candidatus_Latescibacterota","Candidatus_Latescibacterota","c__Latescibacterota","c__Candidatus_Latescibacteria","Candidatus_Latescibacteria","o__Latescibacterota","o__Candidatus_Latescibacterales","Candidatus_Latescibacterales","f__Latescibacterota","f__Candidatus_Latescibacteraceae","Candidatus_Latescibacteraceae","g__Latescibacterota","g__Candidatus_Latescibacter","Candidatus_Latescibacter","s__uncultured_bacterium","Candidatus_Eisenbacteria","Above prediction",TRUE,0.000262233333333333,-3.58131210455053,0.8,"seedling",0.477096859443933,0.05,"*",TRUE,"Seedling","Candidatus_Latescibacteraceae-945a"
"19","9686d1e1057d95f22ef92b2797e14a07",0.000179510843751234,2.20598490000936e-06,-12593.3327136999,0.846805321645803,-46.5973096501844,0.052199179706779,0.920095785791046,-25182.6654273999,-25166.6712894675,2e+06,30,21962,5e-07,2.695e-05,0.233333333333333,0.0750004648421812,0.0222364905888052,0.224250717761804,"d__Bacteria","d__Bacteria","d__Bacteria","k__Bacillati","k__Bacillati","p__Actinobacteriota","Actinomycetota","Actinomycetota","c__Actinobacteria","c__Actinomycetes","Actinomycetes","o__Micromonosporales","o__Micromonosporales","Micromonosporales","f__Micromonosporaceae","f__Micromonosporaceae","Micromonosporaceae","g__Catellatospora","g__Catellatospora","Actinoplanes--other","","uncultured_actinobacterium","Above prediction",TRUE,2.695e-05,-4.56944123047724,0.233333333333333,"seedling",0.390073887647586,0.044,"*",TRUE,"Seedling","Micromonosporaceae-9686"
"20","a2a24e3bed1f3d3b7d866029d7eb8d1d",0.000179510843751234,2.20598490000936e-06,-12593.3327136999,0.846805321645803,-46.5973096501844,0.052199179706779,0.920095785791046,-25182.6654273999,-25166.6712894675,2e+06,30,21962,5e-07,9.5e-05,0.566666666666667,0.240801432808003,0.123194148164953,0.417253735186641,"d__Bacteria","d__Bacteria","d__Bacteria","k__Pseudomonadati--other","k__Pseudomonadati--other","p__Planctomycetota","Planctomycetota","Planctomycetota","c__Phycisphaerae","c__Phycisphaerae","Phycisphaerae","o__CCM11a","o__Sedimentisphaerales","Sedimentisphaerales","f__CCM11a","f__Incertae_Sedis","Incertae_Sedis","g__CCM11a","g__Incertae_Sedis","Incertae_Sedis","s__uncultured_Planctomycetia","uncultured_Planctomycetia","Above prediction",TRUE,9.5e-05,-4.02227639471115,0.566666666666667,"seedling",0.45111103655529,0.024,"*",TRUE,"Seedling","Sedimentisphaerales-a2a2"
"21","ae324a9735e40bbec15ac9853242a402",0.000179510843751234,2.20598490000936e-06,-12593.3327136999,0.846805321645803,-46.5973096501844,0.052199179706779,0.920095785791046,-25182.6654273999,-25166.6712894675,2e+06,30,21962,5e-07,0.00338443333333333,1,0.999974821428954,0.886441970842997,0.999999995051011,"d__Bacteria","d__Bacteria","d__Bacteria","k__Pseudomonadati","k__Pseudomonadati","p__Proteobacteria","Pseudomonadota","Pseudomonadota","c__Alphaproteobacteria","c__Alphaproteobacteria","Alphaproteobacteria","o__Rhizobiales","o__Hyphomicrobiales--other","Hyphomicrobiales--other","f__Methyloligellaceae","f__Methyloligellaceae","Methyloligellaceae","","g__Methyloceanibacter","Methyloceanibacter","","","Above prediction",TRUE,0.00338443333333333,-2.47051403622786,1,"seedling",0.487093192023173,0.01,"**",TRUE,"Seedling","Methyloligellaceae-ae32"
"22","b3d99500a196f8deeff625c44f1fe837",0.000179510843751234,2.20598490000936e-06,-12593.3327136999,0.846805321645803,-46.5973096501844,0.052199179706779,0.920095785791046,-25182.6654273999,-25166.6712894675,2e+06,30,21962,5e-07,0.0019343,1,0.997245813058051,0.881660330741144,0.999943176411422,"d__Bacteria","d__Bacteria","d__Bacteria","k__Pseudomonadati","k__Pseudomonadati","p__Proteobacteria","Pseudomonadota","Pseudomonadota","c__Alphaproteobacteria","c__Alphaproteobacteria","Alphaproteobacteria","o__Rhizobiales","o__Micropepsales","Micropepsales","f__KF-JG30-B3","f__Pleomorphomonadaceae","Pleomorphomonadaceae","g__KF-JG30-B3","g__Incertae_Sedis","Incertae_Sedis","","uncultured_Rhizobiales","Above prediction",TRUE,0.0019343,-2.71347616818449,1,"seedling",0.514989266620242,0.006,"**",TRUE,"Seedling","Pleomorphomonadaceae-b3d9"
"23","bad02fb4b97f30182ffe6e934f54ad5f",0.000179510843751234,2.20598490000936e-06,-12593.3327136999,0.846805321645803,-46.5973096501844,0.052199179706779,0.920095785791046,-25182.6654273999,-25166.6712894675,2e+06,30,21962,5e-07,0.00444636666666667,1,0.999999269436655,0.886485311560957,0.999999999995832,"d__Bacteria","d__Bacteria","d__Bacteria","k__Pseudomonadati","k__Pseudomonadati","p__Proteobacteria","Pseudomonadota","Pseudomonadota","c__Gammaproteobacteria","c__Gammaproteobacteria","Gammaproteobacteria","o__CCD24","o__CCD24","CCD24","f__CCD24","f__Incertae_Sedis","Incertae_Sedis","g__CCD24","g__Incertae_Sedis","Incertae_Sedis","","uncultured_Gammaproteobacteria","Above prediction",TRUE,0.00444636666666667,-2.35199472635498,1,"seedling",0.482965814954908,0.003,"**",TRUE,"Seedling","CCD24-bad0"
"24","def8339f22670d09a6e7d9d629d1e13b",0.000179510843751234,2.20598490000936e-06,-12593.3327136999,0.846805321645803,-46.5973096501844,0.052199179706779,0.920095785791046,-25182.6654273999,-25166.6712894675,2e+06,30,21962,5e-07,0.00318361666666667,1,0.999951257027778,0.886400205382308,0.999999981459619,"d__Bacteria","d__Bacteria","d__Bacteria","k__Pseudomonadati","k__Pseudomonadati","p__Proteobacteria","Pseudomonadota","Pseudomonadota","c__Gammaproteobacteria","c__Gammaproteobacteria","Gammaproteobacteria","o__PLTA13","o__Steroidobacterales--other","Steroidobacterales--other","f__PLTA13","f__Steroidobacteraceae--other","Steroidobacteraceae--other","g__PLTA13","g__PLTA13","PLTA13","","uncultured_Gammaproteobacteria","Above prediction",TRUE,0.00318361666666667,-2.49707923037336,1,"seedling",0.496154174439671,0.001,"***",TRUE,"Seedling","Steroidobacteraceae--other-def8"
"25","ec9b444040ee3317ba308466fbdff591",0.000179510843751234,2.20598490000936e-06,-12593.3327136999,0.846805321645803,-46.5973096501844,0.052199179706779,0.920095785791046,-25182.6654273999,-25166.6712894675,2e+06,30,21962,5e-07,0.00252561666666667,1,0.999584866330692,0.885751923158973,0.99999866279129,"d__Bacteria","d__Bacteria","d__Bacteria","k__Pseudomonadati","k__Pseudomonadati","p__Proteobacteria","Pseudomonadota","Pseudomonadota","c__Gammaproteobacteria","c__Gammaproteobacteria","Gammaproteobacteria","o__CCD24","o__CCD24","CCD24","f__CCD24","f__Incertae_Sedis","Incertae_Sedis","g__CCD24","g__Incertae_Sedis","Incertae_Sedis","","uncultured_Gammaproteobacteria","Above prediction",TRUE,0.00252561666666667,-2.59763256517607,1,"seedling",0.491002259662562,0.028,"*",TRUE,"Seedling","CCD24-ec9b"
"26","f57538baf707c3dd9629935db2bb981a",0.000179510843751234,2.20598490000936e-06,-12593.3327136999,0.846805321645803,-46.5973096501844,0.052199179706779,0.920095785791046,-25182.6654273999,-25166.6712894675,2e+06,30,21962,5e-07,0.0001845,0.633333333333333,0.415329117023098,0.258636669646959,0.591244122858725,"d__Bacteria","d__Bacteria","d__Bacteria","k__Pseudomonadati--other","k__Pseudomonadati--other","p__Planctomycetota","Planctomycetota","Planctomycetota","c__Planctomycetes","c__Planctomycetia","Planctomycetia","o__Gemmatales","o__Gemmatales","Gemmatales","f__Gemmataceae","f__Gemmataceae","Gemmataceae","","","","","","Above prediction",TRUE,0.0001845,-3.73400362950492,0.633333333333333,"seedling",0.459825513945099,0.046,"*",TRUE,"Seedling","Gemmataceae-f575"
"27","f9c97adffa7ac976f53976a689e9885c",0.000179510843751234,2.20598490000936e-06,-12593.3327136999,0.846805321645803,-46.5973096501844,0.052199179706779,0.920095785791046,-25182.6654273999,-25166.6712894675,2e+06,30,21962,5e-07,0.00147798333333333,1,0.988423488330495,0.866854038543278,0.99910772318519,"d__Bacteria","d__Bacteria","d__Bacteria","k__Pseudomonadati--other","k__Pseudomonadati--other","p__Gemmatimonadota","Gemmatimonadota","Gemmatimonadota","c__AKAU4049","c__Gemmatimonadia","Gemmatimonadia","o__AKAU4049","o__AKAU4049","AKAU4049","f__AKAU4049","f__Incertae_Sedis","Incertae_Sedis","g__AKAU4049","g__Incertae_Sedis","Incertae_Sedis","s__uncultured_bacterium","uncultured_bacterium","Above prediction",TRUE,0.00147798333333333,-2.83033046329043,1,"seedling",0.48771134677499,0.017,"*",TRUE,"Seedling","AKAU4049-f9c9"
"28","fc402c2851202c507e927e7dbedf7955",0.000179510843751234,2.20598490000936e-06,-12593.3327136999,0.846805321645803,-46.5973096501844,0.052199179706779,0.920095785791046,-25182.6654273999,-25166.6712894675,2e+06,30,21962,5e-07,0.0004055,0.866666666666667,0.695237648414205,0.516414676705783,0.829736444229021,"d__Bacteria","d__Bacteria","d__Bacteria","k__Pseudomonadati--other","k__Pseudomonadati--other","p__Gemmatimonadota","Gemmatimonadota","Gemmatimonadota","c__Gemmatimonadetes","c__Gemmatimonadia","Gemmatimonadia","o__Gemmatimonadales","o__Gemmatimonadales","Gemmatimonadales","f__Gemmatimonadaceae","f__Gemmatimonadaceae","Gemmatimonadaceae","g__uncultured","g__Incertae_Sedis","Incertae_Sedis","s__uncultured_Gemmatimonas","","Above prediction",TRUE,0.0004055,-3.39200914145283,0.866666666666667,"seedling",0.539248230869606,0.002,"**",TRUE,"Seedling","Gemmatimonadaceae-fc40"
"29","fffeac5016c0165bdf2db26b0820671f",0.000179510843751234,2.20598490000936e-06,-12593.3327136999,0.846805321645803,-46.5973096501844,0.052199179706779,0.920095785791046,-25182.6654273999,-25166.6712894675,2e+06,30,21962,5e-07,8.68666666666667e-05,0.5,0.22262563680943,0.110457694219142,0.397764989690178,"d__Bacteria","d__Bacteria","d__Bacteria","k__Pseudomonadati--other","k__Pseudomonadati--other","p__Bacteroidota","Bacteroidota","Bacteroidota","c__Bacteroidia","c__Chitinophagia","Chitinophagia","o__Chitinophagales","o__Chitinophagales","Chitinophagales","f__Chitinophagaceae","f__Chitinophagaceae","Chitinophagaceae","g__Terrimonas","g__Terrimonas--other","Terrimonas--other","","metagenome","Above prediction",TRUE,8.68666666666667e-05,-4.0611468433431,0.5,"seedling",0.451741408918149,0.009,"**",TRUE,"Seedling","Chitinophagaceae-fffe"
"30","1d9c607939c1ee71ae4b06698acbbb3f",0.000165489163754213,2.47291354016615e-06,-9704.32403770705,0.796523690503726,-41.5304001783078,0.0632389409690368,0.914276162813071,-19404.6480754141,-19389.054044798,2e+06,22,17980,5e-07,3.12272727272727e-05,0.318181818181818,0.0806851390522373,0.0209040056555549,0.265132668600362,"d__Bacteria","d__Bacteria","d__Bacteria","k__Pseudomonadati--other","k__Pseudomonadati--other","p__Bacteroidota","Bacteroidota","Bacteroidota","c__Bacteroidia","c__Cytophagia","Cytophagia","o__Cytophagales","o__Cytophagales","Cytophagales","f__Hymenobacteraceae","f__Hymenobacteraceae","Hymenobacteraceae","g__Hymenobacter","g__Hymenobacter","Hymenobacter","","Hymenobacter_terrae","Above prediction",TRUE,3.12272727272727e-05,-4.50546594376266,0.318181818181818,"early_vegetative",0.393106282350726,0.014,"*",TRUE,"Early Vegetative","Hymenobacteraceae-1d9c"
"31","201a8b7bdee6128debde3ad025749fc3",0.000165489163754213,2.47291354016615e-06,-9704.32403770705,0.796523690503726,-41.5304001783078,0.0632389409690368,0.914276162813071,-19404.6480754141,-19389.054044798,2e+06,22,17980,5e-07,0.000366477272727273,0.818181818181818,0.631282825592511,0.424730920132074,0.798803067099508,"d__Bacteria","d__Bacteria","d__Bacteria","k__Pseudomonadati--other","k__Pseudomonadati--other","p__Acidobacteriota","Acidobacteriota","Acidobacteriota","c__Vicinamibacteria","c__Vicinamibacteria","Vicinamibacteria","o__Vicinamibacterales","o__Vicinamibacterales","Vicinamibacterales","f__Vicinamibacteraceae","f__Vicinamibacteraceae","Vicinamibacteraceae","g__Vicinamibacteraceae","g__Incertae_Sedis","Incertae_Sedis","","","Above prediction",TRUE,0.000366477272727273,-3.43595295317888,0.818181818181818,"early_vegetative",0.525534643062626,0.012,"*",TRUE,"Early Vegetative","Vicinamibacteraceae-201a"
"32","268d05830150f9f44ace6cae89d83924",0.000165489163754213,2.47291354016615e-06,-9704.32403770705,0.796523690503726,-41.5304001783078,0.0632389409690368,0.914276162813071,-19404.6480754141,-19389.054044798,2e+06,22,17980,5e-07,0.00181029545454545,1,0.993936926466313,0.841218691612055,0.999802897583736,"d__Bacteria","d__Bacteria","d__Bacteria","k__Bacillati","k__Bacillati","p__Chloroflexi","Thermomicrobiota","Thermomicrobiota","c__Chloroflexia","c__Thermomicrobia","Thermomicrobia","o__Thermomicrobiales","o__Thermomicrobiales--other","Thermomicrobiales--other","f__JG30-KF-CM45","f__JG30-KF-CM45","JG30-KF-CM45","g__JG30-KF-CM45","g__Incertae_Sedis","Incertae_Sedis","s__uncultured_bacterium","","Above prediction",TRUE,0.00181029545454545,-2.74225053904948,1,"early_vegetative",0.512705354034502,0.001,"***",TRUE,"Early Vegetative","JG30-KF-CM45-268d"
"33","2db7d7619de7eeb48a3eda5c3e4deac3",0.000165489163754213,2.47291354016615e-06,-9704.32403770705,0.796523690503726,-41.5304001783078,0.0632389409690368,0.914276162813071,-19404.6480754141,-19389.054044798,2e+06,22,17980,5e-07,8.20681818181818e-05,0.409090909090909,0.198653920075929,0.083228194773552,0.40367277282813,"d__Bacteria","d__Bacteria","d__Bacteria","k__Pseudomonadati","k__Pseudomonadati","p__Bdellovibrionota","Bdellovibrionota--other","Bdellovibrionota--other","c__Oligoflexia","c__Oligoflexia","Oligoflexia","o__Oligoflexales","o__Oligoflexales","Oligoflexales","f__uncultured","f__Oligoflexaceae--other","Oligoflexaceae--other","g__uncultured","g__Incertae_Sedis","Incertae_Sedis","s__uncultured_bacterium","uncultured_bacterium","Above prediction",TRUE,8.20681818181818e-05,-4.08582518805936,0.409090909090909,"early_vegetative",0.451605926814635,0.002,"**",TRUE,"Early Vegetative","Oligoflexaceae--other-2db7"
"34","38fbe7bb53bbac67e35565e954eb9af7",0.000165489163754213,2.47291354016615e-06,-9704.32403770705,0.796523690503726,-41.5304001783078,0.0632389409690368,0.914276162813071,-19404.6480754141,-19389.054044798,2e+06,22,17980,5e-07,2.875e-05,0.318181818181818,0.0745234063447531,0.0183860824374056,0.257159069609548,"d__Bacteria","d__Bacteria","d__Bacteria","k__Bacillati","k__Bacillati","p__Actinobacteriota","Actinomycetota","Actinomycetota","c__Thermoleophilia","c__Thermoleophilia","Thermoleophilia","o__Gaiellales","o__Gaiellales","Gaiellales","f__uncultured","f__Gaiellaceae","Gaiellaceae","g__uncultured","g__Gaiella","Gaiella","s__uncultured_bacterium","","Above prediction",TRUE,2.875e-05,-4.54136215097435,0.318181818181818,"early_vegetative",0.426286408419278,0.015,"*",TRUE,"Early Vegetative","Gaiellaceae-38fb"
"35","3c2e985995945ad30db0a405dc4f092a",0.000165489163754213,2.47291354016615e-06,-9704.32403770705,0.796523690503726,-41.5304001783078,0.0632389409690368,0.914276162813071,-19404.6480754141,-19389.054044798,2e+06,22,17980,5e-07,2.57272727272727e-05,0.318181818181818,0.0669503748138137,0.0154361042291244,0.247214520861229,"d__Bacteria","d__Bacteria","d__Bacteria","k__Bacillati","k__Bacillati","p__Chloroflexi","Chloroflexota--other","Chloroflexota--other","c__Anaerolineae","c__Ardenticatenia","Ardenticatenia","o__Ardenticatenales","o__Ardenticatenales","Ardenticatenales","f__Ardenticatenaceae","f__Ardenticatenaceae","Ardenticatenaceae","g__uncultured","g__Ardenticatena","Ardenticatena","s__uncultured_Chloroflexus","uncultured_Chloroflexus","Above prediction",TRUE,2.57272727272727e-05,-4.58960624963393,0.318181818181818,"early_vegetative",0.375050062909978,0.043,"*",TRUE,"Early Vegetative","Ardenticatenaceae-3c2e"
"36","41c3fcdc0ba7f8aa45aa2bfd2d4eeaf6",0.000165489163754213,2.47291354016615e-06,-9704.32403770705,0.796523690503726,-41.5304001783078,0.0632389409690368,0.914276162813071,-19404.6480754141,-19389.054044798,2e+06,22,17980,5e-07,0.00434265909090909,1,0.999997130048752,0.851340238800538,0.99999999995283,"d__Bacteria","d__Bacteria","d__Bacteria","k__Bacillati","k__Bacillati","p__Actinobacteriota","Actinomycetota","Actinomycetota","c__Thermoleophilia","c__Thermoleophilia","Thermoleophilia","o__Gaiellales","o__Gaiellales","Gaiellales","f__uncultured","f__Gaiellaceae","Gaiellaceae","g__uncultured","g__Gaiella","Gaiella","","uncultured_Rubrobacteria","Above prediction",TRUE,0.00434265909090909,-2.36224426245177,1,"early_vegetative",0.499847100748822,0.001,"***",TRUE,"Early Vegetative","Gaiellaceae-41c3"
"37","49c745322f04a08b65e51ef7cf5800ef",0.000165489163754213,2.47291354016615e-06,-9704.32403770705,0.796523690503726,-41.5304001783078,0.0632389409690368,0.914276162813071,-19404.6480754141,-19389.054044798,2e+06,22,17980,5e-07,1.06363636363636e-05,0.227272727272727,0.0282287514014013,0.0035112593530383,0.193208435058519,"d__Bacteria","d__Bacteria","d__Bacteria","k__Pseudomonadati--other","k__Pseudomonadati--other","p__Bacteroidota","Bacteroidota","Bacteroidota","c__Bacteroidia","c__Chitinophagia","Chitinophagia","o__Chitinophagales","o__Chitinophagales","Chitinophagales","f__Chitinophagaceae","f__Chitinophagaceae","Chitinophagaceae","g__uncultured","g__Incertae_Sedis","Incertae_Sedis","","soil_metagenome","Above prediction",TRUE,1.06363636363636e-05,-4.97320682341206,0.227272727272727,"early_vegetative",0.383556766794367,0.009,"**",TRUE,"Early Vegetative","Chitinophagaceae-49c7"
"38","4ad08edc0f9036d5f772204edf4b9d53",0.000165489163754213,2.47291354016615e-06,-9704.32403770705,0.796523690503726,-41.5304001783078,0.0632389409690368,0.914276162813071,-19404.6480754141,-19389.054044798,2e+06,22,17980,5e-07,0.000388772727272727,0.818181818181818,0.65323989249945,0.445549630977546,0.815370440012265,"d__Bacteria","d__Bacteria","d__Bacteria","k__Pseudomonadati","k__Pseudomonadati","p__Myxococcota","Myxococcota","Myxococcota","c__Polyangia","c__Polyangiia","Polyangiia","o__Polyangiales","o__Polyangiales--other","Polyangiales--other","f__Sandaracinaceae","f__Sandaracinaceae","Sandaracinaceae","g__uncultured","g__Sandaracinus","Sandaracinus","s__metagenome","metagenome","Above prediction",TRUE,0.000388772727272727,-3.41030420879308,0.818181818181818,"early_vegetative",0.505290411269271,0.009,"**",TRUE,"Early Vegetative","Sandaracinaceae-4ad0"
"39","539e107e4388d59578bf755e194487d7",0.000165489163754213,2.47291354016615e-06,-9704.32403770705,0.796523690503726,-41.5304001783078,0.0632389409690368,0.914276162813071,-19404.6480754141,-19389.054044798,2e+06,22,17980,5e-07,0.000557659090909091,1,0.782726349609881,0.576236399341598,0.905158999778544,"d__Archaea","d__Archaea","d__Archaea","k__Thermoproteati","k__Thermoproteati","p__Crenarchaeota","Thermoproteota","Thermoproteota","c__Nitrososphaeria","c__Nitrososphaeria","Nitrososphaeria","o__Nitrososphaerales","o__Nitrososphaerales","Nitrososphaerales","f__Nitrososphaeraceae","f__Nitrososphaeraceae","Nitrososphaeraceae","g__Nitrososphaeraceae","g__Candidatus_Nitrosocosmicus","Candidatus_Nitrosocosmicus","","uncultured_archaeon","Above prediction",TRUE,0.000557659090909091,-3.25363121357566,1,"early_vegetative",0.532400232112497,0.025,"*",TRUE,"Early Vegetative","Nitrososphaeraceae-539e"
"40","5de04fe69beee5cc76f6cdc2005dc3a5",0.000165489163754213,2.47291354016615e-06,-9704.32403770705,0.796523690503726,-41.5304001783078,0.0632389409690368,0.914276162813071,-19404.6480754141,-19389.054044798,2e+06,22,17980,5e-07,5.76818181818182e-05,0.5,0.144039627799878,0.0516000938161686,0.342309650773682,"d__Bacteria","d__Bacteria","d__Bacteria","k__Bacillati","k__Bacillati","p__Chloroflexi","Chloroflexota--other","Chloroflexota--other","c__Anaerolineae","c__Anaerolineae","Anaerolineae","o__SBR1031","o__Phototrophicales","Phototrophicales","f__SBR1031","f__Phototrophicaceae","Phototrophicaceae","g__SBR1031","g__Phototrophicus","Phototrophicus","s__uncultured_Caldilineaceae","uncultured_Caldilineaceae","Above prediction",TRUE,5.76818181818182e-05,-4.2389610587275,0.5,"early_vegetative",0.42864672681936,0.024,"*",TRUE,"Early Vegetative","Phototrophicaceae-5de0"
"41","6cb14ded507b5a587e23f539fa1bb648",0.000165489163754213,2.47291354016615e-06,-9704.32403770705,0.796523690503726,-41.5304001783078,0.0632389409690368,0.914276162813071,-19404.6480754141,-19389.054044798,2e+06,22,17980,5e-07,6.75e-06,0.181818181818182,0.0180056764967284,0.0015527082921951,0.177760256146153,"d__Bacteria","d__Bacteria","d__Bacteria","k__Pseudomonadati--other","k__Pseudomonadati--other","p__Acidobacteriota","Acidobacteriota","Acidobacteriota","c__Subgroup_5","c__Terriglobia","Terriglobia","o__Subgroup_5","o__Subgroup_5","Subgroup_5","f__Subgroup_5","f__Incertae_Sedis","Incertae_Sedis","g__Subgroup_5","g__Incertae_Sedis","Incertae_Sedis","s__uncultured_Acidobacteria","uncultured_Acidobacteria","Above prediction",TRUE,6.75e-06,-5.17069622716897,0.181818181818182,"early_vegetative",0.352386141386722,0.022,"*",TRUE,"Early Vegetative","Subgroup_5-6cb1"
"42","7890bad6b5f262c48962afef59862cf2",0.000165489163754213,2.47291354016615e-06,-9704.32403770705,0.796523690503726,-41.5304001783078,0.0632389409690368,0.914276162813071,-19404.6480754141,-19389.054044798,2e+06,22,17980,5e-07,5.27954545454545e-05,0.363636363636364,0.132667531962949,0.0455445439352994,0.329002043942044,"d__Bacteria","d__Bacteria","d__Bacteria","k__Bacillati","k__Bacillati","p__Actinobacteriota","Actinomycetota","Actinomycetota","c__Actinobacteria","c__Actinomycetes","Actinomycetes","o__Micromonosporales","o__Micromonosporales","Micromonosporales","f__Micromonosporaceae","f__Micromonosporaceae","Micromonosporaceae","g__Longispora","g__Longispora","Longispora","s__uncultured_bacterium","metagenome","Above prediction",TRUE,5.27954545454545e-05,-4.27740346668595,0.363636363636364,"early_vegetative",0.401285527886173,0.014,"*",TRUE,"Early Vegetative","Micromonosporaceae-7890"
"43","8599524cec26e00cc7df72e7ecc01220",0.000165489163754213,2.47291354016615e-06,-9704.32403770705,0.796523690503726,-41.5304001783078,0.0632389409690368,0.914276162813071,-19404.6480754141,-19389.054044798,2e+06,22,17980,5e-07,0.00619061363636364,1,0.999999991539385,0.851345110985572,1,"d__Bacteria","d__Bacteria","d__Bacteria","k__Pseudomonadati--other","k__Pseudomonadati--other","p__Acidobacteriota","Acidobacteriota","Acidobacteriota","c__Vicinamibacteria","c__Vicinamibacteria","Vicinamibacteria","o__Vicinamibacterales","o__Vicinamibacterales","Vicinamibacterales","f__Vicinamibacteraceae","f__Vicinamibacteraceae","Vicinamibacteraceae","g__Vicinamibacteraceae","g__Incertae_Sedis","Incertae_Sedis","","metagenome","Above prediction",TRUE,0.00619061363636364,-2.20826629998182,1,"early_vegetative",0.468398861786427,0.029,"*",TRUE,"Early Vegetative","Vicinamibacteraceae-8599"
"44","8f19c3b244626c6f77c1ba8232f9ac10",0.000165489163754213,2.47291354016615e-06,-9704.32403770705,0.796523690503726,-41.5304001783078,0.0632389409690368,0.914276162813071,-19404.6480754141,-19389.054044798,2e+06,22,17980,5e-07,9.25227272727273e-05,0.5,0.221011536494325,0.0972173515009383,0.427751711607087,"d__Bacteria","d__Bacteria","d__Bacteria","k__Pseudomonadati","k__Pseudomonadati","p__Proteobacteria","Pseudomonadota","Pseudomonadota","c__Alphaproteobacteria","c__Alphaproteobacteria","Alphaproteobacteria","o__Elsterales","o__Azospirillales","Azospirillales","f__uncultured","f__Geminicoccaceae","Geminicoccaceae","g__uncultured","g__Incertae_Sedis","Incertae_Sedis","s__uncultured_bacterium","uncultured_bacterium","Above prediction",TRUE,9.25227272727273e-05,-4.03375157410679,0.5,"early_vegetative",0.416041501623464,0.03,"*",TRUE,"Early Vegetative","Geminicoccaceae-8f19"
"45","9d127ac8ec1a7b03befe92229847b811",0.000165489163754213,2.47291354016615e-06,-9704.32403770705,0.796523690503726,-41.5304001783078,0.0632389409690368,0.914276162813071,-19404.6480754141,-19389.054044798,2e+06,22,17980,5e-07,0.00321095454545455,1,0.999907118627215,0.85118702653743,0.999999950646028,"d__Bacteria","d__Bacteria","d__Bacteria","k__Bacillati","k__Bacillati","p__Actinobacteriota","Actinomycetota","Actinomycetota","c__Thermoleophilia","c__Thermoleophilia","Thermoleophilia","o__Solirubrobacterales","o__Solirubrobacterales","Solirubrobacterales","f__Solirubrobacteraceae","f__Solirubrobacteraceae","Solirubrobacteraceae","g__Solirubrobacter","g__Solirubrobacter","Solirubrobacter","","","Above prediction",TRUE,0.00321095454545455,-2.49336584229958,1,"early_vegetative",0.516563978930713,0.001,"***",TRUE,"Early Vegetative","Solirubrobacteraceae-9d12"
"46","a311a9edffa358734c18789ea398ebf6",0.000165489163754213,2.47291354016615e-06,-9704.32403770705,0.796523690503726,-41.5304001783078,0.0632389409690368,0.914276162813071,-19404.6480754141,-19389.054044798,2e+06,22,17980,5e-07,3.16136363636364e-05,0.272727272727273,0.0816425285673321,0.0213042027635576,0.266362609285912,"d__Bacteria","d__Bacteria","d__Bacteria","k__Pseudomonadati--other","k__Pseudomonadati--other","p__Planctomycetota","Planctomycetota","Planctomycetota","c__Planctomycetes","c__Planctomycetia","Planctomycetia","o__Pirellulales","o__Pirellulales","Pirellulales","f__Pirellulaceae","f__Thermoguttaceae--other","Thermoguttaceae--other","g__uncultured","g__Incertae_Sedis","Incertae_Sedis","s__uncultured_bacterium","Pirellulales_bacterium","Above prediction",TRUE,3.16136363636364e-05,-4.50012554649414,0.272727272727273,"early_vegetative",0.364664289953567,0.024,"*",TRUE,"Early Vegetative","Thermoguttaceae--other-a311"
"47","a438a2585c15dce0dfcc7909bff26c9d",0.000165489163754213,2.47291354016615e-06,-9704.32403770705,0.796523690503726,-41.5304001783078,0.0632389409690368,0.914276162813071,-19404.6480754141,-19389.054044798,2e+06,22,17980,5e-07,0.000204227272727273,0.636363636363636,0.424929989195999,0.245169350675783,0.627009673802088,"d__Bacteria","d__Bacteria","d__Bacteria","k__Pseudomonadati","k__Pseudomonadati","p__Proteobacteria","Pseudomonadota","Pseudomonadota","c__Alphaproteobacteria","c__Alphaproteobacteria","Alphaproteobacteria","o__Rhizobiales","o__Hyphomicrobiales--other","Hyphomicrobiales--other","f__Rhizobiaceae","f__Rhizobiaceae--other","Rhizobiaceae--other","","g__Manganibacter","Manganibacter","","uncultured_bacterium","Above prediction",TRUE,0.000204227272727273,-3.68988626222918,0.636363636363636,"early_vegetative",0.50333719494094,0.03,"*",TRUE,"Early Vegetative","Rhizobiaceae--other-a438"
"48","a611900bc993d70d44c9cfab9bc41e0c",0.000165489163754213,2.47291354016615e-06,-9704.32403770705,0.796523690503726,-41.5304001783078,0.0632389409690368,0.914276162813071,-19404.6480754141,-19389.054044798,2e+06,22,17980,5e-07,0.000139886363636364,0.772727272727273,0.314900018270971,0.161232049239093,0.523600016450823,"d__Bacteria","d__Bacteria","d__Bacteria","k__Pseudomonadati","k__Pseudomonadati","p__Proteobacteria","Pseudomonadota","Pseudomonadota","c__Alphaproteobacteria","c__Alphaproteobacteria","Alphaproteobacteria","o__Rhizobiales","o__Hyphomicrobiales--other","Hyphomicrobiales--other","f__Xanthobacteraceae","f__Nitrobacteraceae","Nitrobacteraceae","g__Rhodoplanes","g__Rhodoplanes","Rhodoplanes","","","Above prediction",TRUE,0.000139886363636364,-3.85422461921885,0.772727272727273,"early_vegetative",0.495071420183101,0.034,"*",TRUE,"Early Vegetative","Nitrobacteraceae-a611"
"49","b1863f644ee4aa35e4528d955815389e",0.000165489163754213,2.47291354016615e-06,-9704.32403770705,0.796523690503726,-41.5304001783078,0.0632389409690368,0.914276162813071,-19404.6480754141,-19389.054044798,2e+06,22,17980,5e-07,0.000364681818181818,0.818181818181818,0.629456494141765,0.423015043653757,0.797409266821942,"d__Bacteria","d__Bacteria","d__Bacteria","k__Pseudomonadati","k__Pseudomonadati","p__Myxococcota","Myxococcota","Myxococcota","c__Polyangia","c__Polyangiia","Polyangiia","o__Polyangiales","o__Polyangiales","Polyangiales","f__BIrii41","f__Polyangiaceae","Polyangiaceae","g__BIrii41","g__Incertae_Sedis","Incertae_Sedis","s__uncultured_bacterium","uncultured_bacterium","Above prediction",TRUE,0.000364681818181818,-3.43808588861971,0.818181818181818,"early_vegetative",0.504064543752728,0.02,"*",TRUE,"Early Vegetative","Polyangiaceae-b186"
"50","b26086d47e0a3f9bd5c419c4617b8502",0.000165489163754213,2.47291354016615e-06,-9704.32403770705,0.796523690503726,-41.5304001783078,0.0632389409690368,0.914276162813071,-19404.6480754141,-19389.054044798,2e+06,22,17980,5e-07,0.00389702272727273,1,0.999988609356373,0.851325731396486,0.999999999257038,"d__Archaea","d__Archaea","d__Archaea","k__Thermoproteati","k__Thermoproteati","p__Crenarchaeota","Thermoproteota","Thermoproteota","c__Nitrososphaeria","c__Nitrososphaeria","Nitrososphaeria","o__Nitrososphaerales","o__Nitrososphaerales","Nitrososphaerales","f__Nitrososphaeraceae","f__Nitrososphaeraceae","Nitrososphaeraceae","","g__Candidatus_Nitrosocosmicus","Candidatus_Nitrosocosmicus","","uncultured_archaeon","Above prediction",TRUE,0.00389702272727273,-2.40926706141276,1,"early_vegetative",0.487932048631644,0.01,"**",TRUE,"Early Vegetative","Nitrososphaeraceae-b260"
"51","b72d2815103feb19f37f2521dac55754",0.000165489163754213,2.47291354016615e-06,-9704.32403770705,0.796523690503726,-41.5304001783078,0.0632389409690368,0.914276162813071,-19404.6480754141,-19389.054044798,2e+06,22,17980,5e-07,0.00489936363636364,1,0.999999495022419,0.851344265572436,0.99999999999854,"d__Bacteria","d__Bacteria","d__Bacteria","k__Pseudomonadati--other","k__Pseudomonadati--other","p__Verrucomicrobiota","Verrucomicrobiota","Verrucomicrobiota","c__Verrucomicrobiae","c__Terrimicrobiia","Terrimicrobiia","o__Chthoniobacterales","o__Terrimicrobiales","Terrimicrobiales","f__Xiphinematobacteraceae","f__Candidatus_Xiphinematobacteraceae","Candidatus_Xiphinematobacteraceae","g__Candidatus_Xiphinematobacter","g__Candidatus_Xiphinematobacter","Candidatus_Xiphinematobacter","s__uncultured_bacterium","mine_metagenome","Above prediction",TRUE,0.00489936363636364,-2.30986032551503,1,"early_vegetative",0.476606980239423,0.038,"*",TRUE,"Early Vegetative","Candidatus_Xiphinematobacteraceae-b72d"
"52","bb037f60baf36fa3602d3bf20c7b19ce",0.000165489163754213,2.47291354016615e-06,-9704.32403770705,0.796523690503726,-41.5304001783078,0.0632389409690368,0.914276162813071,-19404.6480754141,-19389.054044798,2e+06,22,17980,5e-07,8.47272727272727e-05,0.818181818181818,0.204399233179845,0.0867706096581671,0.409912846553247,"d__Bacteria","d__Bacteria","d__Bacteria","k__Pseudomonadati--other","k__Pseudomonadati--other","p__Acidobacteriota","Acidobacteriota","Acidobacteriota","c__Vicinamibacteria","c__Vicinamibacteria","Vicinamibacteria","o__Vicinamibacterales","o__Vicinamibacterales","Vicinamibacterales","f__uncultured","f__Vicinamibacteraceae","Vicinamibacteraceae","g__uncultured","g__Incertae_Sedis","Incertae_Sedis","s__uncultured_bacterium","","Above prediction",TRUE,8.47272727272727e-05,-4.07197677280424,0.818181818181818,"early_vegetative",0.53193572767741,0.009,"**",TRUE,"Early Vegetative","Vicinamibacteraceae-bb03"
"53","c39e15de7f8295ecfed0969cd53b2126",0.000165489163754213,2.47291354016615e-06,-9704.32403770705,0.796523690503726,-41.5304001783078,0.0632389409690368,0.914276162813071,-19404.6480754141,-19389.054044798,2e+06,22,17980,5e-07,0.00818788636363636,1,0.999999999986791,0.851345125368888,1,"d__Bacteria","d__Bacteria","d__Bacteria","k__Bacillati","k__Bacillati","p__Chloroflexi","Chloroflexota--other","Chloroflexota--other","c__KD4-96","c__Ktedonobacteria","Ktedonobacteria","o__KD4-96","o__Incertae_Sedis","Incertae_Sedis","f__KD4-96","f__Incertae_Sedis","Incertae_Sedis","g__KD4-96","g__Incertae_Sedis","Incertae_Sedis","","","Above prediction",TRUE,0.00818788636363636,-2.08682819336519,1,"early_vegetative",0.495631691852439,0.001,"***",TRUE,"Early Vegetative","Ktedonobacteria-c39e"
"54","cd2ed2970d1be8bfaf89925b7479b7aa",0.000165489163754213,2.47291354016615e-06,-9704.32403770705,0.796523690503726,-41.5304001783078,0.0632389409690368,0.914276162813071,-19404.6480754141,-19389.054044798,2e+06,22,17980,5e-07,0.00430227272727273,1,0.999996746629323,0.85133958596946,0.999999999939385,"d__Bacteria","d__Bacteria","d__Bacteria","k__Pseudomonadati--other","k__Pseudomonadati--other","p__Acidobacteriota","Acidobacteriota","Acidobacteriota","c__Vicinamibacteria","c__Vicinamibacteria","Vicinamibacteria","o__Vicinamibacterales","o__Vicinamibacterales","Vicinamibacterales","f__uncultured","f__Vicinamibacteraceae","Vicinamibacteraceae","g__uncultured","g__Incertae_Sedis","Incertae_Sedis","s__uncultured_bacterium","metagenome","Above prediction",TRUE,0.00430227272727273,-2.36630206252239,1,"early_vegetative",0.498792739438346,0.001,"***",TRUE,"Early Vegetative","Vicinamibacteraceae-cd2e"
"55","cecf3d5b545d6e3444c81ab3cde003e4",0.000165489163754213,2.47291354016615e-06,-9704.32403770705,0.796523690503726,-41.5304001783078,0.0632389409690368,0.914276162813071,-19404.6480754141,-19389.054044798,2e+06,22,17980,5e-07,8.675e-05,0.681818181818182,0.208742649046661,0.0894731332466835,0.414605814816253,"d__Bacteria","d__Bacteria","d__Bacteria","k__Bacillati","k__Bacillati","p__Actinobacteriota","Actinomycetota","Actinomycetota","c__Thermoleophilia","c__Thermoleophilia","Thermoleophilia","o__Gaiellales","o__Gaiellales","Gaiellales","f__Gaiellaceae","f__Gaiellaceae","Gaiellaceae","g__Gaiella","g__Gaiella","Gaiella","","","Above prediction",TRUE,8.675e-05,-4.06173051653709,0.681818181818182,"early_vegetative",0.519160425215433,0.011,"*",TRUE,"Early Vegetative","Gaiellaceae-cecf"
"56","d10c72b287f6e198757f9d267625d1ed",0.000165489163754213,2.47291354016615e-06,-9704.32403770705,0.796523690503726,-41.5304001783078,0.0632389409690368,0.914276162813071,-19404.6480754141,-19389.054044798,2e+06,22,17980,5e-07,0.00426729545454545,1,0.999996373676144,0.851338950960412,0.999999999924692,"d__Bacteria","d__Bacteria","d__Bacteria","k__Pseudomonadati--other","k__Pseudomonadati--other","p__Acidobacteriota","Acidobacteriota","Acidobacteriota","c__Vicinamibacteria","c__Vicinamibacteria","Vicinamibacteria","o__Vicinamibacterales","o__Vicinamibacterales","Vicinamibacterales","f__Vicinamibacteraceae","f__Vicinamibacteraceae","Vicinamibacteraceae","g__Vicinamibacteraceae","g__Incertae_Sedis","Incertae_Sedis","","","Above prediction",TRUE,0.00426729545454545,-2.36984728687198,1,"early_vegetative",0.489524438160329,0.005,"**",TRUE,"Early Vegetative","Vicinamibacteraceae-d10c"
"57","daae3699c460e7d41ec585f2d1241c4f",0.000165489163754213,2.47291354016615e-06,-9704.32403770705,0.796523690503726,-41.5304001783078,0.0632389409690368,0.914276162813071,-19404.6480754141,-19389.054044798,2e+06,22,17980,5e-07,0.00499536363636364,1,0.999999626376416,0.851344489226945,0.9999999999992,"d__Bacteria","d__Bacteria","d__Bacteria","k__Bacillati","k__Bacillati","p__Actinobacteriota","Actinomycetota","Actinomycetota","c__Thermoleophilia","c__Thermoleophilia","Thermoleophilia","o__Solirubrobacterales","","Solirubrobacterales","f__67-14","","67-14","g__67-14","","Incertae_Sedis","s__uncultured_Rubrobacteria","uncultured_Thermoleophilaceae","Above prediction",TRUE,0.00499536363636364,-2.30143289191889,1,"early_vegetative",0.487059132252846,0.004,"**",TRUE,"Early Vegetative","67-14-daae"
"58","deecde47b41194094869e4cf17b1b34a",0.000165489163754213,2.47291354016615e-06,-9704.32403770705,0.796523690503726,-41.5304001783078,0.0632389409690368,0.914276162813071,-19404.6480754141,-19389.054044798,2e+06,22,17980,5e-07,4.81590909090909e-05,0.318181818181818,0.12174101816215,0.0399275231789211,0.316014596174758,"d__Bacteria","d__Bacteria","d__Bacteria","k__Bacillati","k__Bacillati","p__Actinobacteriota","Actinomycetota","Actinomycetota","c__MB-A2-108","c__MB-A2-108","MB-A2-108","o__MB-A2-108","o__Incertae_Sedis","Incertae_Sedis","f__MB-A2-108","f__Incertae_Sedis","Incertae_Sedis","g__MB-A2-108","g__Incertae_Sedis","Incertae_Sedis","s__uncultured_bacterium","","Above prediction",TRUE,4.81590909090909e-05,-4.31732171977539,0.318181818181818,"early_vegetative",0.364597670760521,0.044,"*",TRUE,"Early Vegetative","MB-A2-108-deec"
"59","ea8132ab0561b1f470a6490ddd1447c7",0.000165489163754213,2.47291354016615e-06,-9704.32403770705,0.796523690503726,-41.5304001783078,0.0632389409690368,0.914276162813071,-19404.6480754141,-19389.054044798,2e+06,22,17980,5e-07,3.86363636363636e-05,0.454545454545455,0.0988759214215574,0.0288874774911287,0.28812246455914,"d__Bacteria","d__Bacteria","d__Bacteria","k__Pseudomonadati--other","k__Pseudomonadati--other","p__Planctomycetota","Planctomycetota","Planctomycetota","c__Phycisphaerae","c__Phycisphaerae","Phycisphaerae","o__S-70","o__Sedimentisphaerales","Sedimentisphaerales","f__S-70","f__Incertae_Sedis","Incertae_Sedis","g__S-70","g__Incertae_Sedis","Incertae_Sedis","s__uncultured_bacterium","uncultured_bacterium","Above prediction",TRUE,3.86363636363636e-05,-4.41300375510791,0.454545454545455,"early_vegetative",0.39205679566667,0.042,"*",TRUE,"Early Vegetative","Sedimentisphaerales-ea81"
"60","eb15bd717006f340879f3d01183bec80",0.000165489163754213,2.47291354016615e-06,-9704.32403770705,0.796523690503726,-41.5304001783078,0.0632389409690368,0.914276162813071,-19404.6480754141,-19389.054044798,2e+06,22,17980,5e-07,3.225e-05,0.272727272727273,0.0832172854578339,0.0219675513542218,0.268380583900059,"d__Bacteria","d__Bacteria","d__Bacteria","k__Pseudomonadati--other","k__Pseudomonadati--other","p__Verrucomicrobiota","Chlamydiota","Chlamydiota","c__Chlamydiae","c__Chlamydiia","Chlamydiia","o__Chlamydiales","o__Chlamydiales","Chlamydiales","","","Parachlamydiaceae","","","Neochlamydia","","metagenome","Above prediction",TRUE,3.225e-05,-4.49147028102871,0.272727272727273,"early_vegetative",0.382959969464076,0.016,"*",TRUE,"Early Vegetative","Parachlamydiaceae-eb15"
"61","f8b6d2a553f0df1c667529b281cdac3f",0.000165489163754213,2.47291354016615e-06,-9704.32403770705,0.796523690503726,-41.5304001783078,0.0632389409690368,0.914276162813071,-19404.6480754141,-19389.054044798,2e+06,22,17980,5e-07,0.00249865909090909,1,0.999206945162605,0.84999836822309,0.999996430428321,"d__Bacteria","d__Bacteria","d__Bacteria","k__Pseudomonadati","k__Pseudomonadati","p__Proteobacteria","Pseudomonadota","Pseudomonadota","c__Alphaproteobacteria","c__Alphaproteobacteria","Alphaproteobacteria","o__Rhizobiales","o__Hyphomicrobiales","Hyphomicrobiales","f__Hyphomicrobiaceae","f__Hyphomicrobiaceae","Hyphomicrobiaceae","g__Pedomicrobium","g__Pedomicrobium","Pedomicrobium","","uncultured_Alphaproteobacteria","Above prediction",TRUE,0.00249865909090909,-2.60229299358809,1,"early_vegetative",0.486151595005702,0.009,"**",TRUE,"Early Vegetative","Hyphomicrobiaceae-f8b6"
"62","0c23f1e64c234f8c8558c5bafecae55f",0.000182793133456107,2.2224770364984e-06,-13513.4715576752,0.836412383625062,-48.1783990803847,0.0530739793176535,0.920224161868509,-27022.9431153505,-27006.8493253188,2e+06,30,23084,5e-07,0.000114966666666667,0.566666666666667,0.287511510865014,0.157246396821576,0.466017203732697,"d__Bacteria","d__Bacteria","d__Bacteria","k__Pseudomonadati--other","k__Pseudomonadati--other","p__Zixibacteria","Candidatus_Zixiibacteriota","Candidatus_Zixiibacteriota","c__Zixibacteria","c__Incertae_Sedis","Incertae_Sedis","o__Zixibacteria","o__Incertae_Sedis","Incertae_Sedis","f__Zixibacteria","f__Incertae_Sedis","Incertae_Sedis","g__Zixibacteria","g__Incertae_Sedis","Incertae_Sedis","s__uncultured_bacterium","uncultured_bacterium","Above prediction",TRUE,0.000114966666666667,-3.93942806035227,0.566666666666667,"late_vegetative",0.582039559424263,0.001,"***",TRUE,"Late Vegetative","Candidatus_Zixiibacteriota-0c23"
"63","12685c5c242962f0158f7f5098b40221",0.000182793133456107,2.2224770364984e-06,-13513.4715576752,0.836412383625062,-48.1783990803847,0.0530739793176535,0.920224161868509,-27022.9431153505,-27006.8493253188,2e+06,30,23084,5e-07,0.00033155,0.8,0.626538073768728,0.448567758960828,0.775780856338255,"d__Bacteria","d__Bacteria","d__Bacteria","k__Pseudomonadati--other","k__Pseudomonadati--other","p__Gemmatimonadota","Gemmatimonadota","Gemmatimonadota","c__S0134_terrestrial_group","c__Gemmatimonadia","Gemmatimonadia","o__S0134_terrestrial_group","o__S0134_terrestrial_group","S0134_terrestrial_group","f__S0134_terrestrial_group","f__Incertae_Sedis","Incertae_Sedis","g__S0134_terrestrial_group","g__Incertae_Sedis","Incertae_Sedis","s__uncultured_bacterium","metagenome","Above prediction",TRUE,0.00033155,-3.47945096775197,0.8,"late_vegetative",0.525281363701748,0.002,"**",TRUE,"Late Vegetative","S0134_terrestrial_group-1268"
"64","15c235d47250a1cd2683ef1e04a2d412",0.000182793133456107,2.2224770364984e-06,-13513.4715576752,0.836412383625062,-48.1783990803847,0.0530739793176535,0.920224161868509,-27022.9431153505,-27006.8493253188,2e+06,30,23084,5e-07,1.67e-05,0.2,0.0478809445003655,0.0108351388406075,0.18756988637687,"d__Bacteria","d__Bacteria","d__Bacteria","k__Pseudomonadati","k__Pseudomonadati","p__Proteobacteria","Pseudomonadota","Pseudomonadota","c__Gammaproteobacteria","c__Gammaproteobacteria","Gammaproteobacteria","o__Burkholderiales","o__Burkholderiales","Burkholderiales","f__Comamonadaceae","f__Comamonadaceae","Comamonadaceae","","","","","","Above prediction",TRUE,1.67e-05,-4.77728352885242,0.2,"late_vegetative",0.339020084997421,0.034,"*",TRUE,"Late Vegetative","Comamonadaceae-15c2"
"65","1ccc88ea48418eee0e18eb57124e00ee",0.000182793133456107,2.2224770364984e-06,-13513.4715576752,0.836412383625062,-48.1783990803847,0.0530739793176535,0.920224161868509,-27022.9431153505,-27006.8493253188,2e+06,30,23084,5e-07,0.00020065,0.633333333333333,0.447571026125254,0.285886674730152,0.621158158970659,"d__Bacteria","d__Bacteria","d__Bacteria","k__Pseudomonadati","k__Pseudomonadati","p__Bdellovibrionota","Bdellovibrionota","Bdellovibrionota","c__Bdellovibrionia","c__Bdellovibrionia","Bdellovibrionia","o__Bdellovibrionales","o__Bdellovibrionales","Bdellovibrionales","f__Bdellovibrionaceae","f__Pseudobdellovibrionaceae","Pseudobdellovibrionaceae","g__Bdellovibrio","g__Incertae_Sedis","Incertae_Sedis","s__uncultured_bacterium","uncultured_bacterium","Above prediction",TRUE,0.00020065,-3.69756083593014,0.633333333333333,"late_vegetative",0.55199867627993,0.001,"***",TRUE,"Late Vegetative","Pseudobdellovibrionaceae-1ccc"
"66","2689d3b7553cf6a799f12c0369018090",0.000182793133456107,2.2224770364984e-06,-13513.4715576752,0.836412383625062,-48.1783990803847,0.0530739793176535,0.920224161868509,-27022.9431153505,-27006.8493253188,2e+06,30,23084,5e-07,0.000107683333333333,0.466666666666667,0.271984382480246,0.145727206476756,0.450007211366387,"d__Bacteria","d__Bacteria","d__Bacteria","k__Pseudomonadati--other","k__Pseudomonadati--other","p__Acidobacteriota","Acidobacteriota","Acidobacteriota","c__Subgroup_5","c__Terriglobia","Terriglobia","o__Subgroup_5","o__Subgroup_5","Subgroup_5","f__Subgroup_5","f__Incertae_Sedis","Incertae_Sedis","g__Subgroup_5","g__Incertae_Sedis","Incertae_Sedis","s__uncultured_bacterium","uncultured_bacterium","Above prediction",TRUE,0.000107683333333333,-3.96785150934347,0.466666666666667,"late_vegetative",0.413944062521037,0.035,"*",TRUE,"Late Vegetative","Subgroup_5-2689"
"67","26c6e3ed14694582e207478c1f23c21f",0.000182793133456107,2.2224770364984e-06,-13513.4715576752,0.836412383625062,-48.1783990803847,0.0530739793176535,0.920224161868509,-27022.9431153505,-27006.8493253188,2e+06,30,23084,5e-07,0.00202736666666667,1,0.998153972009324,0.883239522009691,0.999974126637219,"d__Bacteria","d__Bacteria","d__Bacteria","k__Bacillati","k__Bacillati","p__Firmicutes","Mycoplasmatota","Mycoplasmatota","c__Bacilli","c__Culicoidibacteria","Culicoidibacteria","o__Erysipelotrichales","o__Culicoidibacterales","Culicoidibacterales","f__Erysipelotrichaceae","f__Turicibacteraceae","Turicibacteraceae","g__Turicibacter","g__Turicibacter","Turicibacter","","uncultured_bacterium","Above prediction",TRUE,0.00202736666666667,-2.6930676983178,1,"late_vegetative",0.492758630237378,0.039,"*",TRUE,"Late Vegetative","Turicibacteraceae-26c6"
"68","43d9050f53d128d591dcac7a817a6c12",0.000182793133456107,2.2224770364984e-06,-13513.4715576752,0.836412383625062,-48.1783990803847,0.0530739793176535,0.920224161868509,-27022.9431153505,-27006.8493253188,2e+06,30,23084,5e-07,5.52e-05,0.333333333333333,0.149907885876476,0.0629795001773358,0.316316559170835,"d__Bacteria","d__Bacteria","d__Bacteria","k__Pseudomonadati--other","k__Pseudomonadati--other","p__Verrucomicrobiota","Verrucomicrobiota","Verrucomicrobiota","c__Verrucomicrobiae","c__Pedosphaerae","Pedosphaerae","o__Pedosphaerales","o__Limisphaerales","Limisphaerales","f__Pedosphaeraceae","f__Incertae_Sedis","Incertae_Sedis","","","Incertae_Sedis","","","Above prediction",TRUE,5.52e-05,-4.2580609222708,0.333333333333333,"late_vegetative",0.433974844247795,0.002,"**",TRUE,"Late Vegetative","Limisphaerales-43d9"
"69","5246543a39f4168a52e8e32449a1e244",0.000182793133456107,2.2224770364984e-06,-13513.4715576752,0.836412383625062,-48.1783990803847,0.0530739793176535,0.920224161868509,-27022.9431153505,-27006.8493253188,2e+06,30,23084,5e-07,9.91666666666667e-06,0.166666666666667,0.0287080135491118,0.00457077505685497,0.159841157156849,"d__Bacteria","d__Bacteria","d__Bacteria","k__Pseudomonadati","k__Pseudomonadati","p__Myxococcota","Myxococcota","Myxococcota","c__Polyangia","c__Polyangiia","Polyangiia","o__Polyangiales","o__Polyangiales--other","Polyangiales--other","f__Sandaracinaceae","f__Sandaracinaceae","Sandaracinaceae","g__uncultured","g__Sandaracinus","Sandaracinus","s__uncultured_bacterium","","Above prediction",TRUE,9.91666666666667e-06,-5.00363428465509,0.166666666666667,"late_vegetative",0.308436421891854,0.042,"*",TRUE,"Late Vegetative","Sandaracinaceae-5246"
"70","899e6d1bba7c36b515dea9954c89bea9",0.000182793133456107,2.2224770364984e-06,-13513.4715576752,0.836412383625062,-48.1783990803847,0.0530739793176535,0.920224161868509,-27022.9431153505,-27006.8493253188,2e+06,30,23084,5e-07,0.0015362,1,0.991070284823404,0.871203297083294,0.999451163929089,"d__Bacteria","d__Bacteria","d__Bacteria","k__Pseudomonadati--other","k__Pseudomonadati--other","p__Acidobacteriota","Acidobacteriota","Acidobacteriota","c__Subgroup_11","c__Terriglobia","Terriglobia","o__Subgroup_11","o__Subgroup_11","Subgroup_11","f__Subgroup_11","f__Incertae_Sedis","Incertae_Sedis","g__Subgroup_11","g__Incertae_Sedis","Incertae_Sedis","s__uncultured_bacterium","uncultured_bacterium","Above prediction",TRUE,0.0015362,-2.81355223922508,1,"late_vegetative",0.503688441108392,0.015,"*",TRUE,"Late Vegetative","Subgroup_11-899e"
"71","a627ebbf95519790d100ed4db71c1f48",0.000182793133456107,2.2224770364984e-06,-13513.4715576752,0.836412383625062,-48.1783990803847,0.0530739793176535,0.920224161868509,-27022.9431153505,-27006.8493253188,2e+06,30,23084,5e-07,5.615e-05,0.333333333333333,0.152285550059841,0.0644299417461556,0.319081652510182,"d__Bacteria","d__Bacteria","d__Bacteria","k__Pseudomonadati--other","k__Pseudomonadati--other","p__Latescibacterota","Candidatus_Latescibacterota","Candidatus_Latescibacterota","c__Latescibacterota","c__Candidatus_Latescibacteria","Candidatus_Latescibacteria","o__Latescibacterota","o__Candidatus_Latescibacterales","Candidatus_Latescibacterales","f__Latescibacterota","f__Candidatus_Latescibacteraceae","Candidatus_Latescibacteraceae","g__Latescibacterota","g__Candidatus_Latescibacter","Candidatus_Latescibacter","s__uncultured_soil","uncultured_soil","Above prediction",TRUE,5.615e-05,-4.25065023940252,0.333333333333333,"late_vegetative",0.39242252467556,0.023,"*",TRUE,"Late Vegetative","Candidatus_Latescibacteraceae-a627"
"72","a946e704899d9d1c9546d00cc47d3096",0.000182793133456107,2.2224770364984e-06,-13513.4715576752,0.836412383625062,-48.1783990803847,0.0530739793176535,0.920224161868509,-27022.9431153505,-27006.8493253188,2e+06,30,23084,5e-07,5.96166666666667e-05,0.4,0.160907039221171,0.069754029522099,0.329043234079067,"d__Bacteria","d__Bacteria","d__Bacteria","k__Pseudomonadati--other","k__Pseudomonadati--other","p__Verrucomicrobiota","Candidatus_Omnitrophota","Candidatus_Omnitrophota","c__Omnitrophia","c__Candidatus_Omnitrophia","Candidatus_Omnitrophia","o__Omnitrophales","o__Candidatus_Omnitrophales","Candidatus_Omnitrophales","f__Omnitrophales","f__Candidatus_Omnitrophaceae","Candidatus_Omnitrophaceae","g__Omnitrophales","","Incertae_Sedis","s__uncultured_bacterium","freshwater_metagenome","Above prediction",TRUE,5.96166666666667e-05,-4.22463231023467,0.4,"late_vegetative",0.470522382334167,0.003,"**",TRUE,"Late Vegetative","Candidatus_Omnitrophaceae-a946"
"73","ba2fc4fb6a6b7a77aaa9eeb819e92e7c",0.000182793133456107,2.2224770364984e-06,-13513.4715576752,0.836412383625062,-48.1783990803847,0.0530739793176535,0.920224161868509,-27022.9431153505,-27006.8493253188,2e+06,30,23084,5e-07,3.66333333333333e-05,0.266666666666667,0.102111755218047,0.0357094626610177,0.258845337313545,"d__Bacteria","d__Bacteria","d__Bacteria","k__Pseudomonadati","k__Pseudomonadati","p__Myxococcota","Myxococcota","Myxococcota","c__Polyangia","c__Polyangiia","Polyangiia","o__Polyangiales","o__Polyangiales--other","Polyangiales--other","f__Sandaracinaceae","f__Sandaracinaceae","Sandaracinaceae","g__uncultured","g__Sandaracinus","Sandaracinus","s__uncultured_bacterium","metagenome","Above prediction",TRUE,3.66333333333333e-05,-4.43612356229617,0.266666666666667,"late_vegetative",0.370581041684074,0.031,"*",TRUE,"Late Vegetative","Sandaracinaceae-ba2f"
"74","bafb35394268924b00e59922d0a6b11f",0.000182793133456107,2.2224770364984e-06,-13513.4715576752,0.836412383625062,-48.1783990803847,0.0530739793176535,0.920224161868509,-27022.9431153505,-27006.8493253188,2e+06,30,23084,5e-07,1.83833333333333e-05,0.2,0.052581415497628,0.0126265189521751,0.194112315434997,"d__Bacteria","d__Bacteria","d__Bacteria","k__Bacillati","k__Bacillati","p__Armatimonadota","Armatimonadota","Armatimonadota","c__Chthonomonadetes","c__Chthonomonadia","Chthonomonadia","o__Chthonomonadales","o__Chthonomonadales","Chthonomonadales","f__Chthonomonadales","f__Chthonomonadaceae","Chthonomonadaceae","g__Chthonomonadales","g__Chthonomonas","Chthonomonas","s__uncultured_bacterium","soil_metagenome","Above prediction",TRUE,1.83833333333333e-05,-4.73557573794345,0.2,"late_vegetative",0.360875754299627,0.01,"**",TRUE,"Late Vegetative","Chthonomonadaceae-bafb"
"75","c8cb795032d056b1fa1a1d7d70523840",0.000182793133456107,2.2224770364984e-06,-13513.4715576752,0.836412383625062,-48.1783990803847,0.0530739793176535,0.920224161868509,-27022.9431153505,-27006.8493253188,2e+06,30,23084,5e-07,2.79833333333333e-05,0.233333333333333,0.078958802933832,0.0240908821459804,0.229414353611704,"d__Bacteria","d__Bacteria","d__Bacteria","k__Pseudomonadati","k__Pseudomonadati","p__Proteobacteria","Pseudomonadota","Pseudomonadota","c__Gammaproteobacteria","c__Gammaproteobacteria","Gammaproteobacteria","o__Salinisphaerales","o__Nevskiales","Nevskiales","f__Solimonadaceae","f__Nevskiaceae","Nevskiaceae","g__Alkanibacter","g__Stenotrophobium","Stenotrophobium","","gamma_proteobacterium","Above prediction",TRUE,2.79833333333333e-05,-4.5531005542456,0.233333333333333,"late_vegetative",0.341286522189261,0.05,"*",TRUE,"Late Vegetative","Nevskiaceae-c8cb"
"76","cf42b637dee1ed585fccca9b967cbd35",0.000182793133456107,2.2224770364984e-06,-13513.4715576752,0.836412383625062,-48.1783990803847,0.0530739793176535,0.920224161868509,-27022.9431153505,-27006.8493253188,2e+06,30,23084,5e-07,0.000202416666666667,0.7,0.450470123760485,0.2883679916858,0.623816864466039,"d__Bacteria","d__Bacteria","d__Bacteria","k__Pseudomonadati","k__Pseudomonadati","p__Myxococcota","Myxococcota","Myxococcota","c__bacteriap25","c__Deltaproteobacteria","Deltaproteobacteria","o__bacteriap25","o__Incertae_Sedis","Incertae_Sedis","f__bacteriap25","f__Incertae_Sedis","Incertae_Sedis","g__bacteriap25","g__Incertae_Sedis","Incertae_Sedis","s__uncultured_Syntrophobacterales","uncultured_Syntrophobacterales","Above prediction",TRUE,0.000202416666666667,-3.69375373124249,0.7,"late_vegetative",0.482879009454876,0.011,"*",TRUE,"Late Vegetative","Deltaproteobacteria-cf42"
"77","df08174f53f08d07823c315a328b5d5c",0.000182793133456107,2.2224770364984e-06,-13513.4715576752,0.836412383625062,-48.1783990803847,0.0530739793176535,0.920224161868509,-27022.9431153505,-27006.8493253188,2e+06,30,23084,5e-07,6.13666666666667e-05,0.433333333333333,0.165226686747824,0.0724585348868944,0.333997348071447,"d__Bacteria","d__Bacteria","d__Bacteria","k__Bacillati","k__Bacillati","p__Armatimonadota","Armatimonadota","Armatimonadota","c__Chthonomonadetes","c__Chthonomonadia","Chthonomonadia","o__Chthonomonadales","o__Chthonomonadales","Chthonomonadales","f__Chthonomonadales","f__Chthonomonadaceae","Chthonomonadaceae","g__Chthonomonadales","g__Chthonomonas","Chthonomonas","s__uncultured_bacterium","","Above prediction",TRUE,6.13666666666667e-05,-4.21206746621565,0.433333333333333,"late_vegetative",0.407527273525128,0.037,"*",TRUE,"Late Vegetative","Chthonomonadaceae-df08"
"78","eb72c74aca010eefc6fbd9182ff724de",0.000182793133456107,2.2224770364984e-06,-13513.4715576752,0.836412383625062,-48.1783990803847,0.0530739793176535,0.920224161868509,-27022.9431153505,-27006.8493253188,2e+06,30,23084,5e-07,1.775e-05,0.2,0.0508155817754331,0.0119432816743218,0.191664776823636,"d__Bacteria","d__Bacteria","d__Bacteria","k__Pseudomonadati--other","k__Pseudomonadati--other","p__Latescibacterota","Candidatus_Latescibacterota","Candidatus_Latescibacterota","c__Latescibacterota","c__Candidatus_Latescibacteria","Candidatus_Latescibacteria","o__Latescibacterota","o__Candidatus_Latescibacterales","Candidatus_Latescibacterales","f__Latescibacterota","f__Candidatus_Latescibacteraceae","Candidatus_Latescibacteraceae","g__Latescibacterota","g__Candidatus_Latescibacter","Candidatus_Latescibacter","","metagenome","Above prediction",TRUE,1.775e-05,-4.75080164260889,0.2,"late_vegetative",0.392606471283405,0.006,"**",TRUE,"Late Vegetative","Candidatus_Latescibacteraceae-eb72"
"79","eeeb1b6665e726237630fc52ed6c3b15",0.000182793133456107,2.2224770364984e-06,-13513.4715576752,0.836412383625062,-48.1783990803847,0.0530739793176535,0.920224161868509,-27022.9431153505,-27006.8493253188,2e+06,30,23084,5e-07,0.00390083333333333,1,0.999996323331557,0.886480088296928,0.999999999894438,"d__Bacteria","d__Bacteria","d__Bacteria","k__Pseudomonadati","k__Pseudomonadati","p__Proteobacteria","Pseudomonadota","Pseudomonadota","c__Gammaproteobacteria","c__Gammaproteobacteria","Gammaproteobacteria","o__PLTA13","o__Steroidobacterales--other","Steroidobacterales--other","f__PLTA13","f__Steroidobacteraceae--other","Steroidobacteraceae--other","g__PLTA13","g__PLTA13","PLTA13","s__metagenome","uncultured_Gammaproteobacteria","Above prediction",TRUE,0.00390083333333333,-2.40884260492018,1,"late_vegetative",0.495986379037974,0.012,"*",TRUE,"Late Vegetative","Steroidobacteraceae--other-eeeb"
"80","01ffa92d93379538d9444ed6fd267c42",0.000164725680055103,2.15654754207487e-06,-13441.9995419928,0.822437621993648,-50.2556974538448,0.0543971039272302,0.924211516915458,-26879.9990839857,-26864.0026706885,2e+06,29,21987,5e-07,3.10172413793103e-05,0.310344827586207,0.0798527910891664,0.0240702272602407,0.23392442365115,"d__Bacteria","d__Bacteria","d__Bacteria","k__Pseudomonadati--other","k__Pseudomonadati--other","p__Planctomycetota","Planctomycetota","Planctomycetota","c__Planctomycetes","c__Planctomycetia","Planctomycetia","o__Pirellulales","o__Pirellulales","Pirellulales","f__Pirellulaceae","","","","","","","","Above prediction",TRUE,3.10172413793103e-05,-4.50839683021739,0.310344827586207,"early_reproductive",0.376217090855735,0.028,"*",TRUE,"Early Reproductive","Pirellulales-01ff"
"81","14d927b7141482521d389de53237aaeb",0.000164725680055103,2.15654754207487e-06,-13441.9995419928,0.822437621993648,-50.2556974538448,0.0543971039272302,0.924211516915458,-26879.9990839857,-26864.0026706885,2e+06,29,21987,5e-07,1.58103448275862e-05,0.206896551724138,0.0415127481897611,0.00836489812188368,0.181918921175526,"d__Bacteria","d__Bacteria","d__Bacteria","k__Pseudomonadati","k__Pseudomonadati","p__Bdellovibrionota","Bdellovibrionota--other","Bdellovibrionota--other","c__Oligoflexia","c__Oligoflexia","Oligoflexia","o__0319-6G20","o__0319-6G20","0319-6G20","f__0319-6G20","f__Incertae_Sedis","Incertae_Sedis","g__0319-6G20","g__Incertae_Sedis","Incertae_Sedis","s__uncultured_proteobacterium","","Above prediction",TRUE,1.58103448275862e-05,-4.80105865789292,0.206896551724138,"early_reproductive",0.344398908939293,0.017,"*",TRUE,"Early Reproductive","0319-6G20-14d9"
"82","34132b56dae2a7d14703c9f3fd0f819b",0.000164725680055103,2.15654754207487e-06,-13441.9995419928,0.822437621993648,-50.2556974538448,0.0543971039272302,0.924211516915458,-26879.9990839857,-26864.0026706885,2e+06,29,21987,5e-07,0.000288120689655172,0.827586206896552,0.541298315394123,0.365979282098689,0.706956037429499,"d__Bacteria","d__Bacteria","d__Bacteria","k__Pseudomonadati","k__Pseudomonadati","p__Proteobacteria","Pseudomonadota","Pseudomonadota","c__Gammaproteobacteria","c__Gammaproteobacteria","Gammaproteobacteria","o__Salinisphaerales","o__Nevskiales","Nevskiales","f__Solimonadaceae","f__Nevskiaceae","Nevskiaceae","g__uncultured","g__Incertae_Sedis","Incertae_Sedis","s__uncultured_bacterium","uncultured_bacterium","Above prediction",TRUE,0.000288120689655172,-3.54042555435253,0.827586206896552,"early_reproductive",0.513473098218856,0.006,"**",TRUE,"Early Reproductive","Nevskiaceae-3413"
"83","38ce83ce2922ff43032f70fa5adad3a6",0.000164725680055103,2.15654754207487e-06,-13441.9995419928,0.822437621993648,-50.2556974538448,0.0543971039272302,0.924211516915458,-26879.9990839857,-26864.0026706885,2e+06,29,21987,5e-07,2.14655172413793e-05,0.206896551724138,0.0559493229597584,0.0136770778298075,0.20210260452385,"d__Bacteria","d__Bacteria","d__Bacteria","k__Pseudomonadati--other","k__Pseudomonadati--other","p__Planctomycetota","Planctomycetota","Planctomycetota","c__vadinHA49","c__vadinHA49","vadinHA49","o__vadinHA49","o__Incertae_Sedis","Incertae_Sedis","f__vadinHA49","f__Incertae_Sedis","Incertae_Sedis","g__vadinHA49","g__Incertae_Sedis","Incertae_Sedis","s__uncultured_Planctomycetales","freshwater_metagenome","Above prediction",TRUE,2.14655172413793e-05,-4.66825864213118,0.206896551724138,"early_reproductive",0.393496792907317,0.005,"**",TRUE,"Early Reproductive","vadinHA49-38ce"
"84","544a3456782aa9bd45a10b7ad94858e9",0.000164725680055103,2.15654754207487e-06,-13441.9995419928,0.822437621993648,-50.2556974538448,0.0543971039272302,0.924211516915458,-26879.9990839857,-26864.0026706885,2e+06,29,21987,5e-07,0.00019351724137931,0.655172413793103,0.406629562144344,0.249200312653497,0.585901854238808,"d__Bacteria","d__Bacteria","d__Bacteria","k__Pseudomonadati--other","k__Pseudomonadati--other","p__Bacteroidota","Bacteroidota","Bacteroidota","c__Bacteroidia","c__Sphingobacteriia","Sphingobacteriia","o__Sphingobacteriales","o__Sphingobacteriales","Sphingobacteriales","f__env.OPS_17","f__Aurantibacillaceae","Aurantibacillaceae","g__env.OPS_17","g__Aurantibacillus","Aurantibacillus","","Anaerolineales_bacterium","Above prediction",TRUE,0.00019351724137931,-3.71328033554263,0.655172413793103,"early_reproductive",0.587702165264241,0.001,"***",TRUE,"Early Reproductive","Aurantibacillaceae-544a"
"85","901f0833360a5404b8572b415748fe7c",0.000164725680055103,2.15654754207487e-06,-13441.9995419928,0.822437621993648,-50.2556974538448,0.0543971039272302,0.924211516915458,-26879.9990839857,-26864.0026706885,2e+06,29,21987,5e-07,0.000373137931034483,0.931034482758621,0.636468601891525,0.455221749098897,0.785790044954566,"d__Bacteria","d__Bacteria","d__Bacteria","k__Pseudomonadati--other","k__Pseudomonadati--other","p__Gemmatimonadota","Gemmatimonadota","Gemmatimonadota","c__S0134_terrestrial_group","c__Gemmatimonadia","Gemmatimonadia","o__S0134_terrestrial_group","o__S0134_terrestrial_group","S0134_terrestrial_group","f__S0134_terrestrial_group","f__Incertae_Sedis","Incertae_Sedis","g__S0134_terrestrial_group","g__Incertae_Sedis","Incertae_Sedis","s__uncultured_Gemmatimonadetes","","Above prediction",TRUE,0.000373137931034483,-3.42813060086093,0.931034482758621,"early_reproductive",0.521241460987666,0.009,"**",TRUE,"Early Reproductive","S0134_terrestrial_group-901f"
"86","9e5963f4439753a789946e52a1671442",0.000164725680055103,2.15654754207487e-06,-13441.9995419928,0.822437621993648,-50.2556974538448,0.0543971039272302,0.924211516915458,-26879.9990839857,-26864.0026706885,2e+06,29,21987,5e-07,0.000138241379310345,0.517241379310345,0.31078546759816,0.173091312644195,0.492744394008657,"d__Bacteria","d__Bacteria","d__Bacteria","k__Pseudomonadati","k__Pseudomonadati","p__Bdellovibrionota","Bdellovibrionota--other","Bdellovibrionota--other","c__Oligoflexia","c__Oligoflexia","Oligoflexia","o__Oligoflexales","o__Oligoflexales","Oligoflexales","f__uncultured","f__Oligoflexaceae--other","Oligoflexaceae--other","g__uncultured","g__Incertae_Sedis","Incertae_Sedis","s__uncultured_proteobacterium","uncultured_proteobacterium","Above prediction",TRUE,0.000138241379310345,-3.85936194164843,0.517241379310345,"early_reproductive",0.544753971588155,0.001,"***",TRUE,"Early Reproductive","Oligoflexaceae--other-9e59"
"87","a366a016258d61da63aa047be89f38aa",0.000164725680055103,2.15654754207487e-06,-13441.9995419928,0.822437621993648,-50.2556974538448,0.0543971039272302,0.924211516915458,-26879.9990839857,-26864.0026706885,2e+06,29,21987,5e-07,0.000227413793103448,0.655172413793103,0.458820798125431,0.293146167512263,0.634128874629897,"d__Bacteria","d__Bacteria","d__Bacteria","k__Pseudomonadati--other","k__Pseudomonadati--other","p__Verrucomicrobiota","Verrucomicrobiota","Verrucomicrobiota","c__Verrucomicrobiae","c__Opitutia","Opitutia","o__Opitutales","o__Puniceicoccales","Puniceicoccales","f__Puniceicoccaceae","f__Oceanipulchritudinaceae","Oceanipulchritudinaceae","g__Verruc-01","g__Candidatus_Pinguicoccus","Candidatus_Pinguicoccus","s__Opitutae_bacterium","metagenome","Above prediction",TRUE,0.000227413793103448,-3.64318319801657,0.655172413793103,"early_reproductive",0.488361762585976,0.012,"*",TRUE,"Early Reproductive","Oceanipulchritudinaceae-a366"
"88","b121b55c4ceaac10301bd1f5c30524fa",0.000164725680055103,2.15654754207487e-06,-13441.9995419928,0.822437621993648,-50.2556974538448,0.0543971039272302,0.924211516915458,-26879.9990839857,-26864.0026706885,2e+06,29,21987,5e-07,2.88793103448276e-05,0.241379310344828,0.074554385975566,0.0216203971842832,0.227016950256922,"d__Bacteria","d__Bacteria","d__Bacteria","k__Bacillati","k__Bacillati","p__Chloroflexi","Chloroflexota--other","Chloroflexota--other","c__Dehalococcoidia","c__Dehalococcoidia","Dehalococcoidia","o__S085","o__Dehalococcoidales","Dehalococcoidales","f__S085","f__Dehalococcoidaceae","Dehalococcoidaceae","g__S085","g__Incertae_Sedis","Incertae_Sedis","s__uncultured_bacterium","soil_metagenome","Above prediction",TRUE,2.88793103448276e-05,-4.53941318219007,0.241379310344828,"early_reproductive",0.415891388535293,0.007,"**",TRUE,"Early Reproductive","Dehalococcoidaceae-b121"
"89","c48cec8103e48dd875d3aad4f48f1b7e",0.000164725680055103,2.15654754207487e-06,-13441.9995419928,0.822437621993648,-50.2556974538448,0.0543971039272302,0.924211516915458,-26879.9990839857,-26864.0026706885,2e+06,29,21987,5e-07,8.92241379310345e-05,0.413793103448276,0.213254731383625,0.102747264872022,0.39084327047685,"d__Bacteria","d__Bacteria","d__Bacteria","k__Pseudomonadati","k__Pseudomonadati","p__Proteobacteria","Pseudomonadota","Pseudomonadota","c__Gammaproteobacteria","c__Gammaproteobacteria","Gammaproteobacteria","o__Salinisphaerales","o__Nevskiales","Nevskiales","f__Solimonadaceae","f__Nevskiaceae","Nevskiaceae","g__uncultured","g__Incertae_Sedis","Incertae_Sedis","s__uncultured_bacterium","uncultured_bacterium","Above prediction",TRUE,8.92241379310345e-05,-4.04951763943398,0.413793103448276,"early_reproductive",0.435182716210544,0.018,"*",TRUE,"Early Reproductive","Nevskiaceae-c48c"
"90","ca0435afe34cff2832847d9c8b3cb890",0.000164725680055103,2.15654754207487e-06,-13441.9995419928,0.822437621993648,-50.2556974538448,0.0543971039272302,0.924211516915458,-26879.9990839857,-26864.0026706885,2e+06,29,21987,5e-07,7.36379310344827e-05,0.517241379310345,0.179508862438858,0.0804928693897687,0.353500423050906,"d__Bacteria","d__Bacteria","d__Bacteria","k__Bacillati","k__Bacillati","p__Patescibacteria","Minisyncoccota","Minisyncoccota","c__Parcubacteria","c__Minisyncoccia","Minisyncoccia","o__Candidatus_Yanofskybacteria","o__Incertae_Sedis","Incertae_Sedis","f__Candidatus_Yanofskybacteria","f__Incertae_Sedis","Incertae_Sedis","g__Candidatus_Yanofskybacteria","g__Incertae_Sedis","Incertae_Sedis","s__uncultured_deep-sea","Candidatus_Yanofskybacteria","Above prediction",TRUE,7.36379310344828e-05,-4.13289842213611,0.517241379310345,"early_reproductive",0.456601998913278,0.01,"**",TRUE,"Early Reproductive","Minisyncoccia-ca04"
"91","cc2fbdfd0aebc1611aee1db32c39bd90",0.000164725680055103,2.15654754207487e-06,-13441.9995419928,0.822437621993648,-50.2556974538448,0.0543971039272302,0.924211516915458,-26879.9990839857,-26864.0026706885,2e+06,29,21987,5e-07,0.00307718965517241,1,0.999855232538649,0.882774691287845,0.999999842131279,"d__Bacteria","d__Bacteria","d__Bacteria","k__Pseudomonadati","k__Pseudomonadati","p__Desulfobacterota","Desulfobacterota","Desulfobacterota","c__uncultured","c__Desulfarculia","Desulfarculia","o__uncultured","o__Incertae_Sedis","Incertae_Sedis","f__uncultured","f__Incertae_Sedis","Incertae_Sedis","g__uncultured","g__Incertae_Sedis","Incertae_Sedis","s__uncultured_sludge","mine_metagenome","Above prediction",TRUE,0.00307718965517241,-2.51184573623334,1,"early_reproductive",0.490037162311193,0.017,"*",TRUE,"Early Reproductive","Desulfarculia-cc2f"
"92","ead3137aa19dbb4797255c6ed7136e2e",0.000164725680055103,2.15654754207487e-06,-13441.9995419928,0.822437621993648,-50.2556974538448,0.0543971039272302,0.924211516915458,-26879.9990839857,-26864.0026706885,2e+06,29,21987,5e-07,8.11724137931035e-05,0.413793103448276,0.195994656945511,0.0912093010620967,0.371898900268782,"d__Bacteria","d__Bacteria","d__Bacteria","k__Bacillati","k__Bacillati","p__Chloroflexi","Chloroflexota--other","Chloroflexota--other","c__Anaerolineae","c__Ardenticatenia","Ardenticatenia","o__Ardenticatenales","o__Ardenticatenales","Ardenticatenales","f__uncultured","f__Ardenticatenaceae","Ardenticatenaceae","g__uncultured","g__Ardenticatena","Ardenticatena","s__uncultured_Litorilinea","uncultured_Litorilinea","Above prediction",TRUE,8.11724137931035e-05,-4.09059153939154,0.413793103448276,"early_reproductive",0.399871187434852,0.027,"*",TRUE,"Early Reproductive","Ardenticatenaceae-ead3"
"93","f251aa414034bd54553bbe94caf9d189",0.000164725680055103,2.15654754207487e-06,-13441.9995419928,0.822437621993648,-50.2556974538448,0.0543971039272302,0.924211516915458,-26879.9990839857,-26864.0026706885,2e+06,29,21987,5e-07,1.2448275862069e-05,0.172413793103448,0.0328282061085554,0.00562011894855377,0.169326274461046,"d__Bacteria","d__Bacteria","d__Bacteria","k__Bacillati","k__Bacillati","p__Chloroflexi","Chloroflexota--other","Chloroflexota--other","c__Anaerolineae","c__Ardenticatenia","Ardenticatenia","o__Ardenticatenales","o__Ardenticatenales","Ardenticatenales","f__Ardenticatenaceae","f__Ardenticatenaceae","Ardenticatenaceae","g__uncultured","g__Ardenticatena","Ardenticatena","s__uncultured_Chloroflexus","uncultured_Chloroflexus","Above prediction",TRUE,1.2448275862069e-05,-4.9048907959933,0.172413793103448,"early_reproductive",0.353178997836422,0.014,"*",TRUE,"Early Reproductive","Ardenticatenaceae-f251"
"94","01f6e43b89605a61201cbfb4439982d6",0.000169251181846172,2.33140074004632e-06,-11337.8228017042,0.816440374795571,-45.8930116788034,0.0575423292854136,0.919714259138659,-22671.6456034084,-22655.884244582,2e+06,25,19549,5e-07,0.00012842,0.6,0.298130330352981,0.155922468303154,0.494113143796026,"d__Bacteria","d__Bacteria","d__Bacteria","k__Bacillati","k__Bacillati","p__Actinobacteriota","Actinomycetota","Actinomycetota","c__Actinobacteria","c__Actinomycetes","Actinomycetes","o__Streptomycetales","o__Kitasatosporales","Kitasatosporales","f__Streptomycetaceae","f__Streptomycetaceae","Streptomycetaceae","g__Streptomyces","","Streptomyces","","uncultured_Streptomyces","Above prediction",TRUE,0.00012842,-3.89136733441952,0.6,"late_reproductive",0.532713264457594,0.001,"***",TRUE,"Late Reproductive","Streptomycetaceae-01f6"
"95","0a12f2a523c8f00c747fc1b5e1c731fe",0.000169251181846172,2.33140074004632e-06,-11337.8228017042,0.816440374795571,-45.8930116788034,0.0575423292854136,0.919714259138659,-22671.6456034084,-22655.884244582,2e+06,25,19549,5e-07,4.154e-05,0.32,0.107902057889724,0.0354333670812897,0.284819563694631,"d__Bacteria","d__Bacteria","d__Bacteria","k__Bacillati","k__Bacillati","p__Patescibacteria","Minisyncoccota","Minisyncoccota","c__Saccharimonadia","c__Candidatus_Saccharimonadia","Candidatus_Saccharimonadia","o__Saccharimonadales","o__Incertae_Sedis","Incertae_Sedis","f__Saccharimonadales","f__Incertae_Sedis","Incertae_Sedis","g__Saccharimonadales","g__Incertae_Sedis","Incertae_Sedis","s__uncultured_bacterium","","Above prediction",TRUE,4.154e-05,-4.38153350780092,0.32,"late_reproductive",0.535228908962118,0.001,"***",TRUE,"Late Reproductive","Candidatus_Saccharimonadia-0a12"
"96","1b3d9b3ddf240ed8b528854343b733eb",0.000169251181846172,2.33140074004632e-06,-11337.8228017042,0.816440374795571,-45.8930116788034,0.0575423292854136,0.919714259138659,-22671.6456034084,-22655.884244582,2e+06,25,19549,5e-07,0.00011378,0.56,0.269114994155196,0.135114070584834,0.464620104998647,"d__Bacteria","d__Bacteria","d__Bacteria","k__Pseudomonadati","k__Pseudomonadati","p__Proteobacteria","Pseudomonadota","Pseudomonadota","c__Alphaproteobacteria","c__Alphaproteobacteria","Alphaproteobacteria","o__Rhizobiales","o__Hyphomicrobiales--other","Hyphomicrobiales--other","f__Xanthobacteraceae","f__Nitrobacteraceae","Nitrobacteraceae","g__uncultured","","","","","Above prediction",TRUE,0.00011378,-3.94393407056825,0.56,"late_reproductive",0.514772493942053,0.002,"**",TRUE,"Late Reproductive","Nitrobacteraceae-1b3d"
"97","21a0412a444cedcf4b7f42bbbc5ca701",0.000169251181846172,2.33140074004632e-06,-11337.8228017042,0.816440374795571,-45.8930116788034,0.0575423292854136,0.919714259138659,-22671.6456034084,-22655.884244582,2e+06,25,19549,5e-07,0.00046834,0.88,0.728758124054379,0.533194119658295,0.863384509523669,"d__Bacteria","d__Bacteria","d__Bacteria","k__Bacillati","k__Bacillati","p__Actinobacteriota","Actinomycetota","Actinomycetota","c__Acidimicrobiia","c__Acidimicrobiia","Acidimicrobiia","o__IMCC26256","o__Acidimicrobiales","Acidimicrobiales","f__IMCC26256","f__Acidimicrobiaceae","Acidimicrobiaceae","g__IMCC26256","g__Acidiferrimicrobium","Acidiferrimicrobium","","Nitrospiraceae_bacterium","Above prediction",TRUE,0.00046834,-3.32943874839471,0.88,"late_reproductive",0.56832778214843,0.001,"***",TRUE,"Late Reproductive","Acidimicrobiaceae-21a0"
"98","302291c1e78c61f869258e3d6c80d885",0.000169251181846172,2.33140074004632e-06,-11337.8228017042,0.816440374795571,-45.8930116788034,0.0575423292854136,0.919714259138659,-22671.6456034084,-22655.884244582,2e+06,25,19549,5e-07,3.984e-05,0.4,0.103718123092718,0.0333432042280563,0.279656392340643,"d__Bacteria","d__Bacteria","d__Bacteria","k__Pseudomonadati--other","k__Pseudomonadati--other","p__Planctomycetota","Planctomycetota","Planctomycetota","c__Planctomycetes","c__Planctomycetia","Planctomycetia","o__uncultured","o__Kolteriales","Kolteriales","f__uncultured","f__Kolteriaceae","Kolteriaceae","g__uncultured","g__Kolteria","Kolteria","s__uncultured_bacterium","soil_metagenome","Above prediction",TRUE,3.984e-05,-4.39968067024834,0.4,"late_reproductive",0.394147641819451,0.036,"*",TRUE,"Late Reproductive","Kolteriaceae-3022"
"99","31aa97e7c6583ad227fec22a59f939ae",0.000169251181846172,2.33140074004632e-06,-11337.8228017042,0.816440374795571,-45.8930116788034,0.0575423292854136,0.919714259138659,-22671.6456034084,-22655.884244582,2e+06,25,19549,5e-07,7.756e-05,0.48,0.192203201197691,0.0836658629002407,0.382732836423767,"d__Bacteria","d__Bacteria","d__Bacteria","k__Bacillati","k__Bacillati","p__Chloroflexi","Chloroflexota--other","Chloroflexota--other","c__TK10","c__Tepidiformia","Tepidiformia","o__TK10","o__Tepidiformales","Tepidiformales","f__TK10","f__Tepidiformaceae","Tepidiformaceae","g__TK10","g__Tepidiforma","Tepidiforma","s__uncultured_bacterium","soil_metagenome","Above prediction",TRUE,7.756e-05,-4.11036219959333,0.48,"late_reproductive",0.430460627097724,0.016,"*",TRUE,"Late Reproductive","Tepidiformaceae-31aa"
"100","46f4436af04bcd98a7cc1a443d6f219c",0.000169251181846172,2.33140074004632e-06,-11337.8228017042,0.816440374795571,-45.8930116788034,0.0575423292854136,0.919714259138659,-22671.6456034084,-22655.884244582,2e+06,25,19549,5e-07,0.00223394,1,0.998475466955522,0.864179628034988,0.999985166912656,"d__Bacteria","d__Bacteria","d__Bacteria","k__Pseudomonadati","k__Pseudomonadati","p__Proteobacteria","Pseudomonadota","Pseudomonadota","c__Alphaproteobacteria","c__Alphaproteobacteria","Alphaproteobacteria","o__Rhizobiales","o__Hyphomicrobiales","Hyphomicrobiales","f__Hyphomicrobiaceae","f__Hyphomicrobiaceae","Hyphomicrobiaceae","g__Hyphomicrobium","g__Filomicrobium","Filomicrobium","s__uncultured_Hyphomicrobiaceae","uncultured_Hyphomicrobiaceae","Above prediction",TRUE,0.00223394,-2.65092849550816,1,"late_reproductive",0.501165194024505,0.001,"***",TRUE,"Late Reproductive","Hyphomicrobiaceae-46f4"
"101","4e1ecf847b2830d435e71f148d38e8b4",0.000169251181846172,2.33140074004632e-06,-11337.8228017042,0.816440374795571,-45.8930116788034,0.0575423292854136,0.919714259138659,-22671.6456034084,-22655.884244582,2e+06,25,19549,5e-07,5.646e-05,0.36,0.143813983419515,0.0546871458123711,0.327823255629394,"d__Bacteria","d__Bacteria","d__Bacteria","k__Pseudomonadati--other","k__Pseudomonadati--other","p__Verrucomicrobiota","Verrucomicrobiota","Verrucomicrobiota","c__Verrucomicrobiae","c__Pedosphaerae","Pedosphaerae","o__Pedosphaerales","o__Limisphaerales","Limisphaerales","f__Pedosphaeraceae","f__Pedosphaeraceae","Pedosphaeraceae","g__ADurb.Bin063-1","g__Incertae_Sedis","Incertae_Sedis","s__uncultured_bacterium","","Above prediction",TRUE,5.646e-05,-4.2482591261891,0.36,"late_reproductive",0.385646319465459,0.026,"*",TRUE,"Late Reproductive","Pedosphaeraceae-4e1e"
"102","5cf37e80516a615f77bd5e97f18ae417",0.000169251181846172,2.33140074004632e-06,-11337.8228017042,0.816440374795571,-45.8930116788034,0.0575423292854136,0.919714259138659,-22671.6456034084,-22655.884244582,2e+06,25,19549,5e-07,0.00409882,1,0.999995274763712,0.866799557463389,0.9999999998547,"d__Bacteria","d__Bacteria","d__Bacteria","k__Pseudomonadati","k__Pseudomonadati","p__Proteobacteria","Pseudomonadota","Pseudomonadota","c__Alphaproteobacteria","c__Alphaproteobacteria","Alphaproteobacteria","o__Sphingomonadales","o__Sphingomonadales","Sphingomonadales","f__Sphingomonadaceae","f__Sphingomonadaceae--other","Sphingomonadaceae--other","","","Allosphingosinicella--other","","","Above prediction",TRUE,0.00409882,-2.38734115334078,1,"late_reproductive",0.703320384416825,0.001,"***",TRUE,"Late Reproductive","Sphingomonadaceae--other-5cf3"
"103","60cb5363f520d007437ef4ed940bad82",0.000169251181846172,2.33140074004632e-06,-11337.8228017042,0.816440374795571,-45.8930116788034,0.0575423292854136,0.919714259138659,-22671.6456034084,-22655.884244582,2e+06,25,19549,5e-07,0.00178034,1,0.994040207081788,0.85669059736502,0.999785162327322,"d__Bacteria","d__Bacteria","d__Bacteria","k__Bacillati","k__Bacillati","p__Armatimonadota","Armatimonadota","Armatimonadota","c__Fimbriimonadia","c__Fimbriimonadia","Fimbriimonadia","o__Fimbriimonadales","o__Fimbriimonadales","Fimbriimonadales","f__Fimbriimonadaceae","f__Fimbriimonadaceae","Fimbriimonadaceae","g__Fimbriimonadaceae","g__Fimbriimonas","Fimbriimonas","","uncultured_Fimbriimonadaceae","Above prediction",TRUE,0.00178034,-2.74949705048702,1,"late_reproductive",0.496940278751648,0.008,"**",TRUE,"Late Reproductive","Fimbriimonadaceae-60cb"
"104","651a032a4d91ca43b13549f6057e0baf",0.000169251181846172,2.33140074004632e-06,-11337.8228017042,0.816440374795571,-45.8930116788034,0.0575423292854136,0.919714259138659,-22671.6456034084,-22655.884244582,2e+06,25,19549,5e-07,3.664e-05,0.28,0.0957904881206888,0.0294827867021849,0.269773339015552,"d__Bacteria","d__Bacteria","d__Bacteria","k__Pseudomonadati--other","k__Pseudomonadati--other","p__Bacteroidota","Bacteroidota","Bacteroidota","c__Bacteroidia","c__Sphingobacteriia","Sphingobacteriia","o__Sphingobacteriales","o__Sphingobacteriales","Sphingobacteriales","f__AKYH767","f__Sphingobacteriaceae","Sphingobacteriaceae","g__AKYH767","g__Incertae_Sedis","Incertae_Sedis","s__uncultured_bacterium","groundwater_metagenome","Above prediction",TRUE,3.664e-05,-4.43604453500419,0.28,"late_reproductive",0.369125916443098,0.035,"*",TRUE,"Late Reproductive","Sphingobacteriaceae-651a"
"105","65dd785e07167f8814dd9be35b32d878",0.000169251181846172,2.33140074004632e-06,-11337.8228017042,0.816440374795571,-45.8930116788034,0.0575423292854136,0.919714259138659,-22671.6456034084,-22655.884244582,2e+06,25,19549,5e-07,1.586e-05,0.2,0.0426207434150236,0.00790552353149392,0.199174708733317,"d__Bacteria","d__Bacteria","d__Bacteria","k__Bacillati","k__Bacillati","p__Chloroflexi","Chloroflexota--other","Chloroflexota--other","c__Anaerolineae","c__Caldilineae","Caldilineae","o__Caldilineales","o__Caldilineales","Caldilineales","f__Caldilineaceae","f__Caldilineaceae","Caldilineaceae","g__uncultured","g__Litorilinea","Litorilinea","s__uncultured_bacterium","uncultured_bacterium","Above prediction",TRUE,1.586e-05,-4.79969681701841,0.2,"late_reproductive",0.383716203345503,0.003,"**",TRUE,"Late Reproductive","Caldilineaceae-65dd"
"106","7402c6fd98e177d4694261a9dd23eac6",0.000169251181846172,2.33140074004632e-06,-11337.8228017042,0.816440374795571,-45.8930116788034,0.0575423292854136,0.919714259138659,-22671.6456034084,-22655.884244582,2e+06,25,19549,5e-07,0.0002431,0.72,0.489630033053211,0.308567686351708,0.673454778234326,"d__Bacteria","d__Bacteria","d__Bacteria","k__Pseudomonadati","k__Pseudomonadati","p__Proteobacteria","Pseudomonadota","Pseudomonadota","c__Gammaproteobacteria","c__Gammaproteobacteria","Gammaproteobacteria","o__Gammaproteobacteria_Incertae_Sedis","o__Legionellales","Legionellales","f__Unknown_Family","f__Legionellaceae","Legionellaceae","g__Candidatus_Berkiella","g__Candidatus_Berkiella","Candidatus_Berkiella","s__uncultured_bacterium","uncultured_bacterium","Above prediction",TRUE,0.0002431,-3.61421504115666,0.72,"late_reproductive",0.554959149708489,0.001,"***",TRUE,"Late Reproductive","Legionellaceae-7402"
"107","770f6d40306b14f30101bf45337bdecb",0.000169251181846172,2.33140074004632e-06,-11337.8228017042,0.816440374795571,-45.8930116788034,0.0575423292854136,0.919714259138659,-22671.6456034084,-22655.884244582,2e+06,25,19549,5e-07,6.584e-05,0.52,0.165664932110284,0.0673922816305187,0.352999263110232,"d__Bacteria","d__Bacteria","d__Bacteria","k__Pseudomonadati--other","k__Pseudomonadati--other","p__Latescibacterota","Candidatus_Latescibacterota","Candidatus_Latescibacterota","c__Latescibacterota","c__Candidatus_Latescibacteria","Candidatus_Latescibacteria","o__Latescibacterota","o__Candidatus_Latescibacterales","Candidatus_Latescibacterales","f__Latescibacterota","f__Candidatus_Latescibacteraceae","Candidatus_Latescibacteraceae","g__Latescibacterota","g__Candidatus_Latescibacter","Candidatus_Latescibacter","s__uncultured_bacterium","","Above prediction",TRUE,6.584e-05,-4.18151017779579,0.52,"late_reproductive",0.42253576809704,0.047,"*",TRUE,"Late Reproductive","Candidatus_Latescibacteraceae-770f"
"108","7c15c8a3a90aea4f54a31464c48d247a",0.000169251181846172,2.33140074004632e-06,-11337.8228017042,0.816440374795571,-45.8930116788034,0.0575423292854136,0.919714259138659,-22671.6456034084,-22655.884244582,2e+06,25,19549,5e-07,0.00054766,0.92,0.783299205696506,0.590543176575957,0.900588717025131,"d__Bacteria","d__Bacteria","d__Bacteria","k__Pseudomonadati","k__Pseudomonadati","p__Myxococcota","Myxococcota","Myxococcota","c__bacteriap25","c__Deltaproteobacteria","Deltaproteobacteria","o__bacteriap25","o__Incertae_Sedis","Incertae_Sedis","f__bacteriap25","f__Incertae_Sedis","Incertae_Sedis","g__bacteriap25","g__Incertae_Sedis","Incertae_Sedis","s__uncultured_Syntrophobacterales","","Above prediction",TRUE,0.00054766,-3.26148897792033,0.92,"late_reproductive",0.526597261096025,0.005,"**",TRUE,"Late Reproductive","Deltaproteobacteria-7c15"
"109","860b11244363460108e1a96df96599a1",0.000169251181846172,2.33140074004632e-06,-11337.8228017042,0.816440374795571,-45.8930116788034,0.0575423292854136,0.919714259138659,-22671.6456034084,-22655.884244582,2e+06,25,19549,5e-07,0.00139466,1,0.981302902639103,0.83624461370325,0.998149557602957,"d__Bacteria","d__Bacteria","d__Bacteria","k__Pseudomonadati","k__Pseudomonadati","p__Proteobacteria","Pseudomonadota","Pseudomonadota","c__Alphaproteobacteria","c__Alphaproteobacteria","Alphaproteobacteria","o__Rhizobiales","o__Hyphomicrobiales","Hyphomicrobiales","f__Rhizobiales_Incertae_Sedis","f__Aestuariivirgaceae","Aestuariivirgaceae","g__Nordella","g__Taklimakanibacter","Taklimakanibacter","s__uncultured_bacterium","uncultured_bacterium","Above prediction",TRUE,0.00139466,-2.85553165484285,1,"late_reproductive",0.527246265007042,0.001,"***",TRUE,"Late Reproductive","Aestuariivirgaceae-860b"
"110","896b0d4b6cc7c64ca65ff6ab44091143",0.000169251181846172,2.33140074004632e-06,-11337.8228017042,0.816440374795571,-45.8930116788034,0.0575423292854136,0.919714259138659,-22671.6456034084,-22655.884244582,2e+06,25,19549,5e-07,0.0002479,0.72,0.496415714068363,0.31441960959688,0.679366616762333,"d__Bacteria","d__Bacteria","d__Bacteria","k__Pseudomonadati--other","k__Pseudomonadati--other","p__Acidobacteriota","Acidobacteriota","Acidobacteriota","c__Blastocatellia","c__Blastocatellia","Blastocatellia","o__Blastocatellales","o__Blastocatellales","Blastocatellales","f__Blastocatellaceae","f__Blastocatellaceae","Blastocatellaceae","","","JGI_0001001-H03","","","Above prediction",TRUE,0.0002479,-3.60572347323218,0.72,"late_reproductive",0.60325652769078,0.001,"***",TRUE,"Late Reproductive","Blastocatellaceae-896b"
"111","8b1019d7db1ae0d5390a4b4e70116130",0.000169251181846172,2.33140074004632e-06,-11337.8228017042,0.816440374795571,-45.8930116788034,0.0575423292854136,0.919714259138659,-22671.6456034084,-22655.884244582,2e+06,25,19549,5e-07,5.646e-05,0.52,0.143813983419515,0.0546871458123711,0.327823255629394,"d__Bacteria","d__Bacteria","d__Bacteria","k__Pseudomonadati","k__Pseudomonadati","p__Proteobacteria","Pseudomonadota","Pseudomonadota","c__Alphaproteobacteria","c__Alphaproteobacteria","Alphaproteobacteria","o__Sphingomonadales","o__Sphingomonadales","Sphingomonadales","f__Sphingomonadaceae","","Sphingomicrobiaceae","g__Sphingomonas","","Pseudosphingomonas","","","Above prediction",TRUE,5.646e-05,-4.2482591261891,0.52,"late_reproductive",0.498670862047017,0.001,"***",TRUE,"Late Reproductive","Sphingomicrobiaceae-8b10"
"112","9b80518664a6e4607ca5b9e45f614a0c",0.000169251181846172,2.33140074004632e-06,-11337.8228017042,0.816440374795571,-45.8930116788034,0.0575423292854136,0.919714259138659,-22671.6456034084,-22655.884244582,2e+06,25,19549,5e-07,4.126e-05,0.36,0.107214252334649,0.0350873424526315,0.283973197953317,"d__Bacteria","d__Bacteria","d__Bacteria","k__Pseudomonadati--other","k__Pseudomonadati--other","p__Planctomycetota","Planctomycetota","Planctomycetota","c__Phycisphaerae","c__Phycisphaerae","Phycisphaerae","o__Tepidisphaerales","o__Tepidisphaerales","Tepidisphaerales","f__WD2101_soil_group","f__Tepidisphaeraceae","Tepidisphaeraceae","g__WD2101_soil_group","g__Humisphaera","Humisphaera","","uncultured_bacterium","Above prediction",TRUE,4.126e-05,-4.38447077636287,0.36,"late_reproductive",0.508566325120231,0.001,"***",TRUE,"Late Reproductive","Tepidisphaeraceae-9b80"
"113","9f68b2119a7c9519fd1c06fb7b010f17",0.000169251181846172,2.33140074004632e-06,-11337.8228017042,0.816440374795571,-45.8930116788034,0.0575423292854136,0.919714259138659,-22671.6456034084,-22655.884244582,2e+06,25,19549,5e-07,4.608e-05,0.32,0.118982453277935,0.0411332917131264,0.298328784233115,"d__Bacteria","d__Bacteria","d__Bacteria","k__Pseudomonadati--other","k__Pseudomonadati--other","p__Planctomycetota","Planctomycetota","Planctomycetota","c__Planctomycetes","c__Planctomycetia","Planctomycetia","o__Planctomycetales","o__Planctomycetales","Planctomycetales","f__uncultured","f__Planctomycetaceae","Planctomycetaceae","g__uncultured","g__Incertae_Sedis","Incertae_Sedis","s__uncultured_bacterium","metagenome","Above prediction",TRUE,4.608e-05,-4.33648752958484,0.32,"late_reproductive",0.371744297303276,0.036,"*",TRUE,"Late Reproductive","Planctomycetaceae-9f68"
"114","a08ee4a8aa1ece798d78fae2b9ad0401",0.000169251181846172,2.33140074004632e-06,-11337.8228017042,0.816440374795571,-45.8930116788034,0.0575423292854136,0.919714259138659,-22671.6456034084,-22655.884244582,2e+06,25,19549,5e-07,0.00328168,1,0.999938784984288,0.866701650128662,0.999999975632334,"d__Bacteria","d__Bacteria","d__Bacteria","k__Pseudomonadati--other","k__Pseudomonadati--other","p__Acidobacteriota","Acidobacteriota","Acidobacteriota","c__Blastocatellia","c__Blastocatellia","Blastocatellia","o__11-24","o__11-24","11-24","f__11-24","f__Incertae_Sedis","Incertae_Sedis","g__11-24","g__Incertae_Sedis","Incertae_Sedis","s__uncultured_Acidobacteria","soil_metagenome","Above prediction",TRUE,0.00328168,-2.483903769721,1,"late_reproductive",0.494886239270168,0.005,"**",TRUE,"Late Reproductive","11-24-a08e"
"115","a0ad41aeb3f6b3f709ff8423533ca15d",0.000169251181846172,2.33140074004632e-06,-11337.8228017042,0.816440374795571,-45.8930116788034,0.0575423292854136,0.919714259138659,-22671.6456034084,-22655.884244582,2e+06,25,19549,5e-07,6.698e-05,0.36,0.168283210193558,0.0689586093655234,0.355972022838782,"d__Bacteria","d__Bacteria","d__Bacteria","k__Pseudomonadati--other","k__Pseudomonadati--other","p__Gemmatimonadota","Gemmatimonadota","Gemmatimonadota","c__BD2-11_terrestrial_group","c__Gemmatimonadia","Gemmatimonadia","o__BD2-11_terrestrial_group","o__Gaopeijiales","Gaopeijiales","f__BD2-11_terrestrial_group","f__Gaopeijiaceae","Gaopeijiaceae","g__BD2-11_terrestrial_group","g__Gaopeijia","Gaopeijia","s__metagenome","uncultured_Gemmatimonadetes","Above prediction",TRUE,6.698e-05,-4.17405485679615,0.36,"late_reproductive",0.380448531349551,0.015,"*",TRUE,"Late Reproductive","Gaopeijiaceae-a0ad"
"116","a5623868a07301a9554b29dd4d01e17f",0.000169251181846172,2.33140074004632e-06,-11337.8228017042,0.816440374795571,-45.8930116788034,0.0575423292854136,0.919714259138659,-22671.6456034084,-22655.884244582,2e+06,25,19549,5e-07,5.698e-05,0.44,0.145039822394295,0.0553817274414844,0.329253807445162,"d__Bacteria","d__Bacteria","d__Bacteria","k__Pseudomonadati","k__Pseudomonadati","p__Proteobacteria","Pseudomonadota","Pseudomonadota","c__Alphaproteobacteria","c__Alphaproteobacteria","Alphaproteobacteria","o__Elsterales","o__Azospirillales","Azospirillales","f__uncultured","f__Geminicoccaceae","Geminicoccaceae","g__uncultured","g__Incertae_Sedis","Incertae_Sedis","s__uncultured_Acetobacteraceae","","Above prediction",TRUE,5.698e-05,-4.24427755509654,0.44,"late_reproductive",0.393781719532211,0.039,"*",TRUE,"Late Reproductive","Geminicoccaceae-a562"
"117","a9df6034f6717d58552a927fa73d7c14",0.000169251181846172,2.33140074004632e-06,-11337.8228017042,0.816440374795571,-45.8930116788034,0.0575423292854136,0.919714259138659,-22671.6456034084,-22655.884244582,2e+06,25,19549,5e-07,0.00054856,0.92,0.783851651404903,0.591138756145308,0.900950865897728,"d__Bacteria","d__Bacteria","d__Bacteria","k__Pseudomonadati--other","k__Pseudomonadati--other","p__Acidobacteriota","Acidobacteriota","Acidobacteriota","c__Acidobacteriae","c__Terriglobia","Terriglobia","o__Subgroup_12","o__Subgroup_12","Subgroup_12","f__Subgroup_12","f__Incertae_Sedis","Incertae_Sedis","g__Subgroup_12","g__Incertae_Sedis","Incertae_Sedis","s__uncultured_bacterium","metagenome","Above prediction",TRUE,0.00054856,-3.26077586354268,0.92,"late_reproductive",0.518108040717206,0.011,"*",TRUE,"Late Reproductive","Subgroup_12-a9df"
"118","b0546a8c6a38415c52d2dc916319d3fd",0.000169251181846172,2.33140074004632e-06,-11337.8228017042,0.816440374795571,-45.8930116788034,0.0575423292854136,0.919714259138659,-22671.6456034084,-22655.884244582,2e+06,25,19549,5e-07,0.00446574,1,0.999998523912617,0.866805190107168,0.999999999985821,"d__Bacteria","d__Bacteria","d__Bacteria","k__Pseudomonadati--other","k__Pseudomonadati--other","p__Verrucomicrobiota","Verrucomicrobiota","Verrucomicrobiota","c__Verrucomicrobiae","c__Terrimicrobiia","Terrimicrobiia","o__Chthoniobacterales","o__Terrimicrobiales","Terrimicrobiales","f__Chthoniobacteraceae","f__Chthoniobacteraceae","Chthoniobacteraceae","g__Candidatus_Udaeobacter","g__Candidatus_Udaeobacter","Candidatus_Udaeobacter","","uncultured_Prosthecobacter","Above prediction",TRUE,0.00446574,-2.35010656560231,1,"late_reproductive",0.510339286409916,0.004,"**",TRUE,"Late Reproductive","Chthoniobacteraceae-b054"
"119","b7616c5e14093f59e6ef2da052f4e894",0.000169251181846172,2.33140074004632e-06,-11337.8228017042,0.816440374795571,-45.8930116788034,0.0575423292854136,0.919714259138659,-22671.6456034084,-22655.884244582,2e+06,25,19549,5e-07,3.472e-05,0.28,0.0910011173371767,0.0272174360410933,0.263735762260095,"d__Bacteria","d__Bacteria","d__Bacteria","k__Bacillati","k__Bacillati","p__Actinobacteriota","Actinomycetota","Actinomycetota","c__Acidimicrobiia","c__Acidimicrobiia","Acidimicrobiia","o__Microtrichales","o__Acidimicrobiales","Acidimicrobiales","f__Iamiaceae","f__Iamiaceae","Iamiaceae","g__Iamia","g__Iamia","Iamia","","","Above prediction",TRUE,3.472e-05,-4.45942028349555,0.28,"late_reproductive",0.396313104064297,0.007,"**",TRUE,"Late Reproductive","Iamiaceae-b761"
"120","bfd0c6033a677c2648b7f643dff94605",0.000169251181846172,2.33140074004632e-06,-11337.8228017042,0.816440374795571,-45.8930116788034,0.0575423292854136,0.919714259138659,-22671.6456034084,-22655.884244582,2e+06,25,19549,5e-07,0.00032652,0.88,0.59577392722838,0.403465189317541,0.762569975241578,"d__Bacteria","d__Bacteria","d__Bacteria","k__Pseudomonadati--other","k__Pseudomonadati--other","p__Bacteroidota","Chlorobiota","Chlorobiota","c__SJA-28","c__Ignavibacteria--other","Ignavibacteria--other","o__SJA-28","o__Candidatus_Tepidaquicellales","Candidatus_Tepidaquicellales","f__SJA-28","f__Candidatus_Tepidaquicellaceae","Candidatus_Tepidaquicellaceae","g__SJA-28","g__Candidatus_Tepidaquicella","Candidatus_Tepidaquicella","s__uncultured_Ignavibacterium","uncultured_Ignavibacterium","Above prediction",TRUE,0.00032652,-3.48609021217262,0.88,"late_reproductive",0.615429971146709,0.002,"**",TRUE,"Late Reproductive","Candidatus_Tepidaquicellaceae-bfd0"
"121","c0f873f8f081ef242fe7d72d003f4db0",0.000169251181846172,2.33140074004632e-06,-11337.8228017042,0.816440374795571,-45.8930116788034,0.0575423292854136,0.919714259138659,-22671.6456034084,-22655.884244582,2e+06,25,19549,5e-07,0.00010496,0.8,0.251072398065886,0.122536313151715,0.445918938224986,"d__Bacteria","d__Bacteria","d__Bacteria","k__Pseudomonadati--other","k__Pseudomonadati--other","p__Acidobacteriota","Acidobacteriota","Acidobacteriota","c__Blastocatellia","c__Blastocatellia","Blastocatellia","o__Blastocatellales","o__Blastocatellales","Blastocatellales","f__Blastocatellaceae","f__Blastocatellaceae","Blastocatellaceae","g__JGI_0001001-H03","g__JGI_0001001-H03","","","","Above prediction",TRUE,0.00010496,-3.97897617796841,0.8,"late_reproductive",0.664147841303641,0.001,"***",TRUE,"Late Reproductive","Blastocatellaceae-c0f8"
"122","c97326e45f3ae8607bc34365fc759fde",0.000169251181846172,2.33140074004632e-06,-11337.8228017042,0.816440374795571,-45.8930116788034,0.0575423292854136,0.919714259138659,-22671.6456034084,-22655.884244582,2e+06,25,19549,5e-07,4.752e-05,0.36,0.1224688071406,0.0429736030149239,0.302532470019571,"d__Bacteria","d__Bacteria","d__Bacteria","k__Bacillati","k__Bacillati","p__Chloroflexi","Chloroflexota--other","Chloroflexota--other","c__Ktedonobacteria","c__Ktedonobacteria","Ktedonobacteria","o__C0119","o__C0119","C0119","f__C0119","f__Incertae_Sedis","Incertae_Sedis","g__C0119","g__Incertae_Sedis","Incertae_Sedis","s__uncultured_bacterium","uncultured_bacterium","Above prediction",TRUE,4.752e-05,-4.32312356802686,0.36,"late_reproductive",0.412990802517568,0.011,"*",TRUE,"Late Reproductive","C0119-c973"
"123","c9e9a2a45cec0572b798df5e47169902",0.000169251181846172,2.33140074004632e-06,-11337.8228017042,0.816440374795571,-45.8930116788034,0.0575423292854136,0.919714259138659,-22671.6456034084,-22655.884244582,2e+06,25,19549,5e-07,0.00010098,0.44,0.242788999167367,0.116859989382581,0.437235033286521,"d__Bacteria","d__Bacteria","d__Bacteria","k__Pseudomonadati--other","k__Pseudomonadati--other","p__Planctomycetota","Planctomycetota","Planctomycetota","c__Planctomycetes","c__Planctomycetia","Planctomycetia","o__Pirellulales","o__Pirellulales","Pirellulales","f__Pirellulaceae","f__Thermoguttaceae--other","Thermoguttaceae--other","g__uncultured","g__Incertae_Sedis","Incertae_Sedis","s__uncultured_bacterium","Pirellulales_bacterium","Above prediction",TRUE,0.00010098,-3.99576463364053,0.44,"late_reproductive",0.468981960866418,0.004,"**",TRUE,"Late Reproductive","Thermoguttaceae--other-c9e9"
"124","d54682e964a7986c6126fb43de5d0ab9",0.000169251181846172,2.33140074004632e-06,-11337.8228017042,0.816440374795571,-45.8930116788034,0.0575423292854136,0.919714259138659,-22671.6456034084,-22655.884244582,2e+06,25,19549,5e-07,4.184e-05,0.32,0.108638418755437,0.0358048587323877,0.285724638652543,"d__Bacteria","d__Bacteria","d__Bacteria","k__Pseudomonadati","k__Pseudomonadati","p__Bdellovibrionota","Bdellovibrionota","Bdellovibrionota","c__Bdellovibrionia","c__Bdellovibrionia","Bdellovibrionia","o__Bdellovibrionales","o__Bdellovibrionales","Bdellovibrionales","f__Bdellovibrionaceae","f__Pseudobdellovibrionaceae","Pseudobdellovibrionaceae","g__Bdellovibrio","g__Incertae_Sedis","Incertae_Sedis","s__uncultured_bacterium","","Above prediction",TRUE,4.184e-05,-4.37840832414078,0.32,"late_reproductive",0.369276081110867,0.046,"*",TRUE,"Late Reproductive","Pseudobdellovibrionaceae-d546"
"125","db1433090ed021c7ba8c284943f6c3cb",0.000169251181846172,2.33140074004632e-06,-11337.8228017042,0.816440374795571,-45.8930116788034,0.0575423292854136,0.919714259138659,-22671.6456034084,-22655.884244582,2e+06,25,19549,5e-07,0.00137404,1,0.980133194544057,0.834432699174609,0.997933648049746,"d__Bacteria","d__Bacteria","d__Bacteria","k__Pseudomonadati","k__Pseudomonadati","p__Proteobacteria","Pseudomonadota","Pseudomonadota","c__Alphaproteobacteria","c__Alphaproteobacteria","Alphaproteobacteria","o__Rhizobiales","o__Hyphomicrobiales--other","Hyphomicrobiales--other","f__Rhizobiales_Incertae_Sedis","f__Lutibaculaceae","Lutibaculaceae","g__Bauldia","g__Bauldia","Bauldia","s__uncultured_bacterium","metagenome","Above prediction",TRUE,0.00137404,-2.86200062424414,1,"late_reproductive",0.508128993847047,0.005,"**",TRUE,"Late Reproductive","Lutibaculaceae-db14"
"126","db65e84ed251bea71f0372d115ba2522",0.000169251181846172,2.33140074004632e-06,-11337.8228017042,0.816440374795571,-45.8930116788034,0.0575423292854136,0.919714259138659,-22671.6456034084,-22655.884244582,2e+06,25,19549,5e-07,3.836e-05,0.28,0.100060056117999,0.031545226368198,0.27511268859996,"d__Bacteria","d__Bacteria","d__Bacteria","k__Pseudomonadati--other","k__Pseudomonadati--other","p__Planctomycetota","Planctomycetota","Planctomycetota","c__OM190","c__OM190","OM190","o__OM190","o__Incertae_Sedis","Incertae_Sedis","f__OM190","f__Incertae_Sedis","Incertae_Sedis","g__OM190","g__Incertae_Sedis","Incertae_Sedis","s__uncultured_bacterium","","Above prediction",TRUE,3.836e-05,-4.41612140150137,0.28,"late_reproductive",0.409513350903498,0.005,"**",TRUE,"Late Reproductive","OM190-db65"
"127","e4a95c7621a138b0e52e3dbf933750f5",0.000169251181846172,2.33140074004632e-06,-11337.8228017042,0.816440374795571,-45.8930116788034,0.0575423292854136,0.919714259138659,-22671.6456034084,-22655.884244582,2e+06,25,19549,5e-07,0.0001286,0.56,0.298479978869986,0.156177403166356,0.494464365020798,"d__Bacteria","d__Bacteria","d__Bacteria","k__Pseudomonadati--other","k__Pseudomonadati--other","p__Planctomycetota","Planctomycetota","Planctomycetota","c__Planctomycetes","c__Planctomycetia","Planctomycetia","o__Gemmatales","o__Gemmatales","Gemmatales","f__Gemmataceae","f__Gemmataceae","Gemmataceae","g__uncultured","g__Incertae_Sedis","Incertae_Sedis","s__uncultured_bacterium","uncultured_bacterium","Above prediction",TRUE,0.0001286,-3.8907590314118,0.56,"late_reproductive",0.433677446246953,0.033,"*",TRUE,"Late Reproductive","Gemmataceae-e4a9"
"128","e4d3ef41cad1e212ec1aae6877790daa",0.000169251181846172,2.33140074004632e-06,-11337.8228017042,0.816440374795571,-45.8930116788034,0.0575423292854136,0.919714259138659,-22671.6456034084,-22655.884244582,2e+06,25,19549,5e-07,8.972e-05,0.52,0.218866511436207,0.100834022374214,0.411788604810518,"d__Bacteria","d__Bacteria","d__Bacteria","k__Pseudomonadati--other","k__Pseudomonadati--other","p__Planctomycetota","Planctomycetota","Planctomycetota","c__Planctomycetes","c__Planctomycetia","Planctomycetia","o__Pirellulales","o__Pirellulales","Pirellulales","f__Pirellulaceae","f__Pirellulaceae","Pirellulaceae","g__Blastopirellula","g__Mariniblastus","Mariniblastus","s__uncultured_bacterium","Pirellulaceae_bacterium","Above prediction",TRUE,8.972e-05,-4.04711073508907,0.52,"late_reproductive",0.443030165596925,0.017,"*",TRUE,"Late Reproductive","Pirellulaceae-e4d3"
"129","e79717ac042e285b8e504e9f9da52e44",0.000169251181846172,2.33140074004632e-06,-11337.8228017042,0.816440374795571,-45.8930116788034,0.0575423292854136,0.919714259138659,-22671.6456034084,-22655.884244582,2e+06,25,19549,5e-07,4.192e-05,0.32,0.108834681485101,0.0359040532324326,0.285965688262347,"d__Bacteria","d__Bacteria","d__Bacteria","k__Pseudomonadati","k__Pseudomonadati","p__Proteobacteria","Pseudomonadota","Pseudomonadota","c__Gammaproteobacteria","c__Gammaproteobacteria","Gammaproteobacteria","o__Coxiellales","o__Coxiellales","Coxiellales","f__Coxiellaceae","f__Coxiellaceae","Coxiellaceae","g__Coxiella","g__Coxiella","Coxiella","s__uncultured_bacterium","uncultured_Pseudomonadota","Above prediction",TRUE,4.192e-05,-4.37757872602433,0.32,"late_reproductive",0.526067403025812,0.002,"**",TRUE,"Late Reproductive","Coxiellaceae-e797"
"130","ecdf0200cd32e230808ab657134fbfb3",0.000169251181846172,2.33140074004632e-06,-11337.8228017042,0.816440374795571,-45.8930116788034,0.0575423292854136,0.919714259138659,-22671.6456034084,-22655.884244582,2e+06,25,19549,5e-07,0.0002208,0.76,0.456913627537446,0.280763054624653,0.644541742316411,"d__Bacteria","d__Bacteria","d__Bacteria","k__Pseudomonadati--other","k__Pseudomonadati--other","p__Bacteroidota","Bacteroidota","Bacteroidota","c__Bacteroidia","c__Cytophagia","Cytophagia","o__Cytophagales","o__Cytophagales","Cytophagales","f__Spirosomaceae","f__Spirosomataceae","Spirosomataceae","g__Emticicia","g__Emticicia","Emticicia","","","Above prediction",TRUE,0.0002208,-3.65600093094284,0.76,"late_reproductive",0.689090916648629,0.001,"***",TRUE,"Late Reproductive","Spirosomataceae-ecdf"
"131","f7211ce8b5c4c89df660790cc1c92619",0.000169251181846172,2.33140074004632e-06,-11337.8228017042,0.816440374795571,-45.8930116788034,0.0575423292854136,0.919714259138659,-22671.6456034084,-22655.884244582,2e+06,25,19549,5e-07,0.00022472,0.68,0.462809632891041,0.285723605150887,0.649802598048179,"d__Bacteria","d__Bacteria","d__Bacteria","k__Pseudomonadati--other","k__Pseudomonadati--other","p__Bacteroidota","Chlorobiota","Chlorobiota","c__Kapabacteria","c__Candidatus_Kapaibacteriia","Candidatus_Kapaibacteriia","o__Kapabacteriales","o__Incertae_Sedis","Incertae_Sedis","f__Kapabacteriales","f__Incertae_Sedis","Incertae_Sedis","g__Kapabacteriales","g__Incertae_Sedis","Incertae_Sedis","s__uncultured_bacterium","metagenome","Above prediction",TRUE,0.00022472,-3.64835827380648,0.68,"late_reproductive",0.494156079503694,0.016,"*",TRUE,"Late Reproductive","Candidatus_Kapaibacteriia-f721"
