"","asvID","fitstats.m","fitstats.m.ci","fitstats.poisLL","fitstats.Rsqr","fitstats.Rsqr.pois","fitstats.RMSE","fitstats.RMSE.pois","fitstats.AIC.pois","fitstats.BIC.pois","fitstats.N","fitstats.Samples","fitstats.Richness","fitstats.Detect","predictions.p","predictions.freq","predictions.freq.pred","predictions.pred.lwr","predictions.pred.upr","Old.Domain","Unif.Domain","Weight.Domain","Unif.Kingdom","Weight.Kingdom","Old.Phylum","Unif.Phylum","Weight.Phylum","Old.Class","Unif.Class","Weight.Class","Old.Order","Unif.Order","Weight.Order","Old.Family","Unif.Family","Weight.Family","Old.Genus","Unif.Genus","Weight.Genus","Old.Species","Weight.Species","predictions.fit_class","above_CI","mean_relabund","mean_relabund_percent","log_mean","occupancy","stage_aggregate","IndVal.Stat","IndVal.p_value","IndVal.signif","stage_indicator","point_class","Stage"
"1","099369e6e45163e0709cdd0d348f413e",0.000179511,2.21e-06,-12593.33271,0.846805322,-46.59730965,0.05219918,0.920095786,-25182.66543,-25166.67129,2e+06,30,21962,5e-07,0.000420483,0.933333333,0.708499385,0.529900172,0.839763652,"d__Bacteria","d__Bacteria","d__Bacteria","k__Bacillati","k__Bacillati","p__Actinobacteriota","Actinomycetota","Actinomycetota","c__Acidimicrobiia","c__Acidimicrobiia","c__Acidimicrobiia","o__Actinomarinales","o__Candidatus_Actinomarinales","o__Candidatus_Actinomarinales","f__uncultured","f__Candidatus_Actinomarinaceae","f__Candidatus_Actinomarinaceae","g__uncultured","g__Candidatus_Actinomarina","g__Candidatus_Actinomarina","","s__uncultured_Acidimicrobiia","Above prediction",TRUE,0.000420483,0.0420483,-3.376251214,0.933333333,"seedling",0.527,0.006,"**",TRUE,"Above","Seedling"
"2","0dfe245697814f4897dd14ea27bf5250",0.000179511,2.21e-06,-12593.33271,0.846805322,-46.59730965,0.05219918,0.920095786,-25182.66543,-25166.67129,2e+06,30,21962,5e-07,0.005963467,1,0.999999996,0.886486599,1,"d__Bacteria","d__Bacteria","d__Bacteria","k__Bacillati","k__Bacillati","p__Actinobacteriota","Actinomycetota","Actinomycetota","c__Acidimicrobiia","c__Acidimicrobiia","c__Acidimicrobiia","o__Actinomarinales","o__Candidatus_Actinomarinales","o__Candidatus_Actinomarinales","f__uncultured","f__Candidatus_Actinomarinaceae","f__Candidatus_Actinomarinaceae","g__uncultured","g__Candidatus_Actinomarina","g__Candidatus_Actinomarina","","s__Micrococcales_bacterium","Above prediction",TRUE,0.005963467,0.5963467,-2.224501204,1,"seedling",0.469,0.039,"*",TRUE,"Above","Seedling"
"3","266eaecefef824dba9127ab07175b513",0.000179511,2.21e-06,-12593.33271,0.846805322,-46.59730965,0.05219918,0.920095786,-25182.66543,-25166.67129,2e+06,30,21962,5e-07,0.0001688,0.666666667,0.387845263,0.235917349,0.565235306,"d__Bacteria","d__Bacteria","d__Bacteria","k__Pseudomonadati--other","k__Pseudomonadati--other","p__Latescibacterota","Candidatus_Latescibacterota","Candidatus_Latescibacterota","c__Latescibacterota","c__Candidatus_Latescibacteria","c__Candidatus_Latescibacteria","o__Latescibacterota","o__Candidatus_Latescibacterales","o__Candidatus_Latescibacterales","f__Latescibacterota","f__Candidatus_Latescibacteraceae","f__Candidatus_Latescibacteraceae","g__Latescibacterota","g__Candidatus_Latescibacter","g__Candidatus_Latescibacter","s__uncultured_proteobacterium","s__uncultured_proteobacterium","Above prediction",TRUE,0.0001688,0.01688,-3.772627558,0.666666667,"seedling",0.46,0.042,"*",TRUE,"Above","Seedling"
"4","28b818fded7df9117fcd604aaf44415f",0.000179511,2.21e-06,-12593.33271,0.846805322,-46.59730965,0.05219918,0.920095786,-25182.66543,-25166.67129,2e+06,30,21962,5e-07,0.000211533,0.7,0.45985275,0.296433348,0.632386653,"d__Bacteria","d__Bacteria","d__Bacteria","k__Pseudomonadati","k__Pseudomonadati","p__Proteobacteria","Pseudomonadota","Pseudomonadota","c__Gammaproteobacteria","c__Gammaproteobacteria","c__Gammaproteobacteria","o__Steroidobacterales","o__Woeseiales","o__Woeseiales","f__Woeseiaceae","f__Woeseiaceae","f__Woeseiaceae","g__Woeseia","","g__Woeseia--other","","s__uncultured_bacterium","Above prediction",TRUE,0.000211533,0.0211533,-3.674621187,0.7,"seedling",0.5,0.004,"**",TRUE,"Above","Seedling"
"5","2cd337f519a58231f183f512daf8c231",0.000179511,2.21e-06,-12593.33271,0.846805322,-46.59730965,0.05219918,0.920095786,-25182.66543,-25166.67129,2e+06,30,21962,5e-07,0.000136883,0.533333333,0.328025627,0.188166177,0.506927866,"d__Bacteria","d__Bacteria","d__Bacteria","k__Bacillati","k__Bacillati","p__Elusimicrobiota","Elusimicrobiota","Elusimicrobiota","c__Lineage_IIb","c__Lineage_IIb","c__Lineage_IIb","o__Lineage_IIb","o__Incertae_Sedis","o__Incertae_Sedis","f__Lineage_IIb","f__Incertae_Sedis","f__Incertae_Sedis","g__Lineage_IIb","g__Incertae_Sedis","g__Incertae_Sedis","s__uncultured_bacterium","","Above prediction",TRUE,0.000136883,0.0136883,-3.863649428,0.533333333,"seedling",0.515,0.002,"**",TRUE,"Above","Seedling"
"6","2e4a2e5ad75f2d321aadefddacb2fca7",0.000179511,2.21e-06,-12593.33271,0.846805322,-46.59730965,0.05219918,0.920095786,-25182.66543,-25166.67129,2e+06,30,21962,5e-07,0.004791367,1,0.999999772,0.886486203,1,"d__Bacteria","d__Bacteria","d__Bacteria","k__Pseudomonadati","k__Pseudomonadati","p__Proteobacteria","Pseudomonadota","Pseudomonadota","c__Gammaproteobacteria","c__Gammaproteobacteria","c__Gammaproteobacteria","o__Gammaproteobacteria_Incertae_Sedis","o__Steroidobacterales--other","o__Steroidobacterales--other","f__Unknown_Family","f__Steroidobacteraceae--other","f__Steroidobacteraceae--other","g__Acidibacter","g__Acidibacter","g__Acidibacter","","","Above prediction",TRUE,0.004791367,0.4791367,-2.319540593,1,"seedling",0.485,0.007,"**",TRUE,"Above","Seedling"
"7","2fe0b8c8296c96264c80e0c995649e7e",0.000179511,2.21e-06,-12593.33271,0.846805322,-46.59730965,0.05219918,0.920095786,-25182.66543,-25166.67129,2e+06,30,21962,5e-07,3.74e-05,0.266666667,0.102538414,0.03593476,0.259376494,"d__Bacteria","d__Bacteria","d__Bacteria","k__Pseudomonadati--other","k__Pseudomonadati--other","p__Planctomycetota","Planctomycetota","Planctomycetota","c__Planctomycetes","c__Planctomycetia","c__Planctomycetia","o__Gemmatales","o__Gemmatales","o__Gemmatales","f__Gemmataceae","f__Gemmataceae","f__Gemmataceae","g__uncultured","g__Incertae_Sedis","g__Incertae_Sedis","s__uncultured_bacterium","s__uncultured_bacterium","Above prediction",TRUE,3.74e-05,0.00374,-4.427321977,0.266666667,"seedling",0.5,0.001,"***",TRUE,"Above","Seedling"
"8","345bb6e7d820fe8551d1b4354cb9fba7",0.000179511,2.21e-06,-12593.33271,0.846805322,-46.59730965,0.05219918,0.920095786,-25182.66543,-25166.67129,2e+06,30,21962,5e-07,9.7e-05,0.433333333,0.245097121,0.126248422,0.421815601,"d__Bacteria","d__Bacteria","d__Bacteria","k__Pseudomonadati--other","k__Pseudomonadati--other","p__Acidobacteriota","Acidobacteriota","Acidobacteriota","c__Acidobacteriae","c__Terriglobia","c__Terriglobia","o__Subgroup_15","o__Subgroup_15","o__Subgroup_15","f__Subgroup_15","f__Incertae_Sedis","f__Incertae_Sedis","g__Subgroup_15","g__Incertae_Sedis","g__Incertae_Sedis","s__uncultured_bacterium","","Above prediction",TRUE,9.7e-05,0.0097,-4.013452187,0.433333333,"seedling",0.467,0.002,"**",TRUE,"Above","Seedling"
"9","3b47f8b716abbadfc918668fed451136",0.000179511,2.21e-06,-12593.33271,0.846805322,-46.59730965,0.05219918,0.920095786,-25182.66543,-25166.67129,2e+06,30,21962,5e-07,2.47e-05,0.3,0.068999588,0.019508789,0.216339026,"d__Bacteria","d__Bacteria","d__Bacteria","k__Pseudomonadati--other","k__Pseudomonadati--other","p__Bacteroidota","Bacteroidota","Bacteroidota","c__Bacteroidia","c__Chitinophagia","c__Chitinophagia","o__Chitinophagales","o__Chitinophagales","o__Chitinophagales","f__Chitinophagaceae","f__Chitinophagaceae","f__Chitinophagaceae","g__Terrimonas","g__Terrimonas--other","g__Terrimonas--other","","s__metagenome","Above prediction",TRUE,2.47e-05,0.00247,-4.607010099,0.3,"seedling",0.426,0.017,"*",TRUE,"Above","Seedling"
"10","47f2617de53ce85d035fd4d1cc587272",0.000179511,2.21e-06,-12593.33271,0.846805322,-46.59730965,0.05219918,0.920095786,-25182.66543,-25166.67129,2e+06,30,21962,5e-07,0.004873133,1,0.999999827,0.886486301,1,"d__Bacteria","d__Bacteria","d__Bacteria","k__Pseudomonadati--other","k__Pseudomonadati--other","p__Bacteroidota","Bacteroidota","Bacteroidota","c__Bacteroidia","c__Chitinophagia","c__Chitinophagia","o__Chitinophagales","o__Chitinophagales","o__Chitinophagales","f__Chitinophagaceae","f__Chitinophagaceae","f__Chitinophagaceae","g__uncultured","","g__Incertae_Sedis","","s__uncultured_soil","Above prediction",TRUE,0.004873133,0.4873133,-2.312191706,1,"seedling",0.514,0.002,"**",TRUE,"Above","Seedling"
"11","562585e289d3b422ddf21c53f44fe3eb",0.000179511,2.21e-06,-12593.33271,0.846805322,-46.59730965,0.05219918,0.920095786,-25182.66543,-25166.67129,2e+06,30,21962,5e-07,0.00015225,0.566666667,0.357506938,0.211400671,0.535962947,"d__Bacteria","d__Bacteria","d__Bacteria","k__Pseudomonadati--other","k__Pseudomonadati--other","p__Zixibacteria","Candidatus_Zixiibacteriota","Candidatus_Zixiibacteriota","c__Zixibacteria","c__Incertae_Sedis","c__Incertae_Sedis","o__Zixibacteria","o__Incertae_Sedis","o__Incertae_Sedis","f__Zixibacteria","f__Incertae_Sedis","f__Incertae_Sedis","g__Zixibacteria","g__Incertae_Sedis","g__Incertae_Sedis","s__uncultured_bacterium","s__uncultured_bacterium","Above prediction",TRUE,0.00015225,0.015225,-3.817442699,0.566666667,"seedling",0.465,0.022,"*",TRUE,"Above","Seedling"
"12","669c8f8d724c09e49dc3b239b06e68dc",0.000179511,2.21e-06,-12593.33271,0.846805322,-46.59730965,0.05219918,0.920095786,-25182.66543,-25166.67129,2e+06,30,21962,5e-07,0.00218875,1,0.99877498,0.884326179,0.999988499,"d__Bacteria","d__Bacteria","d__Bacteria","k__Pseudomonadati--other","k__Pseudomonadati--other","p__Bacteroidota","Bacteroidota","Bacteroidota","c__Bacteroidia","c__Cytophagia","c__Cytophagia","o__Cytophagales","o__Cytophagales","o__Cytophagales","f__Microscillaceae","f__Chryseotaleaceae","f__Chryseotaleaceae","g__Chryseolinea","g__Chryseolinea","g__Chryseolinea","s__uncultured_bacterium","","Above prediction",TRUE,0.00218875,0.218875,-2.659803841,1,"seedling",0.528,0.003,"**",TRUE,"Above","Seedling"
"13","6d01029368e4cc381d8e748ea1285708",0.000179511,2.21e-06,-12593.33271,0.846805322,-46.59730965,0.05219918,0.920095786,-25182.66543,-25166.67129,2e+06,30,21962,5e-07,0.003224567,1,0.999957389,0.886411073,0.999999986,"d__Bacteria","d__Bacteria","d__Bacteria","k__Pseudomonadati--other","k__Pseudomonadati--other","p__Acidobacteriota","Acidobacteriota","Acidobacteriota","c__Vicinamibacteria","c__Vicinamibacteria","c__Vicinamibacteria","o__Vicinamibacterales","o__Vicinamibacterales","o__Vicinamibacterales","f__uncultured","f__Vicinamibacteraceae","f__Vicinamibacteraceae","g__uncultured","g__Incertae_Sedis","g__Incertae_Sedis","s__uncultured_Acidobacteriaceae","","Above prediction",TRUE,0.003224567,0.3224567,-2.49152864,1,"seedling",0.492,0.006,"**",TRUE,"Above","Seedling"
"14","7120d8342c6f08d5cc97c29108b17f3c",0.000179511,2.21e-06,-12593.33271,0.846805322,-46.59730965,0.05219918,0.920095786,-25182.66543,-25166.67129,2e+06,30,21962,5e-07,0.0018486,1,0.996387102,0.880177606,0.999903429,"d__Bacteria","d__Bacteria","d__Bacteria","k__Pseudomonadati--other","k__Pseudomonadati--other","p__Acidobacteriota","Acidobacteriota","Acidobacteriota","c__Thermoanaerobaculia","c__Thermoanaerobaculia","c__Thermoanaerobaculia","o__Thermoanaerobaculales","o__Subgroup_10","o__Subgroup_10","f__Thermoanaerobaculaceae","f__Incertae_Sedis","f__Incertae_Sedis","g__Subgroup_10","g__Incertae_Sedis","g__Incertae_Sedis","","","Above prediction",TRUE,0.0018486,0.18486,-2.733157051,1,"seedling",0.504,0.035,"*",TRUE,"Above","Seedling"
"15","769e44855fc5aae59b3c9652de4711df",0.000179511,2.21e-06,-12593.33271,0.846805322,-46.59730965,0.05219918,0.920095786,-25182.66543,-25166.67129,2e+06,30,21962,5e-07,2.72e-05,0.233333333,0.075536013,0.02248489,0.224951831,"d__Bacteria","d__Bacteria","d__Bacteria","k__Pseudomonadati--other","k__Pseudomonadati--other","p__Planctomycetota","Planctomycetota","Planctomycetota","c__OM190","c__OM190","c__OM190","o__OM190","o__Incertae_Sedis","o__Incertae_Sedis","f__OM190","f__Incertae_Sedis","f__Incertae_Sedis","g__OM190","g__Incertae_Sedis","g__Incertae_Sedis","s__uncultured_bacterium","s__soil_metagenome","Above prediction",TRUE,2.72e-05,0.00272,-4.566230166,0.233333333,"seedling",0.357,0.043,"*",TRUE,"Above","Seedling"
"16","784091fb35ae9199014b843afe756c1c",0.000179511,2.21e-06,-12593.33271,0.846805322,-46.59730965,0.05219918,0.920095786,-25182.66543,-25166.67129,2e+06,30,21962,5e-07,0.002551533,1,0.999618191,0.885810801,0.999998868,"d__Bacteria","d__Bacteria","d__Bacteria","k__Pseudomonadati","k__Pseudomonadati","p__Proteobacteria","Pseudomonadota","Pseudomonadota","c__Alphaproteobacteria","c__Alphaproteobacteria","c__Alphaproteobacteria","o__Sphingomonadales","o__Sphingomonadales","o__Sphingomonadales","f__Sphingomonadaceae","f__Sphingomicrobiaceae","f__Sphingomicrobiaceae","g__Sphingomonas","g__Pseudosphingomonas","g__Pseudosphingomonas","","","Above prediction",TRUE,0.002551533,0.2551533,-2.593198754,1,"seedling",0.498,0.025,"*",TRUE,"Above","Seedling"
"17","7f300dd37db558444736f6b15ee90958",0.000179511,2.21e-06,-12593.33271,0.846805322,-46.59730965,0.05219918,0.920095786,-25182.66543,-25166.67129,2e+06,30,21962,5e-07,0.00463295,1,0.999999611,0.886485917,1,"d__Bacteria","d__Bacteria","d__Bacteria","k__Bacillati","k__Bacillati","p__Firmicutes","Bacillota","Bacillota","c__Bacilli","c__Bacilli","c__Bacilli","o__Paenibacillales","o__Paenibacillales","o__Paenibacillales","f__Paenibacillaceae","f__Paenibacillaceae","f__Paenibacillaceae","g__Paenibacillus","","g__Paenibacillus--other","","","Above prediction",TRUE,0.00463295,0.463295,-2.334142387,1,"seedling",0.483,0.046,"*",TRUE,"Above","Seedling"
"18","945afead985a2610f6d91b9757bb4ff5",0.000179511,2.21e-06,-12593.33271,0.846805322,-46.59730965,0.05219918,0.920095786,-25182.66543,-25166.67129,2e+06,30,21962,5e-07,0.000262233,0.8,0.534591064,0.362563525,0.698765504,"d__Bacteria","d__Bacteria","d__Bacteria","k__Pseudomonadati--other","k__Pseudomonadati--other","p__Latescibacterota","Candidatus_Latescibacterota","Candidatus_Latescibacterota","c__Latescibacterota","c__Candidatus_Latescibacteria","c__Candidatus_Latescibacteria","o__Latescibacterota","o__Candidatus_Latescibacterales","o__Candidatus_Latescibacterales","f__Latescibacterota","f__Candidatus_Latescibacteraceae","f__Candidatus_Latescibacteraceae","g__Latescibacterota","g__Candidatus_Latescibacter","g__Candidatus_Latescibacter","s__uncultured_bacterium","s__Candidatus_Eisenbacteria","Above prediction",TRUE,0.000262233,0.0262233,-3.581312105,0.8,"seedling",0.477,0.05,"*",TRUE,"Above","Seedling"
"19","9686d1e1057d95f22ef92b2797e14a07",0.000179511,2.21e-06,-12593.33271,0.846805322,-46.59730965,0.05219918,0.920095786,-25182.66543,-25166.67129,2e+06,30,21962,5e-07,2.7e-05,0.233333333,0.075000465,0.022236491,0.224250718,"d__Bacteria","d__Bacteria","d__Bacteria","k__Bacillati","k__Bacillati","p__Actinobacteriota","Actinomycetota","Actinomycetota","c__Actinobacteria","c__Actinomycetes","c__Actinomycetes","o__Micromonosporales","o__Micromonosporales","o__Micromonosporales","f__Micromonosporaceae","f__Micromonosporaceae","f__Micromonosporaceae","g__Catellatospora","g__Catellatospora","g__Actinoplanes--other","","s__uncultured_actinobacterium","Above prediction",TRUE,2.7e-05,0.0027,-4.56944123,0.233333333,"seedling",0.39,0.044,"*",TRUE,"Above","Seedling"
"20","a2a24e3bed1f3d3b7d866029d7eb8d1d",0.000179511,2.21e-06,-12593.33271,0.846805322,-46.59730965,0.05219918,0.920095786,-25182.66543,-25166.67129,2e+06,30,21962,5e-07,9.5e-05,0.566666667,0.240801433,0.123194148,0.417253735,"d__Bacteria","d__Bacteria","d__Bacteria","k__Pseudomonadati--other","k__Pseudomonadati--other","p__Planctomycetota","Planctomycetota","Planctomycetota","c__Phycisphaerae","c__Phycisphaerae","c__Phycisphaerae","o__CCM11a","o__Sedimentisphaerales","o__Sedimentisphaerales","f__CCM11a","f__Incertae_Sedis","f__Incertae_Sedis","g__CCM11a","g__Incertae_Sedis","g__Incertae_Sedis","s__uncultured_Planctomycetia","s__uncultured_Planctomycetia","Above prediction",TRUE,9.5e-05,0.0095,-4.022276395,0.566666667,"seedling",0.451,0.024,"*",TRUE,"Above","Seedling"
"21","ae324a9735e40bbec15ac9853242a402",0.000179511,2.21e-06,-12593.33271,0.846805322,-46.59730965,0.05219918,0.920095786,-25182.66543,-25166.67129,2e+06,30,21962,5e-07,0.003384433,1,0.999974821,0.886441971,0.999999995,"d__Bacteria","d__Bacteria","d__Bacteria","k__Pseudomonadati","k__Pseudomonadati","p__Proteobacteria","Pseudomonadota","Pseudomonadota","c__Alphaproteobacteria","c__Alphaproteobacteria","c__Alphaproteobacteria","o__Rhizobiales","o__Hyphomicrobiales--other","o__Hyphomicrobiales--other","f__Methyloligellaceae","f__Methyloligellaceae","f__Methyloligellaceae","","g__Methyloceanibacter","g__Methyloceanibacter","","","Above prediction",TRUE,0.003384433,0.3384433,-2.470514036,1,"seedling",0.487,0.01,"**",TRUE,"Above","Seedling"
"22","b3d99500a196f8deeff625c44f1fe837",0.000179511,2.21e-06,-12593.33271,0.846805322,-46.59730965,0.05219918,0.920095786,-25182.66543,-25166.67129,2e+06,30,21962,5e-07,0.0019343,1,0.997245813,0.881660331,0.999943176,"d__Bacteria","d__Bacteria","d__Bacteria","k__Pseudomonadati","k__Pseudomonadati","p__Proteobacteria","Pseudomonadota","Pseudomonadota","c__Alphaproteobacteria","c__Alphaproteobacteria","c__Alphaproteobacteria","o__Rhizobiales","o__Micropepsales","o__Micropepsales","f__KF-JG30-B3","f__Pleomorphomonadaceae","f__Pleomorphomonadaceae","g__KF-JG30-B3","g__Incertae_Sedis","g__Incertae_Sedis","","s__uncultured_Rhizobiales","Above prediction",TRUE,0.0019343,0.19343,-2.713476168,1,"seedling",0.515,0.006,"**",TRUE,"Above","Seedling"
"23","bad02fb4b97f30182ffe6e934f54ad5f",0.000179511,2.21e-06,-12593.33271,0.846805322,-46.59730965,0.05219918,0.920095786,-25182.66543,-25166.67129,2e+06,30,21962,5e-07,0.004446367,1,0.999999269,0.886485312,1,"d__Bacteria","d__Bacteria","d__Bacteria","k__Pseudomonadati","k__Pseudomonadati","p__Proteobacteria","Pseudomonadota","Pseudomonadota","c__Gammaproteobacteria","c__Gammaproteobacteria","c__Gammaproteobacteria","o__CCD24","o__CCD24","o__CCD24","f__CCD24","f__Incertae_Sedis","f__Incertae_Sedis","g__CCD24","g__Incertae_Sedis","g__Incertae_Sedis","","s__uncultured_Gammaproteobacteria","Above prediction",TRUE,0.004446367,0.4446367,-2.351994726,1,"seedling",0.483,0.003,"**",TRUE,"Above","Seedling"
"24","def8339f22670d09a6e7d9d629d1e13b",0.000179511,2.21e-06,-12593.33271,0.846805322,-46.59730965,0.05219918,0.920095786,-25182.66543,-25166.67129,2e+06,30,21962,5e-07,0.003183617,1,0.999951257,0.886400205,0.999999981,"d__Bacteria","d__Bacteria","d__Bacteria","k__Pseudomonadati","k__Pseudomonadati","p__Proteobacteria","Pseudomonadota","Pseudomonadota","c__Gammaproteobacteria","c__Gammaproteobacteria","c__Gammaproteobacteria","o__PLTA13","o__Steroidobacterales--other","o__Steroidobacterales--other","f__PLTA13","f__Steroidobacteraceae--other","f__Steroidobacteraceae--other","g__PLTA13","g__PLTA13","g__PLTA13","","s__uncultured_Gammaproteobacteria","Above prediction",TRUE,0.003183617,0.3183617,-2.49707923,1,"seedling",0.496,0.001,"***",TRUE,"Above","Seedling"
"25","ec9b444040ee3317ba308466fbdff591",0.000179511,2.21e-06,-12593.33271,0.846805322,-46.59730965,0.05219918,0.920095786,-25182.66543,-25166.67129,2e+06,30,21962,5e-07,0.002525617,1,0.999584866,0.885751923,0.999998663,"d__Bacteria","d__Bacteria","d__Bacteria","k__Pseudomonadati","k__Pseudomonadati","p__Proteobacteria","Pseudomonadota","Pseudomonadota","c__Gammaproteobacteria","c__Gammaproteobacteria","c__Gammaproteobacteria","o__CCD24","o__CCD24","o__CCD24","f__CCD24","f__Incertae_Sedis","f__Incertae_Sedis","g__CCD24","g__Incertae_Sedis","g__Incertae_Sedis","","s__uncultured_Gammaproteobacteria","Above prediction",TRUE,0.002525617,0.2525617,-2.597632565,1,"seedling",0.491,0.028,"*",TRUE,"Above","Seedling"
"26","f57538baf707c3dd9629935db2bb981a",0.000179511,2.21e-06,-12593.33271,0.846805322,-46.59730965,0.05219918,0.920095786,-25182.66543,-25166.67129,2e+06,30,21962,5e-07,0.0001845,0.633333333,0.415329117,0.25863667,0.591244123,"d__Bacteria","d__Bacteria","d__Bacteria","k__Pseudomonadati--other","k__Pseudomonadati--other","p__Planctomycetota","Planctomycetota","Planctomycetota","c__Planctomycetes","c__Planctomycetia","c__Planctomycetia","o__Gemmatales","o__Gemmatales","o__Gemmatales","f__Gemmataceae","f__Gemmataceae","f__Gemmataceae","","","","","","Above prediction",TRUE,0.0001845,0.01845,-3.73400363,0.633333333,"seedling",0.46,0.046,"*",TRUE,"Above","Seedling"
"27","f9c97adffa7ac976f53976a689e9885c",0.000179511,2.21e-06,-12593.33271,0.846805322,-46.59730965,0.05219918,0.920095786,-25182.66543,-25166.67129,2e+06,30,21962,5e-07,0.001477983,1,0.988423488,0.866854039,0.999107723,"d__Bacteria","d__Bacteria","d__Bacteria","k__Pseudomonadati--other","k__Pseudomonadati--other","p__Gemmatimonadota","Gemmatimonadota","Gemmatimonadota","c__AKAU4049","c__Gemmatimonadia","c__Gemmatimonadia","o__AKAU4049","o__AKAU4049","o__AKAU4049","f__AKAU4049","f__Incertae_Sedis","f__Incertae_Sedis","g__AKAU4049","g__Incertae_Sedis","g__Incertae_Sedis","s__uncultured_bacterium","s__uncultured_bacterium","Above prediction",TRUE,0.001477983,0.1477983,-2.830330463,1,"seedling",0.488,0.017,"*",TRUE,"Above","Seedling"
"28","fc402c2851202c507e927e7dbedf7955",0.000179511,2.21e-06,-12593.33271,0.846805322,-46.59730965,0.05219918,0.920095786,-25182.66543,-25166.67129,2e+06,30,21962,5e-07,0.0004055,0.866666667,0.695237648,0.516414677,0.829736444,"d__Bacteria","d__Bacteria","d__Bacteria","k__Pseudomonadati--other","k__Pseudomonadati--other","p__Gemmatimonadota","Gemmatimonadota","Gemmatimonadota","c__Gemmatimonadetes","c__Gemmatimonadia","c__Gemmatimonadia","o__Gemmatimonadales","o__Gemmatimonadales","o__Gemmatimonadales","f__Gemmatimonadaceae","f__Gemmatimonadaceae","f__Gemmatimonadaceae","g__uncultured","g__Incertae_Sedis","g__Incertae_Sedis","s__uncultured_Gemmatimonas","","Above prediction",TRUE,0.0004055,0.04055,-3.392009141,0.866666667,"seedling",0.539,0.002,"**",TRUE,"Above","Seedling"
"29","fffeac5016c0165bdf2db26b0820671f",0.000179511,2.21e-06,-12593.33271,0.846805322,-46.59730965,0.05219918,0.920095786,-25182.66543,-25166.67129,2e+06,30,21962,5e-07,8.69e-05,0.5,0.222625637,0.110457694,0.39776499,"d__Bacteria","d__Bacteria","d__Bacteria","k__Pseudomonadati--other","k__Pseudomonadati--other","p__Bacteroidota","Bacteroidota","Bacteroidota","c__Bacteroidia","c__Chitinophagia","c__Chitinophagia","o__Chitinophagales","o__Chitinophagales","o__Chitinophagales","f__Chitinophagaceae","f__Chitinophagaceae","f__Chitinophagaceae","g__Terrimonas","g__Terrimonas--other","g__Terrimonas--other","","s__metagenome","Above prediction",TRUE,8.69e-05,0.00869,-4.061146843,0.5,"seedling",0.452,0.009,"**",TRUE,"Above","Seedling"
"30","099369e6e45163e0709cdd0d348f413e",0.000165489,2.47e-06,-9704.324038,0.796523691,-41.53040018,0.063238941,0.914276163,-19404.64808,-19389.05404,2e+06,22,17980,5e-07,0.000342545,0.863636364,0.606198081,0.401370458,0.779451979,"d__Bacteria","d__Bacteria","d__Bacteria","k__Bacillati","k__Bacillati","p__Actinobacteriota","Actinomycetota","Actinomycetota","c__Acidimicrobiia","c__Acidimicrobiia","c__Acidimicrobiia","o__Actinomarinales","o__Candidatus_Actinomarinales","o__Candidatus_Actinomarinales","f__uncultured","f__Candidatus_Actinomarinaceae","f__Candidatus_Actinomarinaceae","g__uncultured","g__Candidatus_Actinomarina","g__Candidatus_Actinomarina","","s__uncultured_Acidimicrobiia","Above prediction",TRUE,0.000342545,0.0342545,-3.465281791,0.863636364,NA,0.457844851,NA,NA,FALSE,"Above","Early Vegetative"
"31","0dfe245697814f4897dd14ea27bf5250",0.000165489,2.47e-06,-9704.324038,0.796523691,-41.53040018,0.063238941,0.914276163,-19404.64808,-19389.05404,2e+06,22,17980,5e-07,0.005345386,1,0.999999876,0.851344914,1,"d__Bacteria","d__Bacteria","d__Bacteria","k__Bacillati","k__Bacillati","p__Actinobacteriota","Actinomycetota","Actinomycetota","c__Acidimicrobiia","c__Acidimicrobiia","c__Acidimicrobiia","o__Actinomarinales","o__Candidatus_Actinomarinales","o__Candidatus_Actinomarinales","f__uncultured","f__Candidatus_Actinomarinaceae","f__Candidatus_Actinomarinaceae","g__uncultured","g__Candidatus_Actinomarina","g__Candidatus_Actinomarina","","s__Micrococcales_bacterium","Above prediction",TRUE,0.005345386,0.5345386,-2.272020899,1,NA,0.444456488,NA,NA,FALSE,"Above","Early Vegetative"
"32","266eaecefef824dba9127ab07175b513",0.000165489,2.47e-06,-9704.324038,0.796523691,-41.53040018,0.063238941,0.914276163,-19404.64808,-19389.05404,2e+06,22,17980,5e-07,0.000110091,0.636363636,0.257217671,0.12095979,0.465657106,"d__Bacteria","d__Bacteria","d__Bacteria","k__Pseudomonadati--other","k__Pseudomonadati--other","p__Latescibacterota","Candidatus_Latescibacterota","Candidatus_Latescibacterota","c__Latescibacterota","c__Candidatus_Latescibacteria","c__Candidatus_Latescibacteria","o__Latescibacterota","o__Candidatus_Latescibacterales","o__Candidatus_Latescibacterales","f__Latescibacterota","f__Candidatus_Latescibacteraceae","f__Candidatus_Latescibacteraceae","g__Latescibacterota","g__Candidatus_Latescibacter","g__Candidatus_Latescibacter","s__uncultured_proteobacterium","s__uncultured_proteobacterium","Above prediction",TRUE,0.000110091,0.0110091,-3.958248542,0.636363636,NA,0.362686305,NA,NA,FALSE,"Above","Early Vegetative"
"33","28b818fded7df9117fcd604aaf44415f",0.000165489,2.47e-06,-9704.324038,0.796523691,-41.53040018,0.063238941,0.914276163,-19404.64808,-19389.05404,2e+06,22,17980,5e-07,0.000101023,0.5,0.238739291,0.10868255,0.446471387,"d__Bacteria","d__Bacteria","d__Bacteria","k__Pseudomonadati","k__Pseudomonadati","p__Proteobacteria","Pseudomonadota","Pseudomonadota","c__Gammaproteobacteria","c__Gammaproteobacteria","c__Gammaproteobacteria","o__Steroidobacterales","o__Woeseiales","o__Woeseiales","f__Woeseiaceae","f__Woeseiaceae","f__Woeseiaceae","g__Woeseia","","g__Woeseia--other","","s__uncultured_bacterium","Above prediction",TRUE,0.000101023,0.0101023,-3.995580911,0.5,NA,0.291954269,NA,NA,FALSE,"Above","Early Vegetative"
"34","2cd337f519a58231f183f512daf8c231",0.000165489,2.47e-06,-9704.324038,0.796523691,-41.53040018,0.063238941,0.914276163,-19404.64808,-19389.05404,2e+06,22,17980,5e-07,2.54e-05,0.272727273,0.06603527,0.015091067,0.246001418,"d__Bacteria","d__Bacteria","d__Bacteria","k__Bacillati","k__Bacillati","p__Elusimicrobiota","Elusimicrobiota","Elusimicrobiota","c__Lineage_IIb","c__Lineage_IIb","c__Lineage_IIb","o__Lineage_IIb","o__Incertae_Sedis","o__Incertae_Sedis","f__Lineage_IIb","f__Incertae_Sedis","f__Incertae_Sedis","g__Lineage_IIb","g__Incertae_Sedis","g__Incertae_Sedis","s__uncultured_bacterium","","Above prediction",TRUE,2.54e-05,0.00254,-4.595788482,0.272727273,NA,0.158646491,NA,NA,FALSE,"Above","Early Vegetative"
"35","2e4a2e5ad75f2d321aadefddacb2fca7",0.000165489,2.47e-06,-9704.324038,0.796523691,-41.53040018,0.063238941,0.914276163,-19404.64808,-19389.05404,2e+06,22,17980,5e-07,0.004219364,1,0.999995793,0.851337962,1,"d__Bacteria","d__Bacteria","d__Bacteria","k__Pseudomonadati","k__Pseudomonadati","p__Proteobacteria","Pseudomonadota","Pseudomonadota","c__Gammaproteobacteria","c__Gammaproteobacteria","c__Gammaproteobacteria","o__Gammaproteobacteria_Incertae_Sedis","o__Steroidobacterales--other","o__Steroidobacterales--other","f__Unknown_Family","f__Steroidobacteraceae--other","f__Steroidobacteraceae--other","g__Acidibacter","g__Acidibacter","g__Acidibacter","","","Above prediction",TRUE,0.004219364,0.4219364,-2.374753044,1,NA,0.455280811,NA,NA,FALSE,"Above","Early Vegetative"
"36","345bb6e7d820fe8551d1b4354cb9fba7",0.000165489,2.47e-06,-9704.324038,0.796523691,-41.53040018,0.063238941,0.914276163,-19404.64808,-19389.05404,2e+06,22,17980,5e-07,2.98e-05,0.227272727,0.077015545,0.019392227,0.260396265,"d__Bacteria","d__Bacteria","d__Bacteria","k__Pseudomonadati--other","k__Pseudomonadati--other","p__Acidobacteriota","Acidobacteriota","Acidobacteriota","c__Acidobacteriae","c__Terriglobia","c__Terriglobia","o__Subgroup_15","o__Subgroup_15","o__Subgroup_15","f__Subgroup_15","f__Incertae_Sedis","f__Incertae_Sedis","g__Subgroup_15","g__Incertae_Sedis","g__Incertae_Sedis","s__uncultured_bacterium","","As predicted",FALSE,2.98e-05,0.00298,-4.52651303,0.227272727,NA,0.187456543,NA,NA,FALSE,"Neutral","Early Vegetative"
"37","3b47f8b716abbadfc918668fed451136",0.000165489,2.47e-06,-9704.324038,0.796523691,-41.53040018,0.063238941,0.914276163,-19404.64808,-19389.05404,2e+06,22,17980,5e-07,5.95e-06,0.090909091,0.015900342,0.001233492,0.174494739,"d__Bacteria","d__Bacteria","d__Bacteria","k__Pseudomonadati--other","k__Pseudomonadati--other","p__Bacteroidota","Bacteroidota","Bacteroidota","c__Bacteroidia","c__Chitinophagia","c__Chitinophagia","o__Chitinophagales","o__Chitinophagales","o__Chitinophagales","f__Chitinophagaceae","f__Chitinophagaceae","f__Chitinophagaceae","g__Terrimonas","g__Terrimonas--other","g__Terrimonas--other","","s__metagenome","As predicted",FALSE,5.95e-06,0.000595,-5.225151385,0.090909091,NA,0.115135166,NA,NA,FALSE,"Neutral","Early Vegetative"
"38","47f2617de53ce85d035fd4d1cc587272",0.000165489,2.47e-06,-9704.324038,0.796523691,-41.53040018,0.063238941,0.914276163,-19404.64808,-19389.05404,2e+06,22,17980,5e-07,0.004143205,1,0.999994674,0.851336056,1,"d__Bacteria","d__Bacteria","d__Bacteria","k__Pseudomonadati--other","k__Pseudomonadati--other","p__Bacteroidota","Bacteroidota","Bacteroidota","c__Bacteroidia","c__Chitinophagia","c__Chitinophagia","o__Chitinophagales","o__Chitinophagales","o__Chitinophagales","f__Chitinophagaceae","f__Chitinophagaceae","f__Chitinophagaceae","g__uncultured","","g__Incertae_Sedis","","s__uncultured_soil","Above prediction",TRUE,0.004143205,0.4143205,-2.382663626,1,NA,0.473906768,NA,NA,FALSE,"Above","Early Vegetative"
"39","562585e289d3b422ddf21c53f44fe3eb",0.000165489,2.47e-06,-9704.324038,0.796523691,-41.53040018,0.063238941,0.914276163,-19404.64808,-19389.05404,2e+06,22,17980,5e-07,7.47e-05,0.454545455,0.182481364,0.073462582,0.385901532,"d__Bacteria","d__Bacteria","d__Bacteria","k__Pseudomonadati--other","k__Pseudomonadati--other","p__Zixibacteria","Candidatus_Zixiibacteriota","Candidatus_Zixiibacteriota","c__Zixibacteria","c__Incertae_Sedis","c__Incertae_Sedis","o__Zixibacteria","o__Incertae_Sedis","o__Incertae_Sedis","f__Zixibacteria","f__Incertae_Sedis","f__Incertae_Sedis","g__Zixibacteria","g__Incertae_Sedis","g__Incertae_Sedis","s__uncultured_bacterium","s__uncultured_bacterium","Above prediction",TRUE,7.47e-05,0.00747,-4.126785117,0.454545455,NA,0.291720053,NA,NA,FALSE,"Above","Early Vegetative"
"40","669c8f8d724c09e49dc3b239b06e68dc",0.000165489,2.47e-06,-9704.324038,0.796523691,-41.53040018,0.063238941,0.914276163,-19404.64808,-19389.05404,2e+06,22,17980,5e-07,0.001724386,1,0.99220806,0.838397718,0.999680148,"d__Bacteria","d__Bacteria","d__Bacteria","k__Pseudomonadati--other","k__Pseudomonadati--other","p__Bacteroidota","Bacteroidota","Bacteroidota","c__Bacteroidia","c__Cytophagia","c__Cytophagia","o__Cytophagales","o__Cytophagales","o__Cytophagales","f__Microscillaceae","f__Chryseotaleaceae","f__Chryseotaleaceae","g__Chryseolinea","g__Chryseolinea","g__Chryseolinea","s__uncultured_bacterium","","Above prediction",TRUE,0.001724386,0.1724386,-2.76336542,1,NA,0.468880464,NA,NA,FALSE,"Above","Early Vegetative"
"41","6d01029368e4cc381d8e748ea1285708",0.000165489,2.47e-06,-9704.324038,0.796523691,-41.53040018,0.063238941,0.914276163,-19404.64808,-19389.05404,2e+06,22,17980,5e-07,0.0029675,1,0.99980588,0.851014814,0.999999785,"d__Bacteria","d__Bacteria","d__Bacteria","k__Pseudomonadati--other","k__Pseudomonadati--other","p__Acidobacteriota","Acidobacteriota","Acidobacteriota","c__Vicinamibacteria","c__Vicinamibacteria","c__Vicinamibacteria","o__Vicinamibacterales","o__Vicinamibacterales","o__Vicinamibacterales","f__uncultured","f__Vicinamibacteraceae","f__Vicinamibacteraceae","g__uncultured","g__Incertae_Sedis","g__Incertae_Sedis","s__uncultured_Acidobacteriaceae","","Above prediction",TRUE,0.0029675,0.29675,-2.527609272,1,NA,0.471923374,NA,NA,FALSE,"Above","Early Vegetative"
"42","7120d8342c6f08d5cc97c29108b17f3c",0.000165489,2.47e-06,-9704.324038,0.796523691,-41.53040018,0.063238941,0.914276163,-19404.64808,-19389.05404,2e+06,22,17980,5e-07,0.001604159,0.909090909,0.988943954,0.833143786,0.999376318,"d__Bacteria","d__Bacteria","d__Bacteria","k__Pseudomonadati--other","k__Pseudomonadati--other","p__Acidobacteriota","Acidobacteriota","Acidobacteriota","c__Thermoanaerobaculia","c__Thermoanaerobaculia","c__Thermoanaerobaculia","o__Thermoanaerobaculales","o__Subgroup_10","o__Subgroup_10","f__Thermoanaerobaculaceae","f__Incertae_Sedis","f__Incertae_Sedis","g__Subgroup_10","g__Incertae_Sedis","g__Incertae_Sedis","","","As predicted",FALSE,0.001604159,0.1604159,-2.794752563,0.909090909,NA,0.447807743,NA,NA,FALSE,"Neutral","Early Vegetative"
"43","769e44855fc5aae59b3c9652de4711df",0.000165489,2.47e-06,-9704.324038,0.796523691,-41.53040018,0.063238941,0.914276163,-19404.64808,-19389.05404,2e+06,22,17980,5e-07,6e-06,0.090909091,0.016020765,0.001250901,0.174682373,"d__Bacteria","d__Bacteria","d__Bacteria","k__Pseudomonadati--other","k__Pseudomonadati--other","p__Planctomycetota","Planctomycetota","Planctomycetota","c__OM190","c__OM190","c__OM190","o__OM190","o__Incertae_Sedis","o__Incertae_Sedis","f__OM190","f__Incertae_Sedis","f__Incertae_Sedis","g__OM190","g__Incertae_Sedis","g__Incertae_Sedis","s__uncultured_bacterium","s__soil_metagenome","As predicted",FALSE,6e-06,6e-04,-5.22184875,0.090909091,NA,0.104693939,NA,NA,FALSE,"Neutral","Early Vegetative"
"44","784091fb35ae9199014b843afe756c1c",0.000165489,2.47e-06,-9704.324038,0.796523691,-41.53040018,0.063238941,0.914276163,-19404.64808,-19389.05404,2e+06,22,17980,5e-07,0.002322636,0.863636364,0.998660735,0.84907489,0.999989882,"d__Bacteria","d__Bacteria","d__Bacteria","k__Pseudomonadati","k__Pseudomonadati","p__Proteobacteria","Pseudomonadota","Pseudomonadota","c__Alphaproteobacteria","c__Alphaproteobacteria","c__Alphaproteobacteria","o__Sphingomonadales","o__Sphingomonadales","o__Sphingomonadales","f__Sphingomonadaceae","f__Sphingomicrobiaceae","f__Sphingomicrobiaceae","g__Sphingomonas","g__Pseudosphingomonas","g__Pseudosphingomonas","","","As predicted",FALSE,0.002322636,0.2322636,-2.634018779,0.863636364,NA,0.441449598,NA,NA,FALSE,"Neutral","Early Vegetative"
"45","7f300dd37db558444736f6b15ee90958",0.000165489,2.47e-06,-9704.324038,0.796523691,-41.53040018,0.063238941,0.914276163,-19404.64808,-19389.05404,2e+06,22,17980,5e-07,0.003728091,1,0.99998085,0.851312522,0.999999998,"d__Bacteria","d__Bacteria","d__Bacteria","k__Bacillati","k__Bacillati","p__Firmicutes","Bacillota","Bacillota","c__Bacilli","c__Bacilli","c__Bacilli","o__Paenibacillales","o__Paenibacillales","o__Paenibacillales","f__Paenibacillaceae","f__Paenibacillaceae","f__Paenibacillaceae","g__Paenibacillus","","g__Paenibacillus--other","","","Above prediction",TRUE,0.003728091,0.3728091,-2.428513506,1,NA,0.432826919,NA,NA,FALSE,"Above","Early Vegetative"
"46","945afead985a2610f6d91b9757bb4ff5",0.000165489,2.47e-06,-9704.324038,0.796523691,-41.53040018,0.063238941,0.914276163,-19404.64808,-19389.05404,2e+06,22,17980,5e-07,0.000180273,0.545454545,0.386148463,0.21459687,0.591549228,"d__Bacteria","d__Bacteria","d__Bacteria","k__Pseudomonadati--other","k__Pseudomonadati--other","p__Latescibacterota","Candidatus_Latescibacterota","Candidatus_Latescibacterota","c__Latescibacterota","c__Candidatus_Latescibacteria","c__Candidatus_Latescibacteria","o__Latescibacterota","o__Candidatus_Latescibacterales","o__Candidatus_Latescibacterales","f__Latescibacterota","f__Candidatus_Latescibacteraceae","f__Candidatus_Latescibacteraceae","g__Latescibacterota","g__Candidatus_Latescibacter","g__Candidatus_Latescibacter","s__uncultured_bacterium","s__Candidatus_Eisenbacteria","As predicted",FALSE,0.000180273,0.0180273,-3.744069971,0.545454545,NA,0.326634394,NA,NA,FALSE,"Neutral","Early Vegetative"
"47","9686d1e1057d95f22ef92b2797e14a07",0.000165489,2.47e-06,-9704.324038,0.796523691,-41.53040018,0.063238941,0.914276163,-19404.64808,-19389.05404,2e+06,22,17980,5e-07,2.55e-06,0.136363636,0.006827514,0.000247984,0.160032032,"d__Bacteria","d__Bacteria","d__Bacteria","k__Bacillati","k__Bacillati","p__Actinobacteriota","Actinomycetota","Actinomycetota","c__Actinobacteria","c__Actinomycetes","c__Actinomycetes","o__Micromonosporales","o__Micromonosporales","o__Micromonosporales","f__Micromonosporaceae","f__Micromonosporaceae","f__Micromonosporaceae","g__Catellatospora","g__Catellatospora","g__Actinoplanes--other","","s__uncultured_actinobacterium","As predicted",FALSE,2.55e-06,0.000255,-5.594234654,0.136363636,NA,0.091645482,NA,NA,FALSE,"Neutral","Early Vegetative"
"48","a2a24e3bed1f3d3b7d866029d7eb8d1d",0.000165489,2.47e-06,-9704.324038,0.796523691,-41.53040018,0.063238941,0.914276163,-19404.64808,-19389.05404,2e+06,22,17980,5e-07,2.48e-05,0.227272727,0.064489045,0.0145139,0.243945843,"d__Bacteria","d__Bacteria","d__Bacteria","k__Pseudomonadati--other","k__Pseudomonadati--other","p__Planctomycetota","Planctomycetota","Planctomycetota","c__Phycisphaerae","c__Phycisphaerae","c__Phycisphaerae","o__CCM11a","o__Sedimentisphaerales","o__Sedimentisphaerales","f__CCM11a","f__Incertae_Sedis","f__Incertae_Sedis","g__CCM11a","g__Incertae_Sedis","g__Incertae_Sedis","s__uncultured_Planctomycetia","s__uncultured_Planctomycetia","As predicted",FALSE,2.48e-05,0.00248,-4.606424797,0.227272727,NA,0.145820667,NA,NA,FALSE,"Neutral","Early Vegetative"
"49","ae324a9735e40bbec15ac9853242a402",0.000165489,2.47e-06,-9704.324038,0.796523691,-41.53040018,0.063238941,0.914276163,-19404.64808,-19389.05404,2e+06,22,17980,5e-07,0.00319575,1,0.999902731,0.85117956,0.999999946,"d__Bacteria","d__Bacteria","d__Bacteria","k__Pseudomonadati","k__Pseudomonadati","p__Proteobacteria","Pseudomonadota","Pseudomonadota","c__Alphaproteobacteria","c__Alphaproteobacteria","c__Alphaproteobacteria","o__Rhizobiales","o__Hyphomicrobiales--other","o__Hyphomicrobiales--other","f__Methyloligellaceae","f__Methyloligellaceae","f__Methyloligellaceae","","g__Methyloceanibacter","g__Methyloceanibacter","","","Above prediction",TRUE,0.00319575,0.319575,-2.495427202,1,NA,0.473320676,NA,NA,FALSE,"Above","Early Vegetative"
"50","b3d99500a196f8deeff625c44f1fe837",0.000165489,2.47e-06,-9704.324038,0.796523691,-41.53040018,0.063238941,0.914276163,-19404.64808,-19389.05404,2e+06,22,17980,5e-07,0.001387705,0.909090909,0.979318722,0.818133517,0.997997799,"d__Bacteria","d__Bacteria","d__Bacteria","k__Pseudomonadati","k__Pseudomonadati","p__Proteobacteria","Pseudomonadota","Pseudomonadota","c__Alphaproteobacteria","c__Alphaproteobacteria","c__Alphaproteobacteria","o__Rhizobiales","o__Micropepsales","o__Micropepsales","f__KF-JG30-B3","f__Pleomorphomonadaceae","f__Pleomorphomonadaceae","g__KF-JG30-B3","g__Incertae_Sedis","g__Incertae_Sedis","","s__uncultured_Rhizobiales","As predicted",FALSE,0.001387705,0.1387705,-2.857702989,0.909090909,NA,0.415899525,NA,NA,FALSE,"Neutral","Early Vegetative"
"51","bad02fb4b97f30182ffe6e934f54ad5f",0.000165489,2.47e-06,-9704.324038,0.796523691,-41.53040018,0.063238941,0.914276163,-19404.64808,-19389.05404,2e+06,22,17980,5e-07,0.004410091,1,0.999997673,0.851341163,1,"d__Bacteria","d__Bacteria","d__Bacteria","k__Pseudomonadati","k__Pseudomonadati","p__Proteobacteria","Pseudomonadota","Pseudomonadota","c__Gammaproteobacteria","c__Gammaproteobacteria","c__Gammaproteobacteria","o__CCD24","o__CCD24","o__CCD24","f__CCD24","f__Incertae_Sedis","f__Incertae_Sedis","g__CCD24","g__Incertae_Sedis","g__Incertae_Sedis","","s__uncultured_Gammaproteobacteria","Above prediction",TRUE,0.004410091,0.4410091,-2.355552458,1,NA,0.480991638,NA,NA,FALSE,"Above","Early Vegetative"
"52","def8339f22670d09a6e7d9d629d1e13b",0.000165489,2.47e-06,-9704.324038,0.796523691,-41.53040018,0.063238941,0.914276163,-19404.64808,-19389.05404,2e+06,22,17980,5e-07,0.002716,1,0.999586142,0.85064143,0.999999024,"d__Bacteria","d__Bacteria","d__Bacteria","k__Pseudomonadati","k__Pseudomonadati","p__Proteobacteria","Pseudomonadota","Pseudomonadota","c__Gammaproteobacteria","c__Gammaproteobacteria","c__Gammaproteobacteria","o__PLTA13","o__Steroidobacterales--other","o__Steroidobacterales--other","f__PLTA13","f__Steroidobacteraceae--other","f__Steroidobacteraceae--other","g__PLTA13","g__PLTA13","g__PLTA13","","s__uncultured_Gammaproteobacteria","Above prediction",TRUE,0.002716,0.2716,-2.566070234,1,NA,0.458269705,NA,NA,FALSE,"Above","Early Vegetative"
"53","ec9b444040ee3317ba308466fbdff591",0.000165489,2.47e-06,-9704.324038,0.796523691,-41.53040018,0.063238941,0.914276163,-19404.64808,-19389.05404,2e+06,22,17980,5e-07,0.002523614,1,0.999263871,0.850094802,0.999996923,"d__Bacteria","d__Bacteria","d__Bacteria","k__Pseudomonadati","k__Pseudomonadati","p__Proteobacteria","Pseudomonadota","Pseudomonadota","c__Gammaproteobacteria","c__Gammaproteobacteria","c__Gammaproteobacteria","o__CCD24","o__CCD24","o__CCD24","f__CCD24","f__Incertae_Sedis","f__Incertae_Sedis","g__CCD24","g__Incertae_Sedis","g__Incertae_Sedis","","s__uncultured_Gammaproteobacteria","Above prediction",TRUE,0.002523614,0.2523614,-2.597977135,1,NA,0.490807518,NA,NA,FALSE,"Above","Early Vegetative"
"54","f57538baf707c3dd9629935db2bb981a",0.000165489,2.47e-06,-9704.324038,0.796523691,-41.53040018,0.063238941,0.914276163,-19404.64808,-19389.05404,2e+06,22,17980,5e-07,7.8e-05,0.409090909,0.189785612,0.07783468,0.393966307,"d__Bacteria","d__Bacteria","d__Bacteria","k__Pseudomonadati--other","k__Pseudomonadati--other","p__Planctomycetota","Planctomycetota","Planctomycetota","c__Planctomycetes","c__Planctomycetia","c__Planctomycetia","o__Gemmatales","o__Gemmatales","o__Gemmatales","f__Gemmataceae","f__Gemmataceae","f__Gemmataceae","","","","","","Above prediction",TRUE,7.8e-05,0.0078,-4.107905397,0.409090909,NA,0.240290124,NA,NA,FALSE,"Above","Early Vegetative"
"55","f9c97adffa7ac976f53976a689e9885c",0.000165489,2.47e-06,-9704.324038,0.796523691,-41.53040018,0.063238941,0.914276163,-19404.64808,-19389.05404,2e+06,22,17980,5e-07,0.001022636,1,0.941210959,0.763697331,0.987548268,"d__Bacteria","d__Bacteria","d__Bacteria","k__Pseudomonadati--other","k__Pseudomonadati--other","p__Gemmatimonadota","Gemmatimonadota","Gemmatimonadota","c__AKAU4049","c__Gemmatimonadia","c__Gemmatimonadia","o__AKAU4049","o__AKAU4049","o__AKAU4049","f__AKAU4049","f__Incertae_Sedis","f__Incertae_Sedis","g__AKAU4049","g__Incertae_Sedis","g__Incertae_Sedis","s__uncultured_bacterium","s__uncultured_bacterium","Above prediction",TRUE,0.001022636,0.1022636,-2.990278768,1,NA,0.405684773,NA,NA,FALSE,"Above","Early Vegetative"
"56","fc402c2851202c507e927e7dbedf7955",0.000165489,2.47e-06,-9704.324038,0.796523691,-41.53040018,0.063238941,0.914276163,-19404.64808,-19389.05404,2e+06,22,17980,5e-07,0.000210409,0.590909091,0.434542675,0.252905866,0.635640586,"d__Bacteria","d__Bacteria","d__Bacteria","k__Pseudomonadati--other","k__Pseudomonadati--other","p__Gemmatimonadota","Gemmatimonadota","Gemmatimonadota","c__Gemmatimonadetes","c__Gemmatimonadia","c__Gemmatimonadia","o__Gemmatimonadales","o__Gemmatimonadales","o__Gemmatimonadales","f__Gemmatimonadaceae","f__Gemmatimonadaceae","f__Gemmatimonadaceae","g__uncultured","g__Incertae_Sedis","g__Incertae_Sedis","s__uncultured_Gemmatimonas","","As predicted",FALSE,0.000210409,0.0210409,-3.6769355,0.590909091,NA,0.320744958,NA,NA,FALSE,"Neutral","Early Vegetative"
"57","fffeac5016c0165bdf2db26b0820671f",0.000165489,2.47e-06,-9704.324038,0.796523691,-41.53040018,0.063238941,0.914276163,-19404.64808,-19389.05404,2e+06,22,17980,5e-07,5.47e-05,0.363636364,0.137075056,0.047867045,0.334184192,"d__Bacteria","d__Bacteria","d__Bacteria","k__Pseudomonadati--other","k__Pseudomonadati--other","p__Bacteroidota","Bacteroidota","Bacteroidota","c__Bacteroidia","c__Chitinophagia","c__Chitinophagia","o__Chitinophagales","o__Chitinophagales","o__Chitinophagales","f__Chitinophagaceae","f__Chitinophagaceae","f__Chitinophagaceae","g__Terrimonas","g__Terrimonas--other","g__Terrimonas--other","","s__metagenome","Above prediction",TRUE,5.47e-05,0.00547,-4.262157053,0.363636364,NA,0.305656368,NA,NA,FALSE,"Above","Early Vegetative"
"58","099369e6e45163e0709cdd0d348f413e",0.000182793,2.22e-06,-13513.47156,0.836412384,-48.17839908,0.053073979,0.920224162,-27022.94312,-27006.84933,2e+06,30,23084,5e-07,0.000249983,0.766666667,0.523168915,0.352240593,0.688837273,"d__Bacteria","d__Bacteria","d__Bacteria","k__Bacillati","k__Bacillati","p__Actinobacteriota","Actinomycetota","Actinomycetota","c__Acidimicrobiia","c__Acidimicrobiia","c__Acidimicrobiia","o__Actinomarinales","o__Candidatus_Actinomarinales","o__Candidatus_Actinomarinales","f__uncultured","f__Candidatus_Actinomarinaceae","f__Candidatus_Actinomarinaceae","g__uncultured","g__Candidatus_Actinomarina","g__Candidatus_Actinomarina","","s__uncultured_Acidimicrobiia","Above prediction",TRUE,0.000249983,0.0249983,-3.602088945,0.766666667,NA,0.368512809,NA,NA,FALSE,"Above","Late Vegetative"
"59","0dfe245697814f4897dd14ea27bf5250",0.000182793,2.22e-06,-13513.47156,0.836412384,-48.17839908,0.053073979,0.920224162,-27022.94312,-27006.84933,2e+06,30,23084,5e-07,0.005608933,1,0.99999999,0.886486589,1,"d__Bacteria","d__Bacteria","d__Bacteria","k__Bacillati","k__Bacillati","p__Actinobacteriota","Actinomycetota","Actinomycetota","c__Acidimicrobiia","c__Acidimicrobiia","c__Acidimicrobiia","o__Actinomarinales","o__Candidatus_Actinomarinales","o__Candidatus_Actinomarinales","f__uncultured","f__Candidatus_Actinomarinaceae","f__Candidatus_Actinomarinaceae","g__uncultured","g__Candidatus_Actinomarina","g__Candidatus_Actinomarina","","s__Micrococcales_bacterium","Above prediction",TRUE,0.005608933,0.5608933,-2.251119722,1,NA,0.455281328,NA,NA,FALSE,"Above","Late Vegetative"
"60","266eaecefef824dba9127ab07175b513",0.000182793,2.22e-06,-13513.47156,0.836412384,-48.17839908,0.053073979,0.920224162,-27022.94312,-27006.84933,2e+06,30,23084,5e-07,0.000113633,0.4,0.284693401,0.155141576,0.46312559,"d__Bacteria","d__Bacteria","d__Bacteria","k__Pseudomonadati--other","k__Pseudomonadati--other","p__Latescibacterota","Candidatus_Latescibacterota","Candidatus_Latescibacterota","c__Latescibacterota","c__Candidatus_Latescibacteria","c__Candidatus_Latescibacteria","o__Latescibacterota","o__Candidatus_Latescibacterales","o__Candidatus_Latescibacterales","f__Latescibacterota","f__Candidatus_Latescibacteraceae","f__Candidatus_Latescibacteraceae","g__Latescibacterota","g__Candidatus_Latescibacter","g__Candidatus_Latescibacter","s__uncultured_proteobacterium","s__uncultured_proteobacterium","As predicted",FALSE,0.000113633,0.0113633,-3.944494253,0.4,NA,0.292136364,NA,NA,FALSE,"Neutral","Late Vegetative"
"61","28b818fded7df9117fcd604aaf44415f",0.000182793,2.22e-06,-13513.47156,0.836412384,-48.17839908,0.053073979,0.920224162,-27022.94312,-27006.84933,2e+06,30,23084,5e-07,0.000146433,0.533333333,0.350958825,0.206188811,0.529565179,"d__Bacteria","d__Bacteria","d__Bacteria","k__Pseudomonadati","k__Pseudomonadati","p__Proteobacteria","Pseudomonadota","Pseudomonadota","c__Gammaproteobacteria","c__Gammaproteobacteria","c__Gammaproteobacteria","o__Steroidobacterales","o__Woeseiales","o__Woeseiales","f__Woeseiaceae","f__Woeseiaceae","f__Woeseiaceae","g__Woeseia","","g__Woeseia--other","","s__uncultured_bacterium","Above prediction",TRUE,0.000146433,0.0146433,-3.834360051,0.533333333,NA,0.363027581,NA,NA,FALSE,"Above","Late Vegetative"
"62","2cd337f519a58231f183f512daf8c231",0.000182793,2.22e-06,-13513.47156,0.836412384,-48.17839908,0.053073979,0.920224162,-27022.94312,-27006.84933,2e+06,30,23084,5e-07,6.99e-05,0.3,0.186021276,0.085801239,0.357522893,"d__Bacteria","d__Bacteria","d__Bacteria","k__Bacillati","k__Bacillati","p__Elusimicrobiota","Elusimicrobiota","Elusimicrobiota","c__Lineage_IIb","c__Lineage_IIb","c__Lineage_IIb","o__Lineage_IIb","o__Incertae_Sedis","o__Incertae_Sedis","f__Lineage_IIb","f__Incertae_Sedis","f__Incertae_Sedis","g__Lineage_IIb","g__Incertae_Sedis","g__Incertae_Sedis","s__uncultured_bacterium","","As predicted",FALSE,6.99e-05,0.00699,-4.155419285,0.3,NA,0.276255804,NA,NA,FALSE,"Neutral","Late Vegetative"
"63","2e4a2e5ad75f2d321aadefddacb2fca7",0.000182793,2.22e-06,-13513.47156,0.836412384,-48.17839908,0.053073979,0.920224162,-27022.94312,-27006.84933,2e+06,30,23084,5e-07,0.0039794,1,0.999997184,0.886481614,1,"d__Bacteria","d__Bacteria","d__Bacteria","k__Pseudomonadati","k__Pseudomonadati","p__Proteobacteria","Pseudomonadota","Pseudomonadota","c__Gammaproteobacteria","c__Gammaproteobacteria","c__Gammaproteobacteria","o__Gammaproteobacteria_Incertae_Sedis","o__Steroidobacterales--other","o__Steroidobacterales--other","f__Unknown_Family","f__Steroidobacteraceae--other","f__Steroidobacteraceae--other","g__Acidibacter","g__Acidibacter","g__Acidibacter","","","Above prediction",TRUE,0.0039794,0.39794,-2.400182404,1,NA,0.442144947,NA,NA,FALSE,"Above","Late Vegetative"
"64","2fe0b8c8296c96264c80e0c995649e7e",0.000182793,2.22e-06,-13513.47156,0.836412384,-48.17839908,0.053073979,0.920224162,-27022.94312,-27006.84933,2e+06,30,23084,5e-07,2.52e-06,0.033333333,0.0073629,0.000380852,0.126186766,"d__Bacteria","d__Bacteria","d__Bacteria","k__Pseudomonadati--other","k__Pseudomonadati--other","p__Planctomycetota","Planctomycetota","Planctomycetota","c__Planctomycetes","c__Planctomycetia","c__Planctomycetia","o__Gemmatales","o__Gemmatales","o__Gemmatales","f__Gemmataceae","f__Gemmataceae","f__Gemmataceae","g__uncultured","g__Incertae_Sedis","g__Incertae_Sedis","s__uncultured_bacterium","s__uncultured_bacterium","As predicted",FALSE,2.52e-06,0.000252,-5.599174303,0.033333333,NA,0.045852791,NA,NA,FALSE,"Neutral","Late Vegetative"
"65","345bb6e7d820fe8551d1b4354cb9fba7",0.000182793,2.22e-06,-13513.47156,0.836412384,-48.17839908,0.053073979,0.920224162,-27022.94312,-27006.84933,2e+06,30,23084,5e-07,2.21e-05,0.133333333,0.062879716,0.016838282,0.208159162,"d__Bacteria","d__Bacteria","d__Bacteria","k__Pseudomonadati--other","k__Pseudomonadati--other","p__Acidobacteriota","Acidobacteriota","Acidobacteriota","c__Acidobacteriae","c__Terriglobia","c__Terriglobia","o__Subgroup_15","o__Subgroup_15","o__Subgroup_15","f__Subgroup_15","f__Incertae_Sedis","f__Incertae_Sedis","g__Subgroup_15","g__Incertae_Sedis","g__Incertae_Sedis","s__uncultured_bacterium","","As predicted",FALSE,2.21e-05,0.00221,-4.655607726,0.133333333,NA,0.12375107,NA,NA,FALSE,"Neutral","Late Vegetative"
"66","3b47f8b716abbadfc918668fed451136",0.000182793,2.22e-06,-13513.47156,0.836412384,-48.17839908,0.053073979,0.920224162,-27022.94312,-27006.84933,2e+06,30,23084,5e-07,9.05e-06,0.266666667,0.026231453,0.00390729,0.156113767,"d__Bacteria","d__Bacteria","d__Bacteria","k__Pseudomonadati--other","k__Pseudomonadati--other","p__Bacteroidota","Bacteroidota","Bacteroidota","c__Bacteroidia","c__Chitinophagia","c__Chitinophagia","o__Chitinophagales","o__Chitinophagales","o__Chitinophagales","f__Chitinophagaceae","f__Chitinophagaceae","f__Chitinophagaceae","g__Terrimonas","g__Terrimonas--other","g__Terrimonas--other","","s__metagenome","Above prediction",TRUE,9.05e-06,0.000905,-5.043351421,0.266666667,NA,0.243102083,NA,NA,FALSE,"Above","Late Vegetative"
"67","47f2617de53ce85d035fd4d1cc587272",0.000182793,2.22e-06,-13513.47156,0.836412384,-48.17839908,0.053073979,0.920224162,-27022.94312,-27006.84933,2e+06,30,23084,5e-07,0.004015383,1,0.999997508,0.886482189,1,"d__Bacteria","d__Bacteria","d__Bacteria","k__Pseudomonadati--other","k__Pseudomonadati--other","p__Bacteroidota","Bacteroidota","Bacteroidota","c__Bacteroidia","c__Chitinophagia","c__Chitinophagia","o__Chitinophagales","o__Chitinophagales","o__Chitinophagales","f__Chitinophagaceae","f__Chitinophagaceae","f__Chitinophagaceae","g__uncultured","","g__Incertae_Sedis","","s__uncultured_soil","Above prediction",TRUE,0.004015383,0.4015383,-2.396272988,1,NA,0.466539296,NA,NA,FALSE,"Above","Late Vegetative"
"68","562585e289d3b422ddf21c53f44fe3eb",0.000182793,2.22e-06,-13513.47156,0.836412384,-48.17839908,0.053073979,0.920224162,-27022.94312,-27006.84933,2e+06,30,23084,5e-07,0.0001106,0.433333333,0.278241598,0.150346249,0.456482045,"d__Bacteria","d__Bacteria","d__Bacteria","k__Pseudomonadati--other","k__Pseudomonadati--other","p__Zixibacteria","Candidatus_Zixiibacteriota","Candidatus_Zixiibacteriota","c__Zixibacteria","c__Incertae_Sedis","c__Incertae_Sedis","o__Zixibacteria","o__Incertae_Sedis","o__Incertae_Sedis","f__Zixibacteria","f__Incertae_Sedis","f__Incertae_Sedis","g__Zixibacteria","g__Incertae_Sedis","g__Incertae_Sedis","s__uncultured_bacterium","s__uncultured_bacterium","As predicted",FALSE,0.0001106,0.01106,-3.956244873,0.433333333,NA,0.346624132,NA,NA,FALSE,"Neutral","Late Vegetative"
"69","669c8f8d724c09e49dc3b239b06e68dc",0.000182793,2.22e-06,-13513.47156,0.836412384,-48.17839908,0.053073979,0.920224162,-27022.94312,-27006.84933,2e+06,30,23084,5e-07,0.001873483,1,0.996966393,0.88117676,0.999931342,"d__Bacteria","d__Bacteria","d__Bacteria","k__Pseudomonadati--other","k__Pseudomonadati--other","p__Bacteroidota","Bacteroidota","Bacteroidota","c__Bacteroidia","c__Cytophagia","c__Cytophagia","o__Cytophagales","o__Cytophagales","o__Cytophagales","f__Microscillaceae","f__Chryseotaleaceae","f__Chryseotaleaceae","g__Chryseolinea","g__Chryseolinea","g__Chryseolinea","s__uncultured_bacterium","","Above prediction",TRUE,0.001873483,0.1873483,-2.727350166,1,NA,0.488730863,NA,NA,FALSE,"Above","Late Vegetative"
"70","6d01029368e4cc381d8e748ea1285708",0.000182793,2.22e-06,-13513.47156,0.836412384,-48.17839908,0.053073979,0.920224162,-27022.94312,-27006.84933,2e+06,30,23084,5e-07,0.002739033,1,0.999819938,0.886167614,0.999999748,"d__Bacteria","d__Bacteria","d__Bacteria","k__Pseudomonadati--other","k__Pseudomonadati--other","p__Acidobacteriota","Acidobacteriota","Acidobacteriota","c__Vicinamibacteria","c__Vicinamibacteria","c__Vicinamibacteria","o__Vicinamibacterales","o__Vicinamibacterales","o__Vicinamibacterales","f__uncultured","f__Vicinamibacteraceae","f__Vicinamibacteraceae","g__uncultured","g__Incertae_Sedis","g__Incertae_Sedis","s__uncultured_Acidobacteriaceae","","Above prediction",TRUE,0.002739033,0.2739033,-2.562402682,1,NA,0.453392971,NA,NA,FALSE,"Above","Late Vegetative"
"71","7120d8342c6f08d5cc97c29108b17f3c",0.000182793,2.22e-06,-13513.47156,0.836412384,-48.17839908,0.053073979,0.920224162,-27022.94312,-27006.84933,2e+06,30,23084,5e-07,0.001601967,1,0.992758077,0.874015904,0.999630968,"d__Bacteria","d__Bacteria","d__Bacteria","k__Pseudomonadati--other","k__Pseudomonadati--other","p__Acidobacteriota","Acidobacteriota","Acidobacteriota","c__Thermoanaerobaculia","c__Thermoanaerobaculia","c__Thermoanaerobaculia","o__Thermoanaerobaculales","o__Subgroup_10","o__Subgroup_10","f__Thermoanaerobaculaceae","f__Incertae_Sedis","f__Incertae_Sedis","g__Subgroup_10","g__Incertae_Sedis","g__Incertae_Sedis","","","Above prediction",TRUE,0.001601967,0.1601967,-2.795346525,1,NA,0.469343666,NA,NA,FALSE,"Above","Late Vegetative"
"72","769e44855fc5aae59b3c9652de4711df",0.000182793,2.22e-06,-13513.47156,0.836412384,-48.17839908,0.053073979,0.920224162,-27022.94312,-27006.84933,2e+06,30,23084,5e-07,3.73e-06,0.033333333,0.010903478,0.000798131,0.132046836,"d__Bacteria","d__Bacteria","d__Bacteria","k__Pseudomonadati--other","k__Pseudomonadati--other","p__Planctomycetota","Planctomycetota","Planctomycetota","c__OM190","c__OM190","c__OM190","o__OM190","o__Incertae_Sedis","o__Incertae_Sedis","f__OM190","f__Incertae_Sedis","f__Incertae_Sedis","g__OM190","g__Incertae_Sedis","g__Incertae_Sedis","s__uncultured_bacterium","s__soil_metagenome","As predicted",FALSE,3.73e-06,0.000373,-5.427903232,0.033333333,NA,0.05000691,NA,NA,FALSE,"Neutral","Late Vegetative"
"73","784091fb35ae9199014b843afe756c1c",0.000182793,2.22e-06,-13513.47156,0.836412384,-48.17839908,0.053073979,0.920224162,-27022.94312,-27006.84933,2e+06,30,23084,5e-07,0.0019106,0.933333333,0.997308298,0.881768616,0.999945676,"d__Bacteria","d__Bacteria","d__Bacteria","k__Pseudomonadati","k__Pseudomonadati","p__Proteobacteria","Pseudomonadota","Pseudomonadota","c__Alphaproteobacteria","c__Alphaproteobacteria","c__Alphaproteobacteria","o__Sphingomonadales","o__Sphingomonadales","o__Sphingomonadales","f__Sphingomonadaceae","f__Sphingomicrobiaceae","f__Sphingomicrobiaceae","g__Sphingomonas","g__Pseudosphingomonas","g__Pseudosphingomonas","","","As predicted",FALSE,0.0019106,0.19106,-2.718830227,0.933333333,NA,0.416225161,NA,NA,FALSE,"Neutral","Late Vegetative"
"74","7f300dd37db558444736f6b15ee90958",0.000182793,2.22e-06,-13513.47156,0.836412384,-48.17839908,0.053073979,0.920224162,-27022.94312,-27006.84933,2e+06,30,23084,5e-07,0.004229367,1,0.999998798,0.886484476,1,"d__Bacteria","d__Bacteria","d__Bacteria","k__Bacillati","k__Bacillati","p__Firmicutes","Bacillota","Bacillota","c__Bacilli","c__Bacilli","c__Bacilli","o__Paenibacillales","o__Paenibacillales","o__Paenibacillales","f__Paenibacillaceae","f__Paenibacillaceae","f__Paenibacillaceae","g__Paenibacillus","","g__Paenibacillus--other","","","Above prediction",TRUE,0.004229367,0.4229367,-2.373724662,1,NA,0.461008237,NA,NA,FALSE,"Above","Late Vegetative"
"75","945afead985a2610f6d91b9757bb4ff5",0.000182793,2.22e-06,-13513.47156,0.836412384,-48.17839908,0.053073979,0.920224162,-27022.94312,-27006.84933,2e+06,30,23084,5e-07,0.000176383,0.566666667,0.406203792,0.251040636,0.5826612,"d__Bacteria","d__Bacteria","d__Bacteria","k__Pseudomonadati--other","k__Pseudomonadati--other","p__Latescibacterota","Candidatus_Latescibacterota","Candidatus_Latescibacterota","c__Latescibacterota","c__Candidatus_Latescibacteria","c__Candidatus_Latescibacteria","o__Latescibacterota","o__Candidatus_Latescibacterales","o__Candidatus_Latescibacterales","f__Latescibacterota","f__Candidatus_Latescibacteraceae","f__Candidatus_Latescibacteraceae","g__Latescibacterota","g__Candidatus_Latescibacter","g__Candidatus_Latescibacter","s__uncultured_bacterium","s__Candidatus_Eisenbacteria","As predicted",FALSE,0.000176383,0.0176383,-3.753542454,0.566666667,NA,0.329314022,NA,NA,FALSE,"Neutral","Late Vegetative"
"76","9686d1e1057d95f22ef92b2797e14a07",0.000182793,2.22e-06,-13513.47156,0.836412384,-48.17839908,0.053073979,0.920224162,-27022.94312,-27006.84933,2e+06,30,23084,5e-07,1.18e-06,0.033333333,0.003468631,8.92e-05,0.119573985,"d__Bacteria","d__Bacteria","d__Bacteria","k__Bacillati","k__Bacillati","p__Actinobacteriota","Actinomycetota","Actinomycetota","c__Actinobacteria","c__Actinomycetes","c__Actinomycetes","o__Micromonosporales","o__Micromonosporales","o__Micromonosporales","f__Micromonosporaceae","f__Micromonosporaceae","f__Micromonosporaceae","g__Catellatospora","g__Catellatospora","g__Actinoplanes--other","","s__uncultured_actinobacterium","As predicted",FALSE,1.18e-06,0.000118,-5.926892902,0.033333333,NA,0.030893849,NA,NA,FALSE,"Neutral","Late Vegetative"
"77","a2a24e3bed1f3d3b7d866029d7eb8d1d",0.000182793,2.22e-06,-13513.47156,0.836412384,-48.17839908,0.053073979,0.920224162,-27022.94312,-27006.84933,2e+06,30,23084,5e-07,2.9e-05,0.233333333,0.081800018,0.025447542,0.233095091,"d__Bacteria","d__Bacteria","d__Bacteria","k__Pseudomonadati--other","k__Pseudomonadati--other","p__Planctomycetota","Planctomycetota","Planctomycetota","c__Phycisphaerae","c__Phycisphaerae","c__Phycisphaerae","o__CCM11a","o__Sedimentisphaerales","o__Sedimentisphaerales","f__CCM11a","f__Incertae_Sedis","f__Incertae_Sedis","g__CCM11a","g__Incertae_Sedis","g__Incertae_Sedis","s__uncultured_Planctomycetia","s__uncultured_Planctomycetia","Above prediction",TRUE,2.9e-05,0.0029,-4.5371031,0.233333333,NA,0.160027514,NA,NA,FALSE,"Above","Late Vegetative"
"78","ae324a9735e40bbec15ac9853242a402",0.000182793,2.22e-06,-13513.47156,0.836412384,-48.17839908,0.053073979,0.920224162,-27022.94312,-27006.84933,2e+06,30,23084,5e-07,0.002605917,1,0.999720719,0.885992055,0.999999394,"d__Bacteria","d__Bacteria","d__Bacteria","k__Pseudomonadati","k__Pseudomonadati","p__Proteobacteria","Pseudomonadota","Pseudomonadota","c__Alphaproteobacteria","c__Alphaproteobacteria","c__Alphaproteobacteria","o__Rhizobiales","o__Hyphomicrobiales--other","o__Hyphomicrobiales--other","f__Methyloligellaceae","f__Methyloligellaceae","f__Methyloligellaceae","","g__Methyloceanibacter","g__Methyloceanibacter","","","Above prediction",TRUE,0.002605917,0.2605917,-2.584039476,1,NA,0.427414587,NA,NA,FALSE,"Above","Late Vegetative"
"79","b3d99500a196f8deeff625c44f1fe837",0.000182793,2.22e-06,-13513.47156,0.836412384,-48.17839908,0.053073979,0.920224162,-27022.94312,-27006.84933,2e+06,30,23084,5e-07,0.001324317,0.966666667,0.982524788,0.857401993,0.99810153,"d__Bacteria","d__Bacteria","d__Bacteria","k__Pseudomonadati","k__Pseudomonadati","p__Proteobacteria","Pseudomonadota","Pseudomonadota","c__Alphaproteobacteria","c__Alphaproteobacteria","c__Alphaproteobacteria","o__Rhizobiales","o__Micropepsales","o__Micropepsales","f__KF-JG30-B3","f__Pleomorphomonadaceae","f__Pleomorphomonadaceae","g__KF-JG30-B3","g__Incertae_Sedis","g__Incertae_Sedis","","s__uncultured_Rhizobiales","As predicted",FALSE,0.001324317,0.1324317,-2.878008155,0.966666667,NA,0.418958066,NA,NA,FALSE,"Neutral","Late Vegetative"
"80","bad02fb4b97f30182ffe6e934f54ad5f",0.000182793,2.22e-06,-13513.47156,0.836412384,-48.17839908,0.053073979,0.920224162,-27022.94312,-27006.84933,2e+06,30,23084,5e-07,0.003775367,1,0.999994376,0.886476636,1,"d__Bacteria","d__Bacteria","d__Bacteria","k__Pseudomonadati","k__Pseudomonadati","p__Proteobacteria","Pseudomonadota","Pseudomonadota","c__Gammaproteobacteria","c__Gammaproteobacteria","c__Gammaproteobacteria","o__CCD24","o__CCD24","o__CCD24","f__CCD24","f__Incertae_Sedis","f__Incertae_Sedis","g__CCD24","g__Incertae_Sedis","g__Incertae_Sedis","","s__uncultured_Gammaproteobacteria","Above prediction",TRUE,0.003775367,0.3775367,-2.423040863,1,NA,0.445034135,NA,NA,FALSE,"Above","Late Vegetative"
"81","def8339f22670d09a6e7d9d629d1e13b",0.000182793,2.22e-06,-13513.47156,0.836412384,-48.17839908,0.053073979,0.920224162,-27022.94312,-27006.84933,2e+06,30,23084,5e-07,0.0027218,1,0.999809393,0.886148949,0.999999717,"d__Bacteria","d__Bacteria","d__Bacteria","k__Pseudomonadati","k__Pseudomonadati","p__Proteobacteria","Pseudomonadota","Pseudomonadota","c__Gammaproteobacteria","c__Gammaproteobacteria","c__Gammaproteobacteria","o__PLTA13","o__Steroidobacterales--other","o__Steroidobacterales--other","f__PLTA13","f__Steroidobacteraceae--other","f__Steroidobacteraceae--other","g__PLTA13","g__PLTA13","g__PLTA13","","s__uncultured_Gammaproteobacteria","Above prediction",TRUE,0.0027218,0.27218,-2.56514379,1,NA,0.45875876,NA,NA,FALSE,"Above","Late Vegetative"
"82","ec9b444040ee3317ba308466fbdff591",0.000182793,2.22e-06,-13513.47156,0.836412384,-48.17839908,0.053073979,0.920224162,-27022.94312,-27006.84933,2e+06,30,23084,5e-07,0.002358467,1,0.999371155,0.88537474,0.999996942,"d__Bacteria","d__Bacteria","d__Bacteria","k__Pseudomonadati","k__Pseudomonadati","p__Proteobacteria","Pseudomonadota","Pseudomonadota","c__Gammaproteobacteria","c__Gammaproteobacteria","c__Gammaproteobacteria","o__CCD24","o__CCD24","o__CCD24","f__CCD24","f__Incertae_Sedis","f__Incertae_Sedis","g__CCD24","g__Incertae_Sedis","g__Incertae_Sedis","","s__uncultured_Gammaproteobacteria","Above prediction",TRUE,0.002358467,0.2358467,-2.627370257,1,NA,0.474476431,NA,NA,FALSE,"Above","Late Vegetative"
"83","f57538baf707c3dd9629935db2bb981a",0.000182793,2.22e-06,-13513.47156,0.836412384,-48.17839908,0.053073979,0.920224162,-27022.94312,-27006.84933,2e+06,30,23084,5e-07,0.00015275,0.7,0.363013148,0.215805435,0.541320546,"d__Bacteria","d__Bacteria","d__Bacteria","k__Pseudomonadati--other","k__Pseudomonadati--other","p__Planctomycetota","Planctomycetota","Planctomycetota","c__Planctomycetes","c__Planctomycetia","c__Planctomycetia","o__Gemmatales","o__Gemmatales","o__Gemmatales","f__Gemmataceae","f__Gemmataceae","f__Gemmataceae","","","","","","Above prediction",TRUE,0.00015275,0.015275,-3.816018781,0.7,NA,0.439863916,NA,NA,FALSE,"Above","Late Vegetative"
"84","f9c97adffa7ac976f53976a689e9885c",0.000182793,2.22e-06,-13513.47156,0.836412384,-48.17839908,0.053073979,0.920224162,-27022.94312,-27006.84933,2e+06,30,23084,5e-07,0.001257733,1,0.97844501,0.851035116,0.997235071,"d__Bacteria","d__Bacteria","d__Bacteria","k__Pseudomonadati--other","k__Pseudomonadati--other","p__Gemmatimonadota","Gemmatimonadota","Gemmatimonadota","c__AKAU4049","c__Gemmatimonadia","c__Gemmatimonadia","o__AKAU4049","o__AKAU4049","o__AKAU4049","f__AKAU4049","f__Incertae_Sedis","f__Incertae_Sedis","g__AKAU4049","g__Incertae_Sedis","g__Incertae_Sedis","s__uncultured_bacterium","s__uncultured_bacterium","Above prediction",TRUE,0.001257733,0.1257733,-2.900411429,1,NA,0.449906613,NA,NA,FALSE,"Above","Late Vegetative"
"85","fc402c2851202c507e927e7dbedf7955",0.000182793,2.22e-06,-13513.47156,0.836412384,-48.17839908,0.053073979,0.920224162,-27022.94312,-27006.84933,2e+06,30,23084,5e-07,0.000254983,0.8,0.530240606,0.358622505,0.69499328,"d__Bacteria","d__Bacteria","d__Bacteria","k__Pseudomonadati--other","k__Pseudomonadati--other","p__Gemmatimonadota","Gemmatimonadota","Gemmatimonadota","c__Gemmatimonadetes","c__Gemmatimonadia","c__Gemmatimonadia","o__Gemmatimonadales","o__Gemmatimonadales","o__Gemmatimonadales","f__Gemmatimonadaceae","f__Gemmatimonadaceae","f__Gemmatimonadaceae","g__uncultured","g__Incertae_Sedis","g__Incertae_Sedis","s__uncultured_Gemmatimonas","","Above prediction",TRUE,0.000254983,0.0254983,-3.593488206,0.8,NA,0.41083567,NA,NA,FALSE,"Above","Late Vegetative"
"86","fffeac5016c0165bdf2db26b0820671f",0.000182793,2.22e-06,-13513.47156,0.836412384,-48.17839908,0.053073979,0.920224162,-27022.94312,-27006.84933,2e+06,30,23084,5e-07,3.07e-05,0.166666667,0.086202708,0.02759025,0.238758236,"d__Bacteria","d__Bacteria","d__Bacteria","k__Pseudomonadati--other","k__Pseudomonadati--other","p__Bacteroidota","Bacteroidota","Bacteroidota","c__Bacteroidia","c__Chitinophagia","c__Chitinophagia","o__Chitinophagales","o__Chitinophagales","o__Chitinophagales","f__Chitinophagaceae","f__Chitinophagaceae","f__Chitinophagaceae","g__Terrimonas","g__Terrimonas--other","g__Terrimonas--other","","s__metagenome","As predicted",FALSE,3.07e-05,0.00307,-4.513333427,0.166666667,NA,0.154965843,NA,NA,FALSE,"Neutral","Late Vegetative"
"87","099369e6e45163e0709cdd0d348f413e",0.000164726,2.16e-06,-13441.99954,0.822437622,-50.25569745,0.054397104,0.924211517,-26879.99908,-26864.00267,2e+06,29,21987,5e-07,0.000209966,0.724137931,0.432542391,0.2708085,0.610057289,"d__Bacteria","d__Bacteria","d__Bacteria","k__Bacillati","k__Bacillati","p__Actinobacteriota","Actinomycetota","Actinomycetota","c__Acidimicrobiia","c__Acidimicrobiia","c__Acidimicrobiia","o__Actinomarinales","o__Candidatus_Actinomarinales","o__Candidatus_Actinomarinales","f__uncultured","f__Candidatus_Actinomarinaceae","f__Candidatus_Actinomarinaceae","g__uncultured","g__Candidatus_Actinomarina","g__Candidatus_Actinomarina","","s__uncultured_Acidimicrobiia","Above prediction",TRUE,0.000209966,0.0209966,-3.677852024,0.724137931,NA,0.328230101,NA,NA,FALSE,"Above","Early Reproductive"
"88","0dfe245697814f4897dd14ea27bf5250",0.000164726,2.16e-06,-13441.99954,0.822437622,-50.25569745,0.054397104,0.924211517,-26879.99908,-26864.00267,2e+06,29,21987,5e-07,0.005504466,1,0.999999919,0.883030059,1,"d__Bacteria","d__Bacteria","d__Bacteria","k__Bacillati","k__Bacillati","p__Actinobacteriota","Actinomycetota","Actinomycetota","c__Acidimicrobiia","c__Acidimicrobiia","c__Acidimicrobiia","o__Actinomarinales","o__Candidatus_Actinomarinales","o__Candidatus_Actinomarinales","f__uncultured","f__Candidatus_Actinomarinaceae","f__Candidatus_Actinomarinaceae","g__uncultured","g__Candidatus_Actinomarina","g__Candidatus_Actinomarina","","s__Micrococcales_bacterium","Above prediction",TRUE,0.005504466,0.5504466,-2.259284845,1,NA,0.451021534,NA,NA,FALSE,"Above","Early Reproductive"
"89","266eaecefef824dba9127ab07175b513",0.000164726,2.16e-06,-13441.99954,0.822437622,-50.25569745,0.054397104,0.924211517,-26879.99908,-26864.00267,2e+06,29,21987,5e-07,7.58e-05,0.448275862,0.184333646,0.08359697,0.358917182,"d__Bacteria","d__Bacteria","d__Bacteria","k__Pseudomonadati--other","k__Pseudomonadati--other","p__Latescibacterota","Candidatus_Latescibacterota","Candidatus_Latescibacterota","c__Latescibacterota","c__Candidatus_Latescibacteria","c__Candidatus_Latescibacteria","o__Latescibacterota","o__Candidatus_Latescibacterales","o__Candidatus_Latescibacterales","f__Latescibacterota","f__Candidatus_Latescibacteraceae","f__Candidatus_Latescibacteraceae","g__Latescibacterota","g__Candidatus_Latescibacter","g__Candidatus_Latescibacter","s__uncultured_proteobacterium","s__uncultured_proteobacterium","Above prediction",TRUE,7.58e-05,0.00758,-4.120172769,0.448275862,NA,0.252632397,NA,NA,FALSE,"Above","Early Reproductive"
"90","28b818fded7df9117fcd604aaf44415f",0.000164726,2.16e-06,-13441.99954,0.822437622,-50.25569745,0.054397104,0.924211517,-26879.99908,-26864.00267,2e+06,29,21987,5e-07,8.03e-05,0.344827586,0.194162356,0.090003113,0.369869133,"d__Bacteria","d__Bacteria","d__Bacteria","k__Pseudomonadati","k__Pseudomonadati","p__Proteobacteria","Pseudomonadota","Pseudomonadota","c__Gammaproteobacteria","c__Gammaproteobacteria","c__Gammaproteobacteria","o__Steroidobacterales","o__Woeseiales","o__Woeseiales","f__Woeseiaceae","f__Woeseiaceae","f__Woeseiaceae","g__Woeseia","","g__Woeseia--other","","s__uncultured_bacterium","As predicted",FALSE,8.03e-05,0.00803,-4.095135283,0.344827586,NA,0.216198981,NA,NA,FALSE,"Neutral","Early Reproductive"
"91","2cd337f519a58231f183f512daf8c231",0.000164726,2.16e-06,-13441.99954,0.822437622,-50.25569745,0.054397104,0.924211517,-26879.99908,-26864.00267,2e+06,29,21987,5e-07,2.93e-05,0.137931034,0.075539398,0.022070065,0.228306873,"d__Bacteria","d__Bacteria","d__Bacteria","k__Bacillati","k__Bacillati","p__Elusimicrobiota","Elusimicrobiota","Elusimicrobiota","c__Lineage_IIb","c__Lineage_IIb","c__Lineage_IIb","o__Lineage_IIb","o__Incertae_Sedis","o__Incertae_Sedis","f__Lineage_IIb","f__Incertae_Sedis","f__Incertae_Sedis","g__Lineage_IIb","g__Incertae_Sedis","g__Incertae_Sedis","s__uncultured_bacterium","","As predicted",FALSE,2.93e-05,0.00293,-4.533490308,0.137931034,NA,0.121212182,NA,NA,FALSE,"Neutral","Early Reproductive"
"92","2e4a2e5ad75f2d321aadefddacb2fca7",0.000164726,2.16e-06,-13441.99954,0.822437622,-50.25569745,0.054397104,0.924211517,-26879.99908,-26864.00267,2e+06,29,21987,5e-07,0.003945414,1,0.999989684,0.883011983,0.999999999,"d__Bacteria","d__Bacteria","d__Bacteria","k__Pseudomonadati","k__Pseudomonadati","p__Proteobacteria","Pseudomonadota","Pseudomonadota","c__Gammaproteobacteria","c__Gammaproteobacteria","c__Gammaproteobacteria","o__Gammaproteobacteria_Incertae_Sedis","o__Steroidobacterales--other","o__Steroidobacterales--other","f__Unknown_Family","f__Steroidobacteraceae--other","f__Steroidobacteraceae--other","g__Acidibacter","g__Acidibacter","g__Acidibacter","","","Above prediction",TRUE,0.003945414,0.3945414,-2.403907441,1,NA,0.440252822,NA,NA,FALSE,"Above","Early Reproductive"
"93","345bb6e7d820fe8551d1b4354cb9fba7",0.000164726,2.16e-06,-13441.99954,0.822437622,-50.25569745,0.054397104,0.924211517,-26879.99908,-26864.00267,2e+06,29,21987,5e-07,2.87e-05,0.137931034,0.07404006,0.021386676,0.226342342,"d__Bacteria","d__Bacteria","d__Bacteria","k__Pseudomonadati--other","k__Pseudomonadati--other","p__Acidobacteriota","Acidobacteriota","Acidobacteriota","c__Acidobacteriae","c__Terriglobia","c__Terriglobia","o__Subgroup_15","o__Subgroup_15","o__Subgroup_15","f__Subgroup_15","f__Incertae_Sedis","f__Incertae_Sedis","g__Subgroup_15","g__Incertae_Sedis","g__Incertae_Sedis","s__uncultured_bacterium","","As predicted",FALSE,2.87e-05,0.00287,-4.542535744,0.137931034,NA,0.143366136,NA,NA,FALSE,"Neutral","Early Reproductive"
"94","3b47f8b716abbadfc918668fed451136",0.000164726,2.16e-06,-13441.99954,0.822437622,-50.25569745,0.054397104,0.924211517,-26879.99908,-26864.00267,2e+06,29,21987,5e-07,5.34e-07,0.034482759,0.001431583,1.51e-05,0.119482914,"d__Bacteria","d__Bacteria","d__Bacteria","k__Pseudomonadati--other","k__Pseudomonadati--other","p__Bacteroidota","Bacteroidota","Bacteroidota","c__Bacteroidia","c__Chitinophagia","c__Chitinophagia","o__Chitinophagales","o__Chitinophagales","o__Chitinophagales","f__Chitinophagaceae","f__Chitinophagaceae","f__Chitinophagaceae","g__Terrimonas","g__Terrimonas--other","g__Terrimonas--other","","s__metagenome","As predicted",FALSE,5.34e-07,5.34e-05,-6.2720663,0.034482759,NA,0.021244567,NA,NA,FALSE,"Neutral","Early Reproductive"
"95","47f2617de53ce85d035fd4d1cc587272",0.000164726,2.16e-06,-13441.99954,0.822437622,-50.25569745,0.054397104,0.924211517,-26879.99908,-26864.00267,2e+06,29,21987,5e-07,0.003173172,0.965517241,0.99989163,0.882838902,0.999999911,"d__Bacteria","d__Bacteria","d__Bacteria","k__Pseudomonadati--other","k__Pseudomonadati--other","p__Bacteroidota","Bacteroidota","Bacteroidota","c__Bacteroidia","c__Chitinophagia","c__Chitinophagia","o__Chitinophagales","o__Chitinophagales","o__Chitinophagales","f__Chitinophagaceae","f__Chitinophagaceae","f__Chitinophagaceae","g__uncultured","","g__Incertae_Sedis","","s__uncultured_soil","As predicted",FALSE,0.003173172,0.3173172,-2.49850633,0.965517241,NA,0.407522485,NA,NA,FALSE,"Neutral","Early Reproductive"
"96","562585e289d3b422ddf21c53f44fe3eb",0.000164726,2.16e-06,-13441.99954,0.822437622,-50.25569745,0.054397104,0.924211517,-26879.99908,-26864.00267,2e+06,29,21987,5e-07,4.17e-05,0.275862069,0.105945473,0.037129221,0.266946682,"d__Bacteria","d__Bacteria","d__Bacteria","k__Pseudomonadati--other","k__Pseudomonadati--other","p__Zixibacteria","Candidatus_Zixiibacteriota","Candidatus_Zixiibacteriota","c__Zixibacteria","c__Incertae_Sedis","c__Incertae_Sedis","o__Zixibacteria","o__Incertae_Sedis","o__Incertae_Sedis","f__Zixibacteria","f__Incertae_Sedis","f__Incertae_Sedis","g__Zixibacteria","g__Incertae_Sedis","g__Incertae_Sedis","s__uncultured_bacterium","s__uncultured_bacterium","Above prediction",TRUE,4.17e-05,0.00417,-4.379612628,0.275862069,NA,0.169867331,NA,NA,FALSE,"Above","Early Reproductive"
"97","669c8f8d724c09e49dc3b239b06e68dc",0.000164726,2.16e-06,-13441.99954,0.822437622,-50.25569745,0.054397104,0.924211517,-26879.99908,-26864.00267,2e+06,29,21987,5e-07,0.001002328,0.965517241,0.936994873,0.788318755,0.983440586,"d__Bacteria","d__Bacteria","d__Bacteria","k__Pseudomonadati--other","k__Pseudomonadati--other","p__Bacteroidota","Bacteroidota","Bacteroidota","c__Bacteroidia","c__Cytophagia","c__Cytophagia","o__Cytophagales","o__Cytophagales","o__Cytophagales","f__Microscillaceae","f__Chryseotaleaceae","f__Chryseotaleaceae","g__Chryseolinea","g__Chryseolinea","g__Chryseolinea","s__uncultured_bacterium","","As predicted",FALSE,0.001002328,0.1002328,-2.998990317,0.965517241,NA,0.351260816,NA,NA,FALSE,"Neutral","Early Reproductive"
"98","6d01029368e4cc381d8e748ea1285708",0.000164726,2.16e-06,-13441.99954,0.822437622,-50.25569745,0.054397104,0.924211517,-26879.99908,-26864.00267,2e+06,29,21987,5e-07,0.002199483,0.931034483,0.998018473,0.879559492,0.999971213,"d__Bacteria","d__Bacteria","d__Bacteria","k__Pseudomonadati--other","k__Pseudomonadati--other","p__Acidobacteriota","Acidobacteriota","Acidobacteriota","c__Vicinamibacteria","c__Vicinamibacteria","c__Vicinamibacteria","o__Vicinamibacterales","o__Vicinamibacterales","o__Vicinamibacterales","f__uncultured","f__Vicinamibacteraceae","f__Vicinamibacteraceae","g__uncultured","g__Incertae_Sedis","g__Incertae_Sedis","s__uncultured_Acidobacteriaceae","","As predicted",FALSE,0.002199483,0.2199483,-2.657679438,0.931034483,NA,0.392029987,NA,NA,FALSE,"Neutral","Early Reproductive"
"99","7120d8342c6f08d5cc97c29108b17f3c",0.000164726,2.16e-06,-13441.99954,0.822437622,-50.25569745,0.054397104,0.924211517,-26879.99908,-26864.00267,2e+06,29,21987,5e-07,0.00133931,0.896551724,0.975849601,0.843673658,0.996705481,"d__Bacteria","d__Bacteria","d__Bacteria","k__Pseudomonadati--other","k__Pseudomonadati--other","p__Acidobacteriota","Acidobacteriota","Acidobacteriota","c__Thermoanaerobaculia","c__Thermoanaerobaculia","c__Thermoanaerobaculia","o__Thermoanaerobaculales","o__Subgroup_10","o__Subgroup_10","f__Thermoanaerobaculaceae","f__Incertae_Sedis","f__Incertae_Sedis","g__Subgroup_10","g__Incertae_Sedis","g__Incertae_Sedis","","","As predicted",FALSE,0.00133931,0.133931,-2.873118777,0.896551724,NA,0.406342745,NA,NA,FALSE,"Neutral","Early Reproductive"
"100","769e44855fc5aae59b3c9652de4711df",0.000164726,2.16e-06,-13441.99954,0.822437622,-50.25569745,0.054397104,0.924211517,-26879.99908,-26864.00267,2e+06,29,21987,5e-07,6.12e-06,0.068965517,0.01627484,0.001623224,0.144088925,"d__Bacteria","d__Bacteria","d__Bacteria","k__Pseudomonadati--other","k__Pseudomonadati--other","p__Planctomycetota","Planctomycetota","Planctomycetota","c__OM190","c__OM190","c__OM190","o__OM190","o__Incertae_Sedis","o__Incertae_Sedis","f__OM190","f__Incertae_Sedis","f__Incertae_Sedis","g__OM190","g__Incertae_Sedis","g__Incertae_Sedis","s__uncultured_bacterium","s__soil_metagenome","As predicted",FALSE,6.12e-06,0.000612,-5.213199641,0.068965517,NA,0.092099747,NA,NA,FALSE,"Neutral","Early Reproductive"
"101","784091fb35ae9199014b843afe756c1c",0.000164726,2.16e-06,-13441.99954,0.822437622,-50.25569745,0.054397104,0.924211517,-26879.99908,-26864.00267,2e+06,29,21987,5e-07,0.002087138,0.931034483,0.997242502,0.878215427,0.999944867,"d__Bacteria","d__Bacteria","d__Bacteria","k__Pseudomonadati","k__Pseudomonadati","p__Proteobacteria","Pseudomonadota","Pseudomonadota","c__Alphaproteobacteria","c__Alphaproteobacteria","c__Alphaproteobacteria","o__Sphingomonadales","o__Sphingomonadales","o__Sphingomonadales","f__Sphingomonadaceae","f__Sphingomicrobiaceae","f__Sphingomicrobiaceae","g__Sphingomonas","g__Pseudosphingomonas","g__Pseudosphingomonas","","","As predicted",FALSE,0.002087138,0.2087138,-2.680448849,0.931034483,NA,0.43449373,NA,NA,FALSE,"Neutral","Early Reproductive"
"102","7f300dd37db558444736f6b15ee90958",0.000164726,2.16e-06,-13441.99954,0.822437622,-50.25569745,0.054397104,0.924211517,-26879.99908,-26864.00267,2e+06,29,21987,5e-07,0.003587897,1,0.999969208,0.882975829,0.999999993,"d__Bacteria","d__Bacteria","d__Bacteria","k__Bacillati","k__Bacillati","p__Firmicutes","Bacillota","Bacillota","c__Bacilli","c__Bacilli","c__Bacilli","o__Paenibacillales","o__Paenibacillales","o__Paenibacillales","f__Paenibacillaceae","f__Paenibacillaceae","f__Paenibacillaceae","g__Paenibacillus","","g__Paenibacillus--other","","","Above prediction",TRUE,0.003587897,0.3587897,-2.445160087,1,NA,0.424610738,NA,NA,FALSE,"Above","Early Reproductive"
"103","945afead985a2610f6d91b9757bb4ff5",0.000164726,2.16e-06,-13441.99954,0.822437622,-50.25569745,0.054397104,0.924211517,-26879.99908,-26864.00267,2e+06,29,21987,5e-07,0.000191638,0.620689655,0.403596219,0.24669846,0.583046639,"d__Bacteria","d__Bacteria","d__Bacteria","k__Pseudomonadati--other","k__Pseudomonadati--other","p__Latescibacterota","Candidatus_Latescibacterota","Candidatus_Latescibacterota","c__Latescibacterota","c__Candidatus_Latescibacteria","c__Candidatus_Latescibacteria","o__Latescibacterota","o__Candidatus_Latescibacterales","o__Candidatus_Latescibacterales","f__Latescibacterota","f__Candidatus_Latescibacteraceae","f__Candidatus_Latescibacteraceae","g__Latescibacterota","g__Candidatus_Latescibacter","g__Candidatus_Latescibacter","s__uncultured_bacterium","s__Candidatus_Eisenbacteria","Above prediction",TRUE,0.000191638,0.0191638,-3.717518527,0.620689655,NA,0.359249032,NA,NA,FALSE,"Above","Early Reproductive"
"104","9686d1e1057d95f22ef92b2797e14a07",0.000164726,2.16e-06,-13441.99954,0.822437622,-50.25569745,0.054397104,0.924211517,-26879.99908,-26864.00267,2e+06,29,21987,5e-07,8.07e-06,0.034482759,0.021400873,0.002658837,0.152106197,"d__Bacteria","d__Bacteria","d__Bacteria","k__Bacillati","k__Bacillati","p__Actinobacteriota","Actinomycetota","Actinomycetota","c__Actinobacteria","c__Actinomycetes","c__Actinomycetes","o__Micromonosporales","o__Micromonosporales","o__Micromonosporales","f__Micromonosporaceae","f__Micromonosporaceae","f__Micromonosporaceae","g__Catellatospora","g__Catellatospora","g__Actinoplanes--other","","s__uncultured_actinobacterium","As predicted",FALSE,8.07e-06,0.000807,-5.09318214,0.034482759,NA,0.082051974,NA,NA,FALSE,"Neutral","Early Reproductive"
"105","a2a24e3bed1f3d3b7d866029d7eb8d1d",0.000164726,2.16e-06,-13441.99954,0.822437622,-50.25569745,0.054397104,0.924211517,-26879.99908,-26864.00267,2e+06,29,21987,5e-07,7.82e-05,0.482758621,0.189469633,0.086930891,0.364653723,"d__Bacteria","d__Bacteria","d__Bacteria","k__Pseudomonadati--other","k__Pseudomonadati--other","p__Planctomycetota","Planctomycetota","Planctomycetota","c__Phycisphaerae","c__Phycisphaerae","c__Phycisphaerae","o__CCM11a","o__Sedimentisphaerales","o__Sedimentisphaerales","f__CCM11a","f__Incertae_Sedis","f__Incertae_Sedis","g__CCM11a","g__Incertae_Sedis","g__Incertae_Sedis","s__uncultured_Planctomycetia","s__uncultured_Planctomycetia","Above prediction",TRUE,7.82e-05,0.00782,-4.106946478,0.482758621,NA,0.377702271,NA,NA,FALSE,"Above","Early Reproductive"
"106","ae324a9735e40bbec15ac9853242a402",0.000164726,2.16e-06,-13441.99954,0.822437622,-50.25569745,0.054397104,0.924211517,-26879.99908,-26864.00267,2e+06,29,21987,5e-07,0.002831414,1,0.999697019,0.882495808,0.99999931,"d__Bacteria","d__Bacteria","d__Bacteria","k__Pseudomonadati","k__Pseudomonadati","p__Proteobacteria","Pseudomonadota","Pseudomonadota","c__Alphaproteobacteria","c__Alphaproteobacteria","c__Alphaproteobacteria","o__Rhizobiales","o__Hyphomicrobiales--other","o__Hyphomicrobiales--other","f__Methyloligellaceae","f__Methyloligellaceae","f__Methyloligellaceae","","g__Methyloceanibacter","g__Methyloceanibacter","","","Above prediction",TRUE,0.002831414,0.2831414,-2.547996657,1,NA,0.445523636,NA,NA,FALSE,"Above","Early Reproductive"
"107","b3d99500a196f8deeff625c44f1fe837",0.000164726,2.16e-06,-13441.99954,0.822437622,-50.25569745,0.054397104,0.924211517,-26879.99908,-26864.00267,2e+06,29,21987,5e-07,0.001562276,1,0.98728167,0.861600917,0.998967946,"d__Bacteria","d__Bacteria","d__Bacteria","k__Pseudomonadati","k__Pseudomonadati","p__Proteobacteria","Pseudomonadota","Pseudomonadota","c__Alphaproteobacteria","c__Alphaproteobacteria","c__Alphaproteobacteria","o__Rhizobiales","o__Micropepsales","o__Micropepsales","f__KF-JG30-B3","f__Pleomorphomonadaceae","f__Pleomorphomonadaceae","g__KF-JG30-B3","g__Incertae_Sedis","g__Incertae_Sedis","","s__uncultured_Rhizobiales","Above prediction",TRUE,0.001562276,0.1562276,-2.806242277,1,NA,0.462823202,NA,NA,FALSE,"Above","Early Reproductive"
"108","bad02fb4b97f30182ffe6e934f54ad5f",0.000164726,2.16e-06,-13441.99954,0.822437622,-50.25569745,0.054397104,0.924211517,-26879.99908,-26864.00267,2e+06,29,21987,5e-07,0.003526172,1,0.99996284,0.882964586,0.99999999,"d__Bacteria","d__Bacteria","d__Bacteria","k__Pseudomonadati","k__Pseudomonadati","p__Proteobacteria","Pseudomonadota","Pseudomonadota","c__Gammaproteobacteria","c__Gammaproteobacteria","c__Gammaproteobacteria","o__CCD24","o__CCD24","o__CCD24","f__CCD24","f__Incertae_Sedis","f__Incertae_Sedis","g__CCD24","g__Incertae_Sedis","g__Incertae_Sedis","","s__uncultured_Gammaproteobacteria","Above prediction",TRUE,0.003526172,0.3526172,-2.452696456,1,NA,0.430096122,NA,NA,FALSE,"Above","Early Reproductive"
"109","def8339f22670d09a6e7d9d629d1e13b",0.000164726,2.16e-06,-13441.99954,0.822437622,-50.25569745,0.054397104,0.924211517,-26879.99908,-26864.00267,2e+06,29,21987,5e-07,0.002378552,1,0.998832406,0.880978275,0.999989886,"d__Bacteria","d__Bacteria","d__Bacteria","k__Pseudomonadati","k__Pseudomonadati","p__Proteobacteria","Pseudomonadota","Pseudomonadota","c__Gammaproteobacteria","c__Gammaproteobacteria","c__Gammaproteobacteria","o__PLTA13","o__Steroidobacterales--other","o__Steroidobacterales--other","f__PLTA13","f__Steroidobacteraceae--other","f__Steroidobacteraceae--other","g__PLTA13","g__PLTA13","g__PLTA13","","s__uncultured_Gammaproteobacteria","Above prediction",TRUE,0.002378552,0.2378552,-2.6236874,1,NA,0.428857061,NA,NA,FALSE,"Above","Early Reproductive"
"110","ec9b444040ee3317ba308466fbdff591",0.000164726,2.16e-06,-13441.99954,0.822437622,-50.25569745,0.054397104,0.924211517,-26879.99908,-26864.00267,2e+06,29,21987,5e-07,0.001816483,0.965517241,0.993914822,0.872539945,0.999743464,"d__Bacteria","d__Bacteria","d__Bacteria","k__Pseudomonadati","k__Pseudomonadati","p__Proteobacteria","Pseudomonadota","Pseudomonadota","c__Gammaproteobacteria","c__Gammaproteobacteria","c__Gammaproteobacteria","o__CCD24","o__CCD24","o__CCD24","f__CCD24","f__Incertae_Sedis","f__Incertae_Sedis","g__CCD24","g__Incertae_Sedis","g__Incertae_Sedis","","s__uncultured_Gammaproteobacteria","As predicted",FALSE,0.001816483,0.1816483,-2.74076872,0.965517241,NA,0.409162129,NA,NA,FALSE,"Neutral","Early Reproductive"
"111","f57538baf707c3dd9629935db2bb981a",0.000164726,2.16e-06,-13441.99954,0.822437622,-50.25569745,0.054397104,0.924211517,-26879.99908,-26864.00267,2e+06,29,21987,5e-07,7.03e-05,0.379310345,0.172123327,0.075795069,0.345154922,"d__Bacteria","d__Bacteria","d__Bacteria","k__Pseudomonadati--other","k__Pseudomonadati--other","p__Planctomycetota","Planctomycetota","Planctomycetota","c__Planctomycetes","c__Planctomycetia","c__Planctomycetia","o__Gemmatales","o__Gemmatales","o__Gemmatales","f__Gemmataceae","f__Gemmataceae","f__Gemmataceae","","","","","","Above prediction",TRUE,7.03e-05,0.00703,-4.152980772,0.379310345,NA,0.219677544,NA,NA,FALSE,"Above","Early Reproductive"
"112","f9c97adffa7ac976f53976a689e9885c",0.000164726,2.16e-06,-13441.99954,0.822437622,-50.25569745,0.054397104,0.924211517,-26879.99908,-26864.00267,2e+06,29,21987,5e-07,0.001355534,1,0.976946549,0.845351007,0.996965408,"d__Bacteria","d__Bacteria","d__Bacteria","k__Pseudomonadati--other","k__Pseudomonadati--other","p__Gemmatimonadota","Gemmatimonadota","Gemmatimonadota","c__AKAU4049","c__Gemmatimonadia","c__Gemmatimonadia","o__AKAU4049","o__AKAU4049","o__AKAU4049","f__AKAU4049","f__Incertae_Sedis","f__Incertae_Sedis","g__AKAU4049","g__Incertae_Sedis","g__Incertae_Sedis","s__uncultured_bacterium","s__uncultured_bacterium","Above prediction",TRUE,0.001355534,0.1355534,-2.86788943,1,NA,0.467071509,NA,NA,FALSE,"Above","Early Reproductive"
"113","fc402c2851202c507e927e7dbedf7955",0.000164726,2.16e-06,-13441.99954,0.822437622,-50.25569745,0.054397104,0.924211517,-26879.99908,-26864.00267,2e+06,29,21987,5e-07,0.0001775,0.482758621,0.38028539,0.227668546,0.560908222,"d__Bacteria","d__Bacteria","d__Bacteria","k__Pseudomonadati--other","k__Pseudomonadati--other","p__Gemmatimonadota","Gemmatimonadota","Gemmatimonadota","c__Gemmatimonadetes","c__Gemmatimonadia","c__Gemmatimonadia","o__Gemmatimonadales","o__Gemmatimonadales","o__Gemmatimonadales","f__Gemmatimonadaceae","f__Gemmatimonadaceae","f__Gemmatimonadaceae","g__uncultured","g__Incertae_Sedis","g__Incertae_Sedis","s__uncultured_Gemmatimonas","","As predicted",FALSE,0.0001775,0.01775,-3.750801643,0.482758621,NA,0.266275648,NA,NA,FALSE,"Neutral","Early Reproductive"
"114","fffeac5016c0165bdf2db26b0820671f",0.000164726,2.16e-06,-13441.99954,0.822437622,-50.25569745,0.054397104,0.924211517,-26879.99908,-26864.00267,2e+06,29,21987,5e-07,1.3e-05,0.103448276,0.034258607,0.006045548,0.171427019,"d__Bacteria","d__Bacteria","d__Bacteria","k__Pseudomonadati--other","k__Pseudomonadati--other","p__Bacteroidota","Bacteroidota","Bacteroidota","c__Bacteroidia","c__Chitinophagia","c__Chitinophagia","o__Chitinophagales","o__Chitinophagales","o__Chitinophagales","f__Chitinophagaceae","f__Chitinophagaceae","f__Chitinophagaceae","g__Terrimonas","g__Terrimonas--other","g__Terrimonas--other","","s__metagenome","As predicted",FALSE,1.3e-05,0.0013,-4.886056648,0.103448276,NA,0.079489841,NA,NA,FALSE,"Neutral","Early Reproductive"
"115","099369e6e45163e0709cdd0d348f413e",0.000169251,2.33e-06,-11337.8228,0.816440375,-45.89301168,0.057542329,0.919714259,-22671.6456,-22655.88424,2e+06,25,19549,5e-07,0.0001883,0.68,0.405531047,0.238481388,0.597745771,"d__Bacteria","d__Bacteria","d__Bacteria","k__Bacillati","k__Bacillati","p__Actinobacteriota","Actinomycetota","Actinomycetota","c__Acidimicrobiia","c__Acidimicrobiia","c__Acidimicrobiia","o__Actinomarinales","o__Candidatus_Actinomarinales","o__Candidatus_Actinomarinales","f__uncultured","f__Candidatus_Actinomarinaceae","f__Candidatus_Actinomarinaceae","g__uncultured","g__Candidatus_Actinomarina","g__Candidatus_Actinomarina","","s__uncultured_Acidimicrobiia","Above prediction",TRUE,0.0001883,0.01883,-3.72514968,0.68,NA,0.301212774,NA,NA,FALSE,"Above","Late Reproductive"
"116","0dfe245697814f4897dd14ea27bf5250",0.000169251,2.33e-06,-11337.8228,0.816440375,-45.89301168,0.057542329,0.919714259,-22671.6456,-22655.88424,2e+06,25,19549,5e-07,0.0046373,1,0.999999146,0.866806268,1,"d__Bacteria","d__Bacteria","d__Bacteria","k__Bacillati","k__Bacillati","p__Actinobacteriota","Actinomycetota","Actinomycetota","c__Acidimicrobiia","c__Acidimicrobiia","c__Acidimicrobiia","o__Actinomarinales","o__Candidatus_Actinomarinales","o__Candidatus_Actinomarinales","f__uncultured","f__Candidatus_Actinomarinaceae","f__Candidatus_Actinomarinaceae","g__uncultured","g__Candidatus_Actinomarina","g__Candidatus_Actinomarina","","s__Micrococcales_bacterium","Above prediction",TRUE,0.0046373,0.46373,-2.333734807,1,NA,0.413973266,NA,NA,FALSE,"Above","Late Reproductive"
"117","266eaecefef824dba9127ab07175b513",0.000169251,2.33e-06,-11337.8228,0.816440375,-45.89301168,0.057542329,0.919714259,-22671.6456,-22655.88424,2e+06,25,19549,5e-07,6.42e-05,0.4,0.161976584,0.065201193,0.348796173,"d__Bacteria","d__Bacteria","d__Bacteria","k__Pseudomonadati--other","k__Pseudomonadati--other","p__Latescibacterota","Candidatus_Latescibacterota","Candidatus_Latescibacterota","c__Latescibacterota","c__Candidatus_Latescibacteria","c__Candidatus_Latescibacteria","o__Latescibacterota","o__Candidatus_Latescibacterales","o__Candidatus_Latescibacterales","f__Latescibacterota","f__Candidatus_Latescibacteraceae","f__Candidatus_Latescibacteraceae","g__Latescibacterota","g__Candidatus_Latescibacter","g__Candidatus_Latescibacter","s__uncultured_proteobacterium","s__uncultured_proteobacterium","Above prediction",TRUE,6.42e-05,0.00642,-4.192194468,0.4,NA,0.219652177,NA,NA,FALSE,"Above","Late Reproductive"
"118","28b818fded7df9117fcd604aaf44415f",0.000169251,2.33e-06,-11337.8228,0.816440375,-45.89301168,0.057542329,0.919714259,-22671.6456,-22655.88424,2e+06,25,19549,5e-07,5.33e-05,0.24,0.136280107,0.050468835,0.318980721,"d__Bacteria","d__Bacteria","d__Bacteria","k__Pseudomonadati","k__Pseudomonadati","p__Proteobacteria","Pseudomonadota","Pseudomonadota","c__Gammaproteobacteria","c__Gammaproteobacteria","c__Gammaproteobacteria","o__Steroidobacterales","o__Woeseiales","o__Woeseiales","f__Woeseiaceae","f__Woeseiaceae","f__Woeseiaceae","g__Woeseia","","g__Woeseia--other","","s__uncultured_bacterium","As predicted",FALSE,5.33e-05,0.00533,-4.273435784,0.24,NA,0.146895338,NA,NA,FALSE,"Neutral","Late Reproductive"
"119","2cd337f519a58231f183f512daf8c231",0.000169251,2.33e-06,-11337.8228,0.816440375,-45.89301168,0.057542329,0.919714259,-22671.6456,-22655.88424,2e+06,25,19549,5e-07,1.34e-05,0.08,0.036128001,0.005958882,0.189865433,"d__Bacteria","d__Bacteria","d__Bacteria","k__Bacillati","k__Bacillati","p__Elusimicrobiota","Elusimicrobiota","Elusimicrobiota","c__Lineage_IIb","c__Lineage_IIb","c__Lineage_IIb","o__Lineage_IIb","o__Incertae_Sedis","o__Incertae_Sedis","f__Lineage_IIb","f__Incertae_Sedis","f__Incertae_Sedis","g__Lineage_IIb","g__Incertae_Sedis","g__Incertae_Sedis","s__uncultured_bacterium","","As predicted",FALSE,1.34e-05,0.00134,-4.872895202,0.08,NA,0.062453649,NA,NA,FALSE,"Neutral","Late Reproductive"
"120","2e4a2e5ad75f2d321aadefddacb2fca7",0.000169251,2.33e-06,-11337.8228,0.816440375,-45.89301168,0.057542329,0.919714259,-22671.6456,-22655.88424,2e+06,25,19549,5e-07,0.00342026,1,0.999960232,0.866738817,0.99999999,"d__Bacteria","d__Bacteria","d__Bacteria","k__Pseudomonadati","k__Pseudomonadati","p__Proteobacteria","Pseudomonadota","Pseudomonadota","c__Gammaproteobacteria","c__Gammaproteobacteria","c__Gammaproteobacteria","o__Gammaproteobacteria_Incertae_Sedis","o__Steroidobacterales--other","o__Steroidobacterales--other","f__Unknown_Family","f__Steroidobacteraceae--other","f__Steroidobacteraceae--other","g__Acidibacter","g__Acidibacter","g__Acidibacter","","","Above prediction",TRUE,0.00342026,0.342026,-2.465940879,1,NA,0.409907089,NA,NA,FALSE,"Above","Late Reproductive"
"121","345bb6e7d820fe8551d1b4354cb9fba7",0.000169251,2.33e-06,-11337.8228,0.816440375,-45.89301168,0.057542329,0.919714259,-22671.6456,-22655.88424,2e+06,25,19549,5e-07,1.49e-05,0.12,0.040197572,0.00715616,0.195723224,"d__Bacteria","d__Bacteria","d__Bacteria","k__Pseudomonadati--other","k__Pseudomonadati--other","p__Acidobacteriota","Acidobacteriota","Acidobacteriota","c__Acidobacteriae","c__Terriglobia","c__Terriglobia","o__Subgroup_15","o__Subgroup_15","o__Subgroup_15","f__Subgroup_15","f__Incertae_Sedis","f__Incertae_Sedis","g__Subgroup_15","g__Incertae_Sedis","g__Incertae_Sedis","s__uncultured_bacterium","","As predicted",FALSE,1.49e-05,0.00149,-4.825649403,0.12,NA,0.096527126,NA,NA,FALSE,"Neutral","Late Reproductive"
"122","3b47f8b716abbadfc918668fed451136",0.000169251,2.33e-06,-11337.8228,0.816440375,-45.89301168,0.057542329,0.919714259,-22671.6456,-22655.88424,2e+06,25,19549,5e-07,5.8e-07,0.04,0.001590729,1.61e-05,0.135933828,"d__Bacteria","d__Bacteria","d__Bacteria","k__Pseudomonadati--other","k__Pseudomonadati--other","p__Bacteroidota","Bacteroidota","Bacteroidota","c__Bacteroidia","c__Chitinophagia","c__Chitinophagia","o__Chitinophagales","o__Chitinophagales","o__Chitinophagales","f__Chitinophagaceae","f__Chitinophagaceae","f__Chitinophagaceae","g__Terrimonas","g__Terrimonas--other","g__Terrimonas--other","","s__metagenome","As predicted",FALSE,5.8e-07,5.8e-05,-6.236572006,0.04,NA,0.023835486,NA,NA,FALSE,"Neutral","Late Reproductive"
"123","47f2617de53ce85d035fd4d1cc587272",0.000169251,2.33e-06,-11337.8228,0.816440375,-45.89301168,0.057542329,0.919714259,-22671.6456,-22655.88424,2e+06,25,19549,5e-07,0.00224316,1,0.998517422,0.864251564,0.999985965,"d__Bacteria","d__Bacteria","d__Bacteria","k__Pseudomonadati--other","k__Pseudomonadati--other","p__Bacteroidota","Bacteroidota","Bacteroidota","c__Bacteroidia","c__Chitinophagia","c__Chitinophagia","o__Chitinophagales","o__Chitinophagales","o__Chitinophagales","f__Chitinophagaceae","f__Chitinophagaceae","f__Chitinophagaceae","g__uncultured","","g__Incertae_Sedis","","s__uncultured_soil","Above prediction",TRUE,0.00224316,0.224316,-2.649139748,1,NA,0.34870233,NA,NA,FALSE,"Above","Late Reproductive"
"124","562585e289d3b422ddf21c53f44fe3eb",0.000169251,2.33e-06,-11337.8228,0.816440375,-45.89301168,0.057542329,0.919714259,-22671.6456,-22655.88424,2e+06,25,19549,5e-07,1.96e-05,0.04,0.052514357,0.011222238,0.213009716,"d__Bacteria","d__Bacteria","d__Bacteria","k__Pseudomonadati--other","k__Pseudomonadati--other","p__Zixibacteria","Candidatus_Zixiibacteriota","Candidatus_Zixiibacteriota","c__Zixibacteria","c__Incertae_Sedis","c__Incertae_Sedis","o__Zixibacteria","o__Incertae_Sedis","o__Incertae_Sedis","f__Zixibacteria","f__Incertae_Sedis","f__Incertae_Sedis","g__Zixibacteria","g__Incertae_Sedis","g__Incertae_Sedis","s__uncultured_bacterium","s__uncultured_bacterium","As predicted",FALSE,1.96e-05,0.00196,-4.706858517,0.04,NA,0.044378326,NA,NA,FALSE,"Neutral","Late Reproductive"
"125","669c8f8d724c09e49dc3b239b06e68dc",0.000169251,2.33e-06,-11337.8228,0.816440375,-45.89301168,0.057542329,0.919714259,-22671.6456,-22655.88424,2e+06,25,19549,5e-07,0.00105456,0.88,0.949447016,0.789702021,0.989466292,"d__Bacteria","d__Bacteria","d__Bacteria","k__Pseudomonadati--other","k__Pseudomonadati--other","p__Bacteroidota","Bacteroidota","Bacteroidota","c__Bacteroidia","c__Cytophagia","c__Cytophagia","o__Cytophagales","o__Cytophagales","o__Cytophagales","f__Microscillaceae","f__Chryseotaleaceae","f__Chryseotaleaceae","g__Chryseolinea","g__Chryseolinea","g__Chryseolinea","s__uncultured_bacterium","","As predicted",FALSE,0.00105456,0.105456,-2.976928706,0.88,NA,0.343971002,NA,NA,FALSE,"Neutral","Late Reproductive"
"126","6d01029368e4cc381d8e748ea1285708",0.000169251,2.33e-06,-11337.8228,0.816440375,-45.89301168,0.057542329,0.919714259,-22671.6456,-22655.88424,2e+06,25,19549,5e-07,0.00219382,1,0.998278785,0.863842685,0.99998114,"d__Bacteria","d__Bacteria","d__Bacteria","k__Pseudomonadati--other","k__Pseudomonadati--other","p__Acidobacteriota","Acidobacteriota","Acidobacteriota","c__Vicinamibacteria","c__Vicinamibacteria","c__Vicinamibacteria","o__Vicinamibacterales","o__Vicinamibacterales","o__Vicinamibacterales","f__uncultured","f__Vicinamibacteraceae","f__Vicinamibacteraceae","g__uncultured","g__Incertae_Sedis","g__Incertae_Sedis","s__uncultured_Acidobacteriaceae","","Above prediction",TRUE,0.00219382,0.219382,-2.658799009,1,NA,0.405766903,NA,NA,FALSE,"Above","Late Reproductive"
"127","7120d8342c6f08d5cc97c29108b17f3c",0.000169251,2.33e-06,-11337.8228,0.816440375,-45.89301168,0.057542329,0.919714259,-22671.6456,-22655.88424,2e+06,25,19549,5e-07,0.00087826,0.92,0.915805604,0.744937343,0.975909696,"d__Bacteria","d__Bacteria","d__Bacteria","k__Pseudomonadati--other","k__Pseudomonadati--other","p__Acidobacteriota","Acidobacteriota","Acidobacteriota","c__Thermoanaerobaculia","c__Thermoanaerobaculia","c__Thermoanaerobaculia","o__Thermoanaerobaculales","o__Subgroup_10","o__Subgroup_10","f__Thermoanaerobaculaceae","f__Incertae_Sedis","f__Incertae_Sedis","g__Subgroup_10","g__Incertae_Sedis","g__Incertae_Sedis","","","As predicted",FALSE,0.00087826,0.087826,-3.056376897,0.92,NA,0.333326382,NA,NA,FALSE,"Neutral","Late Reproductive"
"128","769e44855fc5aae59b3c9652de4711df",0.000169251,2.33e-06,-11337.8228,0.816440375,-45.89301168,0.057542329,0.919714259,-22671.6456,-22655.88424,2e+06,25,19549,5e-07,6.76e-06,0.08,0.01838777,0.001794991,0.163274582,"d__Bacteria","d__Bacteria","d__Bacteria","k__Pseudomonadati--other","k__Pseudomonadati--other","p__Planctomycetota","Planctomycetota","Planctomycetota","c__OM190","c__OM190","c__OM190","o__OM190","o__Incertae_Sedis","o__Incertae_Sedis","f__OM190","f__Incertae_Sedis","f__Incertae_Sedis","g__OM190","g__Incertae_Sedis","g__Incertae_Sedis","s__uncultured_bacterium","s__soil_metagenome","As predicted",FALSE,6.76e-06,0.000676,-5.170053304,0.08,NA,0.104246288,NA,NA,FALSE,"Neutral","Late Reproductive"
"129","784091fb35ae9199014b843afe756c1c",0.000169251,2.33e-06,-11337.8228,0.816440375,-45.89301168,0.057542329,0.919714259,-22671.6456,-22655.88424,2e+06,25,19549,5e-07,0.00142128,0.88,0.982712912,0.838441971,0.998396615,"d__Bacteria","d__Bacteria","d__Bacteria","k__Pseudomonadati","k__Pseudomonadati","p__Proteobacteria","Pseudomonadota","Pseudomonadota","c__Alphaproteobacteria","c__Alphaproteobacteria","c__Alphaproteobacteria","o__Sphingomonadales","o__Sphingomonadales","o__Sphingomonadales","f__Sphingomonadaceae","f__Sphingomicrobiaceae","f__Sphingomicrobiaceae","g__Sphingomonas","g__Pseudosphingomonas","g__Pseudosphingomonas","","","As predicted",FALSE,0.00142128,0.142128,-2.847320355,0.88,NA,0.348583008,NA,NA,FALSE,"Neutral","Late Reproductive"
"130","7f300dd37db558444736f6b15ee90958",0.000169251,2.33e-06,-11337.8228,0.816440375,-45.89301168,0.057542329,0.919714259,-22671.6456,-22655.88424,2e+06,25,19549,5e-07,0.00372192,1,0.999984518,0.86678091,0.999999998,"d__Bacteria","d__Bacteria","d__Bacteria","k__Bacillati","k__Bacillati","p__Firmicutes","Bacillota","Bacillota","c__Bacilli","c__Bacilli","c__Bacilli","o__Paenibacillales","o__Paenibacillales","o__Paenibacillales","f__Paenibacillaceae","f__Paenibacillaceae","f__Paenibacillaceae","g__Paenibacillus","","g__Paenibacillus--other","","","Above prediction",TRUE,0.00372192,0.372192,-2.429232966,1,NA,0.432468553,NA,NA,FALSE,"Above","Late Reproductive"
"131","945afead985a2610f6d91b9757bb4ff5",0.000169251,2.33e-06,-11337.8228,0.816440375,-45.89301168,0.057542329,0.919714259,-22671.6456,-22655.88424,2e+06,25,19549,5e-07,0.00011112,0.6,0.263718759,0.131322238,0.459056942,"d__Bacteria","d__Bacteria","d__Bacteria","k__Pseudomonadati--other","k__Pseudomonadati--other","p__Latescibacterota","Candidatus_Latescibacterota","Candidatus_Latescibacterota","c__Latescibacterota","c__Candidatus_Latescibacteria","c__Candidatus_Latescibacteria","o__Latescibacterota","o__Candidatus_Latescibacterales","o__Candidatus_Latescibacterales","f__Latescibacterota","f__Candidatus_Latescibacteraceae","f__Candidatus_Latescibacteraceae","g__Latescibacterota","g__Candidatus_Latescibacter","g__Candidatus_Latescibacter","s__uncultured_bacterium","s__Candidatus_Eisenbacteria","Above prediction",TRUE,0.00011112,0.011112,-3.954207767,0.6,NA,0.268961029,NA,NA,FALSE,"Above","Late Reproductive"
"132","9686d1e1057d95f22ef92b2797e14a07",0.000169251,2.33e-06,-11337.8228,0.816440375,-45.89301168,0.057542329,0.919714259,-22671.6456,-22655.88424,2e+06,25,19549,5e-07,2.58e-06,0.08,0.007057105,0.000297455,0.145129102,"d__Bacteria","d__Bacteria","d__Bacteria","k__Bacillati","k__Bacillati","p__Actinobacteriota","Actinomycetota","Actinomycetota","c__Actinobacteria","c__Actinomycetes","c__Actinomycetes","o__Micromonosporales","o__Micromonosporales","o__Micromonosporales","f__Micromonosporaceae","f__Micromonosporaceae","f__Micromonosporaceae","g__Catellatospora","g__Catellatospora","g__Actinoplanes--other","","s__uncultured_actinobacterium","As predicted",FALSE,2.58e-06,0.000258,-5.588380294,0.08,NA,0.070669814,NA,NA,FALSE,"Neutral","Late Reproductive"
"133","a2a24e3bed1f3d3b7d866029d7eb8d1d",0.000169251,2.33e-06,-11337.8228,0.816440375,-45.89301168,0.057542329,0.919714259,-22671.6456,-22655.88424,2e+06,25,19549,5e-07,3.76e-05,0.32,0.098126299,0.030606212,0.272699312,"d__Bacteria","d__Bacteria","d__Bacteria","k__Pseudomonadati--other","k__Pseudomonadati--other","p__Planctomycetota","Planctomycetota","Planctomycetota","c__Phycisphaerae","c__Phycisphaerae","c__Phycisphaerae","o__CCM11a","o__Sedimentisphaerales","o__Sedimentisphaerales","f__CCM11a","f__Incertae_Sedis","f__Incertae_Sedis","g__CCM11a","g__Incertae_Sedis","g__Incertae_Sedis","s__uncultured_Planctomycetia","s__uncultured_Planctomycetia","Above prediction",TRUE,3.76e-05,0.00376,-4.425043224,0.32,NA,0.213211779,NA,NA,FALSE,"Above","Late Reproductive"
"134","ae324a9735e40bbec15ac9853242a402",0.000169251,2.33e-06,-11337.8228,0.816440375,-45.89301168,0.057542329,0.919714259,-22671.6456,-22655.88424,2e+06,25,19549,5e-07,0.00224716,0.92,0.998535266,0.864282166,0.999986297,"d__Bacteria","d__Bacteria","d__Bacteria","k__Pseudomonadati","k__Pseudomonadati","p__Proteobacteria","Pseudomonadota","Pseudomonadota","c__Alphaproteobacteria","c__Alphaproteobacteria","c__Alphaproteobacteria","o__Rhizobiales","o__Hyphomicrobiales--other","o__Hyphomicrobiales--other","f__Methyloligellaceae","f__Methyloligellaceae","f__Methyloligellaceae","","g__Methyloceanibacter","g__Methyloceanibacter","","","As predicted",FALSE,0.00224716,0.224716,-2.648366004,0.92,NA,0.380697469,NA,NA,FALSE,"Neutral","Late Reproductive"
"135","b3d99500a196f8deeff625c44f1fe837",0.000169251,2.33e-06,-11337.8228,0.816440375,-45.89301168,0.057542329,0.919714259,-22671.6456,-22655.88424,2e+06,25,19549,5e-07,0.00108476,0.96,0.953694923,0.795626563,0.990905987,"d__Bacteria","d__Bacteria","d__Bacteria","k__Pseudomonadati","k__Pseudomonadati","p__Proteobacteria","Pseudomonadota","Pseudomonadota","c__Alphaproteobacteria","c__Alphaproteobacteria","c__Alphaproteobacteria","o__Rhizobiales","o__Micropepsales","o__Micropepsales","f__KF-JG30-B3","f__Pleomorphomonadaceae","f__Pleomorphomonadaceae","g__KF-JG30-B3","g__Incertae_Sedis","g__Incertae_Sedis","","s__uncultured_Rhizobiales","As predicted",FALSE,0.00108476,0.108476,-2.964666338,0.96,NA,0.377866777,NA,NA,FALSE,"Neutral","Late Reproductive"
"136","bad02fb4b97f30182ffe6e934f54ad5f",0.000169251,2.33e-06,-11337.8228,0.816440375,-45.89301168,0.057542329,0.919714259,-22671.6456,-22655.88424,2e+06,25,19549,5e-07,0.00290418,1,0.999803141,0.866466723,0.999999748,"d__Bacteria","d__Bacteria","d__Bacteria","k__Pseudomonadati","k__Pseudomonadati","p__Proteobacteria","Pseudomonadota","Pseudomonadota","c__Gammaproteobacteria","c__Gammaproteobacteria","c__Gammaproteobacteria","o__CCD24","o__CCD24","o__CCD24","f__CCD24","f__Incertae_Sedis","f__Incertae_Sedis","g__CCD24","g__Incertae_Sedis","g__Incertae_Sedis","","s__uncultured_Gammaproteobacteria","Above prediction",TRUE,0.00290418,0.290418,-2.53697647,1,NA,0.390324238,NA,NA,FALSE,"Above","Late Reproductive"
"137","def8339f22670d09a6e7d9d629d1e13b",0.000169251,2.33e-06,-11337.8228,0.816440375,-45.89301168,0.057542329,0.919714259,-22671.6456,-22655.88424,2e+06,25,19549,5e-07,0.00193268,1,0.996221596,0.86034606,0.999911389,"d__Bacteria","d__Bacteria","d__Bacteria","k__Pseudomonadati","k__Pseudomonadati","p__Proteobacteria","Pseudomonadota","Pseudomonadota","c__Gammaproteobacteria","c__Gammaproteobacteria","c__Gammaproteobacteria","o__PLTA13","o__Steroidobacterales--other","o__Steroidobacterales--other","f__PLTA13","f__Steroidobacteraceae--other","f__Steroidobacteraceae--other","g__PLTA13","g__PLTA13","g__PLTA13","","s__uncultured_Gammaproteobacteria","Above prediction",TRUE,0.00193268,0.193268,-2.713840048,1,NA,0.386577204,NA,NA,FALSE,"Above","Late Reproductive"
"138","ec9b444040ee3317ba308466fbdff591",0.000169251,2.33e-06,-11337.8228,0.816440375,-45.89301168,0.057542329,0.919714259,-22671.6456,-22655.88424,2e+06,25,19549,5e-07,0.00125194,0.84,0.971571318,0.821446799,0.996076546,"d__Bacteria","d__Bacteria","d__Bacteria","k__Pseudomonadati","k__Pseudomonadati","p__Proteobacteria","Pseudomonadota","Pseudomonadota","c__Gammaproteobacteria","c__Gammaproteobacteria","c__Gammaproteobacteria","o__CCD24","o__CCD24","o__CCD24","f__CCD24","f__Incertae_Sedis","f__Incertae_Sedis","g__CCD24","g__Incertae_Sedis","g__Incertae_Sedis","","s__uncultured_Gammaproteobacteria","As predicted",FALSE,0.00125194,0.125194,-2.902416484,0.84,NA,0.316833558,NA,NA,FALSE,"Neutral","Late Reproductive"
"139","f57538baf707c3dd9629935db2bb981a",0.000169251,2.33e-06,-11337.8228,0.816440375,-45.89301168,0.057542329,0.919714259,-22671.6456,-22655.88424,2e+06,25,19549,5e-07,6.71e-05,0.32,0.168512501,0.069096204,0.35623193,"d__Bacteria","d__Bacteria","d__Bacteria","k__Pseudomonadati--other","k__Pseudomonadati--other","p__Planctomycetota","Planctomycetota","Planctomycetota","c__Planctomycetes","c__Planctomycetia","c__Planctomycetia","o__Gemmatales","o__Gemmatales","o__Gemmatales","f__Gemmataceae","f__Gemmataceae","f__Gemmataceae","","","","","","As predicted",FALSE,6.71e-05,0.00671,-4.173406946,0.32,NA,0.19708348,NA,NA,FALSE,"Neutral","Late Reproductive"
"140","f9c97adffa7ac976f53976a689e9885c",0.000169251,2.33e-06,-11337.8228,0.816440375,-45.89301168,0.057542329,0.919714259,-22671.6456,-22655.88424,2e+06,25,19549,5e-07,0.00109972,1,0.955666875,0.798401862,0.991549295,"d__Bacteria","d__Bacteria","d__Bacteria","k__Pseudomonadati--other","k__Pseudomonadati--other","p__Gemmatimonadota","Gemmatimonadota","Gemmatimonadota","c__AKAU4049","c__Gemmatimonadia","c__Gemmatimonadia","o__AKAU4049","o__AKAU4049","o__AKAU4049","f__AKAU4049","f__Incertae_Sedis","f__Incertae_Sedis","g__AKAU4049","g__Incertae_Sedis","g__Incertae_Sedis","s__uncultured_bacterium","s__uncultured_bacterium","Above prediction",TRUE,0.00109972,0.109972,-2.958717877,1,NA,0.420696746,NA,NA,FALSE,"Above","Late Reproductive"
"141","fc402c2851202c507e927e7dbedf7955",0.000169251,2.33e-06,-11337.8228,0.816440375,-45.89301168,0.057542329,0.919714259,-22671.6456,-22655.88424,2e+06,25,19549,5e-07,0.00016016,0.52,0.357225546,0.200331154,0.55215284,"d__Bacteria","d__Bacteria","d__Bacteria","k__Pseudomonadati--other","k__Pseudomonadati--other","p__Gemmatimonadota","Gemmatimonadota","Gemmatimonadota","c__Gemmatimonadetes","c__Gemmatimonadia","c__Gemmatimonadia","o__Gemmatimonadales","o__Gemmatimonadales","o__Gemmatimonadales","f__Gemmatimonadaceae","f__Gemmatimonadaceae","f__Gemmatimonadaceae","g__uncultured","g__Incertae_Sedis","g__Incertae_Sedis","s__uncultured_Gemmatimonas","","As predicted",FALSE,0.00016016,0.016016,-3.79544594,0.52,NA,0.262510062,NA,NA,FALSE,"Neutral","Late Reproductive"
"142","fffeac5016c0165bdf2db26b0820671f",0.000169251,2.33e-06,-11337.8228,0.816440375,-45.89301168,0.057542329,0.919714259,-22671.6456,-22655.88424,2e+06,25,19549,5e-07,2.76e-05,0.12,0.073074531,0.019234718,0.240640672,"d__Bacteria","d__Bacteria","d__Bacteria","k__Pseudomonadati--other","k__Pseudomonadati--other","p__Bacteroidota","Bacteroidota","Bacteroidota","c__Bacteroidia","c__Chitinophagia","c__Chitinophagia","o__Chitinophagales","o__Chitinophagales","o__Chitinophagales","f__Chitinophagaceae","f__Chitinophagaceae","f__Chitinophagaceae","g__Terrimonas","g__Terrimonas--other","g__Terrimonas--other","","s__metagenome","As predicted",FALSE,2.76e-05,0.00276,-4.558776326,0.12,NA,0.124790286,NA,NA,FALSE,"Neutral","Late Reproductive"
"143","1d9c607939c1ee71ae4b06698acbbb3f",0.000179511,2.21e-06,-12593.33271,0.846805322,-46.59730965,0.05219918,0.920095786,-25182.66543,-25166.67129,2e+06,30,21962,5e-07,1.26e-05,0.133333333,0.035775109,0.006663063,0.170278639,"d__Bacteria","d__Bacteria","d__Bacteria","k__Pseudomonadati--other","k__Pseudomonadati--other","p__Bacteroidota","Bacteroidota","Bacteroidota","c__Bacteroidia","c__Cytophagia","c__Cytophagia","o__Cytophagales","o__Cytophagales","o__Cytophagales","f__Hymenobacteraceae","f__Hymenobacteraceae","f__Hymenobacteraceae","g__Hymenobacter","g__Hymenobacter","g__Hymenobacter","","s__Hymenobacter_terrae","As predicted",FALSE,1.26e-05,0.00126,-4.899629455,0.133333333,NA,0.161644122,NA,NA,FALSE,"Neutral","Seedling"
"144","201a8b7bdee6128debde3ad025749fc3",0.000179511,2.21e-06,-12593.33271,0.846805322,-46.59730965,0.05219918,0.920095786,-25182.66543,-25166.67129,2e+06,30,21962,5e-07,0.000196067,0.633333333,0.434801997,0.275018513,0.609387174,"d__Bacteria","d__Bacteria","d__Bacteria","k__Pseudomonadati--other","k__Pseudomonadati--other","p__Acidobacteriota","Acidobacteriota","Acidobacteriota","c__Vicinamibacteria","c__Vicinamibacteria","c__Vicinamibacteria","o__Vicinamibacterales","o__Vicinamibacterales","o__Vicinamibacterales","f__Vicinamibacteraceae","f__Vicinamibacteraceae","f__Vicinamibacteraceae","g__Vicinamibacteraceae","g__Incertae_Sedis","g__Incertae_Sedis","","","Above prediction",TRUE,0.000196067,0.0196067,-3.707596235,0.633333333,NA,0.33819795,NA,NA,FALSE,"Above","Seedling"
"145","268d05830150f9f44ace6cae89d83924",0.000179511,2.21e-06,-12593.33271,0.846805322,-46.59730965,0.05219918,0.920095786,-25182.66543,-25166.67129,2e+06,30,21962,5e-07,0.001268833,1,0.977822085,0.850074041,0.997091716,"d__Bacteria","d__Bacteria","d__Bacteria","k__Bacillati","k__Bacillati","p__Chloroflexi","Thermomicrobiota","Thermomicrobiota","c__Chloroflexia","c__Thermomicrobia","c__Thermomicrobia","o__Thermomicrobiales","o__Thermomicrobiales--other","o__Thermomicrobiales--other","f__JG30-KF-CM45","f__JG30-KF-CM45","f__JG30-KF-CM45","g__JG30-KF-CM45","g__Incertae_Sedis","g__Incertae_Sedis","s__uncultured_bacterium","","Above prediction",TRUE,0.001268833,0.1268833,-2.896595421,1,NA,0.429235281,NA,NA,FALSE,"Above","Seedling"
"146","2db7d7619de7eeb48a3eda5c3e4deac3",0.000179511,2.21e-06,-12593.33271,0.846805322,-46.59730965,0.05219918,0.920095786,-25182.66543,-25166.67129,2e+06,30,21962,5e-07,3.72e-05,0.2,0.101974754,0.035637198,0.258674702,"d__Bacteria","d__Bacteria","d__Bacteria","k__Pseudomonadati","k__Pseudomonadati","p__Bdellovibrionota","Bdellovibrionota--other","Bdellovibrionota--other","c__Oligoflexia","c__Oligoflexia","c__Oligoflexia","o__Oligoflexales","o__Oligoflexales","o__Oligoflexales","f__uncultured","f__Oligoflexaceae--other","f__Oligoflexaceae--other","g__uncultured","g__Incertae_Sedis","g__Incertae_Sedis","s__uncultured_bacterium","s__uncultured_bacterium","As predicted",FALSE,3.72e-05,0.00372,-4.429846387,0.2,NA,0.212497643,NA,NA,FALSE,"Neutral","Seedling"
"147","38fbe7bb53bbac67e35565e954eb9af7",0.000179511,2.21e-06,-12593.33271,0.846805322,-46.59730965,0.05219918,0.920095786,-25182.66543,-25166.67129,2e+06,30,21962,5e-07,8.68e-06,0.233333333,0.024790305,0.00353934,0.153926601,"d__Bacteria","d__Bacteria","d__Bacteria","k__Bacillati","k__Bacillati","p__Actinobacteriota","Actinomycetota","Actinomycetota","c__Thermoleophilia","c__Thermoleophilia","c__Thermoleophilia","o__Gaiellales","o__Gaiellales","o__Gaiellales","f__uncultured","f__Gaiellaceae","f__Gaiellaceae","g__uncultured","g__Gaiella","g__Gaiella","s__uncultured_bacterium","","Above prediction",TRUE,8.68e-06,0.000868,-5.061313527,0.233333333,NA,0.200621055,NA,NA,FALSE,"Above","Seedling"
"148","3c2e985995945ad30db0a405dc4f092a",0.000179511,2.21e-06,-12593.33271,0.846805322,-46.59730965,0.05219918,0.920095786,-25182.66543,-25166.67129,2e+06,30,21962,5e-07,7.55e-06,0.133333333,0.021589033,0.00277269,0.149017481,"d__Bacteria","d__Bacteria","d__Bacteria","k__Bacillati","k__Bacillati","p__Chloroflexi","Chloroflexota--other","Chloroflexota--other","c__Anaerolineae","c__Ardenticatenia","c__Ardenticatenia","o__Ardenticatenales","o__Ardenticatenales","o__Ardenticatenales","f__Ardenticatenaceae","f__Ardenticatenaceae","f__Ardenticatenaceae","g__uncultured","g__Ardenticatena","g__Ardenticatena","s__uncultured_Chloroflexus","s__uncultured_Chloroflexus","As predicted",FALSE,7.55e-06,0.000755,-5.122053048,0.133333333,NA,0.131521736,NA,NA,FALSE,"Neutral","Seedling"
"149","41c3fcdc0ba7f8aa45aa2bfd2d4eeaf6",0.000179511,2.21e-06,-12593.33271,0.846805322,-46.59730965,0.05219918,0.920095786,-25182.66543,-25166.67129,2e+06,30,21962,5e-07,0.00388105,1,0.999995145,0.886478,1,"d__Bacteria","d__Bacteria","d__Bacteria","k__Bacillati","k__Bacillati","p__Actinobacteriota","Actinomycetota","Actinomycetota","c__Thermoleophilia","c__Thermoleophilia","c__Thermoleophilia","o__Gaiellales","o__Gaiellales","o__Gaiellales","f__uncultured","f__Gaiellaceae","f__Gaiellaceae","g__uncultured","g__Gaiella","g__Gaiella","","s__uncultured_Rubrobacteria","Above prediction",TRUE,0.00388105,0.388105,-2.411050762,1,NA,0.472534941,NA,NA,FALSE,"Above","Seedling"
"150","49c745322f04a08b65e51ef7cf5800ef",0.000179511,2.21e-06,-12593.33271,0.846805322,-46.59730965,0.05219918,0.920095786,-25182.66543,-25166.67129,2e+06,30,21962,5e-07,2.83e-07,0.033333333,0.000818505,5.17e-06,0.114959414,"d__Bacteria","d__Bacteria","d__Bacteria","k__Pseudomonadati--other","k__Pseudomonadati--other","p__Bacteroidota","Bacteroidota","Bacteroidota","c__Bacteroidia","c__Chitinophagia","c__Chitinophagia","o__Chitinophagales","o__Chitinophagales","o__Chitinophagales","f__Chitinophagaceae","f__Chitinophagaceae","f__Chitinophagaceae","g__uncultured","g__Incertae_Sedis","g__Incertae_Sedis","","s__soil_metagenome","As predicted",FALSE,2.83e-07,2.83e-05,-6.547702329,0.033333333,NA,0.023974392,NA,NA,FALSE,"Neutral","Seedling"
"151","4ad08edc0f9036d5f772204edf4b9d53",0.000179511,2.21e-06,-12593.33271,0.846805322,-46.59730965,0.05219918,0.920095786,-25182.66543,-25166.67129,2e+06,30,21962,5e-07,0.0002822,0.633333333,0.56116017,0.386879863,0.72155548,"d__Bacteria","d__Bacteria","d__Bacteria","k__Pseudomonadati","k__Pseudomonadati","p__Myxococcota","Myxococcota","Myxococcota","c__Polyangia","c__Polyangiia","c__Polyangiia","o__Polyangiales","o__Polyangiales--other","o__Polyangiales--other","f__Sandaracinaceae","f__Sandaracinaceae","f__Sandaracinaceae","g__uncultured","g__Sandaracinus","g__Sandaracinus","s__metagenome","s__metagenome","As predicted",FALSE,0.0002822,0.02822,-3.549442991,0.633333333,NA,0.37875897,NA,NA,FALSE,"Neutral","Seedling"
"152","539e107e4388d59578bf755e194487d7",0.000179511,2.21e-06,-12593.33271,0.846805322,-46.59730965,0.05219918,0.920095786,-25182.66543,-25166.67129,2e+06,30,21962,5e-07,0.0003815,0.9,0.672753428,0.493847559,0.812439641,"d__Archaea","d__Archaea","d__Archaea","k__Thermoproteati","k__Thermoproteati","p__Crenarchaeota","Thermoproteota","Thermoproteota","c__Nitrososphaeria","c__Nitrososphaeria","c__Nitrososphaeria","o__Nitrososphaerales","o__Nitrososphaerales","o__Nitrososphaerales","f__Nitrososphaeraceae","f__Nitrososphaeraceae","f__Nitrososphaeraceae","g__Nitrososphaeraceae","g__Candidatus_Nitrosocosmicus","g__Candidatus_Nitrosocosmicus","","s__uncultured_archaeon","Above prediction",TRUE,0.0003815,0.03815,-3.418505458,0.9,NA,0.417755685,NA,NA,FALSE,"Above","Seedling"
"153","5de04fe69beee5cc76f6cdc2005dc3a5",0.000179511,2.21e-06,-12593.33271,0.846805322,-46.59730965,0.05219918,0.920095786,-25182.66543,-25166.67129,2e+06,30,21962,5e-07,3.31e-05,0.266666667,0.091199383,0.03007891,0.245128547,"d__Bacteria","d__Bacteria","d__Bacteria","k__Bacillati","k__Bacillati","p__Chloroflexi","Chloroflexota--other","Chloroflexota--other","c__Anaerolineae","c__Anaerolineae","c__Anaerolineae","o__SBR1031","o__Phototrophicales","o__Phototrophicales","f__SBR1031","f__Phototrophicaceae","f__Phototrophicaceae","g__SBR1031","g__Phototrophicus","g__Phototrophicus","s__uncultured_Caldilineaceae","s__uncultured_Caldilineaceae","Above prediction",TRUE,3.31e-05,0.00331,-4.480828536,0.266666667,NA,0.236954596,NA,NA,FALSE,"Above","Seedling"
"154","6cb14ded507b5a587e23f539fa1bb648",0.000179511,2.21e-06,-12593.33271,0.846805322,-46.59730965,0.05219918,0.920095786,-25182.66543,-25166.67129,2e+06,30,21962,5e-07,3.13e-06,0.1,0.009015466,0.000558811,0.128938761,"d__Bacteria","d__Bacteria","d__Bacteria","k__Pseudomonadati--other","k__Pseudomonadati--other","p__Acidobacteriota","Acidobacteriota","Acidobacteriota","c__Subgroup_5","c__Terriglobia","c__Terriglobia","o__Subgroup_5","o__Subgroup_5","o__Subgroup_5","f__Subgroup_5","f__Incertae_Sedis","f__Incertae_Sedis","g__Subgroup_5","g__Incertae_Sedis","g__Incertae_Sedis","s__uncultured_Acidobacteria","s__uncultured_Acidobacteria","As predicted",FALSE,3.13e-06,0.000313,-5.503993401,0.1,NA,0.178053936,NA,NA,FALSE,"Neutral","Seedling"
"155","7890bad6b5f262c48962afef59862cf2",0.000179511,2.21e-06,-12593.33271,0.846805322,-46.59730965,0.05219918,0.920095786,-25182.66543,-25166.67129,2e+06,30,21962,5e-07,2.48e-05,0.166666667,0.069089432,0.019548853,0.216458252,"d__Bacteria","d__Bacteria","d__Bacteria","k__Bacillati","k__Bacillati","p__Actinobacteriota","Actinomycetota","Actinomycetota","c__Actinobacteria","c__Actinomycetes","c__Actinomycetes","o__Micromonosporales","o__Micromonosporales","o__Micromonosporales","f__Micromonosporaceae","f__Micromonosporaceae","f__Micromonosporaceae","g__Longispora","g__Longispora","g__Longispora","s__uncultured_bacterium","s__metagenome","As predicted",FALSE,2.48e-05,0.00248,-4.606424797,0.166666667,NA,0.186008827,NA,NA,FALSE,"Neutral","Seedling"
"156","8599524cec26e00cc7df72e7ecc01220",0.000179511,2.21e-06,-12593.33271,0.846805322,-46.59730965,0.05219918,0.920095786,-25182.66543,-25166.67129,2e+06,30,21962,5e-07,0.006051067,1,0.999999997,0.886486601,1,"d__Bacteria","d__Bacteria","d__Bacteria","k__Pseudomonadati--other","k__Pseudomonadati--other","p__Acidobacteriota","Acidobacteriota","Acidobacteriota","c__Vicinamibacteria","c__Vicinamibacteria","c__Vicinamibacteria","o__Vicinamibacterales","o__Vicinamibacterales","o__Vicinamibacterales","f__Vicinamibacteraceae","f__Vicinamibacteraceae","f__Vicinamibacteraceae","g__Vicinamibacteraceae","g__Incertae_Sedis","g__Incertae_Sedis","","s__metagenome","Above prediction",TRUE,0.006051067,0.6051067,-2.218168062,1,NA,0.463089517,NA,NA,FALSE,"Above","Seedling"
"157","8f19c3b244626c6f77c1ba8232f9ac10",0.000179511,2.21e-06,-12593.33271,0.846805322,-46.59730965,0.05219918,0.920095786,-25182.66543,-25166.67129,2e+06,30,21962,5e-07,3e-05,0.166666667,0.083134806,0.026092049,0.234817129,"d__Bacteria","d__Bacteria","d__Bacteria","k__Pseudomonadati","k__Pseudomonadati","p__Proteobacteria","Pseudomonadota","Pseudomonadota","c__Alphaproteobacteria","c__Alphaproteobacteria","c__Alphaproteobacteria","o__Elsterales","o__Azospirillales","o__Azospirillales","f__uncultured","f__Geminicoccaceae","f__Geminicoccaceae","g__uncultured","g__Incertae_Sedis","g__Incertae_Sedis","s__uncultured_bacterium","s__uncultured_bacterium","As predicted",FALSE,3e-05,0.003,-4.522878745,0.166666667,NA,0.136776801,NA,NA,FALSE,"Neutral","Seedling"
"158","9d127ac8ec1a7b03befe92229847b811",0.000179511,2.21e-06,-12593.33271,0.846805322,-46.59730965,0.05219918,0.920095786,-25182.66543,-25166.67129,2e+06,30,21962,5e-07,0.002530833,0.933333333,0.999591798,0.885764169,0.999998707,"d__Bacteria","d__Bacteria","d__Bacteria","k__Bacillati","k__Bacillati","p__Actinobacteriota","Actinomycetota","Actinomycetota","c__Thermoleophilia","c__Thermoleophilia","c__Thermoleophilia","o__Solirubrobacterales","o__Solirubrobacterales","o__Solirubrobacterales","f__Solirubrobacteraceae","f__Solirubrobacteraceae","f__Solirubrobacteraceae","g__Solirubrobacter","g__Solirubrobacter","g__Solirubrobacter","","","As predicted",FALSE,0.002530833,0.2530833,-2.596736454,0.933333333,NA,0.44305455,NA,NA,FALSE,"Neutral","Seedling"
"159","a311a9edffa358734c18789ea398ebf6",0.000179511,2.21e-06,-12593.33271,0.846805322,-46.59730965,0.05219918,0.920095786,-25182.66543,-25166.67129,2e+06,30,21962,5e-07,5.63e-06,0.1,0.016151794,0.00164598,0.140504111,"d__Bacteria","d__Bacteria","d__Bacteria","k__Pseudomonadati--other","k__Pseudomonadati--other","p__Planctomycetota","Planctomycetota","Planctomycetota","c__Planctomycetes","c__Planctomycetia","c__Planctomycetia","o__Pirellulales","o__Pirellulales","o__Pirellulales","f__Pirellulaceae","f__Thermoguttaceae--other","f__Thermoguttaceae--other","g__uncultured","g__Incertae_Sedis","g__Incertae_Sedis","s__uncultured_bacterium","s__Pirellulales_bacterium","As predicted",FALSE,5.63e-06,0.000563,-5.24923455,0.1,NA,0.093212563,NA,NA,FALSE,"Neutral","Seedling"
"160","a438a2585c15dce0dfcc7909bff26c9d",0.000179511,2.21e-06,-12593.33271,0.846805322,-46.59730965,0.05219918,0.920095786,-25182.66543,-25166.67129,2e+06,30,21962,5e-07,5.09e-05,0.533333333,0.137028196,0.055263924,0.30119679,"d__Bacteria","d__Bacteria","d__Bacteria","k__Pseudomonadati","k__Pseudomonadati","p__Proteobacteria","Pseudomonadota","Pseudomonadota","c__Alphaproteobacteria","c__Alphaproteobacteria","c__Alphaproteobacteria","o__Rhizobiales","o__Hyphomicrobiales--other","o__Hyphomicrobiales--other","f__Rhizobiaceae","f__Rhizobiaceae--other","f__Rhizobiaceae--other","","g__Manganibacter","g__Manganibacter","","s__uncultured_bacterium","Above prediction",TRUE,5.09e-05,0.00509,-4.293282218,0.533333333,NA,0.230042317,NA,NA,FALSE,"Above","Seedling"
"161","a611900bc993d70d44c9cfab9bc41e0c",0.000179511,2.21e-06,-12593.33271,0.846805322,-46.59730965,0.05219918,0.920095786,-25182.66543,-25166.67129,2e+06,30,21962,5e-07,0.00010015,0.5,0.252095093,0.131258901,0.429212339,"d__Bacteria","d__Bacteria","d__Bacteria","k__Pseudomonadati","k__Pseudomonadati","p__Proteobacteria","Pseudomonadota","Pseudomonadota","c__Alphaproteobacteria","c__Alphaproteobacteria","c__Alphaproteobacteria","o__Rhizobiales","o__Hyphomicrobiales--other","o__Hyphomicrobiales--other","f__Xanthobacteraceae","f__Nitrobacteraceae","f__Nitrobacteraceae","g__Rhodoplanes","g__Rhodoplanes","g__Rhodoplanes","","","Above prediction",TRUE,0.00010015,0.010015,-3.999349046,0.5,NA,0.33695936,NA,NA,FALSE,"Above","Seedling"
"162","b1863f644ee4aa35e4528d955815389e",0.000179511,2.21e-06,-12593.33271,0.846805322,-46.59730965,0.05219918,0.920095786,-25182.66543,-25166.67129,2e+06,30,21962,5e-07,0.00023115,0.766666667,0.490067834,0.32276599,0.659624546,"d__Bacteria","d__Bacteria","d__Bacteria","k__Pseudomonadati","k__Pseudomonadati","p__Myxococcota","Myxococcota","Myxococcota","c__Polyangia","c__Polyangiia","c__Polyangiia","o__Polyangiales","o__Polyangiales","o__Polyangiales","f__BIrii41","f__Polyangiaceae","f__Polyangiaceae","g__BIrii41","g__Incertae_Sedis","g__Incertae_Sedis","s__uncultured_bacterium","s__uncultured_bacterium","Above prediction",TRUE,0.00023115,0.023115,-3.636106102,0.766666667,NA,0.388467259,NA,NA,FALSE,"Above","Seedling"
"163","b26086d47e0a3f9bd5c419c4617b8502",0.000179511,2.21e-06,-12593.33271,0.846805322,-46.59730965,0.05219918,0.920095786,-25182.66543,-25166.67129,2e+06,30,21962,5e-07,0.003599,0.966666667,0.99998761,0.88646464,0.999999999,"d__Archaea","d__Archaea","d__Archaea","k__Thermoproteati","k__Thermoproteati","p__Crenarchaeota","Thermoproteota","Thermoproteota","c__Nitrososphaeria","c__Nitrososphaeria","c__Nitrososphaeria","o__Nitrososphaerales","o__Nitrososphaerales","o__Nitrososphaerales","f__Nitrososphaeraceae","f__Nitrososphaeraceae","f__Nitrososphaeraceae","","g__Candidatus_Nitrosocosmicus","g__Candidatus_Nitrosocosmicus","","s__uncultured_archaeon","As predicted",FALSE,0.003599,0.3599,-2.443818153,0.966666667,NA,0.461022552,NA,NA,FALSE,"Neutral","Seedling"
"164","b72d2815103feb19f37f2521dac55754",0.000179511,2.21e-06,-12593.33271,0.846805322,-46.59730965,0.05219918,0.920095786,-25182.66543,-25166.67129,2e+06,30,21962,5e-07,0.004536067,1,0.99999946,0.88648565,1,"d__Bacteria","d__Bacteria","d__Bacteria","k__Pseudomonadati--other","k__Pseudomonadati--other","p__Verrucomicrobiota","Verrucomicrobiota","Verrucomicrobiota","c__Verrucomicrobiae","c__Terrimicrobiia","c__Terrimicrobiia","o__Chthoniobacterales","o__Terrimicrobiales","o__Terrimicrobiales","f__Xiphinematobacteraceae","f__Candidatus_Xiphinematobacteraceae","f__Candidatus_Xiphinematobacteraceae","g__Candidatus_Xiphinematobacter","g__Candidatus_Xiphinematobacter","g__Candidatus_Xiphinematobacter","s__uncultured_bacterium","s__mine_metagenome","Above prediction",TRUE,0.004536067,0.4536067,-2.343320571,1,NA,0.458596014,NA,NA,FALSE,"Above","Seedling"
"165","bb037f60baf36fa3602d3bf20c7b19ce",0.000179511,2.21e-06,-12593.33271,0.846805322,-46.59730965,0.05219918,0.920095786,-25182.66543,-25166.67129,2e+06,30,21962,5e-07,4.4e-05,0.733333333,0.119458908,0.045155463,0.280155374,"d__Bacteria","d__Bacteria","d__Bacteria","k__Pseudomonadati--other","k__Pseudomonadati--other","p__Acidobacteriota","Acidobacteriota","Acidobacteriota","c__Vicinamibacteria","c__Vicinamibacteria","c__Vicinamibacteria","o__Vicinamibacterales","o__Vicinamibacterales","o__Vicinamibacterales","f__uncultured","f__Vicinamibacteraceae","f__Vicinamibacteraceae","g__uncultured","g__Incertae_Sedis","g__Incertae_Sedis","s__uncultured_bacterium","","Above prediction",TRUE,4.4e-05,0.0044,-4.357041121,0.733333333,NA,0.36270437,NA,NA,FALSE,"Above","Seedling"
"166","c39e15de7f8295ecfed0969cd53b2126",0.000179511,2.21e-06,-12593.33271,0.846805322,-46.59730965,0.05219918,0.920095786,-25182.66543,-25166.67129,2e+06,30,21962,5e-07,0.007078217,1,1,0.886486607,1,"d__Bacteria","d__Bacteria","d__Bacteria","k__Bacillati","k__Bacillati","p__Chloroflexi","Chloroflexota--other","Chloroflexota--other","c__KD4-96","c__Ktedonobacteria","c__Ktedonobacteria","o__KD4-96","o__Incertae_Sedis","o__Incertae_Sedis","f__KD4-96","f__Incertae_Sedis","f__Incertae_Sedis","g__KD4-96","g__Incertae_Sedis","g__Incertae_Sedis","","","As predicted",FALSE,0.007078217,0.7078217,-2.150076148,1,NA,0.460824002,NA,NA,FALSE,"Neutral","Seedling"
"167","cd2ed2970d1be8bfaf89925b7479b7aa",0.000179511,2.21e-06,-12593.33271,0.846805322,-46.59730965,0.05219918,0.920095786,-25182.66543,-25166.67129,2e+06,30,21962,5e-07,0.003607217,0.966666667,0.999987942,0.88646523,0.999999999,"d__Bacteria","d__Bacteria","d__Bacteria","k__Pseudomonadati--other","k__Pseudomonadati--other","p__Acidobacteriota","Acidobacteriota","Acidobacteriota","c__Vicinamibacteria","c__Vicinamibacteria","c__Vicinamibacteria","o__Vicinamibacterales","o__Vicinamibacterales","o__Vicinamibacterales","f__uncultured","f__Vicinamibacteraceae","f__Vicinamibacteraceae","g__uncultured","g__Incertae_Sedis","g__Incertae_Sedis","s__uncultured_bacterium","s__metagenome","As predicted",FALSE,0.003607217,0.3607217,-2.442827771,0.966666667,NA,0.449050972,NA,NA,FALSE,"Neutral","Seedling"
"168","cecf3d5b545d6e3444c81ab3cde003e4",0.000179511,2.21e-06,-12593.33271,0.846805322,-46.59730965,0.05219918,0.920095786,-25182.66543,-25166.67129,2e+06,30,21962,5e-07,3.13e-05,0.3,0.086492467,0.027732945,0.239129274,"d__Bacteria","d__Bacteria","d__Bacteria","k__Bacillati","k__Bacillati","p__Actinobacteriota","Actinomycetota","Actinomycetota","c__Thermoleophilia","c__Thermoleophilia","c__Thermoleophilia","o__Gaiellales","o__Gaiellales","o__Gaiellales","f__Gaiellaceae","f__Gaiellaceae","f__Gaiellaceae","g__Gaiella","g__Gaiella","g__Gaiella","","","Above prediction",TRUE,3.13e-05,0.00313,-4.504918416,0.3,NA,0.206744501,NA,NA,FALSE,"Above","Seedling"
"169","d10c72b287f6e198757f9d267625d1ed",0.000179511,2.21e-06,-12593.33271,0.846805322,-46.59730965,0.05219918,0.920095786,-25182.66543,-25166.67129,2e+06,30,21962,5e-07,0.004088867,1,0.999997574,0.886482306,1,"d__Bacteria","d__Bacteria","d__Bacteria","k__Pseudomonadati--other","k__Pseudomonadati--other","p__Acidobacteriota","Acidobacteriota","Acidobacteriota","c__Vicinamibacteria","c__Vicinamibacteria","c__Vicinamibacteria","o__Vicinamibacterales","o__Vicinamibacterales","o__Vicinamibacterales","f__Vicinamibacteraceae","f__Vicinamibacteraceae","f__Vicinamibacteraceae","g__Vicinamibacteraceae","g__Incertae_Sedis","g__Incertae_Sedis","","","Above prediction",TRUE,0.004088867,0.4088867,-2.388397051,1,NA,0.479180896,NA,NA,FALSE,"Above","Seedling"
"170","daae3699c460e7d41ec585f2d1241c4f",0.000179511,2.21e-06,-12593.33271,0.846805322,-46.59730965,0.05219918,0.920095786,-25182.66543,-25166.67129,2e+06,30,21962,5e-07,0.00447455,1,0.999999336,0.886485429,1,"d__Bacteria","d__Bacteria","d__Bacteria","k__Bacillati","k__Bacillati","p__Actinobacteriota","Actinomycetota","Actinomycetota","c__Thermoleophilia","c__Thermoleophilia","c__Thermoleophilia","o__Solirubrobacterales","","o__Solirubrobacterales","f__67-14","","f__67-14","g__67-14","","g__Incertae_Sedis","s__uncultured_Rubrobacteria","s__uncultured_Thermoleophilaceae","Above prediction",TRUE,0.00447455,0.447455,-2.349250635,1,NA,0.460970167,NA,NA,FALSE,"Above","Seedling"
"171","deecde47b41194094869e4cf17b1b34a",0.000179511,2.21e-06,-12593.33271,0.846805322,-46.59730965,0.05219918,0.920095786,-25182.66543,-25166.67129,2e+06,30,21962,5e-07,2.85e-05,0.166666667,0.079187511,0.02419931,0.229711419,"d__Bacteria","d__Bacteria","d__Bacteria","k__Bacillati","k__Bacillati","p__Actinobacteriota","Actinomycetota","Actinomycetota","c__MB-A2-108","c__MB-A2-108","c__MB-A2-108","o__MB-A2-108","o__Incertae_Sedis","o__Incertae_Sedis","f__MB-A2-108","f__Incertae_Sedis","f__Incertae_Sedis","g__MB-A2-108","g__Incertae_Sedis","g__Incertae_Sedis","s__uncultured_bacterium","","As predicted",FALSE,2.85e-05,0.00285,-4.544901241,0.166666667,NA,0.203053661,NA,NA,FALSE,"Neutral","Seedling"
"172","ea8132ab0561b1f470a6490ddd1447c7",0.000179511,2.21e-06,-12593.33271,0.846805322,-46.59730965,0.05219918,0.920095786,-25182.66543,-25166.67129,2e+06,30,21962,5e-07,1.46e-05,0.166666667,0.041430201,0.008527315,0.178440714,"d__Bacteria","d__Bacteria","d__Bacteria","k__Pseudomonadati--other","k__Pseudomonadati--other","p__Planctomycetota","Planctomycetota","Planctomycetota","c__Phycisphaerae","c__Phycisphaerae","c__Phycisphaerae","o__S-70","o__Sedimentisphaerales","o__Sedimentisphaerales","f__S-70","f__Incertae_Sedis","f__Incertae_Sedis","g__S-70","g__Incertae_Sedis","g__Incertae_Sedis","s__uncultured_bacterium","s__uncultured_bacterium","As predicted",FALSE,1.46e-05,0.00146,-4.834656734,0.166666667,NA,0.14610269,NA,NA,FALSE,"Neutral","Seedling"
"173","eb15bd717006f340879f3d01183bec80",0.000179511,2.21e-06,-12593.33271,0.846805322,-46.59730965,0.05219918,0.920095786,-25182.66543,-25166.67129,2e+06,30,21962,5e-07,9.9e-06,0.1,0.028215602,0.004435802,0.159103097,"d__Bacteria","d__Bacteria","d__Bacteria","k__Pseudomonadati--other","k__Pseudomonadati--other","p__Verrucomicrobiota","Chlamydiota","Chlamydiota","c__Chlamydiae","c__Chlamydiia","c__Chlamydiia","o__Chlamydiales","o__Chlamydiales","o__Chlamydiales","","","f__Parachlamydiaceae","","","g__Neochlamydia","","s__metagenome","As predicted",FALSE,9.9e-06,0.00099,-5.004364805,0.1,NA,0.128481865,NA,NA,FALSE,"Neutral","Seedling"
"174","f8b6d2a553f0df1c667529b281cdac3f",0.000179511,2.21e-06,-12593.33271,0.846805322,-46.59730965,0.05219918,0.920095786,-25182.66543,-25166.67129,2e+06,30,21962,5e-07,0.002277883,1,0.999079039,0.884860299,0.99999347,"d__Bacteria","d__Bacteria","d__Bacteria","k__Pseudomonadati","k__Pseudomonadati","p__Proteobacteria","Pseudomonadota","Pseudomonadota","c__Alphaproteobacteria","c__Alphaproteobacteria","c__Alphaproteobacteria","o__Rhizobiales","o__Hyphomicrobiales","o__Hyphomicrobiales","f__Hyphomicrobiaceae","f__Hyphomicrobiaceae","f__Hyphomicrobiaceae","g__Pedomicrobium","g__Pedomicrobium","g__Pedomicrobium","","s__uncultured_Alphaproteobacteria","Above prediction",TRUE,0.002277883,0.2277883,-2.642468523,1,NA,0.464177356,NA,NA,FALSE,"Above","Seedling"
"175","1d9c607939c1ee71ae4b06698acbbb3f",0.000165489,2.47e-06,-9704.324038,0.796523691,-41.53040018,0.063238941,0.914276163,-19404.64808,-19389.05404,2e+06,22,17980,5e-07,3.12e-05,0.318181818,0.080685139,0.020904006,0.265132669,"d__Bacteria","d__Bacteria","d__Bacteria","k__Pseudomonadati--other","k__Pseudomonadati--other","p__Bacteroidota","Bacteroidota","Bacteroidota","c__Bacteroidia","c__Cytophagia","c__Cytophagia","o__Cytophagales","o__Cytophagales","o__Cytophagales","f__Hymenobacteraceae","f__Hymenobacteraceae","f__Hymenobacteraceae","g__Hymenobacter","g__Hymenobacter","g__Hymenobacter","","s__Hymenobacter_terrae","Above prediction",TRUE,3.12e-05,0.00312,-4.505465944,0.318181818,"early_vegetative",0.393,0.014,"*",TRUE,"Above","Early Vegetative"
"176","201a8b7bdee6128debde3ad025749fc3",0.000165489,2.47e-06,-9704.324038,0.796523691,-41.53040018,0.063238941,0.914276163,-19404.64808,-19389.05404,2e+06,22,17980,5e-07,0.000366477,0.818181818,0.631282826,0.42473092,0.798803067,"d__Bacteria","d__Bacteria","d__Bacteria","k__Pseudomonadati--other","k__Pseudomonadati--other","p__Acidobacteriota","Acidobacteriota","Acidobacteriota","c__Vicinamibacteria","c__Vicinamibacteria","c__Vicinamibacteria","o__Vicinamibacterales","o__Vicinamibacterales","o__Vicinamibacterales","f__Vicinamibacteraceae","f__Vicinamibacteraceae","f__Vicinamibacteraceae","g__Vicinamibacteraceae","g__Incertae_Sedis","g__Incertae_Sedis","","","Above prediction",TRUE,0.000366477,0.0366477,-3.435952953,0.818181818,"early_vegetative",0.526,0.012,"*",TRUE,"Above","Early Vegetative"
"177","268d05830150f9f44ace6cae89d83924",0.000165489,2.47e-06,-9704.324038,0.796523691,-41.53040018,0.063238941,0.914276163,-19404.64808,-19389.05404,2e+06,22,17980,5e-07,0.001810295,1,0.993936926,0.841218692,0.999802898,"d__Bacteria","d__Bacteria","d__Bacteria","k__Bacillati","k__Bacillati","p__Chloroflexi","Thermomicrobiota","Thermomicrobiota","c__Chloroflexia","c__Thermomicrobia","c__Thermomicrobia","o__Thermomicrobiales","o__Thermomicrobiales--other","o__Thermomicrobiales--other","f__JG30-KF-CM45","f__JG30-KF-CM45","f__JG30-KF-CM45","g__JG30-KF-CM45","g__Incertae_Sedis","g__Incertae_Sedis","s__uncultured_bacterium","","Above prediction",TRUE,0.001810295,0.1810295,-2.742250539,1,"early_vegetative",0.513,0.001,"***",TRUE,"Above","Early Vegetative"
"178","2db7d7619de7eeb48a3eda5c3e4deac3",0.000165489,2.47e-06,-9704.324038,0.796523691,-41.53040018,0.063238941,0.914276163,-19404.64808,-19389.05404,2e+06,22,17980,5e-07,8.21e-05,0.409090909,0.19865392,0.083228195,0.403672773,"d__Bacteria","d__Bacteria","d__Bacteria","k__Pseudomonadati","k__Pseudomonadati","p__Bdellovibrionota","Bdellovibrionota--other","Bdellovibrionota--other","c__Oligoflexia","c__Oligoflexia","c__Oligoflexia","o__Oligoflexales","o__Oligoflexales","o__Oligoflexales","f__uncultured","f__Oligoflexaceae--other","f__Oligoflexaceae--other","g__uncultured","g__Incertae_Sedis","g__Incertae_Sedis","s__uncultured_bacterium","s__uncultured_bacterium","Above prediction",TRUE,8.21e-05,0.00821,-4.085825188,0.409090909,"early_vegetative",0.452,0.002,"**",TRUE,"Above","Early Vegetative"
"179","38fbe7bb53bbac67e35565e954eb9af7",0.000165489,2.47e-06,-9704.324038,0.796523691,-41.53040018,0.063238941,0.914276163,-19404.64808,-19389.05404,2e+06,22,17980,5e-07,2.88e-05,0.318181818,0.074523406,0.018386082,0.25715907,"d__Bacteria","d__Bacteria","d__Bacteria","k__Bacillati","k__Bacillati","p__Actinobacteriota","Actinomycetota","Actinomycetota","c__Thermoleophilia","c__Thermoleophilia","c__Thermoleophilia","o__Gaiellales","o__Gaiellales","o__Gaiellales","f__uncultured","f__Gaiellaceae","f__Gaiellaceae","g__uncultured","g__Gaiella","g__Gaiella","s__uncultured_bacterium","","Above prediction",TRUE,2.88e-05,0.00288,-4.541362151,0.318181818,"early_vegetative",0.426,0.015,"*",TRUE,"Above","Early Vegetative"
"180","3c2e985995945ad30db0a405dc4f092a",0.000165489,2.47e-06,-9704.324038,0.796523691,-41.53040018,0.063238941,0.914276163,-19404.64808,-19389.05404,2e+06,22,17980,5e-07,2.57e-05,0.318181818,0.066950375,0.015436104,0.247214521,"d__Bacteria","d__Bacteria","d__Bacteria","k__Bacillati","k__Bacillati","p__Chloroflexi","Chloroflexota--other","Chloroflexota--other","c__Anaerolineae","c__Ardenticatenia","c__Ardenticatenia","o__Ardenticatenales","o__Ardenticatenales","o__Ardenticatenales","f__Ardenticatenaceae","f__Ardenticatenaceae","f__Ardenticatenaceae","g__uncultured","g__Ardenticatena","g__Ardenticatena","s__uncultured_Chloroflexus","s__uncultured_Chloroflexus","Above prediction",TRUE,2.57e-05,0.00257,-4.58960625,0.318181818,"early_vegetative",0.375,0.043,"*",TRUE,"Above","Early Vegetative"
"181","41c3fcdc0ba7f8aa45aa2bfd2d4eeaf6",0.000165489,2.47e-06,-9704.324038,0.796523691,-41.53040018,0.063238941,0.914276163,-19404.64808,-19389.05404,2e+06,22,17980,5e-07,0.004342659,1,0.99999713,0.851340239,1,"d__Bacteria","d__Bacteria","d__Bacteria","k__Bacillati","k__Bacillati","p__Actinobacteriota","Actinomycetota","Actinomycetota","c__Thermoleophilia","c__Thermoleophilia","c__Thermoleophilia","o__Gaiellales","o__Gaiellales","o__Gaiellales","f__uncultured","f__Gaiellaceae","f__Gaiellaceae","g__uncultured","g__Gaiella","g__Gaiella","","s__uncultured_Rubrobacteria","Above prediction",TRUE,0.004342659,0.4342659,-2.362244262,1,"early_vegetative",0.5,0.001,"***",TRUE,"Above","Early Vegetative"
"182","49c745322f04a08b65e51ef7cf5800ef",0.000165489,2.47e-06,-9704.324038,0.796523691,-41.53040018,0.063238941,0.914276163,-19404.64808,-19389.05404,2e+06,22,17980,5e-07,1.06e-05,0.227272727,0.028228751,0.003511259,0.193208435,"d__Bacteria","d__Bacteria","d__Bacteria","k__Pseudomonadati--other","k__Pseudomonadati--other","p__Bacteroidota","Bacteroidota","Bacteroidota","c__Bacteroidia","c__Chitinophagia","c__Chitinophagia","o__Chitinophagales","o__Chitinophagales","o__Chitinophagales","f__Chitinophagaceae","f__Chitinophagaceae","f__Chitinophagaceae","g__uncultured","g__Incertae_Sedis","g__Incertae_Sedis","","s__soil_metagenome","Above prediction",TRUE,1.06e-05,0.00106,-4.973206823,0.227272727,"early_vegetative",0.384,0.009,"**",TRUE,"Above","Early Vegetative"
"183","4ad08edc0f9036d5f772204edf4b9d53",0.000165489,2.47e-06,-9704.324038,0.796523691,-41.53040018,0.063238941,0.914276163,-19404.64808,-19389.05404,2e+06,22,17980,5e-07,0.000388773,0.818181818,0.653239892,0.445549631,0.81537044,"d__Bacteria","d__Bacteria","d__Bacteria","k__Pseudomonadati","k__Pseudomonadati","p__Myxococcota","Myxococcota","Myxococcota","c__Polyangia","c__Polyangiia","c__Polyangiia","o__Polyangiales","o__Polyangiales--other","o__Polyangiales--other","f__Sandaracinaceae","f__Sandaracinaceae","f__Sandaracinaceae","g__uncultured","g__Sandaracinus","g__Sandaracinus","s__metagenome","s__metagenome","Above prediction",TRUE,0.000388773,0.0388773,-3.410304209,0.818181818,"early_vegetative",0.505,0.009,"**",TRUE,"Above","Early Vegetative"
"184","539e107e4388d59578bf755e194487d7",0.000165489,2.47e-06,-9704.324038,0.796523691,-41.53040018,0.063238941,0.914276163,-19404.64808,-19389.05404,2e+06,22,17980,5e-07,0.000557659,1,0.78272635,0.576236399,0.905159,"d__Archaea","d__Archaea","d__Archaea","k__Thermoproteati","k__Thermoproteati","p__Crenarchaeota","Thermoproteota","Thermoproteota","c__Nitrososphaeria","c__Nitrososphaeria","c__Nitrososphaeria","o__Nitrososphaerales","o__Nitrososphaerales","o__Nitrososphaerales","f__Nitrososphaeraceae","f__Nitrososphaeraceae","f__Nitrososphaeraceae","g__Nitrososphaeraceae","g__Candidatus_Nitrosocosmicus","g__Candidatus_Nitrosocosmicus","","s__uncultured_archaeon","Above prediction",TRUE,0.000557659,0.0557659,-3.253631214,1,"early_vegetative",0.532,0.025,"*",TRUE,"Above","Early Vegetative"
"185","5de04fe69beee5cc76f6cdc2005dc3a5",0.000165489,2.47e-06,-9704.324038,0.796523691,-41.53040018,0.063238941,0.914276163,-19404.64808,-19389.05404,2e+06,22,17980,5e-07,5.77e-05,0.5,0.144039628,0.051600094,0.342309651,"d__Bacteria","d__Bacteria","d__Bacteria","k__Bacillati","k__Bacillati","p__Chloroflexi","Chloroflexota--other","Chloroflexota--other","c__Anaerolineae","c__Anaerolineae","c__Anaerolineae","o__SBR1031","o__Phototrophicales","o__Phototrophicales","f__SBR1031","f__Phototrophicaceae","f__Phototrophicaceae","g__SBR1031","g__Phototrophicus","g__Phototrophicus","s__uncultured_Caldilineaceae","s__uncultured_Caldilineaceae","Above prediction",TRUE,5.77e-05,0.00577,-4.238961059,0.5,"early_vegetative",0.429,0.024,"*",TRUE,"Above","Early Vegetative"
"186","6cb14ded507b5a587e23f539fa1bb648",0.000165489,2.47e-06,-9704.324038,0.796523691,-41.53040018,0.063238941,0.914276163,-19404.64808,-19389.05404,2e+06,22,17980,5e-07,6.75e-06,0.181818182,0.018005676,0.001552708,0.177760256,"d__Bacteria","d__Bacteria","d__Bacteria","k__Pseudomonadati--other","k__Pseudomonadati--other","p__Acidobacteriota","Acidobacteriota","Acidobacteriota","c__Subgroup_5","c__Terriglobia","c__Terriglobia","o__Subgroup_5","o__Subgroup_5","o__Subgroup_5","f__Subgroup_5","f__Incertae_Sedis","f__Incertae_Sedis","g__Subgroup_5","g__Incertae_Sedis","g__Incertae_Sedis","s__uncultured_Acidobacteria","s__uncultured_Acidobacteria","Above prediction",TRUE,6.75e-06,0.000675,-5.170696227,0.181818182,"early_vegetative",0.352,0.022,"*",TRUE,"Above","Early Vegetative"
"187","7890bad6b5f262c48962afef59862cf2",0.000165489,2.47e-06,-9704.324038,0.796523691,-41.53040018,0.063238941,0.914276163,-19404.64808,-19389.05404,2e+06,22,17980,5e-07,5.28e-05,0.363636364,0.132667532,0.045544544,0.329002044,"d__Bacteria","d__Bacteria","d__Bacteria","k__Bacillati","k__Bacillati","p__Actinobacteriota","Actinomycetota","Actinomycetota","c__Actinobacteria","c__Actinomycetes","c__Actinomycetes","o__Micromonosporales","o__Micromonosporales","o__Micromonosporales","f__Micromonosporaceae","f__Micromonosporaceae","f__Micromonosporaceae","g__Longispora","g__Longispora","g__Longispora","s__uncultured_bacterium","s__metagenome","Above prediction",TRUE,5.28e-05,0.00528,-4.277403467,0.363636364,"early_vegetative",0.401,0.014,"*",TRUE,"Above","Early Vegetative"
"188","8599524cec26e00cc7df72e7ecc01220",0.000165489,2.47e-06,-9704.324038,0.796523691,-41.53040018,0.063238941,0.914276163,-19404.64808,-19389.05404,2e+06,22,17980,5e-07,0.006190614,1,0.999999992,0.851345111,1,"d__Bacteria","d__Bacteria","d__Bacteria","k__Pseudomonadati--other","k__Pseudomonadati--other","p__Acidobacteriota","Acidobacteriota","Acidobacteriota","c__Vicinamibacteria","c__Vicinamibacteria","c__Vicinamibacteria","o__Vicinamibacterales","o__Vicinamibacterales","o__Vicinamibacterales","f__Vicinamibacteraceae","f__Vicinamibacteraceae","f__Vicinamibacteraceae","g__Vicinamibacteraceae","g__Incertae_Sedis","g__Incertae_Sedis","","s__metagenome","Above prediction",TRUE,0.006190614,0.6190614,-2.2082663,1,"early_vegetative",0.468,0.029,"*",TRUE,"Above","Early Vegetative"
"189","8f19c3b244626c6f77c1ba8232f9ac10",0.000165489,2.47e-06,-9704.324038,0.796523691,-41.53040018,0.063238941,0.914276163,-19404.64808,-19389.05404,2e+06,22,17980,5e-07,9.25e-05,0.5,0.221011536,0.097217352,0.427751712,"d__Bacteria","d__Bacteria","d__Bacteria","k__Pseudomonadati","k__Pseudomonadati","p__Proteobacteria","Pseudomonadota","Pseudomonadota","c__Alphaproteobacteria","c__Alphaproteobacteria","c__Alphaproteobacteria","o__Elsterales","o__Azospirillales","o__Azospirillales","f__uncultured","f__Geminicoccaceae","f__Geminicoccaceae","g__uncultured","g__Incertae_Sedis","g__Incertae_Sedis","s__uncultured_bacterium","s__uncultured_bacterium","Above prediction",TRUE,9.25e-05,0.00925,-4.033751574,0.5,"early_vegetative",0.416,0.03,"*",TRUE,"Above","Early Vegetative"
"190","9d127ac8ec1a7b03befe92229847b811",0.000165489,2.47e-06,-9704.324038,0.796523691,-41.53040018,0.063238941,0.914276163,-19404.64808,-19389.05404,2e+06,22,17980,5e-07,0.003210955,1,0.999907119,0.851187027,0.999999951,"d__Bacteria","d__Bacteria","d__Bacteria","k__Bacillati","k__Bacillati","p__Actinobacteriota","Actinomycetota","Actinomycetota","c__Thermoleophilia","c__Thermoleophilia","c__Thermoleophilia","o__Solirubrobacterales","o__Solirubrobacterales","o__Solirubrobacterales","f__Solirubrobacteraceae","f__Solirubrobacteraceae","f__Solirubrobacteraceae","g__Solirubrobacter","g__Solirubrobacter","g__Solirubrobacter","","","Above prediction",TRUE,0.003210955,0.3210955,-2.493365842,1,"early_vegetative",0.517,0.001,"***",TRUE,"Above","Early Vegetative"
"191","a311a9edffa358734c18789ea398ebf6",0.000165489,2.47e-06,-9704.324038,0.796523691,-41.53040018,0.063238941,0.914276163,-19404.64808,-19389.05404,2e+06,22,17980,5e-07,3.16e-05,0.272727273,0.081642529,0.021304203,0.266362609,"d__Bacteria","d__Bacteria","d__Bacteria","k__Pseudomonadati--other","k__Pseudomonadati--other","p__Planctomycetota","Planctomycetota","Planctomycetota","c__Planctomycetes","c__Planctomycetia","c__Planctomycetia","o__Pirellulales","o__Pirellulales","o__Pirellulales","f__Pirellulaceae","f__Thermoguttaceae--other","f__Thermoguttaceae--other","g__uncultured","g__Incertae_Sedis","g__Incertae_Sedis","s__uncultured_bacterium","s__Pirellulales_bacterium","Above prediction",TRUE,3.16e-05,0.00316,-4.500125546,0.272727273,"early_vegetative",0.365,0.024,"*",TRUE,"Above","Early Vegetative"
"192","a438a2585c15dce0dfcc7909bff26c9d",0.000165489,2.47e-06,-9704.324038,0.796523691,-41.53040018,0.063238941,0.914276163,-19404.64808,-19389.05404,2e+06,22,17980,5e-07,0.000204227,0.636363636,0.424929989,0.245169351,0.627009674,"d__Bacteria","d__Bacteria","d__Bacteria","k__Pseudomonadati","k__Pseudomonadati","p__Proteobacteria","Pseudomonadota","Pseudomonadota","c__Alphaproteobacteria","c__Alphaproteobacteria","c__Alphaproteobacteria","o__Rhizobiales","o__Hyphomicrobiales--other","o__Hyphomicrobiales--other","f__Rhizobiaceae","f__Rhizobiaceae--other","f__Rhizobiaceae--other","","g__Manganibacter","g__Manganibacter","","s__uncultured_bacterium","Above prediction",TRUE,0.000204227,0.0204227,-3.689886262,0.636363636,"early_vegetative",0.503,0.03,"*",TRUE,"Above","Early Vegetative"
"193","a611900bc993d70d44c9cfab9bc41e0c",0.000165489,2.47e-06,-9704.324038,0.796523691,-41.53040018,0.063238941,0.914276163,-19404.64808,-19389.05404,2e+06,22,17980,5e-07,0.000139886,0.772727273,0.314900018,0.161232049,0.523600016,"d__Bacteria","d__Bacteria","d__Bacteria","k__Pseudomonadati","k__Pseudomonadati","p__Proteobacteria","Pseudomonadota","Pseudomonadota","c__Alphaproteobacteria","c__Alphaproteobacteria","c__Alphaproteobacteria","o__Rhizobiales","o__Hyphomicrobiales--other","o__Hyphomicrobiales--other","f__Xanthobacteraceae","f__Nitrobacteraceae","f__Nitrobacteraceae","g__Rhodoplanes","g__Rhodoplanes","g__Rhodoplanes","","","Above prediction",TRUE,0.000139886,0.0139886,-3.854224619,0.772727273,"early_vegetative",0.495,0.034,"*",TRUE,"Above","Early Vegetative"
"194","b1863f644ee4aa35e4528d955815389e",0.000165489,2.47e-06,-9704.324038,0.796523691,-41.53040018,0.063238941,0.914276163,-19404.64808,-19389.05404,2e+06,22,17980,5e-07,0.000364682,0.818181818,0.629456494,0.423015044,0.797409267,"d__Bacteria","d__Bacteria","d__Bacteria","k__Pseudomonadati","k__Pseudomonadati","p__Myxococcota","Myxococcota","Myxococcota","c__Polyangia","c__Polyangiia","c__Polyangiia","o__Polyangiales","o__Polyangiales","o__Polyangiales","f__BIrii41","f__Polyangiaceae","f__Polyangiaceae","g__BIrii41","g__Incertae_Sedis","g__Incertae_Sedis","s__uncultured_bacterium","s__uncultured_bacterium","Above prediction",TRUE,0.000364682,0.0364682,-3.438085889,0.818181818,"early_vegetative",0.504,0.02,"*",TRUE,"Above","Early Vegetative"
"195","b26086d47e0a3f9bd5c419c4617b8502",0.000165489,2.47e-06,-9704.324038,0.796523691,-41.53040018,0.063238941,0.914276163,-19404.64808,-19389.05404,2e+06,22,17980,5e-07,0.003897023,1,0.999988609,0.851325731,0.999999999,"d__Archaea","d__Archaea","d__Archaea","k__Thermoproteati","k__Thermoproteati","p__Crenarchaeota","Thermoproteota","Thermoproteota","c__Nitrososphaeria","c__Nitrososphaeria","c__Nitrososphaeria","o__Nitrososphaerales","o__Nitrososphaerales","o__Nitrososphaerales","f__Nitrososphaeraceae","f__Nitrososphaeraceae","f__Nitrososphaeraceae","","g__Candidatus_Nitrosocosmicus","g__Candidatus_Nitrosocosmicus","","s__uncultured_archaeon","Above prediction",TRUE,0.003897023,0.3897023,-2.409267061,1,"early_vegetative",0.488,0.01,"**",TRUE,"Above","Early Vegetative"
"196","b72d2815103feb19f37f2521dac55754",0.000165489,2.47e-06,-9704.324038,0.796523691,-41.53040018,0.063238941,0.914276163,-19404.64808,-19389.05404,2e+06,22,17980,5e-07,0.004899364,1,0.999999495,0.851344266,1,"d__Bacteria","d__Bacteria","d__Bacteria","k__Pseudomonadati--other","k__Pseudomonadati--other","p__Verrucomicrobiota","Verrucomicrobiota","Verrucomicrobiota","c__Verrucomicrobiae","c__Terrimicrobiia","c__Terrimicrobiia","o__Chthoniobacterales","o__Terrimicrobiales","o__Terrimicrobiales","f__Xiphinematobacteraceae","f__Candidatus_Xiphinematobacteraceae","f__Candidatus_Xiphinematobacteraceae","g__Candidatus_Xiphinematobacter","g__Candidatus_Xiphinematobacter","g__Candidatus_Xiphinematobacter","s__uncultured_bacterium","s__mine_metagenome","Above prediction",TRUE,0.004899364,0.4899364,-2.309860326,1,"early_vegetative",0.477,0.038,"*",TRUE,"Above","Early Vegetative"
"197","bb037f60baf36fa3602d3bf20c7b19ce",0.000165489,2.47e-06,-9704.324038,0.796523691,-41.53040018,0.063238941,0.914276163,-19404.64808,-19389.05404,2e+06,22,17980,5e-07,8.47e-05,0.818181818,0.204399233,0.08677061,0.409912847,"d__Bacteria","d__Bacteria","d__Bacteria","k__Pseudomonadati--other","k__Pseudomonadati--other","p__Acidobacteriota","Acidobacteriota","Acidobacteriota","c__Vicinamibacteria","c__Vicinamibacteria","c__Vicinamibacteria","o__Vicinamibacterales","o__Vicinamibacterales","o__Vicinamibacterales","f__uncultured","f__Vicinamibacteraceae","f__Vicinamibacteraceae","g__uncultured","g__Incertae_Sedis","g__Incertae_Sedis","s__uncultured_bacterium","","Above prediction",TRUE,8.47e-05,0.00847,-4.071976773,0.818181818,"early_vegetative",0.532,0.009,"**",TRUE,"Above","Early Vegetative"
"198","c39e15de7f8295ecfed0969cd53b2126",0.000165489,2.47e-06,-9704.324038,0.796523691,-41.53040018,0.063238941,0.914276163,-19404.64808,-19389.05404,2e+06,22,17980,5e-07,0.008187886,1,1,0.851345125,1,"d__Bacteria","d__Bacteria","d__Bacteria","k__Bacillati","k__Bacillati","p__Chloroflexi","Chloroflexota--other","Chloroflexota--other","c__KD4-96","c__Ktedonobacteria","c__Ktedonobacteria","o__KD4-96","o__Incertae_Sedis","o__Incertae_Sedis","f__KD4-96","f__Incertae_Sedis","f__Incertae_Sedis","g__KD4-96","g__Incertae_Sedis","g__Incertae_Sedis","","","Above prediction",TRUE,0.008187886,0.8187886,-2.086828193,1,"early_vegetative",0.496,0.001,"***",TRUE,"Above","Early Vegetative"
"199","cd2ed2970d1be8bfaf89925b7479b7aa",0.000165489,2.47e-06,-9704.324038,0.796523691,-41.53040018,0.063238941,0.914276163,-19404.64808,-19389.05404,2e+06,22,17980,5e-07,0.004302273,1,0.999996747,0.851339586,1,"d__Bacteria","d__Bacteria","d__Bacteria","k__Pseudomonadati--other","k__Pseudomonadati--other","p__Acidobacteriota","Acidobacteriota","Acidobacteriota","c__Vicinamibacteria","c__Vicinamibacteria","c__Vicinamibacteria","o__Vicinamibacterales","o__Vicinamibacterales","o__Vicinamibacterales","f__uncultured","f__Vicinamibacteraceae","f__Vicinamibacteraceae","g__uncultured","g__Incertae_Sedis","g__Incertae_Sedis","s__uncultured_bacterium","s__metagenome","Above prediction",TRUE,0.004302273,0.4302273,-2.366302063,1,"early_vegetative",0.499,0.001,"***",TRUE,"Above","Early Vegetative"
"200","cecf3d5b545d6e3444c81ab3cde003e4",0.000165489,2.47e-06,-9704.324038,0.796523691,-41.53040018,0.063238941,0.914276163,-19404.64808,-19389.05404,2e+06,22,17980,5e-07,8.68e-05,0.681818182,0.208742649,0.089473133,0.414605815,"d__Bacteria","d__Bacteria","d__Bacteria","k__Bacillati","k__Bacillati","p__Actinobacteriota","Actinomycetota","Actinomycetota","c__Thermoleophilia","c__Thermoleophilia","c__Thermoleophilia","o__Gaiellales","o__Gaiellales","o__Gaiellales","f__Gaiellaceae","f__Gaiellaceae","f__Gaiellaceae","g__Gaiella","g__Gaiella","g__Gaiella","","","Above prediction",TRUE,8.68e-05,0.00868,-4.061730517,0.681818182,"early_vegetative",0.519,0.011,"*",TRUE,"Above","Early Vegetative"
"201","d10c72b287f6e198757f9d267625d1ed",0.000165489,2.47e-06,-9704.324038,0.796523691,-41.53040018,0.063238941,0.914276163,-19404.64808,-19389.05404,2e+06,22,17980,5e-07,0.004267295,1,0.999996374,0.851338951,1,"d__Bacteria","d__Bacteria","d__Bacteria","k__Pseudomonadati--other","k__Pseudomonadati--other","p__Acidobacteriota","Acidobacteriota","Acidobacteriota","c__Vicinamibacteria","c__Vicinamibacteria","c__Vicinamibacteria","o__Vicinamibacterales","o__Vicinamibacterales","o__Vicinamibacterales","f__Vicinamibacteraceae","f__Vicinamibacteraceae","f__Vicinamibacteraceae","g__Vicinamibacteraceae","g__Incertae_Sedis","g__Incertae_Sedis","","","Above prediction",TRUE,0.004267295,0.4267295,-2.369847287,1,"early_vegetative",0.49,0.005,"**",TRUE,"Above","Early Vegetative"
"202","daae3699c460e7d41ec585f2d1241c4f",0.000165489,2.47e-06,-9704.324038,0.796523691,-41.53040018,0.063238941,0.914276163,-19404.64808,-19389.05404,2e+06,22,17980,5e-07,0.004995364,1,0.999999626,0.851344489,1,"d__Bacteria","d__Bacteria","d__Bacteria","k__Bacillati","k__Bacillati","p__Actinobacteriota","Actinomycetota","Actinomycetota","c__Thermoleophilia","c__Thermoleophilia","c__Thermoleophilia","o__Solirubrobacterales","","o__Solirubrobacterales","f__67-14","","f__67-14","g__67-14","","g__Incertae_Sedis","s__uncultured_Rubrobacteria","s__uncultured_Thermoleophilaceae","Above prediction",TRUE,0.004995364,0.4995364,-2.301432892,1,"early_vegetative",0.487,0.004,"**",TRUE,"Above","Early Vegetative"
"203","deecde47b41194094869e4cf17b1b34a",0.000165489,2.47e-06,-9704.324038,0.796523691,-41.53040018,0.063238941,0.914276163,-19404.64808,-19389.05404,2e+06,22,17980,5e-07,4.82e-05,0.318181818,0.121741018,0.039927523,0.316014596,"d__Bacteria","d__Bacteria","d__Bacteria","k__Bacillati","k__Bacillati","p__Actinobacteriota","Actinomycetota","Actinomycetota","c__MB-A2-108","c__MB-A2-108","c__MB-A2-108","o__MB-A2-108","o__Incertae_Sedis","o__Incertae_Sedis","f__MB-A2-108","f__Incertae_Sedis","f__Incertae_Sedis","g__MB-A2-108","g__Incertae_Sedis","g__Incertae_Sedis","s__uncultured_bacterium","","Above prediction",TRUE,4.82e-05,0.00482,-4.31732172,0.318181818,"early_vegetative",0.365,0.044,"*",TRUE,"Above","Early Vegetative"
"204","ea8132ab0561b1f470a6490ddd1447c7",0.000165489,2.47e-06,-9704.324038,0.796523691,-41.53040018,0.063238941,0.914276163,-19404.64808,-19389.05404,2e+06,22,17980,5e-07,3.86e-05,0.454545455,0.098875921,0.028887477,0.288122465,"d__Bacteria","d__Bacteria","d__Bacteria","k__Pseudomonadati--other","k__Pseudomonadati--other","p__Planctomycetota","Planctomycetota","Planctomycetota","c__Phycisphaerae","c__Phycisphaerae","c__Phycisphaerae","o__S-70","o__Sedimentisphaerales","o__Sedimentisphaerales","f__S-70","f__Incertae_Sedis","f__Incertae_Sedis","g__S-70","g__Incertae_Sedis","g__Incertae_Sedis","s__uncultured_bacterium","s__uncultured_bacterium","Above prediction",TRUE,3.86e-05,0.00386,-4.413003755,0.454545455,"early_vegetative",0.392,0.042,"*",TRUE,"Above","Early Vegetative"
"205","eb15bd717006f340879f3d01183bec80",0.000165489,2.47e-06,-9704.324038,0.796523691,-41.53040018,0.063238941,0.914276163,-19404.64808,-19389.05404,2e+06,22,17980,5e-07,3.23e-05,0.272727273,0.083217285,0.021967551,0.268380584,"d__Bacteria","d__Bacteria","d__Bacteria","k__Pseudomonadati--other","k__Pseudomonadati--other","p__Verrucomicrobiota","Chlamydiota","Chlamydiota","c__Chlamydiae","c__Chlamydiia","c__Chlamydiia","o__Chlamydiales","o__Chlamydiales","o__Chlamydiales","","","f__Parachlamydiaceae","","","g__Neochlamydia","","s__metagenome","Above prediction",TRUE,3.23e-05,0.00323,-4.491470281,0.272727273,"early_vegetative",0.383,0.016,"*",TRUE,"Above","Early Vegetative"
"206","f8b6d2a553f0df1c667529b281cdac3f",0.000165489,2.47e-06,-9704.324038,0.796523691,-41.53040018,0.063238941,0.914276163,-19404.64808,-19389.05404,2e+06,22,17980,5e-07,0.002498659,1,0.999206945,0.849998368,0.99999643,"d__Bacteria","d__Bacteria","d__Bacteria","k__Pseudomonadati","k__Pseudomonadati","p__Proteobacteria","Pseudomonadota","Pseudomonadota","c__Alphaproteobacteria","c__Alphaproteobacteria","c__Alphaproteobacteria","o__Rhizobiales","o__Hyphomicrobiales","o__Hyphomicrobiales","f__Hyphomicrobiaceae","f__Hyphomicrobiaceae","f__Hyphomicrobiaceae","g__Pedomicrobium","g__Pedomicrobium","g__Pedomicrobium","","s__uncultured_Alphaproteobacteria","Above prediction",TRUE,0.002498659,0.2498659,-2.602292994,1,"early_vegetative",0.486,0.009,"**",TRUE,"Above","Early Vegetative"
"207","1d9c607939c1ee71ae4b06698acbbb3f",0.000182793,2.22e-06,-13513.47156,0.836412384,-48.17839908,0.053073979,0.920224162,-27022.94312,-27006.84933,2e+06,30,23084,5e-07,2.38e-06,0.033333333,0.006974142,0.00034347,0.125534889,"d__Bacteria","d__Bacteria","d__Bacteria","k__Pseudomonadati--other","k__Pseudomonadati--other","p__Bacteroidota","Bacteroidota","Bacteroidota","c__Bacteroidia","c__Cytophagia","c__Cytophagia","o__Cytophagales","o__Cytophagales","o__Cytophagales","f__Hymenobacteraceae","f__Hymenobacteraceae","f__Hymenobacteraceae","g__Hymenobacter","g__Hymenobacter","g__Hymenobacter","","s__Hymenobacter_terrae","As predicted",FALSE,2.38e-06,0.000238,-5.622815213,0.033333333,NA,0.035150948,NA,NA,FALSE,"Neutral","Late Vegetative"
"208","201a8b7bdee6128debde3ad025749fc3",0.000182793,2.22e-06,-13513.47156,0.836412384,-48.17839908,0.053073979,0.920224162,-27022.94312,-27006.84933,2e+06,30,23084,5e-07,0.00018175,0.633333333,0.415605354,0.258867421,0.591503132,"d__Bacteria","d__Bacteria","d__Bacteria","k__Pseudomonadati--other","k__Pseudomonadati--other","p__Acidobacteriota","Acidobacteriota","Acidobacteriota","c__Vicinamibacteria","c__Vicinamibacteria","c__Vicinamibacteria","o__Vicinamibacterales","o__Vicinamibacterales","o__Vicinamibacterales","f__Vicinamibacteraceae","f__Vicinamibacteraceae","f__Vicinamibacteraceae","g__Vicinamibacteraceae","g__Incertae_Sedis","g__Incertae_Sedis","","","Above prediction",TRUE,0.00018175,0.018175,-3.74052558,0.633333333,NA,0.32561642,NA,NA,FALSE,"Above","Late Vegetative"
"209","268d05830150f9f44ace6cae89d83924",0.000182793,2.22e-06,-13513.47156,0.836412384,-48.17839908,0.053073979,0.920224162,-27022.94312,-27006.84933,2e+06,30,23084,5e-07,0.001308883,1,0.981652945,0.856030459,0.99792731,"d__Bacteria","d__Bacteria","d__Bacteria","k__Bacillati","k__Bacillati","p__Chloroflexi","Thermomicrobiota","Thermomicrobiota","c__Chloroflexia","c__Thermomicrobia","c__Thermomicrobia","o__Thermomicrobiales","o__Thermomicrobiales--other","o__Thermomicrobiales--other","f__JG30-KF-CM45","f__JG30-KF-CM45","f__JG30-KF-CM45","g__JG30-KF-CM45","g__Incertae_Sedis","g__Incertae_Sedis","s__uncultured_bacterium","","Above prediction",TRUE,0.001308883,0.1308883,-2.883099062,1,NA,0.435956935,NA,NA,FALSE,"Above","Late Vegetative"
"210","2db7d7619de7eeb48a3eda5c3e4deac3",0.000182793,2.22e-06,-13513.47156,0.836412384,-48.17839908,0.053073979,0.920224162,-27022.94312,-27006.84933,2e+06,30,23084,5e-07,2.22e-05,0.166666667,0.063017511,0.016897106,0.208344646,"d__Bacteria","d__Bacteria","d__Bacteria","k__Pseudomonadati","k__Pseudomonadati","p__Bdellovibrionota","Bdellovibrionota--other","Bdellovibrionota--other","c__Oligoflexia","c__Oligoflexia","c__Oligoflexia","o__Oligoflexales","o__Oligoflexales","o__Oligoflexales","f__uncultured","f__Oligoflexaceae--other","f__Oligoflexaceae--other","g__uncultured","g__Incertae_Sedis","g__Incertae_Sedis","s__uncultured_bacterium","s__uncultured_bacterium","As predicted",FALSE,2.22e-05,0.00222,-4.654626269,0.166666667,NA,0.149752318,NA,NA,FALSE,"Neutral","Late Vegetative"
"211","38fbe7bb53bbac67e35565e954eb9af7",0.000182793,2.22e-06,-13513.47156,0.836412384,-48.17839908,0.053073979,0.920224162,-27022.94312,-27006.84933,2e+06,30,23084,5e-07,3.22e-06,0.1,0.009401451,0.000604691,0.129577223,"d__Bacteria","d__Bacteria","d__Bacteria","k__Bacillati","k__Bacillati","p__Actinobacteriota","Actinomycetota","Actinomycetota","c__Thermoleophilia","c__Thermoleophilia","c__Thermoleophilia","o__Gaiellales","o__Gaiellales","o__Gaiellales","f__uncultured","f__Gaiellaceae","f__Gaiellaceae","g__uncultured","g__Gaiella","g__Gaiella","s__uncultured_bacterium","","As predicted",FALSE,3.22e-06,0.000322,-5.492593941,0.1,NA,0.079937012,NA,NA,FALSE,"Neutral","Late Vegetative"
"212","3c2e985995945ad30db0a405dc4f092a",0.000182793,2.22e-06,-13513.47156,0.836412384,-48.17839908,0.053073979,0.920224162,-27022.94312,-27006.84933,2e+06,30,23084,5e-07,7.67e-06,0.166666667,0.022265725,0.002928717,0.15006121,"d__Bacteria","d__Bacteria","d__Bacteria","k__Bacillati","k__Bacillati","p__Chloroflexi","Chloroflexota--other","Chloroflexota--other","c__Anaerolineae","c__Ardenticatenia","c__Ardenticatenia","o__Ardenticatenales","o__Ardenticatenales","o__Ardenticatenales","f__Ardenticatenaceae","f__Ardenticatenaceae","f__Ardenticatenaceae","g__uncultured","g__Ardenticatena","g__Ardenticatena","s__uncultured_Chloroflexus","s__uncultured_Chloroflexus","Above prediction",TRUE,7.67e-06,0.000767,-5.115393419,0.166666667,NA,0.148177531,NA,NA,FALSE,"Above","Late Vegetative"
"213","41c3fcdc0ba7f8aa45aa2bfd2d4eeaf6",0.000182793,2.22e-06,-13513.47156,0.836412384,-48.17839908,0.053073979,0.920224162,-27022.94312,-27006.84933,2e+06,30,23084,5e-07,0.003114217,1,0.999948162,0.88639472,0.999999979,"d__Bacteria","d__Bacteria","d__Bacteria","k__Bacillati","k__Bacillati","p__Actinobacteriota","Actinomycetota","Actinomycetota","c__Thermoleophilia","c__Thermoleophilia","c__Thermoleophilia","o__Gaiellales","o__Gaiellales","o__Gaiellales","f__uncultured","f__Gaiellaceae","f__Gaiellaceae","g__uncultured","g__Gaiella","g__Gaiella","","s__uncultured_Rubrobacteria","Above prediction",TRUE,0.003114217,0.3114217,-2.506651175,1,NA,0.423285821,NA,NA,FALSE,"Above","Late Vegetative"
"214","49c745322f04a08b65e51ef7cf5800ef",0.000182793,2.22e-06,-13513.47156,0.836412384,-48.17839908,0.053073979,0.920224162,-27022.94312,-27006.84933,2e+06,30,23084,5e-07,1.03e-06,0.033333333,0.003029595,6.85e-05,0.118816304,"d__Bacteria","d__Bacteria","d__Bacteria","k__Pseudomonadati--other","k__Pseudomonadati--other","p__Bacteroidota","Bacteroidota","Bacteroidota","c__Bacteroidia","c__Chitinophagia","c__Chitinophagia","o__Chitinophagales","o__Chitinophagales","o__Chitinophagales","f__Chitinophagaceae","f__Chitinophagaceae","f__Chitinophagaceae","g__uncultured","g__Incertae_Sedis","g__Incertae_Sedis","","s__soil_metagenome","As predicted",FALSE,1.03e-06,0.000103,-5.985759561,0.033333333,NA,0.045784554,NA,NA,FALSE,"Neutral","Late Vegetative"
"215","4ad08edc0f9036d5f772204edf4b9d53",0.000182793,2.22e-06,-13513.47156,0.836412384,-48.17839908,0.053073979,0.920224162,-27022.94312,-27006.84933,2e+06,30,23084,5e-07,0.000267867,0.766666667,0.547992555,0.374775353,0.710314161,"d__Bacteria","d__Bacteria","d__Bacteria","k__Pseudomonadati","k__Pseudomonadati","p__Myxococcota","Myxococcota","Myxococcota","c__Polyangia","c__Polyangiia","c__Polyangiia","o__Polyangiales","o__Polyangiales--other","o__Polyangiales--other","f__Sandaracinaceae","f__Sandaracinaceae","f__Sandaracinaceae","g__uncultured","g__Sandaracinus","g__Sandaracinus","s__metagenome","s__metagenome","Above prediction",TRUE,0.000267867,0.0267867,-3.572081327,0.766666667,NA,0.406004527,NA,NA,FALSE,"Above","Late Vegetative"
"216","539e107e4388d59578bf755e194487d7",0.000182793,2.22e-06,-13513.47156,0.836412384,-48.17839908,0.053073979,0.920224162,-27022.94312,-27006.84933,2e+06,30,23084,5e-07,0.0003381,0.866666667,0.633814535,0.455601886,0.7816477,"d__Archaea","d__Archaea","d__Archaea","k__Thermoproteati","k__Thermoproteati","p__Crenarchaeota","Thermoproteota","Thermoproteota","c__Nitrososphaeria","c__Nitrososphaeria","c__Nitrososphaeria","o__Nitrososphaerales","o__Nitrososphaerales","o__Nitrososphaerales","f__Nitrososphaeraceae","f__Nitrososphaeraceae","f__Nitrososphaeraceae","g__Nitrososphaeraceae","g__Candidatus_Nitrosocosmicus","g__Candidatus_Nitrosocosmicus","","s__uncultured_archaeon","Above prediction",TRUE,0.0003381,0.03381,-3.470954829,0.866666667,NA,0.385924611,NA,NA,FALSE,"Above","Late Vegetative"
"217","5de04fe69beee5cc76f6cdc2005dc3a5",0.000182793,2.22e-06,-13513.47156,0.836412384,-48.17839908,0.053073979,0.920224162,-27022.94312,-27006.84933,2e+06,30,23084,5e-07,1.78e-05,0.2,0.0509086,0.011978969,0.191794008,"d__Bacteria","d__Bacteria","d__Bacteria","k__Bacillati","k__Bacillati","p__Chloroflexi","Chloroflexota--other","Chloroflexota--other","c__Anaerolineae","c__Anaerolineae","c__Anaerolineae","o__SBR1031","o__Phototrophicales","o__Phototrophicales","f__SBR1031","f__Phototrophicaceae","f__Phototrophicaceae","g__SBR1031","g__Phototrophicus","g__Phototrophicus","s__uncultured_Caldilineaceae","s__uncultured_Caldilineaceae","Above prediction",TRUE,1.78e-05,0.00178,-4.749986831,0.2,NA,0.150527768,NA,NA,FALSE,"Above","Late Vegetative"
"218","7890bad6b5f262c48962afef59862cf2",0.000182793,2.22e-06,-13513.47156,0.836412384,-48.17839908,0.053073979,0.920224162,-27022.94312,-27006.84933,2e+06,30,23084,5e-07,2.49e-05,0.133333333,0.07061149,0.02023123,0.218474443,"d__Bacteria","d__Bacteria","d__Bacteria","k__Bacillati","k__Bacillati","p__Actinobacteriota","Actinomycetota","Actinomycetota","c__Actinobacteria","c__Actinomycetes","c__Actinomycetes","o__Micromonosporales","o__Micromonosporales","o__Micromonosporales","f__Micromonosporaceae","f__Micromonosporaceae","f__Micromonosporaceae","g__Longispora","g__Longispora","g__Longispora","s__uncultured_bacterium","s__metagenome","As predicted",FALSE,2.49e-05,0.00249,-4.603510058,0.133333333,NA,0.166930586,NA,NA,FALSE,"Neutral","Late Vegetative"
"219","8599524cec26e00cc7df72e7ecc01220",0.000182793,2.22e-06,-13513.47156,0.836412384,-48.17839908,0.053073979,0.920224162,-27022.94312,-27006.84933,2e+06,30,23084,5e-07,0.00597035,1,0.999999997,0.886486602,1,"d__Bacteria","d__Bacteria","d__Bacteria","k__Pseudomonadati--other","k__Pseudomonadati--other","p__Acidobacteriota","Acidobacteriota","Acidobacteriota","c__Vicinamibacteria","c__Vicinamibacteria","c__Vicinamibacteria","o__Vicinamibacterales","o__Vicinamibacterales","o__Vicinamibacterales","f__Vicinamibacteraceae","f__Vicinamibacteraceae","f__Vicinamibacteraceae","g__Vicinamibacteraceae","g__Incertae_Sedis","g__Incertae_Sedis","","s__metagenome","Above prediction",TRUE,0.00597035,0.597035,-2.224000208,1,NA,0.459990515,NA,NA,FALSE,"Above","Late Vegetative"
"220","8f19c3b244626c6f77c1ba8232f9ac10",0.000182793,2.22e-06,-13513.47156,0.836412384,-48.17839908,0.053073979,0.920224162,-27022.94312,-27006.84933,2e+06,30,23084,5e-07,6.09e-05,0.333333333,0.164076906,0.071736312,0.332681041,"d__Bacteria","d__Bacteria","d__Bacteria","k__Pseudomonadati","k__Pseudomonadati","p__Proteobacteria","Pseudomonadota","Pseudomonadota","c__Alphaproteobacteria","c__Alphaproteobacteria","c__Alphaproteobacteria","o__Elsterales","o__Azospirillales","o__Azospirillales","f__uncultured","f__Geminicoccaceae","f__Geminicoccaceae","g__uncultured","g__Incertae_Sedis","g__Incertae_Sedis","s__uncultured_bacterium","s__uncultured_bacterium","Above prediction",TRUE,6.09e-05,0.00609,-4.215382707,0.333333333,NA,0.275597618,NA,NA,FALSE,"Above","Late Vegetative"
"221","9d127ac8ec1a7b03befe92229847b811",0.000182793,2.22e-06,-13513.47156,0.836412384,-48.17839908,0.053073979,0.920224162,-27022.94312,-27006.84933,2e+06,30,23084,5e-07,0.002142383,0.866666667,0.998728527,0.8842447,0.999987619,"d__Bacteria","d__Bacteria","d__Bacteria","k__Bacillati","k__Bacillati","p__Actinobacteriota","Actinomycetota","Actinomycetota","c__Thermoleophilia","c__Thermoleophilia","c__Thermoleophilia","o__Solirubrobacterales","o__Solirubrobacterales","o__Solirubrobacterales","f__Solirubrobacteraceae","f__Solirubrobacteraceae","f__Solirubrobacteraceae","g__Solirubrobacter","g__Solirubrobacter","g__Solirubrobacter","","","Below prediction",FALSE,0.002142383,0.2142383,-2.669102819,0.866666667,NA,0.392809224,NA,NA,FALSE,"Below","Late Vegetative"
"222","a311a9edffa358734c18789ea398ebf6",0.000182793,2.22e-06,-13513.47156,0.836412384,-48.17839908,0.053073979,0.920224162,-27022.94312,-27006.84933,2e+06,30,23084,5e-07,2.22e-05,0.133333333,0.063201208,0.016975621,0.208591821,"d__Bacteria","d__Bacteria","d__Bacteria","k__Pseudomonadati--other","k__Pseudomonadati--other","p__Planctomycetota","Planctomycetota","Planctomycetota","c__Planctomycetes","c__Planctomycetia","c__Planctomycetia","o__Pirellulales","o__Pirellulales","o__Pirellulales","f__Pirellulaceae","f__Thermoguttaceae--other","f__Thermoguttaceae--other","g__uncultured","g__Incertae_Sedis","g__Incertae_Sedis","s__uncultured_bacterium","s__Pirellulales_bacterium","As predicted",FALSE,2.22e-05,0.00222,-4.653321101,0.133333333,NA,0.213747253,NA,NA,FALSE,"Neutral","Late Vegetative"
"223","a438a2585c15dce0dfcc7909bff26c9d",0.000182793,2.22e-06,-13513.47156,0.836412384,-48.17839908,0.053073979,0.920224162,-27022.94312,-27006.84933,2e+06,30,23084,5e-07,8.94e-05,0.466666667,0.23142328,0.116584165,0.407236504,"d__Bacteria","d__Bacteria","d__Bacteria","k__Pseudomonadati","k__Pseudomonadati","p__Proteobacteria","Pseudomonadota","Pseudomonadota","c__Alphaproteobacteria","c__Alphaproteobacteria","c__Alphaproteobacteria","o__Rhizobiales","o__Hyphomicrobiales--other","o__Hyphomicrobiales--other","f__Rhizobiaceae","f__Rhizobiaceae--other","f__Rhizobiaceae--other","","g__Manganibacter","g__Manganibacter","","s__uncultured_bacterium","Above prediction",TRUE,8.94e-05,0.00894,-4.048905443,0.466666667,NA,0.285101923,NA,NA,FALSE,"Above","Late Vegetative"
"224","a611900bc993d70d44c9cfab9bc41e0c",0.000182793,2.22e-06,-13513.47156,0.836412384,-48.17839908,0.053073979,0.920224162,-27022.94312,-27006.84933,2e+06,30,23084,5e-07,9.83e-05,0.6,0.251381994,0.130746377,0.428460558,"d__Bacteria","d__Bacteria","d__Bacteria","k__Pseudomonadati","k__Pseudomonadati","p__Proteobacteria","Pseudomonadota","Pseudomonadota","c__Alphaproteobacteria","c__Alphaproteobacteria","c__Alphaproteobacteria","o__Rhizobiales","o__Hyphomicrobiales--other","o__Hyphomicrobiales--other","f__Xanthobacteraceae","f__Nitrobacteraceae","f__Nitrobacteraceae","g__Rhodoplanes","g__Rhodoplanes","g__Rhodoplanes","","","Above prediction",TRUE,9.83e-05,0.00983,-4.007667441,0.6,NA,0.365602326,NA,NA,FALSE,"Above","Late Vegetative"
"225","b1863f644ee4aa35e4528d955815389e",0.000182793,2.22e-06,-13513.47156,0.836412384,-48.17839908,0.053073979,0.920224162,-27022.94312,-27006.84933,2e+06,30,23084,5e-07,0.000168917,0.666666667,0.392877079,0.240041181,0.570032748,"d__Bacteria","d__Bacteria","d__Bacteria","k__Pseudomonadati","k__Pseudomonadati","p__Myxococcota","Myxococcota","Myxococcota","c__Polyangia","c__Polyangiia","c__Polyangiia","o__Polyangiales","o__Polyangiales","o__Polyangiales","f__BIrii41","f__Polyangiaceae","f__Polyangiaceae","g__BIrii41","g__Incertae_Sedis","g__Incertae_Sedis","s__uncultured_bacterium","s__uncultured_bacterium","Above prediction",TRUE,0.000168917,0.0168917,-3.772327497,0.666666667,NA,0.309666912,NA,NA,FALSE,"Above","Late Vegetative"
"226","b26086d47e0a3f9bd5c419c4617b8502",0.000182793,2.22e-06,-13513.47156,0.836412384,-48.17839908,0.053073979,0.920224162,-27022.94312,-27006.84933,2e+06,30,23084,5e-07,0.003082233,1,0.999942331,0.886384387,0.999999974,"d__Archaea","d__Archaea","d__Archaea","k__Thermoproteati","k__Thermoproteati","p__Crenarchaeota","Thermoproteota","Thermoproteota","c__Nitrososphaeria","c__Nitrososphaeria","c__Nitrososphaeria","o__Nitrososphaerales","o__Nitrososphaerales","o__Nitrososphaerales","f__Nitrososphaeraceae","f__Nitrososphaeraceae","f__Nitrososphaeraceae","","g__Candidatus_Nitrosocosmicus","g__Candidatus_Nitrosocosmicus","","s__uncultured_archaeon","Above prediction",TRUE,0.003082233,0.3082233,-2.511134487,1,NA,0.43393595,NA,NA,FALSE,"Above","Late Vegetative"
"227","b72d2815103feb19f37f2521dac55754",0.000182793,2.22e-06,-13513.47156,0.836412384,-48.17839908,0.053073979,0.920224162,-27022.94312,-27006.84933,2e+06,30,23084,5e-07,0.004526633,1,0.999999566,0.886485837,1,"d__Bacteria","d__Bacteria","d__Bacteria","k__Pseudomonadati--other","k__Pseudomonadati--other","p__Verrucomicrobiota","Verrucomicrobiota","Verrucomicrobiota","c__Verrucomicrobiae","c__Terrimicrobiia","c__Terrimicrobiia","o__Chthoniobacterales","o__Terrimicrobiales","o__Terrimicrobiales","f__Xiphinematobacteraceae","f__Candidatus_Xiphinematobacteraceae","f__Candidatus_Xiphinematobacteraceae","g__Candidatus_Xiphinematobacter","g__Candidatus_Xiphinematobacter","g__Candidatus_Xiphinematobacter","s__uncultured_bacterium","s__mine_metagenome","Above prediction",TRUE,0.004526633,0.4526633,-2.344224683,1,NA,0.458118911,NA,NA,FALSE,"Above","Late Vegetative"
"228","bb037f60baf36fa3602d3bf20c7b19ce",0.000182793,2.22e-06,-13513.47156,0.836412384,-48.17839908,0.053073979,0.920224162,-27022.94312,-27006.84933,2e+06,30,23084,5e-07,3.16e-05,0.566666667,0.088619878,0.028786793,0.241847271,"d__Bacteria","d__Bacteria","d__Bacteria","k__Pseudomonadati--other","k__Pseudomonadati--other","p__Acidobacteriota","Acidobacteriota","Acidobacteriota","c__Vicinamibacteria","c__Vicinamibacteria","c__Vicinamibacteria","o__Vicinamibacterales","o__Vicinamibacterales","o__Vicinamibacterales","f__uncultured","f__Vicinamibacteraceae","f__Vicinamibacteraceae","g__uncultured","g__Incertae_Sedis","g__Incertae_Sedis","s__uncultured_bacterium","","Above prediction",TRUE,3.16e-05,0.00316,-4.500771276,0.566666667,NA,0.270209635,NA,NA,FALSE,"Above","Late Vegetative"
"229","c39e15de7f8295ecfed0969cd53b2126",0.000182793,2.22e-06,-13513.47156,0.836412384,-48.17839908,0.053073979,0.920224162,-27022.94312,-27006.84933,2e+06,30,23084,5e-07,0.006316533,1,0.999999999,0.886486605,1,"d__Bacteria","d__Bacteria","d__Bacteria","k__Bacillati","k__Bacillati","p__Chloroflexi","Chloroflexota--other","Chloroflexota--other","c__KD4-96","c__Ktedonobacteria","c__Ktedonobacteria","o__KD4-96","o__Incertae_Sedis","o__Incertae_Sedis","f__KD4-96","f__Incertae_Sedis","f__Incertae_Sedis","g__KD4-96","g__Incertae_Sedis","g__Incertae_Sedis","","","As predicted",FALSE,0.006316533,0.6316533,-2.199521208,1,NA,0.43532395,NA,NA,FALSE,"Neutral","Late Vegetative"
"230","cd2ed2970d1be8bfaf89925b7479b7aa",0.000182793,2.22e-06,-13513.47156,0.836412384,-48.17839908,0.053073979,0.920224162,-27022.94312,-27006.84933,2e+06,30,23084,5e-07,0.0033099,0.966666667,0.999973045,0.886438822,0.999999994,"d__Bacteria","d__Bacteria","d__Bacteria","k__Pseudomonadati--other","k__Pseudomonadati--other","p__Acidobacteriota","Acidobacteriota","Acidobacteriota","c__Vicinamibacteria","c__Vicinamibacteria","c__Vicinamibacteria","o__Vicinamibacterales","o__Vicinamibacterales","o__Vicinamibacterales","f__uncultured","f__Vicinamibacteraceae","f__Vicinamibacteraceae","g__uncultured","g__Incertae_Sedis","g__Incertae_Sedis","s__uncultured_bacterium","s__metagenome","As predicted",FALSE,0.0033099,0.33099,-2.480185127,0.966666667,NA,0.430147064,NA,NA,FALSE,"Neutral","Late Vegetative"
"231","cecf3d5b545d6e3444c81ab3cde003e4",0.000182793,2.22e-06,-13513.47156,0.836412384,-48.17839908,0.053073979,0.920224162,-27022.94312,-27006.84933,2e+06,30,23084,5e-07,5.07e-05,0.366666667,0.138514283,0.056141592,0.302953914,"d__Bacteria","d__Bacteria","d__Bacteria","k__Bacillati","k__Bacillati","p__Actinobacteriota","Actinomycetota","Actinomycetota","c__Thermoleophilia","c__Thermoleophilia","c__Thermoleophilia","o__Gaiellales","o__Gaiellales","o__Gaiellales","f__Gaiellaceae","f__Gaiellaceae","f__Gaiellaceae","g__Gaiella","g__Gaiella","g__Gaiella","","","Above prediction",TRUE,5.07e-05,0.00507,-4.29513483,0.366666667,NA,0.291005266,NA,NA,FALSE,"Above","Late Vegetative"
"232","d10c72b287f6e198757f9d267625d1ed",0.000182793,2.22e-06,-13513.47156,0.836412384,-48.17839908,0.053073979,0.920224162,-27022.94312,-27006.84933,2e+06,30,23084,5e-07,0.003663067,1,0.99999178,0.886472033,0.999999999,"d__Bacteria","d__Bacteria","d__Bacteria","k__Pseudomonadati--other","k__Pseudomonadati--other","p__Acidobacteriota","Acidobacteriota","Acidobacteriota","c__Vicinamibacteria","c__Vicinamibacteria","c__Vicinamibacteria","o__Vicinamibacterales","o__Vicinamibacterales","o__Vicinamibacterales","f__Vicinamibacteraceae","f__Vicinamibacteraceae","f__Vicinamibacteraceae","g__Vicinamibacteraceae","g__Incertae_Sedis","g__Incertae_Sedis","","","Above prediction",TRUE,0.003663067,0.3663067,-2.436155177,1,NA,0.453545051,NA,NA,FALSE,"Above","Late Vegetative"
"233","daae3699c460e7d41ec585f2d1241c4f",0.000182793,2.22e-06,-13513.47156,0.836412384,-48.17839908,0.053073979,0.920224162,-27022.94312,-27006.84933,2e+06,30,23084,5e-07,0.00404705,0.966666667,0.999997763,0.88648264,1,"d__Bacteria","d__Bacteria","d__Bacteria","k__Bacillati","k__Bacillati","p__Actinobacteriota","Actinomycetota","Actinomycetota","c__Thermoleophilia","c__Thermoleophilia","c__Thermoleophilia","o__Solirubrobacterales","","o__Solirubrobacterales","f__67-14","","f__67-14","g__67-14","","g__Incertae_Sedis","s__uncultured_Rubrobacteria","s__uncultured_Thermoleophilaceae","As predicted",FALSE,0.00404705,0.404705,-2.39286143,0.966666667,NA,0.431028308,NA,NA,FALSE,"Neutral","Late Vegetative"
"234","deecde47b41194094869e4cf17b1b34a",0.000182793,2.22e-06,-13513.47156,0.836412384,-48.17839908,0.053073979,0.920224162,-27022.94312,-27006.84933,2e+06,30,23084,5e-07,1.42e-05,0.1,0.040952041,0.008363683,0.177756581,"d__Bacteria","d__Bacteria","d__Bacteria","k__Bacillati","k__Bacillati","p__Actinobacteriota","Actinomycetota","Actinomycetota","c__MB-A2-108","c__MB-A2-108","c__MB-A2-108","o__MB-A2-108","o__Incertae_Sedis","o__Incertae_Sedis","f__MB-A2-108","f__Incertae_Sedis","f__Incertae_Sedis","g__MB-A2-108","g__Incertae_Sedis","g__Incertae_Sedis","s__uncultured_bacterium","","As predicted",FALSE,1.42e-05,0.00142,-4.84669338,0.1,NA,0.111119526,NA,NA,FALSE,"Neutral","Late Vegetative"
"235","ea8132ab0561b1f470a6490ddd1447c7",0.000182793,2.22e-06,-13513.47156,0.836412384,-48.17839908,0.053073979,0.920224162,-27022.94312,-27006.84933,2e+06,30,23084,5e-07,3.56e-05,0.333333333,0.099331836,0.034250757,0.25537532,"d__Bacteria","d__Bacteria","d__Bacteria","k__Pseudomonadati--other","k__Pseudomonadati--other","p__Planctomycetota","Planctomycetota","Planctomycetota","c__Phycisphaerae","c__Phycisphaerae","c__Phycisphaerae","o__S-70","o__Sedimentisphaerales","o__Sedimentisphaerales","f__S-70","f__Incertae_Sedis","f__Incertae_Sedis","g__S-70","g__Incertae_Sedis","g__Incertae_Sedis","s__uncultured_bacterium","s__uncultured_bacterium","Above prediction",TRUE,3.56e-05,0.00356,-4.448753371,0.333333333,NA,0.322199522,NA,NA,FALSE,"Above","Late Vegetative"
"236","eb15bd717006f340879f3d01183bec80",0.000182793,2.22e-06,-13513.47156,0.836412384,-48.17839908,0.053073979,0.920224162,-27022.94312,-27006.84933,2e+06,30,23084,5e-07,6.15e-06,0.1,0.017899668,0.00198252,0.143266506,"d__Bacteria","d__Bacteria","d__Bacteria","k__Pseudomonadati--other","k__Pseudomonadati--other","p__Verrucomicrobiota","Chlamydiota","Chlamydiota","c__Chlamydiae","c__Chlamydiia","c__Chlamydiia","o__Chlamydiales","o__Chlamydiales","o__Chlamydiales","","","f__Parachlamydiaceae","","","g__Neochlamydia","","s__metagenome","As predicted",FALSE,6.15e-06,0.000615,-5.211124884,0.1,NA,0.101265566,NA,NA,FALSE,"Neutral","Late Vegetative"
"237","f8b6d2a553f0df1c667529b281cdac3f",0.000182793,2.22e-06,-13513.47156,0.836412384,-48.17839908,0.053073979,0.920224162,-27022.94312,-27006.84933,2e+06,30,23084,5e-07,0.001930217,1,0.997473297,0.882054815,0.999952016,"d__Bacteria","d__Bacteria","d__Bacteria","k__Pseudomonadati","k__Pseudomonadati","p__Proteobacteria","Pseudomonadota","Pseudomonadota","c__Alphaproteobacteria","c__Alphaproteobacteria","c__Alphaproteobacteria","o__Rhizobiales","o__Hyphomicrobiales","o__Hyphomicrobiales","f__Hyphomicrobiaceae","f__Hyphomicrobiaceae","f__Hyphomicrobiaceae","g__Pedomicrobium","g__Pedomicrobium","g__Pedomicrobium","","s__uncultured_Alphaproteobacteria","Above prediction",TRUE,0.001930217,0.1930217,-2.714393939,1,NA,0.427288537,NA,NA,FALSE,"Above","Late Vegetative"
"238","1d9c607939c1ee71ae4b06698acbbb3f",0.000164726,2.16e-06,-13441.99954,0.822437622,-50.25569745,0.054397104,0.924211517,-26879.99908,-26864.00267,2e+06,29,21987,5e-07,1.11e-05,0.068965517,0.029288051,0.004616434,0.164077833,"d__Bacteria","d__Bacteria","d__Bacteria","k__Pseudomonadati--other","k__Pseudomonadati--other","p__Bacteroidota","Bacteroidota","Bacteroidota","c__Bacteroidia","c__Cytophagia","c__Cytophagia","o__Cytophagales","o__Cytophagales","o__Cytophagales","f__Hymenobacteraceae","f__Hymenobacteraceae","f__Hymenobacteraceae","g__Hymenobacter","g__Hymenobacter","g__Hymenobacter","","s__Hymenobacter_terrae","As predicted",FALSE,1.11e-05,0.00111,-4.955217021,0.068965517,NA,0.10904676,NA,NA,FALSE,"Neutral","Early Reproductive"
"239","201a8b7bdee6128debde3ad025749fc3",0.000164726,2.16e-06,-13441.99954,0.822437622,-50.25569745,0.054397104,0.924211517,-26879.99908,-26864.00267,2e+06,29,21987,5e-07,0.000170707,0.482758621,0.368770301,0.218398442,0.549841982,"d__Bacteria","d__Bacteria","d__Bacteria","k__Pseudomonadati--other","k__Pseudomonadati--other","p__Acidobacteriota","Acidobacteriota","Acidobacteriota","c__Vicinamibacteria","c__Vicinamibacteria","c__Vicinamibacteria","o__Vicinamibacterales","o__Vicinamibacterales","o__Vicinamibacterales","f__Vicinamibacteraceae","f__Vicinamibacteraceae","f__Vicinamibacteraceae","g__Vicinamibacteraceae","g__Incertae_Sedis","g__Incertae_Sedis","","","As predicted",FALSE,0.000170707,0.0170707,-3.767748933,0.482758621,NA,0.27551387,NA,NA,FALSE,"Neutral","Early Reproductive"
"240","268d05830150f9f44ace6cae89d83924",0.000164726,2.16e-06,-13441.99954,0.822437622,-50.25569745,0.054397104,0.924211517,-26879.99908,-26864.00267,2e+06,29,21987,5e-07,0.001329069,0.965517241,0.975130803,0.842578953,0.996530745,"d__Bacteria","d__Bacteria","d__Bacteria","k__Bacillati","k__Bacillati","p__Chloroflexi","Thermomicrobiota","Thermomicrobiota","c__Chloroflexia","c__Thermomicrobia","c__Thermomicrobia","o__Thermomicrobiales","o__Thermomicrobiales--other","o__Thermomicrobiales--other","f__JG30-KF-CM45","f__JG30-KF-CM45","f__JG30-KF-CM45","g__JG30-KF-CM45","g__Incertae_Sedis","g__Incertae_Sedis","s__uncultured_bacterium","","As predicted",FALSE,0.001329069,0.1329069,-2.876452483,0.965517241,NA,0.43166506,NA,NA,FALSE,"Neutral","Early Reproductive"
"241","2db7d7619de7eeb48a3eda5c3e4deac3",0.000164726,2.16e-06,-13441.99954,0.822437622,-50.25569745,0.054397104,0.924211517,-26879.99908,-26864.00267,2e+06,29,21987,5e-07,1.17e-05,0.103448276,0.030813209,0.005040022,0.166347764,"d__Bacteria","d__Bacteria","d__Bacteria","k__Pseudomonadati","k__Pseudomonadati","p__Bdellovibrionota","Bdellovibrionota--other","Bdellovibrionota--other","c__Oligoflexia","c__Oligoflexia","c__Oligoflexia","o__Oligoflexales","o__Oligoflexales","o__Oligoflexales","f__uncultured","f__Oligoflexaceae--other","f__Oligoflexaceae--other","g__uncultured","g__Incertae_Sedis","g__Incertae_Sedis","s__uncultured_bacterium","s__uncultured_bacterium","As predicted",FALSE,1.17e-05,0.00117,-4.932839325,0.103448276,NA,0.085645447,NA,NA,FALSE,"Neutral","Early Reproductive"
"242","38fbe7bb53bbac67e35565e954eb9af7",0.000164726,2.16e-06,-13441.99954,0.822437622,-50.25569745,0.054397104,0.924211517,-26879.99908,-26864.00267,2e+06,29,21987,5e-07,9.69e-06,0.137931034,0.025645152,0.003661725,0.15859896,"d__Bacteria","d__Bacteria","d__Bacteria","k__Bacillati","k__Bacillati","p__Actinobacteriota","Actinomycetota","Actinomycetota","c__Thermoleophilia","c__Thermoleophilia","c__Thermoleophilia","o__Gaiellales","o__Gaiellales","o__Gaiellales","f__uncultured","f__Gaiellaceae","f__Gaiellaceae","g__uncultured","g__Gaiella","g__Gaiella","s__uncultured_bacterium","","As predicted",FALSE,9.69e-06,0.000969,-5.013691678,0.137931034,NA,0.162940873,NA,NA,FALSE,"Neutral","Early Reproductive"
"243","3c2e985995945ad30db0a405dc4f092a",0.000164726,2.16e-06,-13441.99954,0.822437622,-50.25569745,0.054397104,0.924211517,-26879.99908,-26864.00267,2e+06,29,21987,5e-07,1.06e-05,0.172413793,0.027895427,0.004241751,0.161993056,"d__Bacteria","d__Bacteria","d__Bacteria","k__Bacillati","k__Bacillati","p__Chloroflexi","Chloroflexota--other","Chloroflexota--other","c__Anaerolineae","c__Ardenticatenia","c__Ardenticatenia","o__Ardenticatenales","o__Ardenticatenales","o__Ardenticatenales","f__Ardenticatenaceae","f__Ardenticatenaceae","f__Ardenticatenaceae","g__uncultured","g__Ardenticatena","g__Ardenticatena","s__uncultured_Chloroflexus","s__uncultured_Chloroflexus","Above prediction",TRUE,1.06e-05,0.00106,-4.976676571,0.172413793,NA,0.176808201,NA,NA,FALSE,"Above","Early Reproductive"
"244","41c3fcdc0ba7f8aa45aa2bfd2d4eeaf6",0.000164726,2.16e-06,-13441.99954,0.822437622,-50.25569745,0.054397104,0.924211517,-26879.99908,-26864.00267,2e+06,29,21987,5e-07,0.003354379,1,0.999937376,0.882919634,0.99999997,"d__Bacteria","d__Bacteria","d__Bacteria","k__Bacillati","k__Bacillati","p__Actinobacteriota","Actinomycetota","Actinomycetota","c__Thermoleophilia","c__Thermoleophilia","c__Thermoleophilia","o__Gaiellales","o__Gaiellales","o__Gaiellales","f__uncultured","f__Gaiellaceae","f__Gaiellaceae","g__uncultured","g__Gaiella","g__Gaiella","","s__uncultured_Rubrobacteria","Above prediction",TRUE,0.003354379,0.3354379,-2.474387829,1,NA,0.439304239,NA,NA,FALSE,"Above","Early Reproductive"
"245","49c745322f04a08b65e51ef7cf5800ef",0.000164726,2.16e-06,-13441.99954,0.822437622,-50.25569745,0.054397104,0.924211517,-26879.99908,-26864.00267,2e+06,29,21987,5e-07,7.59e-07,0.034482759,0.002031329,3.02e-05,0.120527017,"d__Bacteria","d__Bacteria","d__Bacteria","k__Pseudomonadati--other","k__Pseudomonadati--other","p__Bacteroidota","Bacteroidota","Bacteroidota","c__Bacteroidia","c__Chitinophagia","c__Chitinophagia","o__Chitinophagales","o__Chitinophagales","o__Chitinophagales","f__Chitinophagaceae","f__Chitinophagaceae","f__Chitinophagaceae","g__uncultured","g__Incertae_Sedis","g__Incertae_Sedis","","s__soil_metagenome","As predicted",FALSE,7.59e-07,7.59e-05,-6.119975317,0.034482759,NA,0.039899986,NA,NA,FALSE,"Neutral","Early Reproductive"
"246","4ad08edc0f9036d5f772204edf4b9d53",0.000164726,2.16e-06,-13441.99954,0.822437622,-50.25569745,0.054397104,0.924211517,-26879.99908,-26864.00267,2e+06,29,21987,5e-07,0.000168724,0.482758621,0.365370045,0.215677864,0.546557503,"d__Bacteria","d__Bacteria","d__Bacteria","k__Pseudomonadati","k__Pseudomonadati","p__Myxococcota","Myxococcota","Myxococcota","c__Polyangia","c__Polyangiia","c__Polyangiia","o__Polyangiales","o__Polyangiales--other","o__Polyangiales--other","f__Sandaracinaceae","f__Sandaracinaceae","f__Sandaracinaceae","g__uncultured","g__Sandaracinus","g__Sandaracinus","s__metagenome","s__metagenome","As predicted",FALSE,0.000168724,0.0168724,-3.772822782,0.482758621,NA,0.255694789,NA,NA,FALSE,"Neutral","Early Reproductive"
"247","539e107e4388d59578bf755e194487d7",0.000164726,2.16e-06,-13441.99954,0.822437622,-50.25569745,0.054397104,0.924211517,-26879.99908,-26864.00267,2e+06,29,21987,5e-07,0.000372379,0.827586207,0.63571173,0.454489054,0.78518606,"d__Archaea","d__Archaea","d__Archaea","k__Thermoproteati","k__Thermoproteati","p__Crenarchaeota","Thermoproteota","Thermoproteota","c__Nitrososphaeria","c__Nitrososphaeria","c__Nitrososphaeria","o__Nitrososphaerales","o__Nitrososphaerales","o__Nitrososphaerales","f__Nitrososphaeraceae","f__Nitrososphaeraceae","f__Nitrososphaeraceae","g__Nitrososphaeraceae","g__Candidatus_Nitrosocosmicus","g__Candidatus_Nitrosocosmicus","","s__uncultured_archaeon","Above prediction",TRUE,0.000372379,0.0372379,-3.429014457,0.827586207,NA,0.395779446,NA,NA,FALSE,"Above","Early Reproductive"
"248","5de04fe69beee5cc76f6cdc2005dc3a5",0.000164726,2.16e-06,-13441.99954,0.822437622,-50.25569745,0.054397104,0.924211517,-26879.99908,-26864.00267,2e+06,29,21987,5e-07,2.17e-05,0.24137931,0.056473448,0.013885234,0.202820085,"d__Bacteria","d__Bacteria","d__Bacteria","k__Bacillati","k__Bacillati","p__Chloroflexi","Chloroflexota--other","Chloroflexota--other","c__Anaerolineae","c__Anaerolineae","c__Anaerolineae","o__SBR1031","o__Phototrophicales","o__Phototrophicales","f__SBR1031","f__Phototrophicaceae","f__Phototrophicaceae","g__SBR1031","g__Phototrophicus","g__Phototrophicus","s__uncultured_Caldilineaceae","s__uncultured_Caldilineaceae","Above prediction",TRUE,2.17e-05,0.00217,-4.664092716,0.24137931,NA,0.182557089,NA,NA,FALSE,"Above","Early Reproductive"
"249","8599524cec26e00cc7df72e7ecc01220",0.000164726,2.16e-06,-13441.99954,0.822437622,-50.25569745,0.054397104,0.924211517,-26879.99908,-26864.00267,2e+06,29,21987,5e-07,0.005502138,1,0.999999919,0.883030058,1,"d__Bacteria","d__Bacteria","d__Bacteria","k__Pseudomonadati--other","k__Pseudomonadati--other","p__Acidobacteriota","Acidobacteriota","Acidobacteriota","c__Vicinamibacteria","c__Vicinamibacteria","c__Vicinamibacteria","o__Vicinamibacterales","o__Vicinamibacterales","o__Vicinamibacterales","f__Vicinamibacteraceae","f__Vicinamibacteraceae","f__Vicinamibacteraceae","g__Vicinamibacteraceae","g__Incertae_Sedis","g__Incertae_Sedis","","s__metagenome","Above prediction",TRUE,0.005502138,0.5502138,-2.259468527,1,NA,0.441585412,NA,NA,FALSE,"Above","Early Reproductive"
"250","8f19c3b244626c6f77c1ba8232f9ac10",0.000164726,2.16e-06,-13441.99954,0.822437622,-50.25569745,0.054397104,0.924211517,-26879.99908,-26864.00267,2e+06,29,21987,5e-07,3.32e-05,0.24137931,0.085291069,0.026661067,0.240937911,"d__Bacteria","d__Bacteria","d__Bacteria","k__Pseudomonadati","k__Pseudomonadati","p__Proteobacteria","Pseudomonadota","Pseudomonadota","c__Alphaproteobacteria","c__Alphaproteobacteria","c__Alphaproteobacteria","o__Elsterales","o__Azospirillales","o__Azospirillales","f__uncultured","f__Geminicoccaceae","f__Geminicoccaceae","g__uncultured","g__Incertae_Sedis","g__Incertae_Sedis","s__uncultured_bacterium","s__uncultured_bacterium","Above prediction",TRUE,3.32e-05,0.00332,-4.478546279,0.24137931,NA,0.173222508,NA,NA,FALSE,"Above","Early Reproductive"
"251","9d127ac8ec1a7b03befe92229847b811",0.000164726,2.16e-06,-13441.99954,0.822437622,-50.25569745,0.054397104,0.924211517,-26879.99908,-26864.00267,2e+06,29,21987,5e-07,0.001993241,0.862068966,0.996368406,0.876711047,0.99990554,"d__Bacteria","d__Bacteria","d__Bacteria","k__Bacillati","k__Bacillati","p__Actinobacteriota","Actinomycetota","Actinomycetota","c__Thermoleophilia","c__Thermoleophilia","c__Thermoleophilia","o__Solirubrobacterales","o__Solirubrobacterales","o__Solirubrobacterales","f__Solirubrobacteraceae","f__Solirubrobacteraceae","f__Solirubrobacteraceae","g__Solirubrobacter","g__Solirubrobacter","g__Solirubrobacter","","","Below prediction",FALSE,0.001993241,0.1993241,-2.700440106,0.862068966,NA,0.377883555,NA,NA,FALSE,"Below","Early Reproductive"
"252","a311a9edffa358734c18789ea398ebf6",0.000164726,2.16e-06,-13441.99954,0.822437622,-50.25569745,0.054397104,0.924211517,-26879.99908,-26864.00267,2e+06,29,21987,5e-07,2.67e-06,0.034482759,0.007137955,0.000348151,0.129227707,"d__Bacteria","d__Bacteria","d__Bacteria","k__Pseudomonadati--other","k__Pseudomonadati--other","p__Planctomycetota","Planctomycetota","Planctomycetota","c__Planctomycetes","c__Planctomycetia","c__Planctomycetia","o__Pirellulales","o__Pirellulales","o__Pirellulales","f__Pirellulaceae","f__Thermoguttaceae--other","f__Thermoguttaceae--other","g__uncultured","g__Incertae_Sedis","g__Incertae_Sedis","s__uncultured_bacterium","s__Pirellulales_bacterium","As predicted",FALSE,2.67e-06,0.000267,-5.573096295,0.034482759,NA,0.03770028,NA,NA,FALSE,"Neutral","Early Reproductive"
"253","a438a2585c15dce0dfcc7909bff26c9d",0.000164726,2.16e-06,-13441.99954,0.822437622,-50.25569745,0.054397104,0.924211517,-26879.99908,-26864.00267,2e+06,29,21987,5e-07,9.56e-05,0.448275862,0.226672367,0.11192596,0.40536093,"d__Bacteria","d__Bacteria","d__Bacteria","k__Pseudomonadati","k__Pseudomonadati","p__Proteobacteria","Pseudomonadota","Pseudomonadota","c__Alphaproteobacteria","c__Alphaproteobacteria","c__Alphaproteobacteria","o__Rhizobiales","o__Hyphomicrobiales--other","o__Hyphomicrobiales--other","f__Rhizobiaceae","f__Rhizobiaceae--other","f__Rhizobiaceae--other","","g__Manganibacter","g__Manganibacter","","s__uncultured_bacterium","Above prediction",TRUE,9.56e-05,0.00956,-4.019526443,0.448275862,NA,0.289040656,NA,NA,FALSE,"Above","Early Reproductive"
"254","a611900bc993d70d44c9cfab9bc41e0c",0.000164726,2.16e-06,-13441.99954,0.822437622,-50.25569745,0.054397104,0.924211517,-26879.99908,-26864.00267,2e+06,29,21987,5e-07,4.37e-05,0.448275862,0.110780011,0.03970878,0.27290521,"d__Bacteria","d__Bacteria","d__Bacteria","k__Pseudomonadati","k__Pseudomonadati","p__Proteobacteria","Pseudomonadota","Pseudomonadota","c__Alphaproteobacteria","c__Alphaproteobacteria","c__Alphaproteobacteria","o__Rhizobiales","o__Hyphomicrobiales--other","o__Hyphomicrobiales--other","f__Xanthobacteraceae","f__Nitrobacteraceae","f__Nitrobacteraceae","g__Rhodoplanes","g__Rhodoplanes","g__Rhodoplanes","","","Above prediction",TRUE,4.37e-05,0.00437,-4.359107526,0.448275862,NA,0.210855998,NA,NA,FALSE,"Above","Early Reproductive"
"255","b1863f644ee4aa35e4528d955815389e",0.000164726,2.16e-06,-13441.99954,0.822437622,-50.25569745,0.054397104,0.924211517,-26879.99908,-26864.00267,2e+06,29,21987,5e-07,0.000187966,0.655172414,0.397624851,0.241790464,0.57740884,"d__Bacteria","d__Bacteria","d__Bacteria","k__Pseudomonadati","k__Pseudomonadati","p__Myxococcota","Myxococcota","Myxococcota","c__Polyangia","c__Polyangiia","c__Polyangiia","o__Polyangiales","o__Polyangiales","o__Polyangiales","f__BIrii41","f__Polyangiaceae","f__Polyangiaceae","g__BIrii41","g__Incertae_Sedis","g__Incertae_Sedis","s__uncultured_bacterium","s__uncultured_bacterium","Above prediction",TRUE,0.000187966,0.0187966,-3.725921816,0.655172414,NA,0.32383298,NA,NA,FALSE,"Above","Early Reproductive"
"256","b26086d47e0a3f9bd5c419c4617b8502",0.000164726,2.16e-06,-13441.99954,0.822437622,-50.25569745,0.054397104,0.924211517,-26879.99908,-26864.00267,2e+06,29,21987,5e-07,0.002827586,1,0.999693524,0.882489653,0.999999294,"d__Archaea","d__Archaea","d__Archaea","k__Thermoproteati","k__Thermoproteati","p__Crenarchaeota","Thermoproteota","Thermoproteota","c__Nitrososphaeria","c__Nitrososphaeria","c__Nitrososphaeria","o__Nitrososphaerales","o__Nitrososphaerales","o__Nitrososphaerales","f__Nitrososphaeraceae","f__Nitrososphaeraceae","f__Nitrososphaeraceae","","g__Candidatus_Nitrosocosmicus","g__Candidatus_Nitrosocosmicus","","s__uncultured_archaeon","Above prediction",TRUE,0.002827586,0.2827586,-2.548584146,1,NA,0.415624177,NA,NA,FALSE,"Above","Early Reproductive"
"257","b72d2815103feb19f37f2521dac55754",0.000164726,2.16e-06,-13441.99954,0.822437622,-50.25569745,0.054397104,0.924211517,-26879.99908,-26864.00267,2e+06,29,21987,5e-07,0.003840603,1,0.999985773,0.883005078,0.999999998,"d__Bacteria","d__Bacteria","d__Bacteria","k__Pseudomonadati--other","k__Pseudomonadati--other","p__Verrucomicrobiota","Verrucomicrobiota","Verrucomicrobiota","c__Verrucomicrobiae","c__Terrimicrobiia","c__Terrimicrobiia","o__Chthoniobacterales","o__Terrimicrobiales","o__Terrimicrobiales","f__Xiphinematobacteraceae","f__Candidatus_Xiphinematobacteraceae","f__Candidatus_Xiphinematobacteraceae","g__Candidatus_Xiphinematobacter","g__Candidatus_Xiphinematobacter","g__Candidatus_Xiphinematobacter","s__uncultured_bacterium","s__mine_metagenome","Above prediction",TRUE,0.003840603,0.3840603,-2.415600532,1,NA,0.421978472,NA,NA,FALSE,"Above","Early Reproductive"
"258","bb037f60baf36fa3602d3bf20c7b19ce",0.000164726,2.16e-06,-13441.99954,0.822437622,-50.25569745,0.054397104,0.924211517,-26879.99908,-26864.00267,2e+06,29,21987,5e-07,3.32e-05,0.379310345,0.085206337,0.026620132,0.240829205,"d__Bacteria","d__Bacteria","d__Bacteria","k__Pseudomonadati--other","k__Pseudomonadati--other","p__Acidobacteriota","Acidobacteriota","Acidobacteriota","c__Vicinamibacteria","c__Vicinamibacteria","c__Vicinamibacteria","o__Vicinamibacterales","o__Vicinamibacterales","o__Vicinamibacterales","f__uncultured","f__Vicinamibacteraceae","f__Vicinamibacteraceae","g__uncultured","g__Incertae_Sedis","g__Incertae_Sedis","s__uncultured_bacterium","","Above prediction",TRUE,3.32e-05,0.00332,-4.47899726,0.379310345,NA,0.226684251,NA,NA,FALSE,"Above","Early Reproductive"
"259","c39e15de7f8295ecfed0969cd53b2126",0.000164726,2.16e-06,-13441.99954,0.822437622,-50.25569745,0.054397104,0.924211517,-26879.99908,-26864.00267,2e+06,29,21987,5e-07,0.006307672,1,0.999999994,0.88303019,1,"d__Bacteria","d__Bacteria","d__Bacteria","k__Bacillati","k__Bacillati","p__Chloroflexi","Chloroflexota--other","Chloroflexota--other","c__KD4-96","c__Ktedonobacteria","c__Ktedonobacteria","o__KD4-96","o__Incertae_Sedis","o__Incertae_Sedis","f__KD4-96","f__Incertae_Sedis","f__Incertae_Sedis","g__KD4-96","g__Incertae_Sedis","g__Incertae_Sedis","","","Above prediction",TRUE,0.006307672,0.6307672,-2.20013087,1,NA,0.435018504,NA,NA,FALSE,"Above","Early Reproductive"
"260","cd2ed2970d1be8bfaf89925b7479b7aa",0.000164726,2.16e-06,-13441.99954,0.822437622,-50.25569745,0.054397104,0.924211517,-26879.99908,-26864.00267,2e+06,29,21987,5e-07,0.003107707,1,0.999867957,0.882797137,0.999999869,"d__Bacteria","d__Bacteria","d__Bacteria","k__Pseudomonadati--other","k__Pseudomonadati--other","p__Acidobacteriota","Acidobacteriota","Acidobacteriota","c__Vicinamibacteria","c__Vicinamibacteria","c__Vicinamibacteria","o__Vicinamibacterales","o__Vicinamibacterales","o__Vicinamibacterales","f__uncultured","f__Vicinamibacteraceae","f__Vicinamibacteraceae","g__uncultured","g__Incertae_Sedis","g__Incertae_Sedis","s__uncultured_bacterium","s__metagenome","Above prediction",TRUE,0.003107707,0.3107707,-2.507559948,1,NA,0.4239271,NA,NA,FALSE,"Above","Early Reproductive"
"261","cecf3d5b545d6e3444c81ab3cde003e4",0.000164726,2.16e-06,-13441.99954,0.822437622,-50.25569745,0.054397104,0.924211517,-26879.99908,-26864.00267,2e+06,29,21987,5e-07,4.42e-05,0.310344828,0.111850884,0.040286257,0.274218958,"d__Bacteria","d__Bacteria","d__Bacteria","k__Bacillati","k__Bacillati","p__Actinobacteriota","Actinomycetota","Actinomycetota","c__Thermoleophilia","c__Thermoleophilia","c__Thermoleophilia","o__Gaiellales","o__Gaiellales","o__Gaiellales","f__Gaiellaceae","f__Gaiellaceae","f__Gaiellaceae","g__Gaiella","g__Gaiella","g__Gaiella","","","Above prediction",TRUE,4.42e-05,0.00442,-4.354679387,0.310344828,NA,0.249985668,NA,NA,FALSE,"Above","Early Reproductive"
"262","d10c72b287f6e198757f9d267625d1ed",0.000164726,2.16e-06,-13441.99954,0.822437622,-50.25569745,0.054397104,0.924211517,-26879.99908,-26864.00267,2e+06,29,21987,5e-07,0.003095672,1,0.999863077,0.882788529,0.999999859,"d__Bacteria","d__Bacteria","d__Bacteria","k__Pseudomonadati--other","k__Pseudomonadati--other","p__Acidobacteriota","Acidobacteriota","Acidobacteriota","c__Vicinamibacteria","c__Vicinamibacteria","c__Vicinamibacteria","o__Vicinamibacterales","o__Vicinamibacterales","o__Vicinamibacterales","f__Vicinamibacteraceae","f__Vicinamibacteraceae","f__Vicinamibacteraceae","g__Vicinamibacteraceae","g__Incertae_Sedis","g__Incertae_Sedis","","","Above prediction",TRUE,0.003095672,0.3095672,-2.509245003,1,NA,0.416941879,NA,NA,FALSE,"Above","Early Reproductive"
"263","daae3699c460e7d41ec585f2d1241c4f",0.000164726,2.16e-06,-13441.99954,0.822437622,-50.25569745,0.054397104,0.924211517,-26879.99908,-26864.00267,2e+06,29,21987,5e-07,0.004060707,1,0.999992761,0.883017418,1,"d__Bacteria","d__Bacteria","d__Bacteria","k__Bacillati","k__Bacillati","p__Actinobacteriota","Actinomycetota","Actinomycetota","c__Thermoleophilia","c__Thermoleophilia","c__Thermoleophilia","o__Solirubrobacterales","","o__Solirubrobacterales","f__67-14","","f__67-14","g__67-14","","g__Incertae_Sedis","s__uncultured_Rubrobacteria","s__uncultured_Thermoleophilaceae","Above prediction",TRUE,0.004060707,0.4060707,-2.391398357,1,NA,0.439135916,NA,NA,FALSE,"Above","Early Reproductive"
"264","deecde47b41194094869e4cf17b1b34a",0.000164726,2.16e-06,-13441.99954,0.822437622,-50.25569745,0.054397104,0.924211517,-26879.99908,-26864.00267,2e+06,29,21987,5e-07,2.16e-05,0.137931034,0.056298772,0.013815752,0.202581078,"d__Bacteria","d__Bacteria","d__Bacteria","k__Bacillati","k__Bacillati","p__Actinobacteriota","Actinomycetota","Actinomycetota","c__MB-A2-108","c__MB-A2-108","c__MB-A2-108","o__MB-A2-108","o__Incertae_Sedis","o__Incertae_Sedis","f__MB-A2-108","f__Incertae_Sedis","f__Incertae_Sedis","g__MB-A2-108","g__Incertae_Sedis","g__Incertae_Sedis","s__uncultured_bacterium","","As predicted",FALSE,2.16e-05,0.00216,-4.665476923,0.137931034,NA,0.160779105,NA,NA,FALSE,"Neutral","Early Reproductive"
"265","ea8132ab0561b1f470a6490ddd1447c7",0.000164726,2.16e-06,-13441.99954,0.822437622,-50.25569745,0.054397104,0.924211517,-26879.99908,-26864.00267,2e+06,29,21987,5e-07,1.04e-05,0.137931034,0.027400802,0.004111526,0.161249743,"d__Bacteria","d__Bacteria","d__Bacteria","k__Pseudomonadati--other","k__Pseudomonadati--other","p__Planctomycetota","Planctomycetota","Planctomycetota","c__Phycisphaerae","c__Phycisphaerae","c__Phycisphaerae","o__S-70","o__Sedimentisphaerales","o__Sedimentisphaerales","f__S-70","f__Incertae_Sedis","f__Incertae_Sedis","g__S-70","g__Incertae_Sedis","g__Incertae_Sedis","s__uncultured_bacterium","s__uncultured_bacterium","As predicted",FALSE,1.04e-05,0.00104,-4.984553522,0.137931034,NA,0.111844966,NA,NA,FALSE,"Neutral","Early Reproductive"
"266","eb15bd717006f340879f3d01183bec80",0.000164726,2.16e-06,-13441.99954,0.822437622,-50.25569745,0.054397104,0.924211517,-26879.99908,-26864.00267,2e+06,29,21987,5e-07,1.17e-05,0.034482759,0.030813209,0.005040022,0.166347764,"d__Bacteria","d__Bacteria","d__Bacteria","k__Pseudomonadati--other","k__Pseudomonadati--other","p__Verrucomicrobiota","Chlamydiota","Chlamydiota","c__Chlamydiae","c__Chlamydiia","c__Chlamydiia","o__Chlamydiales","o__Chlamydiales","o__Chlamydiales","","","f__Parachlamydiaceae","","","g__Neochlamydia","","s__metagenome","As predicted",FALSE,1.17e-05,0.00117,-4.932839325,0.034482759,NA,0.081922948,NA,NA,FALSE,"Neutral","Early Reproductive"
"267","f8b6d2a553f0df1c667529b281cdac3f",0.000164726,2.16e-06,-13441.99954,0.822437622,-50.25569745,0.054397104,0.924211517,-26879.99908,-26864.00267,2e+06,29,21987,5e-07,0.002010017,1,0.99654254,0.877009944,0.999914174,"d__Bacteria","d__Bacteria","d__Bacteria","k__Pseudomonadati","k__Pseudomonadati","p__Proteobacteria","Pseudomonadota","Pseudomonadota","c__Alphaproteobacteria","c__Alphaproteobacteria","c__Alphaproteobacteria","o__Rhizobiales","o__Hyphomicrobiales","o__Hyphomicrobiales","f__Hyphomicrobiaceae","f__Hyphomicrobiaceae","f__Hyphomicrobiaceae","g__Pedomicrobium","g__Pedomicrobium","g__Pedomicrobium","","s__uncultured_Alphaproteobacteria","Above prediction",TRUE,0.002010017,0.2010017,-2.696800217,1,NA,0.436031739,NA,NA,FALSE,"Above","Early Reproductive"
"268","1d9c607939c1ee71ae4b06698acbbb3f",0.000169251,2.33e-06,-11337.8228,0.816440375,-45.89301168,0.057542329,0.919714259,-22671.6456,-22655.88424,2e+06,25,19549,5e-07,7e-06,0.08,0.019034493,0.001911716,0.164279028,"d__Bacteria","d__Bacteria","d__Bacteria","k__Pseudomonadati--other","k__Pseudomonadati--other","p__Bacteroidota","Bacteroidota","Bacteroidota","c__Bacteroidia","c__Cytophagia","c__Cytophagia","o__Cytophagales","o__Cytophagales","o__Cytophagales","f__Hymenobacteraceae","f__Hymenobacteraceae","f__Hymenobacteraceae","g__Hymenobacter","g__Hymenobacter","g__Hymenobacter","","s__Hymenobacter_terrae","As predicted",FALSE,7e-06,7e-04,-5.15490196,0.08,NA,0.093325278,NA,NA,FALSE,"Neutral","Late Reproductive"
"269","201a8b7bdee6128debde3ad025749fc3",0.000169251,2.33e-06,-11337.8228,0.816440375,-45.89301168,0.057542329,0.919714259,-22671.6456,-22655.88424,2e+06,25,19549,5e-07,0.00017066,0.44,0.375682707,0.21471961,0.569762003,"d__Bacteria","d__Bacteria","d__Bacteria","k__Pseudomonadati--other","k__Pseudomonadati--other","p__Acidobacteriota","Acidobacteriota","Acidobacteriota","c__Vicinamibacteria","c__Vicinamibacteria","c__Vicinamibacteria","o__Vicinamibacterales","o__Vicinamibacterales","o__Vicinamibacterales","f__Vicinamibacteraceae","f__Vicinamibacteraceae","f__Vicinamibacteraceae","g__Vicinamibacteraceae","g__Incertae_Sedis","g__Incertae_Sedis","","","As predicted",FALSE,0.00017066,0.017066,-3.767868259,0.44,NA,0.262993566,NA,NA,FALSE,"Neutral","Late Reproductive"
"270","268d05830150f9f44ace6cae89d83924",0.000169251,2.33e-06,-11337.8228,0.816440375,-45.89301168,0.057542329,0.919714259,-22671.6456,-22655.88424,2e+06,25,19549,5e-07,0.00116966,1,0.963841371,0.810090184,0.994032406,"d__Bacteria","d__Bacteria","d__Bacteria","k__Bacillati","k__Bacillati","p__Chloroflexi","Thermomicrobiota","Thermomicrobiota","c__Chloroflexia","c__Thermomicrobia","c__Thermomicrobia","o__Thermomicrobiales","o__Thermomicrobiales--other","o__Thermomicrobiales--other","f__JG30-KF-CM45","f__JG30-KF-CM45","f__JG30-KF-CM45","g__JG30-KF-CM45","g__Incertae_Sedis","g__Incertae_Sedis","s__uncultured_bacterium","","Above prediction",TRUE,0.00116966,0.116966,-2.931940362,1,NA,0.412119288,NA,NA,FALSE,"Above","Late Reproductive"
"271","2db7d7619de7eeb48a3eda5c3e4deac3",0.000169251,2.33e-06,-11337.8228,0.816440375,-45.89301168,0.057542329,0.919714259,-22671.6456,-22655.88424,2e+06,25,19549,5e-07,1.16e-05,0.08,0.031243592,0.004630677,0.18272595,"d__Bacteria","d__Bacteria","d__Bacteria","k__Pseudomonadati","k__Pseudomonadati","p__Bdellovibrionota","Bdellovibrionota--other","Bdellovibrionota--other","c__Oligoflexia","c__Oligoflexia","c__Oligoflexia","o__Oligoflexales","o__Oligoflexales","o__Oligoflexales","f__uncultured","f__Oligoflexaceae--other","f__Oligoflexaceae--other","g__uncultured","g__Incertae_Sedis","g__Incertae_Sedis","s__uncultured_bacterium","s__uncultured_bacterium","As predicted",FALSE,1.16e-05,0.00116,-4.937042166,0.08,NA,0.074952517,NA,NA,FALSE,"Neutral","Late Reproductive"
"272","3c2e985995945ad30db0a405dc4f092a",0.000169251,2.33e-06,-11337.8228,0.816440375,-45.89301168,0.057542329,0.919714259,-22671.6456,-22655.88424,2e+06,25,19549,5e-07,6.7e-06,0.12,0.018226024,0.001766274,0.163022895,"d__Bacteria","d__Bacteria","d__Bacteria","k__Bacillati","k__Bacillati","p__Chloroflexi","Chloroflexota--other","Chloroflexota--other","c__Anaerolineae","c__Ardenticatenia","c__Ardenticatenia","o__Ardenticatenales","o__Ardenticatenales","o__Ardenticatenales","f__Ardenticatenaceae","f__Ardenticatenaceae","f__Ardenticatenaceae","g__uncultured","g__Ardenticatena","g__Ardenticatena","s__uncultured_Chloroflexus","s__uncultured_Chloroflexus","As predicted",FALSE,6.7e-06,0.00067,-5.173925197,0.12,NA,0.117539195,NA,NA,FALSE,"Neutral","Late Reproductive"
"273","41c3fcdc0ba7f8aa45aa2bfd2d4eeaf6",0.000169251,2.33e-06,-11337.8228,0.816440375,-45.89301168,0.057542329,0.919714259,-22671.6456,-22655.88424,2e+06,25,19549,5e-07,0.00268896,1,0.999618654,0.866147583,0.999999058,"d__Bacteria","d__Bacteria","d__Bacteria","k__Bacillati","k__Bacillati","p__Actinobacteriota","Actinomycetota","Actinomycetota","c__Thermoleophilia","c__Thermoleophilia","c__Thermoleophilia","o__Gaiellales","o__Gaiellales","o__Gaiellales","f__uncultured","f__Gaiellaceae","f__Gaiellaceae","g__uncultured","g__Gaiella","g__Gaiella","","s__uncultured_Rubrobacteria","Above prediction",TRUE,0.00268896,0.268896,-2.570415658,1,NA,0.393324935,NA,NA,FALSE,"Above","Late Reproductive"
"274","49c745322f04a08b65e51ef7cf5800ef",0.000169251,2.33e-06,-11337.8228,0.816440375,-45.89301168,0.057542329,0.919714259,-22671.6456,-22655.88424,2e+06,25,19549,5e-07,3.72e-06,0.04,0.010159871,0.000595663,0.150209897,"d__Bacteria","d__Bacteria","d__Bacteria","k__Pseudomonadati--other","k__Pseudomonadati--other","p__Bacteroidota","Bacteroidota","Bacteroidota","c__Bacteroidia","c__Chitinophagia","c__Chitinophagia","o__Chitinophagales","o__Chitinophagales","o__Chitinophagales","f__Chitinophagaceae","f__Chitinophagaceae","f__Chitinophagaceae","g__uncultured","g__Incertae_Sedis","g__Incertae_Sedis","","s__soil_metagenome","As predicted",FALSE,3.72e-06,0.000372,-5.42945706,0.04,NA,0.095161409,NA,NA,FALSE,"Neutral","Late Reproductive"
"275","4ad08edc0f9036d5f772204edf4b9d53",0.000169251,2.33e-06,-11337.8228,0.816440375,-45.89301168,0.057542329,0.919714259,-22671.6456,-22655.88424,2e+06,25,19549,5e-07,0.00013828,0.44,0.317034751,0.169843364,0.512965246,"d__Bacteria","d__Bacteria","d__Bacteria","k__Pseudomonadati","k__Pseudomonadati","p__Myxococcota","Myxococcota","Myxococcota","c__Polyangia","c__Polyangiia","c__Polyangiia","o__Polyangiales","o__Polyangiales--other","o__Polyangiales--other","f__Sandaracinaceae","f__Sandaracinaceae","f__Sandaracinaceae","g__uncultured","g__Sandaracinus","g__Sandaracinus","s__metagenome","s__metagenome","As predicted",FALSE,0.00013828,0.013828,-3.859240629,0.44,NA,0.22099084,NA,NA,FALSE,"Neutral","Late Reproductive"
"276","539e107e4388d59578bf755e194487d7",0.000169251,2.33e-06,-11337.8228,0.816440375,-45.89301168,0.057542329,0.919714259,-22671.6456,-22655.88424,2e+06,25,19549,5e-07,0.00031776,0.8,0.585732214,0.394175932,0.754450763,"d__Archaea","d__Archaea","d__Archaea","k__Thermoproteati","k__Thermoproteati","p__Crenarchaeota","Thermoproteota","Thermoproteota","c__Nitrososphaeria","c__Nitrososphaeria","c__Nitrososphaeria","o__Nitrososphaerales","o__Nitrososphaerales","o__Nitrososphaerales","f__Nitrososphaeraceae","f__Nitrososphaeraceae","f__Nitrososphaeraceae","g__Nitrososphaeraceae","g__Candidatus_Nitrosocosmicus","g__Candidatus_Nitrosocosmicus","","s__uncultured_archaeon","Above prediction",TRUE,0.00031776,0.031776,-3.497900773,0.8,NA,0.359458245,NA,NA,FALSE,"Above","Late Reproductive"
"277","5de04fe69beee5cc76f6cdc2005dc3a5",0.000169251,2.33e-06,-11337.8228,0.816440375,-45.89301168,0.057542329,0.919714259,-22671.6456,-22655.88424,2e+06,25,19549,5e-07,2.68e-05,0.32,0.070930962,0.018337626,0.23782164,"d__Bacteria","d__Bacteria","d__Bacteria","k__Bacillati","k__Bacillati","p__Chloroflexi","Chloroflexota--other","Chloroflexota--other","c__Anaerolineae","c__Anaerolineae","c__Anaerolineae","o__SBR1031","o__Phototrophicales","o__Phototrophicales","f__SBR1031","f__Phototrophicaceae","f__Phototrophicaceae","g__SBR1031","g__Phototrophicus","g__Phototrophicus","s__uncultured_Caldilineaceae","s__uncultured_Caldilineaceae","Above prediction",TRUE,2.68e-05,0.00268,-4.572189427,0.32,NA,0.233655127,NA,NA,FALSE,"Above","Late Reproductive"
"278","7890bad6b5f262c48962afef59862cf2",0.000169251,2.33e-06,-11337.8228,0.816440375,-45.89301168,0.057542329,0.919714259,-22671.6456,-22655.88424,2e+06,25,19549,5e-07,1.68e-05,0.12,0.044985464,0.008661707,0.202518042,"d__Bacteria","d__Bacteria","d__Bacteria","k__Bacillati","k__Bacillati","p__Actinobacteriota","Actinomycetota","Actinomycetota","c__Actinobacteria","c__Actinomycetes","c__Actinomycetes","o__Micromonosporales","o__Micromonosporales","o__Micromonosporales","f__Micromonosporaceae","f__Micromonosporaceae","f__Micromonosporaceae","g__Longispora","g__Longispora","g__Longispora","s__uncultured_bacterium","s__metagenome","As predicted",FALSE,1.68e-05,0.00168,-4.775725986,0.12,NA,0.129882072,NA,NA,FALSE,"Neutral","Late Reproductive"
"279","8599524cec26e00cc7df72e7ecc01220",0.000169251,2.33e-06,-11337.8228,0.816440375,-45.89301168,0.057542329,0.919714259,-22671.6456,-22655.88424,2e+06,25,19549,5e-07,0.00450226,1,0.999998686,0.866805471,1,"d__Bacteria","d__Bacteria","d__Bacteria","k__Pseudomonadati--other","k__Pseudomonadati--other","p__Acidobacteriota","Acidobacteriota","Acidobacteriota","c__Vicinamibacteria","c__Vicinamibacteria","c__Vicinamibacteria","o__Vicinamibacterales","o__Vicinamibacterales","o__Vicinamibacterales","f__Vicinamibacteraceae","f__Vicinamibacteraceae","f__Vicinamibacteraceae","g__Vicinamibacteraceae","g__Incertae_Sedis","g__Incertae_Sedis","","s__metagenome","Above prediction",TRUE,0.00450226,0.450226,-2.346569429,1,NA,0.399451694,NA,NA,FALSE,"Above","Late Reproductive"
"280","8f19c3b244626c6f77c1ba8232f9ac10",0.000169251,2.33e-06,-11337.8228,0.816440375,-45.89301168,0.057542329,0.919714259,-22671.6456,-22655.88424,2e+06,25,19549,5e-07,5.06e-05,0.24,0.129928534,0.0469824,0.31145597,"d__Bacteria","d__Bacteria","d__Bacteria","k__Pseudomonadati","k__Pseudomonadati","p__Proteobacteria","Pseudomonadota","Pseudomonadota","c__Alphaproteobacteria","c__Alphaproteobacteria","c__Alphaproteobacteria","o__Elsterales","o__Azospirillales","o__Azospirillales","f__uncultured","f__Geminicoccaceae","f__Geminicoccaceae","g__uncultured","g__Incertae_Sedis","g__Incertae_Sedis","s__uncultured_bacterium","s__uncultured_bacterium","As predicted",FALSE,5.06e-05,0.00506,-4.295677859,0.24,NA,0.213203403,NA,NA,FALSE,"Neutral","Late Reproductive"
"281","9d127ac8ec1a7b03befe92229847b811",0.000169251,2.33e-06,-11337.8228,0.816440375,-45.89301168,0.057542329,0.919714259,-22671.6456,-22655.88424,2e+06,25,19549,5e-07,0.00215592,0.96,0.998069985,0.863485498,0.999976348,"d__Bacteria","d__Bacteria","d__Bacteria","k__Bacillati","k__Bacillati","p__Actinobacteriota","Actinomycetota","Actinomycetota","c__Thermoleophilia","c__Thermoleophilia","c__Thermoleophilia","o__Solirubrobacterales","o__Solirubrobacterales","o__Solirubrobacterales","f__Solirubrobacteraceae","f__Solirubrobacteraceae","f__Solirubrobacteraceae","g__Solirubrobacter","g__Solirubrobacter","g__Solirubrobacter","","","As predicted",FALSE,0.00215592,0.215592,-2.666367359,0.96,NA,0.414723817,NA,NA,FALSE,"Neutral","Late Reproductive"
"282","a311a9edffa358734c18789ea398ebf6",0.000169251,2.33e-06,-11337.8228,0.816440375,-45.89301168,0.057542329,0.919714259,-22671.6456,-22655.88424,2e+06,25,19549,5e-07,2.7e-06,0.04,0.007384158,0.000324457,0.145669084,"d__Bacteria","d__Bacteria","d__Bacteria","k__Pseudomonadati--other","k__Pseudomonadati--other","p__Planctomycetota","Planctomycetota","Planctomycetota","c__Planctomycetes","c__Planctomycetia","c__Planctomycetia","o__Pirellulales","o__Pirellulales","o__Pirellulales","f__Pirellulaceae","f__Thermoguttaceae--other","f__Thermoguttaceae--other","g__uncultured","g__Incertae_Sedis","g__Incertae_Sedis","s__uncultured_bacterium","s__Pirellulales_bacterium","As predicted",FALSE,2.7e-06,0.00027,-5.568636236,0.04,NA,0.040813478,NA,NA,FALSE,"Neutral","Late Reproductive"
"283","a438a2585c15dce0dfcc7909bff26c9d",0.000169251,2.33e-06,-11337.8228,0.816440375,-45.89301168,0.057542329,0.919714259,-22671.6456,-22655.88424,2e+06,25,19549,5e-07,7.29e-05,0.52,0.18175146,0.077153883,0.371125516,"d__Bacteria","d__Bacteria","d__Bacteria","k__Pseudomonadati","k__Pseudomonadati","p__Proteobacteria","Pseudomonadota","Pseudomonadota","c__Alphaproteobacteria","c__Alphaproteobacteria","c__Alphaproteobacteria","o__Rhizobiales","o__Hyphomicrobiales--other","o__Hyphomicrobiales--other","f__Rhizobiaceae","f__Rhizobiaceae--other","f__Rhizobiaceae--other","","g__Manganibacter","g__Manganibacter","","s__uncultured_bacterium","Above prediction",TRUE,7.29e-05,0.00729,-4.137272472,0.52,NA,0.271840972,NA,NA,FALSE,"Above","Late Reproductive"
"284","a611900bc993d70d44c9cfab9bc41e0c",0.000169251,2.33e-06,-11337.8228,0.816440375,-45.89301168,0.057542329,0.919714259,-22671.6456,-22655.88424,2e+06,25,19549,5e-07,5.9e-05,0.6,0.149785507,0.058091768,0.334770959,"d__Bacteria","d__Bacteria","d__Bacteria","k__Pseudomonadati","k__Pseudomonadati","p__Proteobacteria","Pseudomonadota","Pseudomonadota","c__Alphaproteobacteria","c__Alphaproteobacteria","c__Alphaproteobacteria","o__Rhizobiales","o__Hyphomicrobiales--other","o__Hyphomicrobiales--other","f__Xanthobacteraceae","f__Nitrobacteraceae","f__Nitrobacteraceae","g__Rhodoplanes","g__Rhodoplanes","g__Rhodoplanes","","","Above prediction",TRUE,5.9e-05,0.0059,-4.229147988,0.6,NA,0.283314418,NA,NA,FALSE,"Above","Late Reproductive"
"285","b1863f644ee4aa35e4528d955815389e",0.000169251,2.33e-06,-11337.8228,0.816440375,-45.89301168,0.057542329,0.919714259,-22671.6456,-22655.88424,2e+06,25,19549,5e-07,0.00022162,0.68,0.458152188,0.281803265,0.645648719,"d__Bacteria","d__Bacteria","d__Bacteria","k__Pseudomonadati","k__Pseudomonadati","p__Myxococcota","Myxococcota","Myxococcota","c__Polyangia","c__Polyangiia","c__Polyangiia","o__Polyangiales","o__Polyangiales","o__Polyangiales","f__BIrii41","f__Polyangiaceae","f__Polyangiaceae","g__BIrii41","g__Incertae_Sedis","g__Incertae_Sedis","s__uncultured_bacterium","s__uncultured_bacterium","Above prediction",TRUE,0.00022162,0.022162,-3.654391049,0.68,NA,0.358230957,NA,NA,FALSE,"Above","Late Reproductive"
"286","b26086d47e0a3f9bd5c419c4617b8502",0.000169251,2.33e-06,-11337.8228,0.816440375,-45.89301168,0.057542329,0.919714259,-22671.6456,-22655.88424,2e+06,25,19549,5e-07,0.00296286,1,0.999835716,0.866523119,0.999999825,"d__Archaea","d__Archaea","d__Archaea","k__Thermoproteati","k__Thermoproteati","p__Crenarchaeota","Thermoproteota","Thermoproteota","c__Nitrososphaeria","c__Nitrososphaeria","c__Nitrososphaeria","o__Nitrososphaerales","o__Nitrososphaerales","o__Nitrososphaerales","f__Nitrososphaeraceae","f__Nitrososphaeraceae","f__Nitrososphaeraceae","","g__Candidatus_Nitrosocosmicus","g__Candidatus_Nitrosocosmicus","","s__uncultured_archaeon","Above prediction",TRUE,0.00296286,0.296286,-2.528288869,1,NA,0.425449915,NA,NA,FALSE,"Above","Late Reproductive"
"287","b72d2815103feb19f37f2521dac55754",0.000169251,2.33e-06,-11337.8228,0.816440375,-45.89301168,0.057542329,0.919714259,-22671.6456,-22655.88424,2e+06,25,19549,5e-07,0.00376578,1,0.999986509,0.866784361,0.999999999,"d__Bacteria","d__Bacteria","d__Bacteria","k__Pseudomonadati--other","k__Pseudomonadati--other","p__Verrucomicrobiota","Verrucomicrobiota","Verrucomicrobiota","c__Verrucomicrobiae","c__Terrimicrobiia","c__Terrimicrobiia","o__Chthoniobacterales","o__Terrimicrobiales","o__Terrimicrobiales","f__Xiphinematobacteraceae","f__Candidatus_Xiphinematobacteraceae","f__Candidatus_Xiphinematobacteraceae","g__Candidatus_Xiphinematobacter","g__Candidatus_Xiphinematobacter","g__Candidatus_Xiphinematobacter","s__uncultured_bacterium","s__mine_metagenome","Above prediction",TRUE,0.00376578,0.376578,-2.424145055,1,NA,0.417847717,NA,NA,FALSE,"Above","Late Reproductive"
"288","bb037f60baf36fa3602d3bf20c7b19ce",0.000169251,2.33e-06,-11337.8228,0.816440375,-45.89301168,0.057542329,0.919714259,-22671.6456,-22655.88424,2e+06,25,19549,5e-07,5.16e-05,0.6,0.132178264,0.048209784,0.314128755,"d__Bacteria","d__Bacteria","d__Bacteria","k__Pseudomonadati--other","k__Pseudomonadati--other","p__Acidobacteriota","Acidobacteriota","Acidobacteriota","c__Vicinamibacteria","c__Vicinamibacteria","c__Vicinamibacteria","o__Vicinamibacterales","o__Vicinamibacterales","o__Vicinamibacterales","f__uncultured","f__Vicinamibacteraceae","f__Vicinamibacteraceae","g__uncultured","g__Incertae_Sedis","g__Incertae_Sedis","s__uncultured_bacterium","","Above prediction",TRUE,5.16e-05,0.00516,-4.287687091,0.6,NA,0.355348687,NA,NA,FALSE,"Above","Late Reproductive"
"289","c39e15de7f8295ecfed0969cd53b2126",0.000169251,2.33e-06,-11337.8228,0.816440375,-45.89301168,0.057542329,0.919714259,-22671.6456,-22655.88424,2e+06,25,19549,5e-07,0.0054411,1,0.999999935,0.866807637,1,"d__Bacteria","d__Bacteria","d__Bacteria","k__Bacillati","k__Bacillati","p__Chloroflexi","Chloroflexota--other","Chloroflexota--other","c__KD4-96","c__Ktedonobacteria","c__Ktedonobacteria","o__KD4-96","o__Incertae_Sedis","o__Incertae_Sedis","f__KD4-96","f__Incertae_Sedis","f__Incertae_Sedis","g__KD4-96","g__Incertae_Sedis","g__Incertae_Sedis","","","Above prediction",TRUE,0.0054411,0.54411,-2.264313292,1,NA,0.404032703,NA,NA,FALSE,"Above","Late Reproductive"
"290","cd2ed2970d1be8bfaf89925b7479b7aa",0.000169251,2.33e-06,-11337.8228,0.816440375,-45.89301168,0.057542329,0.919714259,-22671.6456,-22655.88424,2e+06,25,19549,5e-07,0.0029654,0.96,0.999836998,0.86652534,0.999999827,"d__Bacteria","d__Bacteria","d__Bacteria","k__Pseudomonadati--other","k__Pseudomonadati--other","p__Acidobacteriota","Acidobacteriota","Acidobacteriota","c__Vicinamibacteria","c__Vicinamibacteria","c__Vicinamibacteria","o__Vicinamibacterales","o__Vicinamibacterales","o__Vicinamibacterales","f__uncultured","f__Vicinamibacteraceae","f__Vicinamibacteraceae","g__uncultured","g__Incertae_Sedis","g__Incertae_Sedis","s__uncultured_bacterium","s__metagenome","As predicted",FALSE,0.0029654,0.29654,-2.527916717,0.96,NA,0.405740549,NA,NA,FALSE,"Neutral","Late Reproductive"
"291","cecf3d5b545d6e3444c81ab3cde003e4",0.000169251,2.33e-06,-11337.8228,0.816440375,-45.89301168,0.057542329,0.919714259,-22671.6456,-22655.88424,2e+06,25,19549,5e-07,6.56e-06,0.2,0.017848516,0.001699997,0.162434718,"d__Bacteria","d__Bacteria","d__Bacteria","k__Bacillati","k__Bacillati","p__Actinobacteriota","Actinomycetota","Actinomycetota","c__Thermoleophilia","c__Thermoleophilia","c__Thermoleophilia","o__Gaiellales","o__Gaiellales","o__Gaiellales","f__Gaiellaceae","f__Gaiellaceae","f__Gaiellaceae","g__Gaiella","g__Gaiella","g__Gaiella","","","Above prediction",TRUE,6.56e-06,0.000656,-5.183096161,0.2,NA,0.077321357,NA,NA,FALSE,"Above","Late Reproductive"
"292","d10c72b287f6e198757f9d267625d1ed",0.000169251,2.33e-06,-11337.8228,0.816440375,-45.89301168,0.057542329,0.919714259,-22671.6456,-22655.88424,2e+06,25,19549,5e-07,0.00269264,0.96,0.99962293,0.866154975,0.999999079,"d__Bacteria","d__Bacteria","d__Bacteria","k__Pseudomonadati--other","k__Pseudomonadati--other","p__Acidobacteriota","Acidobacteriota","Acidobacteriota","c__Vicinamibacteria","c__Vicinamibacteria","c__Vicinamibacteria","o__Vicinamibacterales","o__Vicinamibacterales","o__Vicinamibacterales","f__Vicinamibacteraceae","f__Vicinamibacteraceae","f__Vicinamibacteraceae","g__Vicinamibacteraceae","g__Incertae_Sedis","g__Incertae_Sedis","","","As predicted",FALSE,0.00269264,0.269264,-2.569821707,0.96,NA,0.380998077,NA,NA,FALSE,"Neutral","Late Reproductive"
"293","daae3699c460e7d41ec585f2d1241c4f",0.000169251,2.33e-06,-11337.8228,0.816440375,-45.89301168,0.057542329,0.919714259,-22671.6456,-22655.88424,2e+06,25,19549,5e-07,0.00347968,1,0.99996696,0.866750478,0.999999993,"d__Bacteria","d__Bacteria","d__Bacteria","k__Bacillati","k__Bacillati","p__Actinobacteriota","Actinomycetota","Actinomycetota","c__Thermoleophilia","c__Thermoleophilia","c__Thermoleophilia","o__Solirubrobacterales","","o__Solirubrobacterales","f__67-14","","f__67-14","g__67-14","","g__Incertae_Sedis","s__uncultured_Rubrobacteria","s__uncultured_Thermoleophilaceae","Above prediction",TRUE,0.00347968,0.347968,-2.458460693,1,NA,0.406506777,NA,NA,FALSE,"Above","Late Reproductive"
"294","deecde47b41194094869e4cf17b1b34a",0.000169251,2.33e-06,-11337.8228,0.816440375,-45.89301168,0.057542329,0.919714259,-22671.6456,-22655.88424,2e+06,25,19549,5e-07,2.76e-06,0.04,0.007547645,0.000338357,0.145938608,"d__Bacteria","d__Bacteria","d__Bacteria","k__Bacillati","k__Bacillati","p__Actinobacteriota","Actinomycetota","Actinomycetota","c__MB-A2-108","c__MB-A2-108","c__MB-A2-108","o__MB-A2-108","o__Incertae_Sedis","o__Incertae_Sedis","f__MB-A2-108","f__Incertae_Sedis","f__Incertae_Sedis","g__MB-A2-108","g__Incertae_Sedis","g__Incertae_Sedis","s__uncultured_bacterium","","As predicted",FALSE,2.76e-06,0.000276,-5.559090918,0.04,NA,0.030947217,NA,NA,FALSE,"Neutral","Late Reproductive"
"295","ea8132ab0561b1f470a6490ddd1447c7",0.000169251,2.33e-06,-11337.8228,0.816440375,-45.89301168,0.057542329,0.919714259,-22671.6456,-22655.88424,2e+06,25,19549,5e-07,1.5e-05,0.16,0.040461249,0.007236417,0.196100083,"d__Bacteria","d__Bacteria","d__Bacteria","k__Pseudomonadati--other","k__Pseudomonadati--other","p__Planctomycetota","Planctomycetota","Planctomycetota","c__Phycisphaerae","c__Phycisphaerae","c__Phycisphaerae","o__S-70","o__Sedimentisphaerales","o__Sedimentisphaerales","f__S-70","f__Incertae_Sedis","f__Incertae_Sedis","g__S-70","g__Incertae_Sedis","g__Incertae_Sedis","s__uncultured_bacterium","s__uncultured_bacterium","As predicted",FALSE,1.5e-05,0.0015,-4.822752164,0.16,NA,0.145126297,NA,NA,FALSE,"Neutral","Late Reproductive"
"296","f8b6d2a553f0df1c667529b281cdac3f",0.000169251,2.33e-06,-11337.8228,0.816440375,-45.89301168,0.057542329,0.919714259,-22671.6456,-22655.88424,2e+06,25,19549,5e-07,0.00185538,0.96,0.995237232,0.858690086,0.999860855,"d__Bacteria","d__Bacteria","d__Bacteria","k__Pseudomonadati","k__Pseudomonadati","p__Proteobacteria","Pseudomonadota","Pseudomonadota","c__Alphaproteobacteria","c__Alphaproteobacteria","c__Alphaproteobacteria","o__Rhizobiales","o__Hyphomicrobiales","o__Hyphomicrobiales","f__Hyphomicrobiaceae","f__Hyphomicrobiaceae","f__Hyphomicrobiaceae","g__Pedomicrobium","g__Pedomicrobium","g__Pedomicrobium","","s__uncultured_Alphaproteobacteria","As predicted",FALSE,0.00185538,0.185538,-2.731567129,0.96,NA,0.410459455,NA,NA,FALSE,"Neutral","Late Reproductive"
"297","0c23f1e64c234f8c8558c5bafecae55f",0.000179511,2.21e-06,-12593.33271,0.846805322,-46.59730965,0.05219918,0.920095786,-25182.66543,-25166.67129,2e+06,30,21962,5e-07,3.35e-05,0.2,0.092295717,0.030632735,0.246518492,"d__Bacteria","d__Bacteria","d__Bacteria","k__Pseudomonadati--other","k__Pseudomonadati--other","p__Zixibacteria","Candidatus_Zixiibacteriota","Candidatus_Zixiibacteriota","c__Zixibacteria","c__Incertae_Sedis","c__Incertae_Sedis","o__Zixibacteria","o__Incertae_Sedis","o__Incertae_Sedis","f__Zixibacteria","f__Incertae_Sedis","f__Incertae_Sedis","g__Zixibacteria","g__Incertae_Sedis","g__Incertae_Sedis","s__uncultured_bacterium","s__uncultured_bacterium","As predicted",FALSE,3.35e-05,0.00335,-4.475387542,0.2,NA,0.186562317,NA,NA,FALSE,"Neutral","Seedling"
"298","12685c5c242962f0158f7f5098b40221",0.000179511,2.21e-06,-12593.33271,0.846805322,-46.59730965,0.05219918,0.920095786,-25182.66543,-25166.67129,2e+06,30,21962,5e-07,0.00025055,0.8,0.518321054,0.347882908,0.68459983,"d__Bacteria","d__Bacteria","d__Bacteria","k__Pseudomonadati--other","k__Pseudomonadati--other","p__Gemmatimonadota","Gemmatimonadota","Gemmatimonadota","c__S0134_terrestrial_group","c__Gemmatimonadia","c__Gemmatimonadia","o__S0134_terrestrial_group","o__S0134_terrestrial_group","o__S0134_terrestrial_group","f__S0134_terrestrial_group","f__Incertae_Sedis","f__Incertae_Sedis","g__S0134_terrestrial_group","g__Incertae_Sedis","g__Incertae_Sedis","s__uncultured_bacterium","s__metagenome","Above prediction",TRUE,0.00025055,0.025055,-3.601105593,0.8,NA,0.456630252,NA,NA,FALSE,"Above","Seedling"
"299","1ccc88ea48418eee0e18eb57124e00ee",0.000179511,2.21e-06,-12593.33271,0.846805322,-46.59730965,0.05219918,0.920095786,-25182.66543,-25166.67129,2e+06,30,21962,5e-07,8.05e-06,0.1,0.02300262,0.003102359,0.151194063,"d__Bacteria","d__Bacteria","d__Bacteria","k__Pseudomonadati","k__Pseudomonadati","p__Bdellovibrionota","Bdellovibrionota","Bdellovibrionota","c__Bdellovibrionia","c__Bdellovibrionia","c__Bdellovibrionia","o__Bdellovibrionales","o__Bdellovibrionales","o__Bdellovibrionales","f__Bdellovibrionaceae","f__Pseudobdellovibrionaceae","f__Pseudobdellovibrionaceae","g__Bdellovibrio","g__Incertae_Sedis","g__Incertae_Sedis","s__uncultured_bacterium","s__uncultured_bacterium","As predicted",FALSE,8.05e-06,0.000805,-5.09420412,0.1,NA,0.043933947,NA,NA,FALSE,"Neutral","Seedling"
"300","2689d3b7553cf6a799f12c0369018090",0.000179511,2.21e-06,-12593.33271,0.846805322,-46.59730965,0.05219918,0.920095786,-25182.66543,-25166.67129,2e+06,30,21962,5e-07,3.1e-05,0.166666667,0.085698316,0.027342342,0.238111871,"d__Bacteria","d__Bacteria","d__Bacteria","k__Pseudomonadati--other","k__Pseudomonadati--other","p__Acidobacteriota","Acidobacteriota","Acidobacteriota","c__Subgroup_5","c__Terriglobia","c__Terriglobia","o__Subgroup_5","o__Subgroup_5","o__Subgroup_5","f__Subgroup_5","f__Incertae_Sedis","f__Incertae_Sedis","g__Subgroup_5","g__Incertae_Sedis","g__Incertae_Sedis","s__uncultured_bacterium","s__uncultured_bacterium","As predicted",FALSE,3.1e-05,0.0031,-4.509105541,0.166666667,NA,0.132658666,NA,NA,FALSE,"Neutral","Seedling"
"301","26c6e3ed14694582e207478c1f23c21f",0.000179511,2.21e-06,-12593.33271,0.846805322,-46.59730965,0.05219918,0.920095786,-25182.66543,-25166.67129,2e+06,30,21962,5e-07,0.001679333,0.9,0.993839022,0.875834358,0.999729,"d__Bacteria","d__Bacteria","d__Bacteria","k__Bacillati","k__Bacillati","p__Firmicutes","Mycoplasmatota","Mycoplasmatota","c__Bacilli","c__Culicoidibacteria","c__Culicoidibacteria","o__Erysipelotrichales","o__Culicoidibacterales","o__Culicoidibacterales","f__Erysipelotrichaceae","f__Turicibacteraceae","f__Turicibacteraceae","g__Turicibacter","g__Turicibacter","g__Turicibacter","","s__uncultured_bacterium","As predicted",FALSE,0.001679333,0.1679333,-2.774863092,0.9,NA,0.425459081,NA,NA,FALSE,"Neutral","Seedling"
"302","5246543a39f4168a52e8e32449a1e244",0.000179511,2.21e-06,-12593.33271,0.846805322,-46.59730965,0.05219918,0.920095786,-25182.66543,-25166.67129,2e+06,30,21962,5e-07,3.72e-06,0.033333333,0.010685108,0.000768563,0.13168924,"d__Bacteria","d__Bacteria","d__Bacteria","k__Pseudomonadati","k__Pseudomonadati","p__Myxococcota","Myxococcota","Myxococcota","c__Polyangia","c__Polyangiia","c__Polyangiia","o__Polyangiales","o__Polyangiales--other","o__Polyangiales--other","f__Sandaracinaceae","f__Sandaracinaceae","f__Sandaracinaceae","g__uncultured","g__Sandaracinus","g__Sandaracinus","s__uncultured_bacterium","","As predicted",FALSE,3.72e-06,0.000372,-5.429846387,0.033333333,NA,0.084445129,NA,NA,FALSE,"Neutral","Seedling"
"303","899e6d1bba7c36b515dea9954c89bea9",0.000179511,2.21e-06,-12593.33271,0.846805322,-46.59730965,0.05219918,0.920095786,-25182.66543,-25166.67129,2e+06,30,21962,5e-07,0.001445483,1,0.98718845,0.864848673,0.998923398,"d__Bacteria","d__Bacteria","d__Bacteria","k__Pseudomonadati--other","k__Pseudomonadati--other","p__Acidobacteriota","Acidobacteriota","Acidobacteriota","c__Subgroup_11","c__Terriglobia","c__Terriglobia","o__Subgroup_11","o__Subgroup_11","o__Subgroup_11","f__Subgroup_11","f__Incertae_Sedis","f__Incertae_Sedis","g__Subgroup_11","g__Incertae_Sedis","g__Incertae_Sedis","s__uncultured_bacterium","s__uncultured_bacterium","Above prediction",TRUE,0.001445483,0.1445483,-2.839986911,1,NA,0.488590084,NA,NA,FALSE,"Above","Seedling"
"304","a627ebbf95519790d100ed4db71c1f48",0.000179511,2.21e-06,-12593.33271,0.846805322,-46.59730965,0.05219918,0.920095786,-25182.66543,-25166.67129,2e+06,30,21962,5e-07,1.47e-05,0.166666667,0.041661276,0.008606773,0.178770946,"d__Bacteria","d__Bacteria","d__Bacteria","k__Pseudomonadati--other","k__Pseudomonadati--other","p__Latescibacterota","Candidatus_Latescibacterota","Candidatus_Latescibacterota","c__Latescibacterota","c__Candidatus_Latescibacteria","c__Candidatus_Latescibacteria","o__Latescibacterota","o__Candidatus_Latescibacterales","o__Candidatus_Latescibacterales","f__Latescibacterota","f__Candidatus_Latescibacteraceae","f__Candidatus_Latescibacteraceae","g__Latescibacterota","g__Candidatus_Latescibacter","g__Candidatus_Latescibacter","s__uncultured_soil","s__uncultured_soil","As predicted",FALSE,1.47e-05,0.00147,-4.832190547,0.166666667,NA,0.142059007,NA,NA,FALSE,"Neutral","Seedling"
"305","a946e704899d9d1c9546d00cc47d3096",0.000179511,2.21e-06,-12593.33271,0.846805322,-46.59730965,0.05219918,0.920095786,-25182.66543,-25166.67129,2e+06,30,21962,5e-07,9.3e-06,0.1,0.026527883,0.003984659,0.15656196,"d__Bacteria","d__Bacteria","d__Bacteria","k__Pseudomonadati--other","k__Pseudomonadati--other","p__Verrucomicrobiota","Candidatus_Omnitrophota","Candidatus_Omnitrophota","c__Omnitrophia","c__Candidatus_Omnitrophia","c__Candidatus_Omnitrophia","o__Omnitrophales","o__Candidatus_Omnitrophales","o__Candidatus_Omnitrophales","f__Omnitrophales","f__Candidatus_Omnitrophaceae","f__Candidatus_Omnitrophaceae","g__Omnitrophales","","g__Incertae_Sedis","s__uncultured_bacterium","s__freshwater_metagenome","As predicted",FALSE,9.3e-06,0.00093,-5.031517051,0.1,NA,0.092919726,NA,NA,FALSE,"Neutral","Seedling"
"306","ba2fc4fb6a6b7a77aaa9eeb819e92e7c",0.000179511,2.21e-06,-12593.33271,0.846805322,-46.59730965,0.05219918,0.920095786,-25182.66543,-25166.67129,2e+06,30,21962,5e-07,5.83e-06,0.066666667,0.016720531,0.001752691,0.141405757,"d__Bacteria","d__Bacteria","d__Bacteria","k__Pseudomonadati","k__Pseudomonadati","p__Myxococcota","Myxococcota","Myxococcota","c__Polyangia","c__Polyangiia","c__Polyangiia","o__Polyangiales","o__Polyangiales--other","o__Polyangiales--other","f__Sandaracinaceae","f__Sandaracinaceae","f__Sandaracinaceae","g__uncultured","g__Sandaracinus","g__Sandaracinus","s__uncultured_bacterium","s__metagenome","As predicted",FALSE,5.83e-06,0.000583,-5.234083206,0.066666667,NA,0.073938967,NA,NA,FALSE,"Neutral","Seedling"
"307","bafb35394268924b00e59922d0a6b11f",0.000179511,2.21e-06,-12593.33271,0.846805322,-46.59730965,0.05219918,0.920095786,-25182.66543,-25166.67129,2e+06,30,21962,5e-07,4.42e-06,0.033333333,0.01268506,0.001057049,0.134946615,"d__Bacteria","d__Bacteria","d__Bacteria","k__Bacillati","k__Bacillati","p__Armatimonadota","Armatimonadota","Armatimonadota","c__Chthonomonadetes","c__Chthonomonadia","c__Chthonomonadia","o__Chthonomonadales","o__Chthonomonadales","o__Chthonomonadales","f__Chthonomonadales","f__Chthonomonadaceae","f__Chthonomonadaceae","g__Chthonomonadales","g__Chthonomonas","g__Chthonomonas","s__uncultured_bacterium","s__soil_metagenome","As predicted",FALSE,4.42e-06,0.000442,-5.354905376,0.033333333,NA,0.072213311,NA,NA,FALSE,"Neutral","Seedling"
"308","c8cb795032d056b1fa1a1d7d70523840",0.000179511,2.21e-06,-12593.33271,0.846805322,-46.59730965,0.05219918,0.920095786,-25182.66543,-25166.67129,2e+06,30,21962,5e-07,2.23e-05,0.133333333,0.062553802,0.016699399,0.207720209,"d__Bacteria","d__Bacteria","d__Bacteria","k__Pseudomonadati","k__Pseudomonadati","p__Proteobacteria","Pseudomonadota","Pseudomonadota","c__Gammaproteobacteria","c__Gammaproteobacteria","c__Gammaproteobacteria","o__Salinisphaerales","o__Nevskiales","o__Nevskiales","f__Solimonadaceae","f__Nevskiaceae","f__Nevskiaceae","g__Alkanibacter","g__Stenotrophobium","g__Stenotrophobium","","s__gamma_proteobacterium","As predicted",FALSE,2.23e-05,0.00223,-4.651046452,0.133333333,NA,0.230476773,NA,NA,FALSE,"Neutral","Seedling"
"309","cf42b637dee1ed585fccca9b967cbd35",0.000179511,2.21e-06,-12593.33271,0.846805322,-46.59730965,0.05219918,0.920095786,-25182.66543,-25166.67129,2e+06,30,21962,5e-07,0.0001346,0.5,0.323533727,0.184679033,0.502450991,"d__Bacteria","d__Bacteria","d__Bacteria","k__Pseudomonadati","k__Pseudomonadati","p__Myxococcota","Myxococcota","Myxococcota","c__bacteriap25","c__Deltaproteobacteria","c__Deltaproteobacteria","o__bacteriap25","o__Incertae_Sedis","o__Incertae_Sedis","f__bacteriap25","f__Incertae_Sedis","f__Incertae_Sedis","g__bacteriap25","g__Incertae_Sedis","g__Incertae_Sedis","s__uncultured_Syntrophobacterales","s__uncultured_Syntrophobacterales","As predicted",FALSE,0.0001346,0.01346,-3.87095494,0.5,NA,0.332792634,NA,NA,FALSE,"Neutral","Seedling"
"310","df08174f53f08d07823c315a328b5d5c",0.000179511,2.21e-06,-12593.33271,0.846805322,-46.59730965,0.05219918,0.920095786,-25182.66543,-25166.67129,2e+06,30,21962,5e-07,1.09e-05,0.133333333,0.030928707,0.00519762,0.163151543,"d__Bacteria","d__Bacteria","d__Bacteria","k__Bacillati","k__Bacillati","p__Armatimonadota","Armatimonadota","Armatimonadota","c__Chthonomonadetes","c__Chthonomonadia","c__Chthonomonadia","o__Chthonomonadales","o__Chthonomonadales","o__Chthonomonadales","f__Chthonomonadales","f__Chthonomonadaceae","f__Chthonomonadaceae","g__Chthonomonadales","g__Chthonomonas","g__Chthonomonas","s__uncultured_bacterium","","As predicted",FALSE,1.09e-05,0.00109,-4.963903655,0.133333333,NA,0.095125489,NA,NA,FALSE,"Neutral","Seedling"
"311","eb72c74aca010eefc6fbd9182ff724de",0.000179511,2.21e-06,-12593.33271,0.846805322,-46.59730965,0.05219918,0.920095786,-25182.66543,-25166.67129,2e+06,30,21962,5e-07,8.5e-07,0.033333333,0.002453555,4.53e-05,0.117818186,"d__Bacteria","d__Bacteria","d__Bacteria","k__Pseudomonadati--other","k__Pseudomonadati--other","p__Latescibacterota","Candidatus_Latescibacterota","Candidatus_Latescibacterota","c__Latescibacterota","c__Candidatus_Latescibacteria","c__Candidatus_Latescibacteria","o__Latescibacterota","o__Candidatus_Latescibacterales","o__Candidatus_Latescibacterales","f__Latescibacterota","f__Candidatus_Latescibacteraceae","f__Candidatus_Latescibacteraceae","g__Latescibacterota","g__Candidatus_Latescibacter","g__Candidatus_Latescibacter","","s__metagenome","As predicted",FALSE,8.5e-07,8.5e-05,-6.070581074,0.033333333,NA,0.03507455,NA,NA,FALSE,"Neutral","Seedling"
"312","eeeb1b6665e726237630fc52ed6c3b15",0.000179511,2.21e-06,-12593.33271,0.846805322,-46.59730965,0.05219918,0.920095786,-25182.66543,-25166.67129,2e+06,30,21962,5e-07,0.00310915,1,0.999937776,0.886376316,0.99999997,"d__Bacteria","d__Bacteria","d__Bacteria","k__Pseudomonadati","k__Pseudomonadati","p__Proteobacteria","Pseudomonadota","Pseudomonadota","c__Gammaproteobacteria","c__Gammaproteobacteria","c__Gammaproteobacteria","o__PLTA13","o__Steroidobacterales--other","o__Steroidobacterales--other","f__PLTA13","f__Steroidobacteraceae--other","f__Steroidobacteraceae--other","g__PLTA13","g__PLTA13","g__PLTA13","s__metagenome","s__uncultured_Gammaproteobacteria","Above prediction",TRUE,0.00310915,0.310915,-2.507358325,1,NA,0.442804361,NA,NA,FALSE,"Above","Seedling"
"313","0c23f1e64c234f8c8558c5bafecae55f",0.000165489,2.47e-06,-9704.324038,0.796523691,-41.53040018,0.063238941,0.914276163,-19404.64808,-19389.05404,2e+06,22,17980,5e-07,7.75e-06,0.090909091,0.020646152,0.001995994,0.181812883,"d__Bacteria","d__Bacteria","d__Bacteria","k__Pseudomonadati--other","k__Pseudomonadati--other","p__Zixibacteria","Candidatus_Zixiibacteriota","Candidatus_Zixiibacteriota","c__Zixibacteria","c__Incertae_Sedis","c__Incertae_Sedis","o__Zixibacteria","o__Incertae_Sedis","o__Incertae_Sedis","f__Zixibacteria","f__Incertae_Sedis","f__Incertae_Sedis","g__Zixibacteria","g__Incertae_Sedis","g__Incertae_Sedis","s__uncultured_bacterium","s__uncultured_bacterium","As predicted",FALSE,7.75e-06,0.000775,-5.110698297,0.090909091,NA,0.060528123,NA,NA,FALSE,"Neutral","Early Vegetative"
"314","12685c5c242962f0158f7f5098b40221",0.000165489,2.47e-06,-9704.324038,0.796523691,-41.53040018,0.063238941,0.914276163,-19404.64808,-19389.05404,2e+06,22,17980,5e-07,0.000100773,0.454545455,0.238223555,0.108344576,0.445931223,"d__Bacteria","d__Bacteria","d__Bacteria","k__Pseudomonadati--other","k__Pseudomonadati--other","p__Gemmatimonadota","Gemmatimonadota","Gemmatimonadota","c__S0134_terrestrial_group","c__Gemmatimonadia","c__Gemmatimonadia","o__S0134_terrestrial_group","o__S0134_terrestrial_group","o__S0134_terrestrial_group","f__S0134_terrestrial_group","f__Incertae_Sedis","f__Incertae_Sedis","g__S0134_terrestrial_group","g__Incertae_Sedis","g__Incertae_Sedis","s__uncultured_bacterium","s__metagenome","Above prediction",TRUE,0.000100773,0.0100773,-3.996656988,0.454545455,NA,0.218289401,NA,NA,FALSE,"Above","Early Vegetative"
"315","1ccc88ea48418eee0e18eb57124e00ee",0.000165489,2.47e-06,-9704.324038,0.796523691,-41.53040018,0.063238941,0.914276163,-19404.64808,-19389.05404,2e+06,22,17980,5e-07,3.37e-05,0.363636364,0.086694878,0.023454398,0.272815001,"d__Bacteria","d__Bacteria","d__Bacteria","k__Pseudomonadati","k__Pseudomonadati","p__Bdellovibrionota","Bdellovibrionota","Bdellovibrionota","c__Bdellovibrionia","c__Bdellovibrionia","c__Bdellovibrionia","o__Bdellovibrionales","o__Bdellovibrionales","o__Bdellovibrionales","f__Bdellovibrionaceae","f__Pseudobdellovibrionaceae","f__Pseudobdellovibrionaceae","g__Bdellovibrio","g__Incertae_Sedis","g__Incertae_Sedis","s__uncultured_bacterium","s__uncultured_bacterium","Above prediction",TRUE,3.37e-05,0.00337,-4.472897618,0.363636364,NA,0.17131174,NA,NA,FALSE,"Above","Early Vegetative"
"316","2689d3b7553cf6a799f12c0369018090",0.000165489,2.47e-06,-9704.324038,0.796523691,-41.53040018,0.063238941,0.914276163,-19404.64808,-19389.05404,2e+06,22,17980,5e-07,3.64e-05,0.227272727,0.093389181,0.026398321,0.281269402,"d__Bacteria","d__Bacteria","d__Bacteria","k__Pseudomonadati--other","k__Pseudomonadati--other","p__Acidobacteriota","Acidobacteriota","Acidobacteriota","c__Subgroup_5","c__Terriglobia","c__Terriglobia","o__Subgroup_5","o__Subgroup_5","o__Subgroup_5","f__Subgroup_5","f__Incertae_Sedis","f__Incertae_Sedis","g__Subgroup_5","g__Incertae_Sedis","g__Incertae_Sedis","s__uncultured_bacterium","s__uncultured_bacterium","As predicted",FALSE,3.64e-05,0.00364,-4.439061345,0.227272727,NA,0.167921773,NA,NA,FALSE,"Neutral","Early Vegetative"
"317","26c6e3ed14694582e207478c1f23c21f",0.000165489,2.47e-06,-9704.324038,0.796523691,-41.53040018,0.063238941,0.914276163,-19404.64808,-19389.05404,2e+06,22,17980,5e-07,0.00198275,1,0.996343433,0.845192653,0.999926471,"d__Bacteria","d__Bacteria","d__Bacteria","k__Bacillati","k__Bacillati","p__Firmicutes","Mycoplasmatota","Mycoplasmatota","c__Bacilli","c__Culicoidibacteria","c__Culicoidibacteria","o__Erysipelotrichales","o__Culicoidibacterales","o__Culicoidibacterales","f__Erysipelotrichaceae","f__Turicibacteraceae","f__Turicibacteraceae","g__Turicibacter","g__Turicibacter","g__Turicibacter","","s__uncultured_bacterium","Above prediction",TRUE,0.00198275,0.198275,-2.702732041,1,NA,0.487306347,NA,NA,FALSE,"Above","Early Vegetative"
"318","43d9050f53d128d591dcac7a817a6c12",0.000165489,2.47e-06,-9704.324038,0.796523691,-41.53040018,0.063238941,0.914276163,-19404.64808,-19389.05404,2e+06,22,17980,5e-07,6.95e-06,0.045454545,0.018546338,0.001639666,0.178593877,"d__Bacteria","d__Bacteria","d__Bacteria","k__Pseudomonadati--other","k__Pseudomonadati--other","p__Verrucomicrobiota","Verrucomicrobiota","Verrucomicrobiota","c__Verrucomicrobiae","c__Pedosphaerae","c__Pedosphaerae","o__Pedosphaerales","o__Limisphaerales","o__Limisphaerales","f__Pedosphaeraceae","f__Incertae_Sedis","f__Incertae_Sedis","","","g__Incertae_Sedis","","","As predicted",FALSE,6.95e-06,0.000695,-5.15773125,0.045454545,NA,0.0568825,NA,NA,FALSE,"Neutral","Early Vegetative"
"319","899e6d1bba7c36b515dea9954c89bea9",0.000165489,2.47e-06,-9704.324038,0.796523691,-41.53040018,0.063238941,0.914276163,-19404.64808,-19389.05404,2e+06,22,17980,5e-07,0.001139932,0.954545455,0.957904599,0.786743832,0.992925865,"d__Bacteria","d__Bacteria","d__Bacteria","k__Pseudomonadati--other","k__Pseudomonadati--other","p__Acidobacteriota","Acidobacteriota","Acidobacteriota","c__Subgroup_11","c__Terriglobia","c__Terriglobia","o__Subgroup_11","o__Subgroup_11","o__Subgroup_11","f__Subgroup_11","f__Incertae_Sedis","f__Incertae_Sedis","g__Subgroup_11","g__Incertae_Sedis","g__Incertae_Sedis","s__uncultured_bacterium","s__uncultured_bacterium","As predicted",FALSE,0.001139932,0.1139932,-2.943121124,0.954545455,NA,0.423912135,NA,NA,FALSE,"Neutral","Early Vegetative"
"320","a627ebbf95519790d100ed4db71c1f48",0.000165489,2.47e-06,-9704.324038,0.796523691,-41.53040018,0.063238941,0.914276163,-19404.64808,-19389.05404,2e+06,22,17980,5e-07,3.2e-05,0.181818182,0.082711401,0.021753768,0.267733002,"d__Bacteria","d__Bacteria","d__Bacteria","k__Pseudomonadati--other","k__Pseudomonadati--other","p__Latescibacterota","Candidatus_Latescibacterota","Candidatus_Latescibacterota","c__Latescibacterota","c__Candidatus_Latescibacteria","c__Candidatus_Latescibacteria","o__Latescibacterota","o__Candidatus_Latescibacterales","o__Candidatus_Latescibacterales","f__Latescibacterota","f__Candidatus_Latescibacteraceae","f__Candidatus_Latescibacteraceae","g__Latescibacterota","g__Candidatus_Latescibacter","g__Candidatus_Latescibacter","s__uncultured_soil","s__uncultured_soil","As predicted",FALSE,3.2e-05,0.0032,-4.494233564,0.181818182,NA,0.218948285,NA,NA,FALSE,"Neutral","Early Vegetative"
"321","a946e704899d9d1c9546d00cc47d3096",0.000165489,2.47e-06,-9704.324038,0.796523691,-41.53040018,0.063238941,0.914276163,-19404.64808,-19389.05404,2e+06,22,17980,5e-07,5.84e-06,0.045454545,0.01559922,0.001190418,0.174025097,"d__Bacteria","d__Bacteria","d__Bacteria","k__Pseudomonadati--other","k__Pseudomonadati--other","p__Verrucomicrobiota","Candidatus_Omnitrophota","Candidatus_Omnitrophota","c__Omnitrophia","c__Candidatus_Omnitrophia","c__Candidatus_Omnitrophia","o__Omnitrophales","o__Candidatus_Omnitrophales","o__Candidatus_Omnitrophales","f__Omnitrophales","f__Candidatus_Omnitrophaceae","f__Candidatus_Omnitrophaceae","g__Omnitrophales","","g__Incertae_Sedis","s__uncultured_bacterium","s__freshwater_metagenome","As predicted",FALSE,5.84e-06,0.000584,-5.233519553,0.045454545,NA,0.049647265,NA,NA,FALSE,"Neutral","Early Vegetative"
"322","bafb35394268924b00e59922d0a6b11f",0.000165489,2.47e-06,-9704.324038,0.796523691,-41.53040018,0.063238941,0.914276163,-19404.64808,-19389.05404,2e+06,22,17980,5e-07,5.43e-06,0.045454545,0.01451444,0.001040761,0.172327708,"d__Bacteria","d__Bacteria","d__Bacteria","k__Bacillati","k__Bacillati","p__Armatimonadota","Armatimonadota","Armatimonadota","c__Chthonomonadetes","c__Chthonomonadia","c__Chthonomonadia","o__Chthonomonadales","o__Chthonomonadales","o__Chthonomonadales","f__Chthonomonadales","f__Chthonomonadaceae","f__Chthonomonadaceae","g__Chthonomonadales","g__Chthonomonas","g__Chthonomonas","s__uncultured_bacterium","s__soil_metagenome","As predicted",FALSE,5.43e-06,0.000543,-5.265054776,0.045454545,NA,0.093517276,NA,NA,FALSE,"Neutral","Early Vegetative"
"323","cf42b637dee1ed585fccca9b967cbd35",0.000165489,2.47e-06,-9704.324038,0.796523691,-41.53040018,0.063238941,0.914276163,-19404.64808,-19389.05404,2e+06,22,17980,5e-07,7.8e-05,0.409090909,0.189735801,0.077804646,0.393911526,"d__Bacteria","d__Bacteria","d__Bacteria","k__Pseudomonadati","k__Pseudomonadati","p__Myxococcota","Myxococcota","Myxococcota","c__bacteriap25","c__Deltaproteobacteria","c__Deltaproteobacteria","o__bacteriap25","o__Incertae_Sedis","o__Incertae_Sedis","f__bacteriap25","f__Incertae_Sedis","f__Incertae_Sedis","g__bacteriap25","g__Incertae_Sedis","g__Incertae_Sedis","s__uncultured_Syntrophobacterales","s__uncultured_Syntrophobacterales","Above prediction",TRUE,7.8e-05,0.0078,-4.108031958,0.409090909,NA,0.229118474,NA,NA,FALSE,"Above","Early Vegetative"
"324","df08174f53f08d07823c315a328b5d5c",0.000165489,2.47e-06,-9704.324038,0.796523691,-41.53040018,0.063238941,0.914276163,-19404.64808,-19389.05404,2e+06,22,17980,5e-07,1.23e-05,0.090909091,0.032620527,0.004537284,0.199660243,"d__Bacteria","d__Bacteria","d__Bacteria","k__Bacillati","k__Bacillati","p__Armatimonadota","Armatimonadota","Armatimonadota","c__Chthonomonadetes","c__Chthonomonadia","c__Chthonomonadia","o__Chthonomonadales","o__Chthonomonadales","o__Chthonomonadales","f__Chthonomonadales","f__Chthonomonadaceae","f__Chthonomonadaceae","g__Chthonomonadales","g__Chthonomonas","g__Chthonomonas","s__uncultured_bacterium","","As predicted",FALSE,1.23e-05,0.00123,-4.90945339,0.090909091,NA,0.083628889,NA,NA,FALSE,"Neutral","Early Vegetative"
"325","eeeb1b6665e726237630fc52ed6c3b15",0.000165489,2.47e-06,-9704.324038,0.796523691,-41.53040018,0.063238941,0.914276163,-19404.64808,-19389.05404,2e+06,22,17980,5e-07,0.002834295,1,0.99970996,0.850851757,0.99999952,"d__Bacteria","d__Bacteria","d__Bacteria","k__Pseudomonadati","k__Pseudomonadati","p__Proteobacteria","Pseudomonadota","Pseudomonadota","c__Gammaproteobacteria","c__Gammaproteobacteria","c__Gammaproteobacteria","o__PLTA13","o__Steroidobacterales--other","o__Steroidobacterales--other","f__PLTA13","f__Steroidobacteraceae--other","f__Steroidobacteraceae--other","g__PLTA13","g__PLTA13","g__PLTA13","s__metagenome","s__uncultured_Gammaproteobacteria","Above prediction",TRUE,0.002834295,0.2834295,-2.54755488,1,NA,0.4227792,NA,NA,FALSE,"Above","Early Vegetative"
"326","0c23f1e64c234f8c8558c5bafecae55f",0.000182793,2.22e-06,-13513.47156,0.836412384,-48.17839908,0.053073979,0.920224162,-27022.94312,-27006.84933,2e+06,30,23084,5e-07,0.000114967,0.566666667,0.287511511,0.157246397,0.466017204,"d__Bacteria","d__Bacteria","d__Bacteria","k__Pseudomonadati--other","k__Pseudomonadati--other","p__Zixibacteria","Candidatus_Zixiibacteriota","Candidatus_Zixiibacteriota","c__Zixibacteria","c__Incertae_Sedis","c__Incertae_Sedis","o__Zixibacteria","o__Incertae_Sedis","o__Incertae_Sedis","f__Zixibacteria","f__Incertae_Sedis","f__Incertae_Sedis","g__Zixibacteria","g__Incertae_Sedis","g__Incertae_Sedis","s__uncultured_bacterium","s__uncultured_bacterium","Above prediction",TRUE,0.000114967,0.0114967,-3.93942806,0.566666667,"late_vegetative",0.582,0.001,"***",TRUE,"Above","Late Vegetative"
"327","12685c5c242962f0158f7f5098b40221",0.000182793,2.22e-06,-13513.47156,0.836412384,-48.17839908,0.053073979,0.920224162,-27022.94312,-27006.84933,2e+06,30,23084,5e-07,0.00033155,0.8,0.626538074,0.448567759,0.775780856,"d__Bacteria","d__Bacteria","d__Bacteria","k__Pseudomonadati--other","k__Pseudomonadati--other","p__Gemmatimonadota","Gemmatimonadota","Gemmatimonadota","c__S0134_terrestrial_group","c__Gemmatimonadia","c__Gemmatimonadia","o__S0134_terrestrial_group","o__S0134_terrestrial_group","o__S0134_terrestrial_group","f__S0134_terrestrial_group","f__Incertae_Sedis","f__Incertae_Sedis","g__S0134_terrestrial_group","g__Incertae_Sedis","g__Incertae_Sedis","s__uncultured_bacterium","s__metagenome","Above prediction",TRUE,0.00033155,0.033155,-3.479450968,0.8,"late_vegetative",0.525,0.002,"**",TRUE,"Above","Late Vegetative"
"328","15c235d47250a1cd2683ef1e04a2d412",0.000182793,2.22e-06,-13513.47156,0.836412384,-48.17839908,0.053073979,0.920224162,-27022.94312,-27006.84933,2e+06,30,23084,5e-07,1.67e-05,0.2,0.047880945,0.010835139,0.187569886,"d__Bacteria","d__Bacteria","d__Bacteria","k__Pseudomonadati","k__Pseudomonadati","p__Proteobacteria","Pseudomonadota","Pseudomonadota","c__Gammaproteobacteria","c__Gammaproteobacteria","c__Gammaproteobacteria","o__Burkholderiales","o__Burkholderiales","o__Burkholderiales","f__Comamonadaceae","f__Comamonadaceae","f__Comamonadaceae","","","","","","Above prediction",TRUE,1.67e-05,0.00167,-4.777283529,0.2,"late_vegetative",0.339,0.034,"*",TRUE,"Above","Late Vegetative"
"329","1ccc88ea48418eee0e18eb57124e00ee",0.000182793,2.22e-06,-13513.47156,0.836412384,-48.17839908,0.053073979,0.920224162,-27022.94312,-27006.84933,2e+06,30,23084,5e-07,0.00020065,0.633333333,0.447571026,0.285886675,0.621158159,"d__Bacteria","d__Bacteria","d__Bacteria","k__Pseudomonadati","k__Pseudomonadati","p__Bdellovibrionota","Bdellovibrionota","Bdellovibrionota","c__Bdellovibrionia","c__Bdellovibrionia","c__Bdellovibrionia","o__Bdellovibrionales","o__Bdellovibrionales","o__Bdellovibrionales","f__Bdellovibrionaceae","f__Pseudobdellovibrionaceae","f__Pseudobdellovibrionaceae","g__Bdellovibrio","g__Incertae_Sedis","g__Incertae_Sedis","s__uncultured_bacterium","s__uncultured_bacterium","Above prediction",TRUE,0.00020065,0.020065,-3.697560836,0.633333333,"late_vegetative",0.552,0.001,"***",TRUE,"Above","Late Vegetative"
"330","2689d3b7553cf6a799f12c0369018090",0.000182793,2.22e-06,-13513.47156,0.836412384,-48.17839908,0.053073979,0.920224162,-27022.94312,-27006.84933,2e+06,30,23084,5e-07,0.000107683,0.466666667,0.271984382,0.145727206,0.450007211,"d__Bacteria","d__Bacteria","d__Bacteria","k__Pseudomonadati--other","k__Pseudomonadati--other","p__Acidobacteriota","Acidobacteriota","Acidobacteriota","c__Subgroup_5","c__Terriglobia","c__Terriglobia","o__Subgroup_5","o__Subgroup_5","o__Subgroup_5","f__Subgroup_5","f__Incertae_Sedis","f__Incertae_Sedis","g__Subgroup_5","g__Incertae_Sedis","g__Incertae_Sedis","s__uncultured_bacterium","s__uncultured_bacterium","Above prediction",TRUE,0.000107683,0.0107683,-3.967851509,0.466666667,"late_vegetative",0.414,0.035,"*",TRUE,"Above","Late Vegetative"
"331","26c6e3ed14694582e207478c1f23c21f",0.000182793,2.22e-06,-13513.47156,0.836412384,-48.17839908,0.053073979,0.920224162,-27022.94312,-27006.84933,2e+06,30,23084,5e-07,0.002027367,1,0.998153972,0.883239522,0.999974127,"d__Bacteria","d__Bacteria","d__Bacteria","k__Bacillati","k__Bacillati","p__Firmicutes","Mycoplasmatota","Mycoplasmatota","c__Bacilli","c__Culicoidibacteria","c__Culicoidibacteria","o__Erysipelotrichales","o__Culicoidibacterales","o__Culicoidibacterales","f__Erysipelotrichaceae","f__Turicibacteraceae","f__Turicibacteraceae","g__Turicibacter","g__Turicibacter","g__Turicibacter","","s__uncultured_bacterium","Above prediction",TRUE,0.002027367,0.2027367,-2.693067698,1,"late_vegetative",0.493,0.039,"*",TRUE,"Above","Late Vegetative"
"332","43d9050f53d128d591dcac7a817a6c12",0.000182793,2.22e-06,-13513.47156,0.836412384,-48.17839908,0.053073979,0.920224162,-27022.94312,-27006.84933,2e+06,30,23084,5e-07,5.52e-05,0.333333333,0.149907886,0.0629795,0.316316559,"d__Bacteria","d__Bacteria","d__Bacteria","k__Pseudomonadati--other","k__Pseudomonadati--other","p__Verrucomicrobiota","Verrucomicrobiota","Verrucomicrobiota","c__Verrucomicrobiae","c__Pedosphaerae","c__Pedosphaerae","o__Pedosphaerales","o__Limisphaerales","o__Limisphaerales","f__Pedosphaeraceae","f__Incertae_Sedis","f__Incertae_Sedis","","","g__Incertae_Sedis","","","Above prediction",TRUE,5.52e-05,0.00552,-4.258060922,0.333333333,"late_vegetative",0.434,0.002,"**",TRUE,"Above","Late Vegetative"
"333","5246543a39f4168a52e8e32449a1e244",0.000182793,2.22e-06,-13513.47156,0.836412384,-48.17839908,0.053073979,0.920224162,-27022.94312,-27006.84933,2e+06,30,23084,5e-07,9.92e-06,0.166666667,0.028708014,0.004570775,0.159841157,"d__Bacteria","d__Bacteria","d__Bacteria","k__Pseudomonadati","k__Pseudomonadati","p__Myxococcota","Myxococcota","Myxococcota","c__Polyangia","c__Polyangiia","c__Polyangiia","o__Polyangiales","o__Polyangiales--other","o__Polyangiales--other","f__Sandaracinaceae","f__Sandaracinaceae","f__Sandaracinaceae","g__uncultured","g__Sandaracinus","g__Sandaracinus","s__uncultured_bacterium","","Above prediction",TRUE,9.92e-06,0.000992,-5.003634285,0.166666667,"late_vegetative",0.308,0.042,"*",TRUE,"Above","Late Vegetative"
"334","899e6d1bba7c36b515dea9954c89bea9",0.000182793,2.22e-06,-13513.47156,0.836412384,-48.17839908,0.053073979,0.920224162,-27022.94312,-27006.84933,2e+06,30,23084,5e-07,0.0015362,1,0.991070285,0.871203297,0.999451164,"d__Bacteria","d__Bacteria","d__Bacteria","k__Pseudomonadati--other","k__Pseudomonadati--other","p__Acidobacteriota","Acidobacteriota","Acidobacteriota","c__Subgroup_11","c__Terriglobia","c__Terriglobia","o__Subgroup_11","o__Subgroup_11","o__Subgroup_11","f__Subgroup_11","f__Incertae_Sedis","f__Incertae_Sedis","g__Subgroup_11","g__Incertae_Sedis","g__Incertae_Sedis","s__uncultured_bacterium","s__uncultured_bacterium","Above prediction",TRUE,0.0015362,0.15362,-2.813552239,1,"late_vegetative",0.504,0.015,"*",TRUE,"Above","Late Vegetative"
"335","a627ebbf95519790d100ed4db71c1f48",0.000182793,2.22e-06,-13513.47156,0.836412384,-48.17839908,0.053073979,0.920224162,-27022.94312,-27006.84933,2e+06,30,23084,5e-07,5.62e-05,0.333333333,0.15228555,0.064429942,0.319081653,"d__Bacteria","d__Bacteria","d__Bacteria","k__Pseudomonadati--other","k__Pseudomonadati--other","p__Latescibacterota","Candidatus_Latescibacterota","Candidatus_Latescibacterota","c__Latescibacterota","c__Candidatus_Latescibacteria","c__Candidatus_Latescibacteria","o__Latescibacterota","o__Candidatus_Latescibacterales","o__Candidatus_Latescibacterales","f__Latescibacterota","f__Candidatus_Latescibacteraceae","f__Candidatus_Latescibacteraceae","g__Latescibacterota","g__Candidatus_Latescibacter","g__Candidatus_Latescibacter","s__uncultured_soil","s__uncultured_soil","Above prediction",TRUE,5.62e-05,0.00562,-4.250650239,0.333333333,"late_vegetative",0.392,0.023,"*",TRUE,"Above","Late Vegetative"
"336","a946e704899d9d1c9546d00cc47d3096",0.000182793,2.22e-06,-13513.47156,0.836412384,-48.17839908,0.053073979,0.920224162,-27022.94312,-27006.84933,2e+06,30,23084,5e-07,5.96e-05,0.4,0.160907039,0.06975403,0.329043234,"d__Bacteria","d__Bacteria","d__Bacteria","k__Pseudomonadati--other","k__Pseudomonadati--other","p__Verrucomicrobiota","Candidatus_Omnitrophota","Candidatus_Omnitrophota","c__Omnitrophia","c__Candidatus_Omnitrophia","c__Candidatus_Omnitrophia","o__Omnitrophales","o__Candidatus_Omnitrophales","o__Candidatus_Omnitrophales","f__Omnitrophales","f__Candidatus_Omnitrophaceae","f__Candidatus_Omnitrophaceae","g__Omnitrophales","","g__Incertae_Sedis","s__uncultured_bacterium","s__freshwater_metagenome","Above prediction",TRUE,5.96e-05,0.00596,-4.22463231,0.4,"late_vegetative",0.471,0.003,"**",TRUE,"Above","Late Vegetative"
"337","ba2fc4fb6a6b7a77aaa9eeb819e92e7c",0.000182793,2.22e-06,-13513.47156,0.836412384,-48.17839908,0.053073979,0.920224162,-27022.94312,-27006.84933,2e+06,30,23084,5e-07,3.66e-05,0.266666667,0.102111755,0.035709463,0.258845337,"d__Bacteria","d__Bacteria","d__Bacteria","k__Pseudomonadati","k__Pseudomonadati","p__Myxococcota","Myxococcota","Myxococcota","c__Polyangia","c__Polyangiia","c__Polyangiia","o__Polyangiales","o__Polyangiales--other","o__Polyangiales--other","f__Sandaracinaceae","f__Sandaracinaceae","f__Sandaracinaceae","g__uncultured","g__Sandaracinus","g__Sandaracinus","s__uncultured_bacterium","s__metagenome","Above prediction",TRUE,3.66e-05,0.00366,-4.436123562,0.266666667,"late_vegetative",0.371,0.031,"*",TRUE,"Above","Late Vegetative"
"338","bafb35394268924b00e59922d0a6b11f",0.000182793,2.22e-06,-13513.47156,0.836412384,-48.17839908,0.053073979,0.920224162,-27022.94312,-27006.84933,2e+06,30,23084,5e-07,1.84e-05,0.2,0.052581415,0.012626519,0.194112315,"d__Bacteria","d__Bacteria","d__Bacteria","k__Bacillati","k__Bacillati","p__Armatimonadota","Armatimonadota","Armatimonadota","c__Chthonomonadetes","c__Chthonomonadia","c__Chthonomonadia","o__Chthonomonadales","o__Chthonomonadales","o__Chthonomonadales","f__Chthonomonadales","f__Chthonomonadaceae","f__Chthonomonadaceae","g__Chthonomonadales","g__Chthonomonas","g__Chthonomonas","s__uncultured_bacterium","s__soil_metagenome","Above prediction",TRUE,1.84e-05,0.00184,-4.735575738,0.2,"late_vegetative",0.361,0.01,"**",TRUE,"Above","Late Vegetative"
"339","c8cb795032d056b1fa1a1d7d70523840",0.000182793,2.22e-06,-13513.47156,0.836412384,-48.17839908,0.053073979,0.920224162,-27022.94312,-27006.84933,2e+06,30,23084,5e-07,2.8e-05,0.233333333,0.078958803,0.024090882,0.229414354,"d__Bacteria","d__Bacteria","d__Bacteria","k__Pseudomonadati","k__Pseudomonadati","p__Proteobacteria","Pseudomonadota","Pseudomonadota","c__Gammaproteobacteria","c__Gammaproteobacteria","c__Gammaproteobacteria","o__Salinisphaerales","o__Nevskiales","o__Nevskiales","f__Solimonadaceae","f__Nevskiaceae","f__Nevskiaceae","g__Alkanibacter","g__Stenotrophobium","g__Stenotrophobium","","s__gamma_proteobacterium","Above prediction",TRUE,2.8e-05,0.0028,-4.553100554,0.233333333,"late_vegetative",0.341,0.05,"*",TRUE,"Above","Late Vegetative"
"340","cf42b637dee1ed585fccca9b967cbd35",0.000182793,2.22e-06,-13513.47156,0.836412384,-48.17839908,0.053073979,0.920224162,-27022.94312,-27006.84933,2e+06,30,23084,5e-07,0.000202417,0.7,0.450470124,0.288367992,0.623816864,"d__Bacteria","d__Bacteria","d__Bacteria","k__Pseudomonadati","k__Pseudomonadati","p__Myxococcota","Myxococcota","Myxococcota","c__bacteriap25","c__Deltaproteobacteria","c__Deltaproteobacteria","o__bacteriap25","o__Incertae_Sedis","o__Incertae_Sedis","f__bacteriap25","f__Incertae_Sedis","f__Incertae_Sedis","g__bacteriap25","g__Incertae_Sedis","g__Incertae_Sedis","s__uncultured_Syntrophobacterales","s__uncultured_Syntrophobacterales","Above prediction",TRUE,0.000202417,0.0202417,-3.693753731,0.7,"late_vegetative",0.483,0.011,"*",TRUE,"Above","Late Vegetative"
"341","df08174f53f08d07823c315a328b5d5c",0.000182793,2.22e-06,-13513.47156,0.836412384,-48.17839908,0.053073979,0.920224162,-27022.94312,-27006.84933,2e+06,30,23084,5e-07,6.14e-05,0.433333333,0.165226687,0.072458535,0.333997348,"d__Bacteria","d__Bacteria","d__Bacteria","k__Bacillati","k__Bacillati","p__Armatimonadota","Armatimonadota","Armatimonadota","c__Chthonomonadetes","c__Chthonomonadia","c__Chthonomonadia","o__Chthonomonadales","o__Chthonomonadales","o__Chthonomonadales","f__Chthonomonadales","f__Chthonomonadaceae","f__Chthonomonadaceae","g__Chthonomonadales","g__Chthonomonas","g__Chthonomonas","s__uncultured_bacterium","","Above prediction",TRUE,6.14e-05,0.00614,-4.212067466,0.433333333,"late_vegetative",0.408,0.037,"*",TRUE,"Above","Late Vegetative"
"342","eb72c74aca010eefc6fbd9182ff724de",0.000182793,2.22e-06,-13513.47156,0.836412384,-48.17839908,0.053073979,0.920224162,-27022.94312,-27006.84933,2e+06,30,23084,5e-07,1.78e-05,0.2,0.050815582,0.011943282,0.191664777,"d__Bacteria","d__Bacteria","d__Bacteria","k__Pseudomonadati--other","k__Pseudomonadati--other","p__Latescibacterota","Candidatus_Latescibacterota","Candidatus_Latescibacterota","c__Latescibacterota","c__Candidatus_Latescibacteria","c__Candidatus_Latescibacteria","o__Latescibacterota","o__Candidatus_Latescibacterales","o__Candidatus_Latescibacterales","f__Latescibacterota","f__Candidatus_Latescibacteraceae","f__Candidatus_Latescibacteraceae","g__Latescibacterota","g__Candidatus_Latescibacter","g__Candidatus_Latescibacter","","s__metagenome","Above prediction",TRUE,1.78e-05,0.00178,-4.750801643,0.2,"late_vegetative",0.393,0.006,"**",TRUE,"Above","Late Vegetative"
"343","eeeb1b6665e726237630fc52ed6c3b15",0.000182793,2.22e-06,-13513.47156,0.836412384,-48.17839908,0.053073979,0.920224162,-27022.94312,-27006.84933,2e+06,30,23084,5e-07,0.003900833,1,0.999996323,0.886480088,1,"d__Bacteria","d__Bacteria","d__Bacteria","k__Pseudomonadati","k__Pseudomonadati","p__Proteobacteria","Pseudomonadota","Pseudomonadota","c__Gammaproteobacteria","c__Gammaproteobacteria","c__Gammaproteobacteria","o__PLTA13","o__Steroidobacterales--other","o__Steroidobacterales--other","f__PLTA13","f__Steroidobacteraceae--other","f__Steroidobacteraceae--other","g__PLTA13","g__PLTA13","g__PLTA13","s__metagenome","s__uncultured_Gammaproteobacteria","Above prediction",TRUE,0.003900833,0.3900833,-2.408842605,1,"late_vegetative",0.496,0.012,"*",TRUE,"Above","Late Vegetative"
"344","0c23f1e64c234f8c8558c5bafecae55f",0.000164726,2.16e-06,-13441.99954,0.822437622,-50.25569745,0.054397104,0.924211517,-26879.99908,-26864.00267,2e+06,29,21987,5e-07,1.71e-05,0.172413793,0.044832664,0.009509687,0.186637305,"d__Bacteria","d__Bacteria","d__Bacteria","k__Pseudomonadati--other","k__Pseudomonadati--other","p__Zixibacteria","Candidatus_Zixiibacteriota","Candidatus_Zixiibacteriota","c__Zixibacteria","c__Incertae_Sedis","c__Incertae_Sedis","o__Zixibacteria","o__Incertae_Sedis","o__Incertae_Sedis","f__Zixibacteria","f__Incertae_Sedis","f__Incertae_Sedis","g__Zixibacteria","g__Incertae_Sedis","g__Incertae_Sedis","s__uncultured_bacterium","s__uncultured_bacterium","As predicted",FALSE,1.71e-05,0.00171,-4.766916321,0.172413793,NA,0.123831331,NA,NA,FALSE,"Neutral","Early Reproductive"
"345","12685c5c242962f0158f7f5098b40221",0.000164726,2.16e-06,-13441.99954,0.822437622,-50.25569745,0.054397104,0.924211517,-26879.99908,-26864.00267,2e+06,29,21987,5e-07,0.000173259,0.724137931,0.373120086,0.221889928,0.554032479,"d__Bacteria","d__Bacteria","d__Bacteria","k__Pseudomonadati--other","k__Pseudomonadati--other","p__Gemmatimonadota","Gemmatimonadota","Gemmatimonadota","c__S0134_terrestrial_group","c__Gemmatimonadia","c__Gemmatimonadia","o__S0134_terrestrial_group","o__S0134_terrestrial_group","o__S0134_terrestrial_group","f__S0134_terrestrial_group","f__Incertae_Sedis","f__Incertae_Sedis","g__S0134_terrestrial_group","g__Incertae_Sedis","g__Incertae_Sedis","s__uncultured_bacterium","s__metagenome","Above prediction",TRUE,0.000173259,0.0173259,-3.761305147,0.724137931,NA,0.361268884,NA,NA,FALSE,"Above","Early Reproductive"
"346","15c235d47250a1cd2683ef1e04a2d412",0.000164726,2.16e-06,-13441.99954,0.822437622,-50.25569745,0.054397104,0.924211517,-26879.99908,-26864.00267,2e+06,29,21987,5e-07,6e-06,0.068965517,0.015956438,0.001565818,0.143584014,"d__Bacteria","d__Bacteria","d__Bacteria","k__Pseudomonadati","k__Pseudomonadati","p__Proteobacteria","Pseudomonadota","Pseudomonadota","c__Gammaproteobacteria","c__Gammaproteobacteria","c__Gammaproteobacteria","o__Burkholderiales","o__Burkholderiales","o__Burkholderiales","f__Comamonadaceae","f__Comamonadaceae","f__Comamonadaceae","","","","","","As predicted",FALSE,6e-06,6e-04,-5.22184875,0.068965517,NA,0.1193284,NA,NA,FALSE,"Neutral","Early Reproductive"
"347","1ccc88ea48418eee0e18eb57124e00ee",0.000164726,2.16e-06,-13441.99954,0.822437622,-50.25569745,0.054397104,0.924211517,-26879.99908,-26864.00267,2e+06,29,21987,5e-07,0.000136638,0.448275862,0.307790609,0.170816298,0.489730307,"d__Bacteria","d__Bacteria","d__Bacteria","k__Pseudomonadati","k__Pseudomonadati","p__Bdellovibrionota","Bdellovibrionota","Bdellovibrionota","c__Bdellovibrionia","c__Bdellovibrionia","c__Bdellovibrionia","o__Bdellovibrionales","o__Bdellovibrionales","o__Bdellovibrionales","f__Bdellovibrionaceae","f__Pseudobdellovibrionaceae","f__Pseudobdellovibrionaceae","g__Bdellovibrio","g__Incertae_Sedis","g__Incertae_Sedis","s__uncultured_bacterium","s__uncultured_bacterium","As predicted",FALSE,0.000136638,0.0136638,-3.864428723,0.448275862,NA,0.383230969,NA,NA,FALSE,"Neutral","Early Reproductive"
"348","2689d3b7553cf6a799f12c0369018090",0.000164726,2.16e-06,-13441.99954,0.822437622,-50.25569745,0.054397104,0.924211517,-26879.99908,-26864.00267,2e+06,29,21987,5e-07,8.44e-05,0.275862069,0.202950009,0.095821072,0.379570701,"d__Bacteria","d__Bacteria","d__Bacteria","k__Pseudomonadati--other","k__Pseudomonadati--other","p__Acidobacteriota","Acidobacteriota","Acidobacteriota","c__Subgroup_5","c__Terriglobia","c__Terriglobia","o__Subgroup_5","o__Subgroup_5","o__Subgroup_5","f__Subgroup_5","f__Incertae_Sedis","f__Incertae_Sedis","g__Subgroup_5","g__Incertae_Sedis","g__Incertae_Sedis","s__uncultured_bacterium","s__uncultured_bacterium","As predicted",FALSE,8.44e-05,0.00844,-4.073675297,0.275862069,NA,0.281755477,NA,NA,FALSE,"Neutral","Early Reproductive"
"349","26c6e3ed14694582e207478c1f23c21f",0.000164726,2.16e-06,-13441.99954,0.822437622,-50.25569745,0.054397104,0.924211517,-26879.99908,-26864.00267,2e+06,29,21987,5e-07,0.001484034,0.931034483,0.984062815,0.856446545,0.998437626,"d__Bacteria","d__Bacteria","d__Bacteria","k__Bacillati","k__Bacillati","p__Firmicutes","Mycoplasmatota","Mycoplasmatota","c__Bacilli","c__Culicoidibacteria","c__Culicoidibacteria","o__Erysipelotrichales","o__Culicoidibacterales","o__Culicoidibacterales","f__Erysipelotrichaceae","f__Turicibacteraceae","f__Turicibacteraceae","g__Turicibacter","g__Turicibacter","g__Turicibacter","","s__uncultured_bacterium","As predicted",FALSE,0.001484034,0.1484034,-2.828556008,0.931034483,NA,0.406792529,NA,NA,FALSE,"Neutral","Early Reproductive"
"350","43d9050f53d128d591dcac7a817a6c12",0.000164726,2.16e-06,-13441.99954,0.822437622,-50.25569745,0.054397104,0.924211517,-26879.99908,-26864.00267,2e+06,29,21987,5e-07,1.12e-05,0.103448276,0.029647122,0.00471493,0.164613477,"d__Bacteria","d__Bacteria","d__Bacteria","k__Pseudomonadati--other","k__Pseudomonadati--other","p__Verrucomicrobiota","Verrucomicrobiota","Verrucomicrobiota","c__Verrucomicrobiae","c__Pedosphaerae","c__Pedosphaerae","o__Pedosphaerales","o__Limisphaerales","o__Limisphaerales","f__Pedosphaeraceae","f__Incertae_Sedis","f__Incertae_Sedis","","","g__Incertae_Sedis","","","As predicted",FALSE,1.12e-05,0.00112,-4.949847005,0.103448276,NA,0.109016885,NA,NA,FALSE,"Neutral","Early Reproductive"
"351","899e6d1bba7c36b515dea9954c89bea9",0.000164726,2.16e-06,-13441.99954,0.822437622,-50.25569745,0.054397104,0.924211517,-26879.99908,-26864.00267,2e+06,29,21987,5e-07,0.000995379,0.931034483,0.935745602,0.786640163,0.98291289,"d__Bacteria","d__Bacteria","d__Bacteria","k__Pseudomonadati--other","k__Pseudomonadati--other","p__Acidobacteriota","Acidobacteriota","Acidobacteriota","c__Subgroup_11","c__Terriglobia","c__Terriglobia","o__Subgroup_11","o__Subgroup_11","o__Subgroup_11","f__Subgroup_11","f__Incertae_Sedis","f__Incertae_Sedis","g__Subgroup_11","g__Incertae_Sedis","g__Incertae_Sedis","s__uncultured_bacterium","s__uncultured_bacterium","As predicted",FALSE,0.000995379,0.0995379,-3.002011391,0.931034483,NA,0.391214814,NA,NA,FALSE,"Neutral","Early Reproductive"
"352","a627ebbf95519790d100ed4db71c1f48",0.000164726,2.16e-06,-13441.99954,0.822437622,-50.25569745,0.054397104,0.924211517,-26879.99908,-26864.00267,2e+06,29,21987,5e-07,8.45e-06,0.103448276,0.022395828,0.002882751,0.153639433,"d__Bacteria","d__Bacteria","d__Bacteria","k__Pseudomonadati--other","k__Pseudomonadati--other","p__Latescibacterota","Candidatus_Latescibacterota","Candidatus_Latescibacterota","c__Latescibacterota","c__Candidatus_Latescibacteria","c__Candidatus_Latescibacteria","o__Latescibacterota","o__Candidatus_Latescibacterales","o__Candidatus_Latescibacterales","f__Latescibacterota","f__Candidatus_Latescibacteraceae","f__Candidatus_Latescibacteraceae","g__Latescibacterota","g__Candidatus_Latescibacter","g__Candidatus_Latescibacter","s__uncultured_soil","s__uncultured_soil","As predicted",FALSE,8.45e-06,0.000845,-5.073231914,0.103448276,NA,0.084797949,NA,NA,FALSE,"Neutral","Early Reproductive"
"353","a946e704899d9d1c9546d00cc47d3096",0.000164726,2.16e-06,-13441.99954,0.822437622,-50.25569745,0.054397104,0.924211517,-26879.99908,-26864.00267,2e+06,29,21987,5e-07,2.02e-05,0.206896552,0.05262326,0.012379602,0.197526053,"d__Bacteria","d__Bacteria","d__Bacteria","k__Pseudomonadati--other","k__Pseudomonadati--other","p__Verrucomicrobiota","Candidatus_Omnitrophota","Candidatus_Omnitrophota","c__Omnitrophia","c__Candidatus_Omnitrophia","c__Candidatus_Omnitrophia","o__Omnitrophales","o__Candidatus_Omnitrophales","o__Candidatus_Omnitrophales","f__Omnitrophales","f__Candidatus_Omnitrophaceae","f__Candidatus_Omnitrophaceae","g__Omnitrophales","","g__Incertae_Sedis","s__uncultured_bacterium","s__freshwater_metagenome","Above prediction",TRUE,2.02e-05,0.00202,-4.695613482,0.206896552,NA,0.196759782,NA,NA,FALSE,"Above","Early Reproductive"
"354","ba2fc4fb6a6b7a77aaa9eeb819e92e7c",0.000164726,2.16e-06,-13441.99954,0.822437622,-50.25569745,0.054397104,0.924211517,-26879.99908,-26864.00267,2e+06,29,21987,5e-07,2.18e-05,0.172413793,0.056866356,0.014041924,0.203357295,"d__Bacteria","d__Bacteria","d__Bacteria","k__Pseudomonadati","k__Pseudomonadati","p__Myxococcota","Myxococcota","Myxococcota","c__Polyangia","c__Polyangiia","c__Polyangiia","o__Polyangiales","o__Polyangiales--other","o__Polyangiales--other","f__Sandaracinaceae","f__Sandaracinaceae","f__Sandaracinaceae","g__uncultured","g__Sandaracinus","g__Sandaracinus","s__uncultured_bacterium","s__metagenome","As predicted",FALSE,2.18e-05,0.00218,-4.660994288,0.172413793,NA,0.230011459,NA,NA,FALSE,"Neutral","Early Reproductive"
"355","c8cb795032d056b1fa1a1d7d70523840",0.000164726,2.16e-06,-13441.99954,0.822437622,-50.25569745,0.054397104,0.924211517,-26879.99908,-26864.00267,2e+06,29,21987,5e-07,5.74e-06,0.103448276,0.01527381,0.001445638,0.142498631,"d__Bacteria","d__Bacteria","d__Bacteria","k__Pseudomonadati","k__Pseudomonadati","p__Proteobacteria","Pseudomonadota","Pseudomonadota","c__Gammaproteobacteria","c__Gammaproteobacteria","c__Gammaproteobacteria","o__Salinisphaerales","o__Nevskiales","o__Nevskiales","f__Solimonadaceae","f__Nevskiaceae","f__Nevskiaceae","g__Alkanibacter","g__Stenotrophobium","g__Stenotrophobium","","s__gamma_proteobacterium","As predicted",FALSE,5.74e-06,0.000574,-5.24098376,0.103448276,NA,0.102932085,NA,NA,FALSE,"Neutral","Early Reproductive"
"356","cf42b637dee1ed585fccca9b967cbd35",0.000164726,2.16e-06,-13441.99954,0.822437622,-50.25569745,0.054397104,0.924211517,-26879.99908,-26864.00267,2e+06,29,21987,5e-07,0.000108276,0.413793103,0.252666746,0.130190712,0.433003821,"d__Bacteria","d__Bacteria","d__Bacteria","k__Pseudomonadati","k__Pseudomonadati","p__Myxococcota","Myxococcota","Myxococcota","c__bacteriap25","c__Deltaproteobacteria","c__Deltaproteobacteria","o__bacteriap25","o__Incertae_Sedis","o__Incertae_Sedis","f__bacteriap25","f__Incertae_Sedis","f__Incertae_Sedis","g__bacteriap25","g__Incertae_Sedis","g__Incertae_Sedis","s__uncultured_Syntrophobacterales","s__uncultured_Syntrophobacterales","As predicted",FALSE,0.000108276,0.0108276,-3.96546835,0.413793103,NA,0.271533628,NA,NA,FALSE,"Neutral","Early Reproductive"
"357","df08174f53f08d07823c315a328b5d5c",0.000164726,2.16e-06,-13441.99954,0.822437622,-50.25569745,0.054397104,0.924211517,-26879.99908,-26864.00267,2e+06,29,21987,5e-07,1.92e-05,0.206896552,0.050209115,0.011464118,0.19417801,"d__Bacteria","d__Bacteria","d__Bacteria","k__Bacillati","k__Bacillati","p__Armatimonadota","Armatimonadota","Armatimonadota","c__Chthonomonadetes","c__Chthonomonadia","c__Chthonomonadia","o__Chthonomonadales","o__Chthonomonadales","o__Chthonomonadales","f__Chthonomonadales","f__Chthonomonadaceae","f__Chthonomonadaceae","g__Chthonomonadales","g__Chthonomonas","g__Chthonomonas","s__uncultured_bacterium","","Above prediction",TRUE,1.92e-05,0.00192,-4.716542803,0.206896552,NA,0.157537732,NA,NA,FALSE,"Above","Early Reproductive"
"358","eb72c74aca010eefc6fbd9182ff724de",0.000164726,2.16e-06,-13441.99954,0.822437622,-50.25569745,0.054397104,0.924211517,-26879.99908,-26864.00267,2e+06,29,21987,5e-07,2.43e-06,0.068965517,0.006495283,0.000290705,0.128150156,"d__Bacteria","d__Bacteria","d__Bacteria","k__Pseudomonadati--other","k__Pseudomonadati--other","p__Latescibacterota","Candidatus_Latescibacterota","Candidatus_Latescibacterota","c__Latescibacterota","c__Candidatus_Latescibacteria","c__Candidatus_Latescibacteria","o__Latescibacterota","o__Candidatus_Latescibacterales","o__Candidatus_Latescibacterales","f__Latescibacterota","f__Candidatus_Latescibacteraceae","f__Candidatus_Latescibacteraceae","g__Latescibacterota","g__Candidatus_Latescibacter","g__Candidatus_Latescibacter","","s__metagenome","As predicted",FALSE,2.43e-06,0.000243,-5.614208881,0.068965517,NA,0.085320784,NA,NA,FALSE,"Neutral","Early Reproductive"
"359","eeeb1b6665e726237630fc52ed6c3b15",0.000164726,2.16e-06,-13441.99954,0.822437622,-50.25569745,0.054397104,0.924211517,-26879.99908,-26864.00267,2e+06,29,21987,5e-07,0.003250207,1,0.999914143,0.882878629,0.999999944,"d__Bacteria","d__Bacteria","d__Bacteria","k__Pseudomonadati","k__Pseudomonadati","p__Proteobacteria","Pseudomonadota","Pseudomonadota","c__Gammaproteobacteria","c__Gammaproteobacteria","c__Gammaproteobacteria","o__PLTA13","o__Steroidobacterales--other","o__Steroidobacterales--other","f__PLTA13","f__Steroidobacteraceae--other","f__Steroidobacteraceae--other","g__PLTA13","g__PLTA13","g__PLTA13","s__metagenome","s__uncultured_Gammaproteobacteria","Above prediction",TRUE,0.003250207,0.3250207,-2.488088993,1,NA,0.452737591,NA,NA,FALSE,"Above","Early Reproductive"
"360","0c23f1e64c234f8c8558c5bafecae55f",0.000169251,2.33e-06,-11337.8228,0.816440375,-45.89301168,0.057542329,0.919714259,-22671.6456,-22655.88424,2e+06,25,19549,5e-07,1.9e-05,0.16,0.050898459,0.010653921,0.210776687,"d__Bacteria","d__Bacteria","d__Bacteria","k__Pseudomonadati--other","k__Pseudomonadati--other","p__Zixibacteria","Candidatus_Zixiibacteriota","Candidatus_Zixiibacteriota","c__Zixibacteria","c__Incertae_Sedis","c__Incertae_Sedis","o__Zixibacteria","o__Incertae_Sedis","o__Incertae_Sedis","f__Zixibacteria","f__Incertae_Sedis","f__Incertae_Sedis","g__Zixibacteria","g__Incertae_Sedis","g__Incertae_Sedis","s__uncultured_bacterium","s__uncultured_bacterium","As predicted",FALSE,1.9e-05,0.0019,-4.720789487,0.16,NA,0.125796323,NA,NA,FALSE,"Neutral","Late Reproductive"
"361","12685c5c242962f0158f7f5098b40221",0.000169251,2.33e-06,-11337.8228,0.816440375,-45.89301168,0.057542329,0.919714259,-22671.6456,-22655.88424,2e+06,25,19549,5e-07,0.00010516,0.44,0.251486306,0.122821601,0.446351207,"d__Bacteria","d__Bacteria","d__Bacteria","k__Pseudomonadati--other","k__Pseudomonadati--other","p__Gemmatimonadota","Gemmatimonadota","Gemmatimonadota","c__S0134_terrestrial_group","c__Gemmatimonadia","c__Gemmatimonadia","o__S0134_terrestrial_group","o__S0134_terrestrial_group","o__S0134_terrestrial_group","f__S0134_terrestrial_group","f__Incertae_Sedis","f__Incertae_Sedis","g__S0134_terrestrial_group","g__Incertae_Sedis","g__Incertae_Sedis","s__uncultured_bacterium","s__metagenome","As predicted",FALSE,0.00010516,0.010516,-3.978149423,0.44,NA,0.219393679,NA,NA,FALSE,"Neutral","Late Reproductive"
"362","15c235d47250a1cd2683ef1e04a2d412",0.000169251,2.33e-06,-11337.8228,0.816440375,-45.89301168,0.057542329,0.919714259,-22671.6456,-22655.88424,2e+06,25,19549,5e-07,6.36e-06,0.08,0.017308974,0.001607107,0.161592248,"d__Bacteria","d__Bacteria","d__Bacteria","k__Pseudomonadati","k__Pseudomonadati","p__Proteobacteria","Pseudomonadota","Pseudomonadota","c__Gammaproteobacteria","c__Gammaproteobacteria","c__Gammaproteobacteria","o__Burkholderiales","o__Burkholderiales","o__Burkholderiales","f__Comamonadaceae","f__Comamonadaceae","f__Comamonadaceae","","","","","","As predicted",FALSE,6.36e-06,0.000636,-5.196542884,0.08,NA,0.132320077,NA,NA,FALSE,"Neutral","Late Reproductive"
"363","1ccc88ea48418eee0e18eb57124e00ee",0.000169251,2.33e-06,-11337.8228,0.816440375,-45.89301168,0.057542329,0.919714259,-22671.6456,-22655.88424,2e+06,25,19549,5e-07,3.81e-05,0.2,0.099316783,0.03118335,0.274186014,"d__Bacteria","d__Bacteria","d__Bacteria","k__Pseudomonadati","k__Pseudomonadati","p__Bdellovibrionota","Bdellovibrionota","Bdellovibrionota","c__Bdellovibrionia","c__Bdellovibrionia","c__Bdellovibrionia","o__Bdellovibrionales","o__Bdellovibrionales","o__Bdellovibrionales","f__Bdellovibrionaceae","f__Pseudobdellovibrionaceae","f__Pseudobdellovibrionaceae","g__Bdellovibrio","g__Incertae_Sedis","g__Incertae_Sedis","s__uncultured_bacterium","s__uncultured_bacterium","As predicted",FALSE,3.81e-05,0.00381,-4.419531216,0.2,NA,0.135098856,NA,NA,FALSE,"Neutral","Late Reproductive"
"364","2689d3b7553cf6a799f12c0369018090",0.000169251,2.33e-06,-11337.8228,0.816440375,-45.89301168,0.057542329,0.919714259,-22671.6456,-22655.88424,2e+06,25,19549,5e-07,3.38e-05,0.12,0.088797727,0.026192998,0.260940369,"d__Bacteria","d__Bacteria","d__Bacteria","k__Pseudomonadati--other","k__Pseudomonadati--other","p__Acidobacteriota","Acidobacteriota","Acidobacteriota","c__Subgroup_5","c__Terriglobia","c__Terriglobia","o__Subgroup_5","o__Subgroup_5","o__Subgroup_5","f__Subgroup_5","f__Incertae_Sedis","f__Incertae_Sedis","g__Subgroup_5","g__Incertae_Sedis","g__Incertae_Sedis","s__uncultured_bacterium","s__uncultured_bacterium","As predicted",FALSE,3.38e-05,0.00338,-4.470569646,0.12,NA,0.117671102,NA,NA,FALSE,"Neutral","Late Reproductive"
"365","26c6e3ed14694582e207478c1f23c21f",0.000169251,2.33e-06,-11337.8228,0.816440375,-45.89301168,0.057542329,0.919714259,-22671.6456,-22655.88424,2e+06,25,19549,5e-07,0.00117608,0.8,0.964512607,0.811063971,0.994222284,"d__Bacteria","d__Bacteria","d__Bacteria","k__Bacillati","k__Bacillati","p__Firmicutes","Mycoplasmatota","Mycoplasmatota","c__Bacilli","c__Culicoidibacteria","c__Culicoidibacteria","o__Erysipelotrichales","o__Culicoidibacterales","o__Culicoidibacterales","f__Erysipelotrichaceae","f__Turicibacteraceae","f__Turicibacteraceae","g__Turicibacter","g__Turicibacter","g__Turicibacter","","s__uncultured_bacterium","Below prediction",FALSE,0.00117608,0.117608,-2.929563135,0.8,NA,0.335684675,NA,NA,FALSE,"Below","Late Reproductive"
"366","43d9050f53d128d591dcac7a817a6c12",0.000169251,2.33e-06,-11337.8228,0.816440375,-45.89301168,0.057542329,0.919714259,-22671.6456,-22655.88424,2e+06,25,19549,5e-07,2.43e-05,0.12,0.064625517,0.015777639,0.22945041,"d__Bacteria","d__Bacteria","d__Bacteria","k__Pseudomonadati--other","k__Pseudomonadati--other","p__Verrucomicrobiota","Verrucomicrobiota","Verrucomicrobiota","c__Verrucomicrobiae","c__Pedosphaerae","c__Pedosphaerae","o__Pedosphaerales","o__Limisphaerales","o__Limisphaerales","f__Pedosphaeraceae","f__Incertae_Sedis","f__Incertae_Sedis","","","g__Incertae_Sedis","","","As predicted",FALSE,2.43e-05,0.00243,-4.614036429,0.12,NA,0.172833551,NA,NA,FALSE,"Neutral","Late Reproductive"
"367","5246543a39f4168a52e8e32449a1e244",0.000169251,2.33e-06,-11337.8228,0.816440375,-45.89301168,0.057542329,0.919714259,-22671.6456,-22655.88424,2e+06,25,19549,5e-07,3.74e-06,0.04,0.010214221,0.0006017,0.150298083,"d__Bacteria","d__Bacteria","d__Bacteria","k__Pseudomonadati","k__Pseudomonadati","p__Myxococcota","Myxococcota","Myxococcota","c__Polyangia","c__Polyangiia","c__Polyangiia","o__Polyangiales","o__Polyangiales--other","o__Polyangiales--other","f__Sandaracinaceae","f__Sandaracinaceae","f__Sandaracinaceae","g__uncultured","g__Sandaracinus","g__Sandaracinus","s__uncultured_bacterium","","As predicted",FALSE,3.74e-06,0.000374,-5.427128398,0.04,NA,0.092794924,NA,NA,FALSE,"Neutral","Late Reproductive"
"368","899e6d1bba7c36b515dea9954c89bea9",0.000169251,2.33e-06,-11337.8228,0.816440375,-45.89301168,0.057542329,0.919714259,-22671.6456,-22655.88424,2e+06,25,19549,5e-07,0.00093814,0.96,0.929167736,0.762308479,0.98170336,"d__Bacteria","d__Bacteria","d__Bacteria","k__Pseudomonadati--other","k__Pseudomonadati--other","p__Acidobacteriota","Acidobacteriota","Acidobacteriota","c__Subgroup_11","c__Terriglobia","c__Terriglobia","o__Subgroup_11","o__Subgroup_11","o__Subgroup_11","f__Subgroup_11","f__Incertae_Sedis","f__Incertae_Sedis","g__Subgroup_11","g__Incertae_Sedis","g__Incertae_Sedis","s__uncultured_bacterium","s__uncultured_bacterium","As predicted",FALSE,0.00093814,0.093814,-3.027732346,0.96,NA,0.38566262,NA,NA,FALSE,"Neutral","Late Reproductive"
"369","a627ebbf95519790d100ed4db71c1f48",0.000169251,2.33e-06,-11337.8228,0.816440375,-45.89301168,0.057542329,0.919714259,-22671.6456,-22655.88424,2e+06,25,19549,5e-07,1.02e-05,0.04,0.027564454,0.003715381,0.177263035,"d__Bacteria","d__Bacteria","d__Bacteria","k__Pseudomonadati--other","k__Pseudomonadati--other","p__Latescibacterota","Candidatus_Latescibacterota","Candidatus_Latescibacterota","c__Latescibacterota","c__Candidatus_Latescibacteria","c__Candidatus_Latescibacteria","o__Latescibacterota","o__Candidatus_Latescibacterales","o__Candidatus_Latescibacterales","f__Latescibacterota","f__Candidatus_Latescibacteraceae","f__Candidatus_Latescibacteraceae","g__Latescibacterota","g__Candidatus_Latescibacter","g__Candidatus_Latescibacter","s__uncultured_soil","s__uncultured_soil","As predicted",FALSE,1.02e-05,0.00102,-4.992252222,0.04,NA,0.057882004,NA,NA,FALSE,"Neutral","Late Reproductive"
"370","a946e704899d9d1c9546d00cc47d3096",0.000169251,2.33e-06,-11337.8228,0.816440375,-45.89301168,0.057542329,0.919714259,-22671.6456,-22655.88424,2e+06,25,19549,5e-07,1.28e-05,0.12,0.034537904,0.005512984,0.187554712,"d__Bacteria","d__Bacteria","d__Bacteria","k__Pseudomonadati--other","k__Pseudomonadati--other","p__Verrucomicrobiota","Candidatus_Omnitrophota","Candidatus_Omnitrophota","c__Omnitrophia","c__Candidatus_Omnitrophia","c__Candidatus_Omnitrophia","o__Omnitrophales","o__Candidatus_Omnitrophales","o__Candidatus_Omnitrophales","f__Omnitrophales","f__Candidatus_Omnitrophaceae","f__Candidatus_Omnitrophaceae","g__Omnitrophales","","g__Incertae_Sedis","s__uncultured_bacterium","s__freshwater_metagenome","As predicted",FALSE,1.28e-05,0.00128,-4.89279003,0.12,NA,0.119415872,NA,NA,FALSE,"Neutral","Late Reproductive"
"371","ba2fc4fb6a6b7a77aaa9eeb819e92e7c",0.000169251,2.33e-06,-11337.8228,0.816440375,-45.89301168,0.057542329,0.919714259,-22671.6456,-22655.88424,2e+06,25,19549,5e-07,6.84e-06,0.08,0.01860339,0.001833571,0.163609806,"d__Bacteria","d__Bacteria","d__Bacteria","k__Pseudomonadati","k__Pseudomonadati","p__Myxococcota","Myxococcota","Myxococcota","c__Polyangia","c__Polyangiia","c__Polyangiia","o__Polyangiales","o__Polyangiales--other","o__Polyangiales--other","f__Sandaracinaceae","f__Sandaracinaceae","f__Sandaracinaceae","g__uncultured","g__Sandaracinus","g__Sandaracinus","s__uncultured_bacterium","s__metagenome","As predicted",FALSE,6.84e-06,0.000684,-5.164943898,0.08,NA,0.087706879,NA,NA,FALSE,"Neutral","Late Reproductive"
"372","cf42b637dee1ed585fccca9b967cbd35",0.000169251,2.33e-06,-11337.8228,0.816440375,-45.89301168,0.057542329,0.919714259,-22671.6456,-22655.88424,2e+06,25,19549,5e-07,8.44e-05,0.28,0.207308739,0.093297868,0.399288026,"d__Bacteria","d__Bacteria","d__Bacteria","k__Pseudomonadati","k__Pseudomonadati","p__Myxococcota","Myxococcota","Myxococcota","c__bacteriap25","c__Deltaproteobacteria","c__Deltaproteobacteria","o__bacteriap25","o__Incertae_Sedis","o__Incertae_Sedis","f__bacteriap25","f__Incertae_Sedis","f__Incertae_Sedis","g__bacteriap25","g__Incertae_Sedis","g__Incertae_Sedis","s__uncultured_Syntrophobacterales","s__uncultured_Syntrophobacterales","As predicted",FALSE,8.44e-05,0.00844,-4.073657553,0.28,NA,0.197204314,NA,NA,FALSE,"Neutral","Late Reproductive"
"373","df08174f53f08d07823c315a328b5d5c",0.000169251,2.33e-06,-11337.8228,0.816440375,-45.89301168,0.057542329,0.919714259,-22671.6456,-22655.88424,2e+06,25,19549,5e-07,5.64e-05,0.36,0.143578049,0.054553721,0.32754766,"d__Bacteria","d__Bacteria","d__Bacteria","k__Bacillati","k__Bacillati","p__Armatimonadota","Armatimonadota","Armatimonadota","c__Chthonomonadetes","c__Chthonomonadia","c__Chthonomonadia","o__Chthonomonadales","o__Chthonomonadales","o__Chthonomonadales","f__Chthonomonadales","f__Chthonomonadaceae","f__Chthonomonadaceae","g__Chthonomonadales","g__Chthonomonas","g__Chthonomonas","s__uncultured_bacterium","","Above prediction",TRUE,5.64e-05,0.00564,-4.249029016,0.36,NA,0.355972219,NA,NA,FALSE,"Above","Late Reproductive"
"374","eb72c74aca010eefc6fbd9182ff724de",0.000169251,2.33e-06,-11337.8228,0.816440375,-45.89301168,0.057542329,0.919714259,-22671.6456,-22655.88424,2e+06,25,19549,5e-07,2e-06,0.04,0.005474867,0.000182327,0.142501238,"d__Bacteria","d__Bacteria","d__Bacteria","k__Pseudomonadati--other","k__Pseudomonadati--other","p__Latescibacterota","Candidatus_Latescibacterota","Candidatus_Latescibacterota","c__Latescibacterota","c__Candidatus_Latescibacteria","c__Candidatus_Latescibacteria","o__Latescibacterota","o__Candidatus_Latescibacterales","o__Candidatus_Latescibacterales","f__Latescibacterota","f__Candidatus_Latescibacteraceae","f__Candidatus_Latescibacteraceae","g__Latescibacterota","g__Candidatus_Latescibacter","g__Candidatus_Latescibacter","","s__metagenome","As predicted",FALSE,2e-06,2e-04,-5.698970004,0.04,NA,0.058937033,NA,NA,FALSE,"Neutral","Late Reproductive"
"375","eeeb1b6665e726237630fc52ed6c3b15",0.000169251,2.33e-06,-11337.8228,0.816440375,-45.89301168,0.057542329,0.919714259,-22671.6456,-22655.88424,2e+06,25,19549,5e-07,0.0027624,1,0.999695559,0.866280566,0.999999399,"d__Bacteria","d__Bacteria","d__Bacteria","k__Pseudomonadati","k__Pseudomonadati","p__Proteobacteria","Pseudomonadota","Pseudomonadota","c__Gammaproteobacteria","c__Gammaproteobacteria","c__Gammaproteobacteria","o__PLTA13","o__Steroidobacterales--other","o__Steroidobacterales--other","f__PLTA13","f__Steroidobacteraceae--other","f__Steroidobacteraceae--other","g__PLTA13","g__PLTA13","g__PLTA13","s__metagenome","s__uncultured_Gammaproteobacteria","Above prediction",TRUE,0.0027624,0.27624,-2.558713435,1,NA,0.417382595,NA,NA,FALSE,"Above","Late Reproductive"
"376","01ffa92d93379538d9444ed6fd267c42",0.000179511,2.21e-06,-12593.33271,0.846805322,-46.59730965,0.05219918,0.920095786,-25182.66543,-25166.67129,2e+06,30,21962,5e-07,6.52e-06,0.066666667,0.018661301,0.002136984,0.144462397,"d__Bacteria","d__Bacteria","d__Bacteria","k__Pseudomonadati--other","k__Pseudomonadati--other","p__Planctomycetota","Planctomycetota","Planctomycetota","c__Planctomycetes","c__Planctomycetia","c__Planctomycetia","o__Pirellulales","o__Pirellulales","o__Pirellulales","f__Pirellulaceae","","","","","","","","As predicted",FALSE,6.52e-06,0.000652,-5.185974493,0.066666667,NA,0.079924845,NA,NA,FALSE,"Neutral","Seedling"
"377","34132b56dae2a7d14703c9f3fd0f819b",0.000179511,2.21e-06,-12593.33271,0.846805322,-46.59730965,0.05219918,0.920095786,-25182.66543,-25166.67129,2e+06,30,21962,5e-07,9.8e-05,0.4,0.247327334,0.127840579,0.424177552,"d__Bacteria","d__Bacteria","d__Bacteria","k__Pseudomonadati","k__Pseudomonadati","p__Proteobacteria","Pseudomonadota","Pseudomonadota","c__Gammaproteobacteria","c__Gammaproteobacteria","c__Gammaproteobacteria","o__Salinisphaerales","o__Nevskiales","o__Nevskiales","f__Solimonadaceae","f__Nevskiaceae","f__Nevskiaceae","g__uncultured","g__Incertae_Sedis","g__Incertae_Sedis","s__uncultured_bacterium","s__uncultured_bacterium","As predicted",FALSE,9.8e-05,0.0098,-4.008921669,0.4,NA,0.208157955,NA,NA,FALSE,"Neutral","Seedling"
"378","544a3456782aa9bd45a10b7ad94858e9",0.000179511,2.21e-06,-12593.33271,0.846805322,-46.59730965,0.05219918,0.920095786,-25182.66543,-25166.67129,2e+06,30,21962,5e-07,3e-06,0.066666667,0.008633448,0.000514987,0.128305278,"d__Bacteria","d__Bacteria","d__Bacteria","k__Pseudomonadati--other","k__Pseudomonadati--other","p__Bacteroidota","Bacteroidota","Bacteroidota","c__Bacteroidia","c__Sphingobacteriia","c__Sphingobacteriia","o__Sphingobacteriales","o__Sphingobacteriales","o__Sphingobacteriales","f__env.OPS_17","f__Aurantibacillaceae","f__Aurantibacillaceae","g__env.OPS_17","g__Aurantibacillus","g__Aurantibacillus","","s__Anaerolineales_bacterium","As predicted",FALSE,3e-06,3e-04,-5.522878745,0.066666667,NA,0.023341817,NA,NA,FALSE,"Neutral","Seedling"
"379","901f0833360a5404b8572b415748fe7c",0.000179511,2.21e-06,-12593.33271,0.846805322,-46.59730965,0.05219918,0.920095786,-25182.66543,-25166.67129,2e+06,30,21962,5e-07,0.000290617,0.8,0.571909903,0.396840015,0.730654316,"d__Bacteria","d__Bacteria","d__Bacteria","k__Pseudomonadati--other","k__Pseudomonadati--other","p__Gemmatimonadota","Gemmatimonadota","Gemmatimonadota","c__S0134_terrestrial_group","c__Gemmatimonadia","c__Gemmatimonadia","o__S0134_terrestrial_group","o__S0134_terrestrial_group","o__S0134_terrestrial_group","f__S0134_terrestrial_group","f__Incertae_Sedis","f__Incertae_Sedis","g__S0134_terrestrial_group","g__Incertae_Sedis","g__Incertae_Sedis","s__uncultured_Gemmatimonadetes","","Above prediction",TRUE,0.000290617,0.0290617,-3.536679483,0.8,NA,0.426409256,NA,NA,FALSE,"Above","Seedling"
"380","a366a016258d61da63aa047be89f38aa",0.000179511,2.21e-06,-12593.33271,0.846805322,-46.59730965,0.05219918,0.920095786,-25182.66543,-25166.67129,2e+06,30,21962,5e-07,5.72e-05,0.366666667,0.152576558,0.064608005,0.31941954,"d__Bacteria","d__Bacteria","d__Bacteria","k__Pseudomonadati--other","k__Pseudomonadati--other","p__Verrucomicrobiota","Verrucomicrobiota","Verrucomicrobiota","c__Verrucomicrobiae","c__Opitutia","c__Opitutia","o__Opitutales","o__Puniceicoccales","o__Puniceicoccales","f__Puniceicoccaceae","f__Oceanipulchritudinaceae","f__Oceanipulchritudinaceae","g__Verruc-01","g__Candidatus_Pinguicoccus","g__Candidatus_Pinguicoccus","s__Opitutae_bacterium","s__metagenome","Above prediction",TRUE,5.72e-05,0.00572,-4.24285713,0.366666667,NA,0.183173482,NA,NA,FALSE,"Above","Seedling"
"381","b121b55c4ceaac10301bd1f5c30524fa",0.000179511,2.21e-06,-12593.33271,0.846805322,-46.59730965,0.05219918,0.920095786,-25182.66543,-25166.67129,2e+06,30,21962,5e-07,8.78e-06,0.033333333,0.02507228,0.003610251,0.154355623,"d__Bacteria","d__Bacteria","d__Bacteria","k__Bacillati","k__Bacillati","p__Chloroflexi","Chloroflexota--other","Chloroflexota--other","c__Dehalococcoidia","c__Dehalococcoidia","c__Dehalococcoidia","o__S085","o__Dehalococcoidales","o__Dehalococcoidales","f__S085","f__Dehalococcoidaceae","f__Dehalococcoidaceae","g__S085","g__Incertae_Sedis","g__Incertae_Sedis","s__uncultured_bacterium","s__soil_metagenome","As predicted",FALSE,8.78e-06,0.000878,-5.056340635,0.033333333,NA,0.085232564,NA,NA,FALSE,"Neutral","Seedling"
"382","c48cec8103e48dd875d3aad4f48f1b7e",0.000179511,2.21e-06,-12593.33271,0.846805322,-46.59730965,0.05219918,0.920095786,-25182.66543,-25166.67129,2e+06,30,21962,5e-07,1.15e-05,0.066666667,0.032562353,0.005677094,0.165568479,"d__Bacteria","d__Bacteria","d__Bacteria","k__Pseudomonadati","k__Pseudomonadati","p__Proteobacteria","Pseudomonadota","Pseudomonadota","c__Gammaproteobacteria","c__Gammaproteobacteria","c__Gammaproteobacteria","o__Salinisphaerales","o__Nevskiales","o__Nevskiales","f__Solimonadaceae","f__Nevskiaceae","f__Nevskiaceae","g__uncultured","g__Incertae_Sedis","g__Incertae_Sedis","s__uncultured_bacterium","s__uncultured_bacterium","As predicted",FALSE,1.15e-05,0.00115,-4.941194513,0.066666667,NA,0.062574293,NA,NA,FALSE,"Neutral","Seedling"
"383","ca0435afe34cff2832847d9c8b3cb890",0.000179511,2.21e-06,-12593.33271,0.846805322,-46.59730965,0.05219918,0.920095786,-25182.66543,-25166.67129,2e+06,30,21962,5e-07,1.23e-05,0.166666667,0.034891476,0.006386357,0.168988688,"d__Bacteria","d__Bacteria","d__Bacteria","k__Bacillati","k__Bacillati","p__Patescibacteria","Minisyncoccota","Minisyncoccota","c__Parcubacteria","c__Minisyncoccia","c__Minisyncoccia","o__Candidatus_Yanofskybacteria","o__Incertae_Sedis","o__Incertae_Sedis","f__Candidatus_Yanofskybacteria","f__Incertae_Sedis","f__Incertae_Sedis","g__Candidatus_Yanofskybacteria","g__Incertae_Sedis","g__Incertae_Sedis","s__uncultured_deep-sea","s__Candidatus_Yanofskybacteria","As predicted",FALSE,1.23e-05,0.00123,-4.910683763,0.166666667,NA,0.105857805,NA,NA,FALSE,"Neutral","Seedling"
"384","cc2fbdfd0aebc1611aee1db32c39bd90",0.000179511,2.21e-06,-12593.33271,0.846805322,-46.59730965,0.05219918,0.920095786,-25182.66543,-25166.67129,2e+06,30,21962,5e-07,0.002481783,1,0.999521817,0.885640574,0.999998227,"d__Bacteria","d__Bacteria","d__Bacteria","k__Pseudomonadati","k__Pseudomonadati","p__Desulfobacterota","Desulfobacterota","Desulfobacterota","c__uncultured","c__Desulfarculia","c__Desulfarculia","o__uncultured","o__Incertae_Sedis","o__Incertae_Sedis","f__uncultured","f__Incertae_Sedis","f__Incertae_Sedis","g__uncultured","g__Incertae_Sedis","g__Incertae_Sedis","s__uncultured_sludge","s__mine_metagenome","Above prediction",TRUE,0.002481783,0.2481783,-2.605236136,1,NA,0.440082213,NA,NA,FALSE,"Above","Seedling"
"385","ead3137aa19dbb4797255c6ed7136e2e",0.000179511,2.21e-06,-12593.33271,0.846805322,-46.59730965,0.05219918,0.920095786,-25182.66543,-25166.67129,2e+06,30,21962,5e-07,2.11e-05,0.133333333,0.059201158,0.015291236,0.203184224,"d__Bacteria","d__Bacteria","d__Bacteria","k__Bacillati","k__Bacillati","p__Chloroflexi","Chloroflexota--other","Chloroflexota--other","c__Anaerolineae","c__Ardenticatenia","c__Ardenticatenia","o__Ardenticatenales","o__Ardenticatenales","o__Ardenticatenales","f__uncultured","f__Ardenticatenaceae","f__Ardenticatenaceae","g__uncultured","g__Ardenticatena","g__Ardenticatena","s__uncultured_Litorilinea","s__uncultured_Litorilinea","As predicted",FALSE,2.11e-05,0.00211,-4.675717545,0.133333333,NA,0.115727042,NA,NA,FALSE,"Neutral","Seedling"
"386","01ffa92d93379538d9444ed6fd267c42",0.000165489,2.47e-06,-9704.324038,0.796523691,-41.53040018,0.063238941,0.914276163,-19404.64808,-19389.05404,2e+06,22,17980,5e-07,4.91e-06,0.045454545,0.013126635,0.000862179,0.170143288,"d__Bacteria","d__Bacteria","d__Bacteria","k__Pseudomonadati--other","k__Pseudomonadati--other","p__Planctomycetota","Planctomycetota","Planctomycetota","c__Planctomycetes","c__Planctomycetia","c__Planctomycetia","o__Pirellulales","o__Pirellulales","o__Pirellulales","f__Pirellulaceae","","","","","","","","As predicted",FALSE,4.91e-06,0.000491,-5.308998925,0.045454545,NA,0.057280114,NA,NA,FALSE,"Neutral","Early Vegetative"
"387","14d927b7141482521d389de53237aaeb",0.000165489,2.47e-06,-9704.324038,0.796523691,-41.53040018,0.063238941,0.914276163,-19404.64808,-19389.05404,2e+06,22,17980,5e-07,5.57e-06,0.045454545,0.014876163,0.001089697,0.172894675,"d__Bacteria","d__Bacteria","d__Bacteria","k__Pseudomonadati","k__Pseudomonadati","p__Bdellovibrionota","Bdellovibrionota--other","Bdellovibrionota--other","c__Oligoflexia","c__Oligoflexia","c__Oligoflexia","o__0319-6G20","o__0319-6G20","o__0319-6G20","f__0319-6G20","f__Incertae_Sedis","f__Incertae_Sedis","g__0319-6G20","g__Incertae_Sedis","g__Incertae_Sedis","s__uncultured_proteobacterium","","As predicted",FALSE,5.57e-06,0.000557,-5.254286592,0.045454545,NA,0.095798748,NA,NA,FALSE,"Neutral","Early Vegetative"
"388","34132b56dae2a7d14703c9f3fd0f819b",0.000165489,2.47e-06,-9704.324038,0.796523691,-41.53040018,0.063238941,0.914276163,-19404.64808,-19389.05404,2e+06,22,17980,5e-07,5.65e-05,0.363636364,0.141408011,0.050180618,0.339248298,"d__Bacteria","d__Bacteria","d__Bacteria","k__Pseudomonadati","k__Pseudomonadati","p__Proteobacteria","Pseudomonadota","Pseudomonadota","c__Gammaproteobacteria","c__Gammaproteobacteria","c__Gammaproteobacteria","o__Salinisphaerales","o__Nevskiales","o__Nevskiales","f__Solimonadaceae","f__Nevskiaceae","f__Nevskiaceae","g__uncultured","g__Incertae_Sedis","g__Incertae_Sedis","s__uncultured_bacterium","s__uncultured_bacterium","Above prediction",TRUE,5.65e-05,0.00565,-4.2476023,0.363636364,NA,0.15078438,NA,NA,FALSE,"Above","Early Vegetative"
"389","544a3456782aa9bd45a10b7ad94858e9",0.000165489,2.47e-06,-9704.324038,0.796523691,-41.53040018,0.063238941,0.914276163,-19404.64808,-19389.05404,2e+06,22,17980,5e-07,1.43e-05,0.045454545,0.037700165,0.005845471,0.207001108,"d__Bacteria","d__Bacteria","d__Bacteria","k__Pseudomonadati--other","k__Pseudomonadati--other","p__Bacteroidota","Bacteroidota","Bacteroidota","c__Bacteroidia","c__Sphingobacteriia","c__Sphingobacteriia","o__Sphingobacteriales","o__Sphingobacteriales","o__Sphingobacteriales","f__env.OPS_17","f__Aurantibacillaceae","f__Aurantibacillaceae","g__env.OPS_17","g__Aurantibacillus","g__Aurantibacillus","","s__Anaerolineales_bacterium","As predicted",FALSE,1.43e-05,0.00143,-4.845493033,0.045454545,NA,0.042039912,NA,NA,FALSE,"Neutral","Early Vegetative"
"390","901f0833360a5404b8572b415748fe7c",0.000165489,2.47e-06,-9704.324038,0.796523691,-41.53040018,0.063238941,0.914276163,-19404.64808,-19389.05404,2e+06,22,17980,5e-07,0.000176682,0.545454545,0.380118752,0.209937267,0.5859421,"d__Bacteria","d__Bacteria","d__Bacteria","k__Pseudomonadati--other","k__Pseudomonadati--other","p__Gemmatimonadota","Gemmatimonadota","Gemmatimonadota","c__S0134_terrestrial_group","c__Gemmatimonadia","c__Gemmatimonadia","o__S0134_terrestrial_group","o__S0134_terrestrial_group","o__S0134_terrestrial_group","f__S0134_terrestrial_group","f__Incertae_Sedis","f__Incertae_Sedis","g__S0134_terrestrial_group","g__Incertae_Sedis","g__Incertae_Sedis","s__uncultured_Gemmatimonadetes","","As predicted",FALSE,0.000176682,0.0176682,-3.75280814,0.545454545,NA,0.274534282,NA,NA,FALSE,"Neutral","Early Vegetative"
"391","9e5963f4439753a789946e52a1671442",0.000165489,2.47e-06,-9704.324038,0.796523691,-41.53040018,0.063238941,0.914276163,-19404.64808,-19389.05404,2e+06,22,17980,5e-07,2.8e-05,0.090909091,0.072593168,0.017618566,0.254639988,"d__Bacteria","d__Bacteria","d__Bacteria","k__Pseudomonadati","k__Pseudomonadati","p__Bdellovibrionota","Bdellovibrionota--other","Bdellovibrionota--other","c__Oligoflexia","c__Oligoflexia","c__Oligoflexia","o__Oligoflexales","o__Oligoflexales","o__Oligoflexales","f__uncultured","f__Oligoflexaceae--other","f__Oligoflexaceae--other","g__uncultured","g__Incertae_Sedis","g__Incertae_Sedis","s__uncultured_proteobacterium","s__uncultured_proteobacterium","As predicted",FALSE,2.8e-05,0.0028,-4.553194624,0.090909091,NA,0.102740362,NA,NA,FALSE,"Neutral","Early Vegetative"
"392","a366a016258d61da63aa047be89f38aa",0.000165489,2.47e-06,-9704.324038,0.796523691,-41.53040018,0.063238941,0.914276163,-19404.64808,-19389.05404,2e+06,22,17980,5e-07,5.43e-05,0.363636364,0.136227117,0.047417784,0.333189675,"d__Bacteria","d__Bacteria","d__Bacteria","k__Pseudomonadati--other","k__Pseudomonadati--other","p__Verrucomicrobiota","Verrucomicrobiota","Verrucomicrobiota","c__Verrucomicrobiae","c__Opitutia","c__Opitutia","o__Opitutales","o__Puniceicoccales","o__Puniceicoccales","f__Puniceicoccaceae","f__Oceanipulchritudinaceae","f__Oceanipulchritudinaceae","g__Verruc-01","g__Candidatus_Pinguicoccus","g__Candidatus_Pinguicoccus","s__Opitutae_bacterium","s__metagenome","Above prediction",TRUE,5.43e-05,0.00543,-4.265054776,0.363636364,NA,0.177812265,NA,NA,FALSE,"Above","Early Vegetative"
"393","b121b55c4ceaac10301bd1f5c30524fa",0.000165489,2.47e-06,-9704.324038,0.796523691,-41.53040018,0.063238941,0.914276163,-19404.64808,-19389.05404,2e+06,22,17980,5e-07,1.77e-06,0.090909091,0.004759695,0.000123132,0.156636029,"d__Bacteria","d__Bacteria","d__Bacteria","k__Bacillati","k__Bacillati","p__Chloroflexi","Chloroflexota--other","Chloroflexota--other","c__Dehalococcoidia","c__Dehalococcoidia","c__Dehalococcoidia","o__S085","o__Dehalococcoidales","o__Dehalococcoidales","f__S085","f__Dehalococcoidaceae","f__Dehalococcoidaceae","g__S085","g__Incertae_Sedis","g__Incertae_Sedis","s__uncultured_bacterium","s__soil_metagenome","As predicted",FALSE,1.77e-06,0.000177,-5.751358074,0.090909091,NA,0.063235524,NA,NA,FALSE,"Neutral","Early Vegetative"
"394","c48cec8103e48dd875d3aad4f48f1b7e",0.000165489,2.47e-06,-9704.324038,0.796523691,-41.53040018,0.063238941,0.914276163,-19404.64808,-19389.05404,2e+06,22,17980,5e-07,4.05e-06,0.045454545,0.010829563,0.000599691,0.166494575,"d__Bacteria","d__Bacteria","d__Bacteria","k__Pseudomonadati","k__Pseudomonadati","p__Proteobacteria","Pseudomonadota","Pseudomonadota","c__Gammaproteobacteria","c__Gammaproteobacteria","c__Gammaproteobacteria","o__Salinisphaerales","o__Nevskiales","o__Nevskiales","f__Solimonadaceae","f__Nevskiaceae","f__Nevskiaceae","g__uncultured","g__Incertae_Sedis","g__Incertae_Sedis","s__uncultured_bacterium","s__uncultured_bacterium","As predicted",FALSE,4.05e-06,0.000405,-5.393032674,0.045454545,NA,0.030712216,NA,NA,FALSE,"Neutral","Early Vegetative"
"395","ca0435afe34cff2832847d9c8b3cb890",0.000165489,2.47e-06,-9704.324038,0.796523691,-41.53040018,0.063238941,0.914276163,-19404.64808,-19389.05404,2e+06,22,17980,5e-07,8.98e-06,0.090909091,0.023877275,0.002599594,0.186710883,"d__Bacteria","d__Bacteria","d__Bacteria","k__Bacillati","k__Bacillati","p__Patescibacteria","Minisyncoccota","Minisyncoccota","c__Parcubacteria","c__Minisyncoccia","c__Minisyncoccia","o__Candidatus_Yanofskybacteria","o__Incertae_Sedis","o__Incertae_Sedis","f__Candidatus_Yanofskybacteria","f__Incertae_Sedis","f__Incertae_Sedis","g__Candidatus_Yanofskybacteria","g__Incertae_Sedis","g__Incertae_Sedis","s__uncultured_deep-sea","s__Candidatus_Yanofskybacteria","As predicted",FALSE,8.98e-06,0.000898,-5.046855581,0.090909091,NA,0.066836893,NA,NA,FALSE,"Neutral","Early Vegetative"
"396","cc2fbdfd0aebc1611aee1db32c39bd90",0.000165489,2.47e-06,-9704.324038,0.796523691,-41.53040018,0.063238941,0.914276163,-19404.64808,-19389.05404,2e+06,22,17980,5e-07,0.00214525,1,0.997735023,0.847517213,0.999971357,"d__Bacteria","d__Bacteria","d__Bacteria","k__Pseudomonadati","k__Pseudomonadati","p__Desulfobacterota","Desulfobacterota","Desulfobacterota","c__uncultured","c__Desulfarculia","c__Desulfarculia","o__uncultured","o__Incertae_Sedis","o__Incertae_Sedis","f__uncultured","f__Incertae_Sedis","f__Incertae_Sedis","g__uncultured","g__Incertae_Sedis","g__Incertae_Sedis","s__uncultured_sludge","s__mine_metagenome","Above prediction",TRUE,0.00214525,0.214525,-2.668522089,1,NA,0.409157805,NA,NA,FALSE,"Above","Early Vegetative"
"397","ead3137aa19dbb4797255c6ed7136e2e",0.000165489,2.47e-06,-9704.324038,0.796523691,-41.53040018,0.063238941,0.914276163,-19404.64808,-19389.05404,2e+06,22,17980,5e-07,1.58e-05,0.090909091,0.041698198,0.006959599,0.212694391,"d__Bacteria","d__Bacteria","d__Bacteria","k__Bacillati","k__Bacillati","p__Chloroflexi","Chloroflexota--other","Chloroflexota--other","c__Anaerolineae","c__Ardenticatenia","c__Ardenticatenia","o__Ardenticatenales","o__Ardenticatenales","o__Ardenticatenales","f__uncultured","f__Ardenticatenaceae","f__Ardenticatenaceae","g__uncultured","g__Ardenticatena","g__Ardenticatena","s__uncultured_Litorilinea","s__uncultured_Litorilinea","As predicted",FALSE,1.58e-05,0.00158,-4.800843437,0.090909091,NA,0.082738224,NA,NA,FALSE,"Neutral","Early Vegetative"
"398","f251aa414034bd54553bbe94caf9d189",0.000165489,2.47e-06,-9704.324038,0.796523691,-41.53040018,0.063238941,0.914276163,-19404.64808,-19389.05404,2e+06,22,17980,5e-07,2.82e-06,0.045454545,0.007556332,0.000301516,0.161219451,"d__Bacteria","d__Bacteria","d__Bacteria","k__Bacillati","k__Bacillati","p__Chloroflexi","Chloroflexota--other","Chloroflexota--other","c__Anaerolineae","c__Ardenticatenia","c__Ardenticatenia","o__Ardenticatenales","o__Ardenticatenales","o__Ardenticatenales","f__Ardenticatenaceae","f__Ardenticatenaceae","f__Ardenticatenaceae","g__uncultured","g__Ardenticatena","g__Ardenticatena","s__uncultured_Chloroflexus","s__uncultured_Chloroflexus","As predicted",FALSE,2.82e-06,0.000282,-5.550030991,0.045454545,NA,0.086283435,NA,NA,FALSE,"Neutral","Early Vegetative"
"399","01ffa92d93379538d9444ed6fd267c42",0.000182793,2.22e-06,-13513.47156,0.836412384,-48.17839908,0.053073979,0.920224162,-27022.94312,-27006.84933,2e+06,30,23084,5e-07,1.48e-05,0.133333333,0.042454334,0.008881354,0.179902436,"d__Bacteria","d__Bacteria","d__Bacteria","k__Pseudomonadati--other","k__Pseudomonadati--other","p__Planctomycetota","Planctomycetota","Planctomycetota","c__Planctomycetes","c__Planctomycetia","c__Planctomycetia","o__Pirellulales","o__Pirellulales","o__Pirellulales","f__Pirellulaceae","","","","","","","","As predicted",FALSE,1.48e-05,0.00148,-4.830717528,0.133333333,NA,0.170147387,NA,NA,FALSE,"Neutral","Late Vegetative"
"400","14d927b7141482521d389de53237aaeb",0.000182793,2.22e-06,-13513.47156,0.836412384,-48.17839908,0.053073979,0.920224162,-27022.94312,-27006.84933,2e+06,30,23084,5e-07,6.2e-06,0.066666667,0.018043907,0.002011414,0.143493342,"d__Bacteria","d__Bacteria","d__Bacteria","k__Pseudomonadati","k__Pseudomonadati","p__Bdellovibrionota","Bdellovibrionota--other","Bdellovibrionota--other","c__Oligoflexia","c__Oligoflexia","c__Oligoflexia","o__0319-6G20","o__0319-6G20","o__0319-6G20","f__0319-6G20","f__Incertae_Sedis","f__Incertae_Sedis","g__0319-6G20","g__Incertae_Sedis","g__Incertae_Sedis","s__uncultured_proteobacterium","","As predicted",FALSE,6.2e-06,0.00062,-5.207608311,0.066666667,NA,0.12242347,NA,NA,FALSE,"Neutral","Late Vegetative"
"401","34132b56dae2a7d14703c9f3fd0f819b",0.000182793,2.22e-06,-13513.47156,0.836412384,-48.17839908,0.053073979,0.920224162,-27022.94312,-27006.84933,2e+06,30,23084,5e-07,0.00027335,0.733333333,0.555347341,0.381523364,0.716605989,"d__Bacteria","d__Bacteria","d__Bacteria","k__Pseudomonadati","k__Pseudomonadati","p__Proteobacteria","Pseudomonadota","Pseudomonadota","c__Gammaproteobacteria","c__Gammaproteobacteria","c__Gammaproteobacteria","o__Salinisphaerales","o__Nevskiales","o__Nevskiales","f__Solimonadaceae","f__Nevskiaceae","f__Nevskiaceae","g__uncultured","g__Incertae_Sedis","g__Incertae_Sedis","s__uncultured_bacterium","s__uncultured_bacterium","Above prediction",TRUE,0.00027335,0.027335,-3.563280922,0.733333333,NA,0.470797451,NA,NA,FALSE,"Above","Late Vegetative"
"402","38ce83ce2922ff43032f70fa5adad3a6",0.000182793,2.22e-06,-13513.47156,0.836412384,-48.17839908,0.053073979,0.920224162,-27022.94312,-27006.84933,2e+06,30,23084,5e-07,7.22e-06,0.1,0.020972279,0.002633395,0.148063287,"d__Bacteria","d__Bacteria","d__Bacteria","k__Pseudomonadati--other","k__Pseudomonadati--other","p__Planctomycetota","Planctomycetota","Planctomycetota","c__vadinHA49","c__vadinHA49","c__vadinHA49","o__vadinHA49","o__Incertae_Sedis","o__Incertae_Sedis","f__vadinHA49","f__Incertae_Sedis","f__Incertae_Sedis","g__vadinHA49","g__Incertae_Sedis","g__Incertae_Sedis","s__uncultured_Planctomycetales","s__freshwater_metagenome","As predicted",FALSE,7.22e-06,0.000722,-5.141663354,0.1,NA,0.158621559,NA,NA,FALSE,"Neutral","Late Vegetative"
"403","544a3456782aa9bd45a10b7ad94858e9",0.000182793,2.22e-06,-13513.47156,0.836412384,-48.17839908,0.053073979,0.920224162,-27022.94312,-27006.84933,2e+06,30,23084,5e-07,5.8e-05,0.3,0.156772822,0.067188516,0.324278891,"d__Bacteria","d__Bacteria","d__Bacteria","k__Pseudomonadati--other","k__Pseudomonadati--other","p__Bacteroidota","Bacteroidota","Bacteroidota","c__Bacteroidia","c__Sphingobacteriia","c__Sphingobacteriia","o__Sphingobacteriales","o__Sphingobacteriales","o__Sphingobacteriales","f__env.OPS_17","f__Aurantibacillaceae","f__Aurantibacillaceae","g__env.OPS_17","g__Aurantibacillus","g__Aurantibacillus","","s__Anaerolineales_bacterium","As predicted",FALSE,5.8e-05,0.0058,-4.23694656,0.3,NA,0.217624108,NA,NA,FALSE,"Neutral","Late Vegetative"
"404","901f0833360a5404b8572b415748fe7c",0.000182793,2.22e-06,-13513.47156,0.836412384,-48.17839908,0.053073979,0.920224162,-27022.94312,-27006.84933,2e+06,30,23084,5e-07,0.00028125,0.833333333,0.565738096,0.391112894,0.725438988,"d__Bacteria","d__Bacteria","d__Bacteria","k__Pseudomonadati--other","k__Pseudomonadati--other","p__Gemmatimonadota","Gemmatimonadota","Gemmatimonadota","c__S0134_terrestrial_group","c__Gemmatimonadia","c__Gemmatimonadia","o__S0134_terrestrial_group","o__S0134_terrestrial_group","o__S0134_terrestrial_group","f__S0134_terrestrial_group","f__Incertae_Sedis","f__Incertae_Sedis","g__S0134_terrestrial_group","g__Incertae_Sedis","g__Incertae_Sedis","s__uncultured_Gemmatimonadetes","","Above prediction",TRUE,0.00028125,0.028125,-3.550907469,0.833333333,NA,0.428131333,NA,NA,FALSE,"Above","Late Vegetative"
"405","9e5963f4439753a789946e52a1671442",0.000182793,2.22e-06,-13513.47156,0.836412384,-48.17839908,0.053073979,0.920224162,-27022.94312,-27006.84933,2e+06,30,23084,5e-07,5.26e-05,0.3,0.143451447,0.059081331,0.308767634,"d__Bacteria","d__Bacteria","d__Bacteria","k__Pseudomonadati","k__Pseudomonadati","p__Bdellovibrionota","Bdellovibrionota--other","Bdellovibrionota--other","c__Oligoflexia","c__Oligoflexia","c__Oligoflexia","o__Oligoflexales","o__Oligoflexales","o__Oligoflexales","f__uncultured","f__Oligoflexaceae--other","f__Oligoflexaceae--other","g__uncultured","g__Incertae_Sedis","g__Incertae_Sedis","s__uncultured_proteobacterium","s__uncultured_proteobacterium","As predicted",FALSE,5.26e-05,0.00526,-4.278739125,0.3,NA,0.255991656,NA,NA,FALSE,"Neutral","Late Vegetative"
"406","a366a016258d61da63aa047be89f38aa",0.000182793,2.22e-06,-13513.47156,0.836412384,-48.17839908,0.053073979,0.920224162,-27022.94312,-27006.84933,2e+06,30,23084,5e-07,0.000152367,0.433333333,0.362287895,0.215224107,0.540616019,"d__Bacteria","d__Bacteria","d__Bacteria","k__Pseudomonadati--other","k__Pseudomonadati--other","p__Verrucomicrobiota","Verrucomicrobiota","Verrucomicrobiota","c__Verrucomicrobiae","c__Opitutia","c__Opitutia","o__Opitutales","o__Puniceicoccales","o__Puniceicoccales","f__Puniceicoccaceae","f__Oceanipulchritudinaceae","f__Oceanipulchritudinaceae","g__Verruc-01","g__Candidatus_Pinguicoccus","g__Candidatus_Pinguicoccus","s__Opitutae_bacterium","s__metagenome","As predicted",FALSE,0.000152367,0.0152367,-3.817110033,0.433333333,NA,0.325095892,NA,NA,FALSE,"Neutral","Late Vegetative"
"407","b121b55c4ceaac10301bd1f5c30524fa",0.000182793,2.22e-06,-13513.47156,0.836412384,-48.17839908,0.053073979,0.920224162,-27022.94312,-27006.84933,2e+06,30,23084,5e-07,8.67e-07,0.033333333,0.002541556,4.85e-05,0.117970965,"d__Bacteria","d__Bacteria","d__Bacteria","k__Bacillati","k__Bacillati","p__Chloroflexi","Chloroflexota--other","Chloroflexota--other","c__Dehalococcoidia","c__Dehalococcoidia","c__Dehalococcoidia","o__S085","o__Dehalococcoidales","o__Dehalococcoidales","f__S085","f__Dehalococcoidaceae","f__Dehalococcoidaceae","g__S085","g__Incertae_Sedis","g__Incertae_Sedis","s__uncultured_bacterium","s__soil_metagenome","As predicted",FALSE,8.67e-07,8.67e-05,-6.062147907,0.033333333,NA,0.026773301,NA,NA,FALSE,"Neutral","Late Vegetative"
"408","c48cec8103e48dd875d3aad4f48f1b7e",0.000182793,2.22e-06,-13513.47156,0.836412384,-48.17839908,0.053073979,0.920224162,-27022.94312,-27006.84933,2e+06,30,23084,5e-07,6.96e-05,0.5,0.185139964,0.085225364,0.356536226,"d__Bacteria","d__Bacteria","d__Bacteria","k__Pseudomonadati","k__Pseudomonadati","p__Proteobacteria","Pseudomonadota","Pseudomonadota","c__Gammaproteobacteria","c__Gammaproteobacteria","c__Gammaproteobacteria","o__Salinisphaerales","o__Nevskiales","o__Nevskiales","f__Solimonadaceae","f__Nevskiaceae","f__Nevskiaceae","g__uncultured","g__Incertae_Sedis","g__Incertae_Sedis","s__uncultured_bacterium","s__uncultured_bacterium","Above prediction",TRUE,6.96e-05,0.00696,-4.157702866,0.5,NA,0.422349908,NA,NA,FALSE,"Above","Late Vegetative"
"409","ca0435afe34cff2832847d9c8b3cb890",0.000182793,2.22e-06,-13513.47156,0.836412384,-48.17839908,0.053073979,0.920224162,-27022.94312,-27006.84933,2e+06,30,23084,5e-07,4.84e-05,0.366666667,0.132783061,0.052775599,0.296158604,"d__Bacteria","d__Bacteria","d__Bacteria","k__Bacillati","k__Bacillati","p__Patescibacteria","Minisyncoccota","Minisyncoccota","c__Parcubacteria","c__Minisyncoccia","c__Minisyncoccia","o__Candidatus_Yanofskybacteria","o__Incertae_Sedis","o__Incertae_Sedis","f__Candidatus_Yanofskybacteria","f__Incertae_Sedis","f__Incertae_Sedis","g__Candidatus_Yanofskybacteria","g__Incertae_Sedis","g__Incertae_Sedis","s__uncultured_deep-sea","s__Candidatus_Yanofskybacteria","Above prediction",TRUE,4.84e-05,0.00484,-4.31485564,0.366666667,NA,0.311780022,NA,NA,FALSE,"Above","Late Vegetative"
"410","cc2fbdfd0aebc1611aee1db32c39bd90",0.000182793,2.22e-06,-13513.47156,0.836412384,-48.17839908,0.053073979,0.920224162,-27022.94312,-27006.84933,2e+06,30,23084,5e-07,0.002711117,0.933333333,0.999802551,0.886136839,0.999999696,"d__Bacteria","d__Bacteria","d__Bacteria","k__Pseudomonadati","k__Pseudomonadati","p__Desulfobacterota","Desulfobacterota","Desulfobacterota","c__uncultured","c__Desulfarculia","c__Desulfarculia","o__uncultured","o__Incertae_Sedis","o__Incertae_Sedis","f__uncultured","f__Incertae_Sedis","f__Incertae_Sedis","g__uncultured","g__Incertae_Sedis","g__Incertae_Sedis","s__uncultured_sludge","s__mine_metagenome","As predicted",FALSE,0.002711117,0.2711117,-2.566851793,0.933333333,NA,0.444369636,NA,NA,FALSE,"Neutral","Late Vegetative"
"411","ead3137aa19dbb4797255c6ed7136e2e",0.000182793,2.22e-06,-13513.47156,0.836412384,-48.17839908,0.053073979,0.920224162,-27022.94312,-27006.84933,2e+06,30,23084,5e-07,5.87e-05,0.3,0.158718373,0.068393013,0.326523804,"d__Bacteria","d__Bacteria","d__Bacteria","k__Bacillati","k__Bacillati","p__Chloroflexi","Chloroflexota--other","Chloroflexota--other","c__Anaerolineae","c__Ardenticatenia","c__Ardenticatenia","o__Ardenticatenales","o__Ardenticatenales","o__Ardenticatenales","f__uncultured","f__Ardenticatenaceae","f__Ardenticatenaceae","g__uncultured","g__Ardenticatena","g__Ardenticatena","s__uncultured_Litorilinea","s__uncultured_Litorilinea","As predicted",FALSE,5.87e-05,0.00587,-4.231115351,0.3,NA,0.289619107,NA,NA,FALSE,"Neutral","Late Vegetative"
"412","01ffa92d93379538d9444ed6fd267c42",0.000164726,2.16e-06,-13441.99954,0.822437622,-50.25569745,0.054397104,0.924211517,-26879.99908,-26864.00267,2e+06,29,21987,5e-07,3.1e-05,0.310344828,0.079852791,0.024070227,0.233924424,"d__Bacteria","d__Bacteria","d__Bacteria","k__Pseudomonadati--other","k__Pseudomonadati--other","p__Planctomycetota","Planctomycetota","Planctomycetota","c__Planctomycetes","c__Planctomycetia","c__Planctomycetia","o__Pirellulales","o__Pirellulales","o__Pirellulales","f__Pirellulaceae","","","","","","","","Above prediction",TRUE,3.1e-05,0.0031,-4.50839683,0.310344828,"early_reproductive",0.376,0.028,"*",TRUE,"Above","Early Reproductive"
"413","14d927b7141482521d389de53237aaeb",0.000164726,2.16e-06,-13441.99954,0.822437622,-50.25569745,0.054397104,0.924211517,-26879.99908,-26864.00267,2e+06,29,21987,5e-07,1.58e-05,0.206896552,0.041512748,0.008364898,0.181918921,"d__Bacteria","d__Bacteria","d__Bacteria","k__Pseudomonadati","k__Pseudomonadati","p__Bdellovibrionota","Bdellovibrionota--other","Bdellovibrionota--other","c__Oligoflexia","c__Oligoflexia","c__Oligoflexia","o__0319-6G20","o__0319-6G20","o__0319-6G20","f__0319-6G20","f__Incertae_Sedis","f__Incertae_Sedis","g__0319-6G20","g__Incertae_Sedis","g__Incertae_Sedis","s__uncultured_proteobacterium","","Above prediction",TRUE,1.58e-05,0.00158,-4.801058658,0.206896552,"early_reproductive",0.344,0.017,"*",TRUE,"Above","Early Reproductive"
"414","34132b56dae2a7d14703c9f3fd0f819b",0.000164726,2.16e-06,-13441.99954,0.822437622,-50.25569745,0.054397104,0.924211517,-26879.99908,-26864.00267,2e+06,29,21987,5e-07,0.000288121,0.827586207,0.541298315,0.365979282,0.706956037,"d__Bacteria","d__Bacteria","d__Bacteria","k__Pseudomonadati","k__Pseudomonadati","p__Proteobacteria","Pseudomonadota","Pseudomonadota","c__Gammaproteobacteria","c__Gammaproteobacteria","c__Gammaproteobacteria","o__Salinisphaerales","o__Nevskiales","o__Nevskiales","f__Solimonadaceae","f__Nevskiaceae","f__Nevskiaceae","g__uncultured","g__Incertae_Sedis","g__Incertae_Sedis","s__uncultured_bacterium","s__uncultured_bacterium","Above prediction",TRUE,0.000288121,0.0288121,-3.540425554,0.827586207,"early_reproductive",0.513,0.006,"**",TRUE,"Above","Early Reproductive"
"415","38ce83ce2922ff43032f70fa5adad3a6",0.000164726,2.16e-06,-13441.99954,0.822437622,-50.25569745,0.054397104,0.924211517,-26879.99908,-26864.00267,2e+06,29,21987,5e-07,2.15e-05,0.206896552,0.055949323,0.013677078,0.202102605,"d__Bacteria","d__Bacteria","d__Bacteria","k__Pseudomonadati--other","k__Pseudomonadati--other","p__Planctomycetota","Planctomycetota","Planctomycetota","c__vadinHA49","c__vadinHA49","c__vadinHA49","o__vadinHA49","o__Incertae_Sedis","o__Incertae_Sedis","f__vadinHA49","f__Incertae_Sedis","f__Incertae_Sedis","g__vadinHA49","g__Incertae_Sedis","g__Incertae_Sedis","s__uncultured_Planctomycetales","s__freshwater_metagenome","Above prediction",TRUE,2.15e-05,0.00215,-4.668258642,0.206896552,"early_reproductive",0.393,0.005,"**",TRUE,"Above","Early Reproductive"
"416","544a3456782aa9bd45a10b7ad94858e9",0.000164726,2.16e-06,-13441.99954,0.822437622,-50.25569745,0.054397104,0.924211517,-26879.99908,-26864.00267,2e+06,29,21987,5e-07,0.000193517,0.655172414,0.406629562,0.249200313,0.585901854,"d__Bacteria","d__Bacteria","d__Bacteria","k__Pseudomonadati--other","k__Pseudomonadati--other","p__Bacteroidota","Bacteroidota","Bacteroidota","c__Bacteroidia","c__Sphingobacteriia","c__Sphingobacteriia","o__Sphingobacteriales","o__Sphingobacteriales","o__Sphingobacteriales","f__env.OPS_17","f__Aurantibacillaceae","f__Aurantibacillaceae","g__env.OPS_17","g__Aurantibacillus","g__Aurantibacillus","","s__Anaerolineales_bacterium","Above prediction",TRUE,0.000193517,0.0193517,-3.713280336,0.655172414,"early_reproductive",0.588,0.001,"***",TRUE,"Above","Early Reproductive"
"417","901f0833360a5404b8572b415748fe7c",0.000164726,2.16e-06,-13441.99954,0.822437622,-50.25569745,0.054397104,0.924211517,-26879.99908,-26864.00267,2e+06,29,21987,5e-07,0.000373138,0.931034483,0.636468602,0.455221749,0.785790045,"d__Bacteria","d__Bacteria","d__Bacteria","k__Pseudomonadati--other","k__Pseudomonadati--other","p__Gemmatimonadota","Gemmatimonadota","Gemmatimonadota","c__S0134_terrestrial_group","c__Gemmatimonadia","c__Gemmatimonadia","o__S0134_terrestrial_group","o__S0134_terrestrial_group","o__S0134_terrestrial_group","f__S0134_terrestrial_group","f__Incertae_Sedis","f__Incertae_Sedis","g__S0134_terrestrial_group","g__Incertae_Sedis","g__Incertae_Sedis","s__uncultured_Gemmatimonadetes","","Above prediction",TRUE,0.000373138,0.0373138,-3.428130601,0.931034483,"early_reproductive",0.521,0.009,"**",TRUE,"Above","Early Reproductive"
"418","9e5963f4439753a789946e52a1671442",0.000164726,2.16e-06,-13441.99954,0.822437622,-50.25569745,0.054397104,0.924211517,-26879.99908,-26864.00267,2e+06,29,21987,5e-07,0.000138241,0.517241379,0.310785468,0.173091313,0.492744394,"d__Bacteria","d__Bacteria","d__Bacteria","k__Pseudomonadati","k__Pseudomonadati","p__Bdellovibrionota","Bdellovibrionota--other","Bdellovibrionota--other","c__Oligoflexia","c__Oligoflexia","c__Oligoflexia","o__Oligoflexales","o__Oligoflexales","o__Oligoflexales","f__uncultured","f__Oligoflexaceae--other","f__Oligoflexaceae--other","g__uncultured","g__Incertae_Sedis","g__Incertae_Sedis","s__uncultured_proteobacterium","s__uncultured_proteobacterium","Above prediction",TRUE,0.000138241,0.0138241,-3.859361942,0.517241379,"early_reproductive",0.545,0.001,"***",TRUE,"Above","Early Reproductive"
"419","a366a016258d61da63aa047be89f38aa",0.000164726,2.16e-06,-13441.99954,0.822437622,-50.25569745,0.054397104,0.924211517,-26879.99908,-26864.00267,2e+06,29,21987,5e-07,0.000227414,0.655172414,0.458820798,0.293146168,0.634128875,"d__Bacteria","d__Bacteria","d__Bacteria","k__Pseudomonadati--other","k__Pseudomonadati--other","p__Verrucomicrobiota","Verrucomicrobiota","Verrucomicrobiota","c__Verrucomicrobiae","c__Opitutia","c__Opitutia","o__Opitutales","o__Puniceicoccales","o__Puniceicoccales","f__Puniceicoccaceae","f__Oceanipulchritudinaceae","f__Oceanipulchritudinaceae","g__Verruc-01","g__Candidatus_Pinguicoccus","g__Candidatus_Pinguicoccus","s__Opitutae_bacterium","s__metagenome","Above prediction",TRUE,0.000227414,0.0227414,-3.643183198,0.655172414,"early_reproductive",0.488,0.012,"*",TRUE,"Above","Early Reproductive"
"420","b121b55c4ceaac10301bd1f5c30524fa",0.000164726,2.16e-06,-13441.99954,0.822437622,-50.25569745,0.054397104,0.924211517,-26879.99908,-26864.00267,2e+06,29,21987,5e-07,2.89e-05,0.24137931,0.074554386,0.021620397,0.22701695,"d__Bacteria","d__Bacteria","d__Bacteria","k__Bacillati","k__Bacillati","p__Chloroflexi","Chloroflexota--other","Chloroflexota--other","c__Dehalococcoidia","c__Dehalococcoidia","c__Dehalococcoidia","o__S085","o__Dehalococcoidales","o__Dehalococcoidales","f__S085","f__Dehalococcoidaceae","f__Dehalococcoidaceae","g__S085","g__Incertae_Sedis","g__Incertae_Sedis","s__uncultured_bacterium","s__soil_metagenome","Above prediction",TRUE,2.89e-05,0.00289,-4.539413182,0.24137931,"early_reproductive",0.416,0.007,"**",TRUE,"Above","Early Reproductive"
"421","c48cec8103e48dd875d3aad4f48f1b7e",0.000164726,2.16e-06,-13441.99954,0.822437622,-50.25569745,0.054397104,0.924211517,-26879.99908,-26864.00267,2e+06,29,21987,5e-07,8.92e-05,0.413793103,0.213254731,0.102747265,0.39084327,"d__Bacteria","d__Bacteria","d__Bacteria","k__Pseudomonadati","k__Pseudomonadati","p__Proteobacteria","Pseudomonadota","Pseudomonadota","c__Gammaproteobacteria","c__Gammaproteobacteria","c__Gammaproteobacteria","o__Salinisphaerales","o__Nevskiales","o__Nevskiales","f__Solimonadaceae","f__Nevskiaceae","f__Nevskiaceae","g__uncultured","g__Incertae_Sedis","g__Incertae_Sedis","s__uncultured_bacterium","s__uncultured_bacterium","Above prediction",TRUE,8.92e-05,0.00892,-4.049517639,0.413793103,"early_reproductive",0.435,0.018,"*",TRUE,"Above","Early Reproductive"
"422","ca0435afe34cff2832847d9c8b3cb890",0.000164726,2.16e-06,-13441.99954,0.822437622,-50.25569745,0.054397104,0.924211517,-26879.99908,-26864.00267,2e+06,29,21987,5e-07,7.36e-05,0.517241379,0.179508862,0.080492869,0.353500423,"d__Bacteria","d__Bacteria","d__Bacteria","k__Bacillati","k__Bacillati","p__Patescibacteria","Minisyncoccota","Minisyncoccota","c__Parcubacteria","c__Minisyncoccia","c__Minisyncoccia","o__Candidatus_Yanofskybacteria","o__Incertae_Sedis","o__Incertae_Sedis","f__Candidatus_Yanofskybacteria","f__Incertae_Sedis","f__Incertae_Sedis","g__Candidatus_Yanofskybacteria","g__Incertae_Sedis","g__Incertae_Sedis","s__uncultured_deep-sea","s__Candidatus_Yanofskybacteria","Above prediction",TRUE,7.36e-05,0.00736,-4.132898422,0.517241379,"early_reproductive",0.457,0.01,"**",TRUE,"Above","Early Reproductive"
"423","cc2fbdfd0aebc1611aee1db32c39bd90",0.000164726,2.16e-06,-13441.99954,0.822437622,-50.25569745,0.054397104,0.924211517,-26879.99908,-26864.00267,2e+06,29,21987,5e-07,0.00307719,1,0.999855233,0.882774691,0.999999842,"d__Bacteria","d__Bacteria","d__Bacteria","k__Pseudomonadati","k__Pseudomonadati","p__Desulfobacterota","Desulfobacterota","Desulfobacterota","c__uncultured","c__Desulfarculia","c__Desulfarculia","o__uncultured","o__Incertae_Sedis","o__Incertae_Sedis","f__uncultured","f__Incertae_Sedis","f__Incertae_Sedis","g__uncultured","g__Incertae_Sedis","g__Incertae_Sedis","s__uncultured_sludge","s__mine_metagenome","Above prediction",TRUE,0.00307719,0.307719,-2.511845736,1,"early_reproductive",0.49,0.017,"*",TRUE,"Above","Early Reproductive"
"424","ead3137aa19dbb4797255c6ed7136e2e",0.000164726,2.16e-06,-13441.99954,0.822437622,-50.25569745,0.054397104,0.924211517,-26879.99908,-26864.00267,2e+06,29,21987,5e-07,8.12e-05,0.413793103,0.195994657,0.091209301,0.3718989,"d__Bacteria","d__Bacteria","d__Bacteria","k__Bacillati","k__Bacillati","p__Chloroflexi","Chloroflexota--other","Chloroflexota--other","c__Anaerolineae","c__Ardenticatenia","c__Ardenticatenia","o__Ardenticatenales","o__Ardenticatenales","o__Ardenticatenales","f__uncultured","f__Ardenticatenaceae","f__Ardenticatenaceae","g__uncultured","g__Ardenticatena","g__Ardenticatena","s__uncultured_Litorilinea","s__uncultured_Litorilinea","Above prediction",TRUE,8.12e-05,0.00812,-4.090591539,0.413793103,"early_reproductive",0.4,0.027,"*",TRUE,"Above","Early Reproductive"
"425","f251aa414034bd54553bbe94caf9d189",0.000164726,2.16e-06,-13441.99954,0.822437622,-50.25569745,0.054397104,0.924211517,-26879.99908,-26864.00267,2e+06,29,21987,5e-07,1.24e-05,0.172413793,0.032828206,0.005620119,0.169326274,"d__Bacteria","d__Bacteria","d__Bacteria","k__Bacillati","k__Bacillati","p__Chloroflexi","Chloroflexota--other","Chloroflexota--other","c__Anaerolineae","c__Ardenticatenia","c__Ardenticatenia","o__Ardenticatenales","o__Ardenticatenales","o__Ardenticatenales","f__Ardenticatenaceae","f__Ardenticatenaceae","f__Ardenticatenaceae","g__uncultured","g__Ardenticatena","g__Ardenticatena","s__uncultured_Chloroflexus","s__uncultured_Chloroflexus","Above prediction",TRUE,1.24e-05,0.00124,-4.904890796,0.172413793,"early_reproductive",0.353,0.014,"*",TRUE,"Above","Early Reproductive"
"426","01ffa92d93379538d9444ed6fd267c42",0.000169251,2.33e-06,-11337.8228,0.816440375,-45.89301168,0.057542329,0.919714259,-22671.6456,-22655.88424,2e+06,25,19549,5e-07,1.08e-05,0.08,0.029219083,0.004117531,0.179729375,"d__Bacteria","d__Bacteria","d__Bacteria","k__Pseudomonadati--other","k__Pseudomonadati--other","p__Planctomycetota","Planctomycetota","Planctomycetota","c__Planctomycetes","c__Planctomycetia","c__Planctomycetia","o__Pirellulales","o__Pirellulales","o__Pirellulales","f__Pirellulaceae","","","","","","","","As predicted",FALSE,1.08e-05,0.00108,-4.966576245,0.08,NA,0.112712362,NA,NA,FALSE,"Neutral","Late Reproductive"
"427","34132b56dae2a7d14703c9f3fd0f819b",0.000169251,2.33e-06,-11337.8228,0.816440375,-45.89301168,0.057542329,0.919714259,-22671.6456,-22655.88424,2e+06,25,19549,5e-07,0.0001884,0.68,0.405696213,0.238614536,0.597898957,"d__Bacteria","d__Bacteria","d__Bacteria","k__Pseudomonadati","k__Pseudomonadati","p__Proteobacteria","Pseudomonadota","Pseudomonadota","c__Gammaproteobacteria","c__Gammaproteobacteria","c__Gammaproteobacteria","o__Salinisphaerales","o__Nevskiales","o__Nevskiales","f__Solimonadaceae","f__Nevskiaceae","f__Nevskiaceae","g__uncultured","g__Incertae_Sedis","g__Incertae_Sedis","s__uncultured_bacterium","s__uncultured_bacterium","Above prediction",TRUE,0.0001884,0.01884,-3.724919102,0.68,NA,0.376373256,NA,NA,FALSE,"Above","Late Reproductive"
"428","544a3456782aa9bd45a10b7ad94858e9",0.000169251,2.33e-06,-11337.8228,0.816440375,-45.89301168,0.057542329,0.919714259,-22671.6456,-22655.88424,2e+06,25,19549,5e-07,9.83e-05,0.2,0.237245203,0.113096758,0.431387454,"d__Bacteria","d__Bacteria","d__Bacteria","k__Pseudomonadati--other","k__Pseudomonadati--other","p__Bacteroidota","Bacteroidota","Bacteroidota","c__Bacteroidia","c__Sphingobacteriia","c__Sphingobacteriia","o__Sphingobacteriales","o__Sphingobacteriales","o__Sphingobacteriales","f__env.OPS_17","f__Aurantibacillaceae","f__Aurantibacillaceae","g__env.OPS_17","g__Aurantibacillus","g__Aurantibacillus","","s__Anaerolineales_bacterium","As predicted",FALSE,9.83e-05,0.00983,-4.007269796,0.2,NA,0.231472689,NA,NA,FALSE,"Neutral","Late Reproductive"
"429","901f0833360a5404b8572b415748fe7c",0.000169251,2.33e-06,-11337.8228,0.816440375,-45.89301168,0.057542329,0.919714259,-22671.6456,-22655.88424,2e+06,25,19549,5e-07,0.00015698,0.6,0.351531204,0.195940323,0.54667187,"d__Bacteria","d__Bacteria","d__Bacteria","k__Pseudomonadati--other","k__Pseudomonadati--other","p__Gemmatimonadota","Gemmatimonadota","Gemmatimonadota","c__S0134_terrestrial_group","c__Gemmatimonadia","c__Gemmatimonadia","o__S0134_terrestrial_group","o__S0134_terrestrial_group","o__S0134_terrestrial_group","f__S0134_terrestrial_group","f__Incertae_Sedis","f__Incertae_Sedis","g__S0134_terrestrial_group","g__Incertae_Sedis","g__Incertae_Sedis","s__uncultured_Gemmatimonadetes","","Above prediction",TRUE,0.00015698,0.015698,-3.804155675,0.6,NA,0.271405821,NA,NA,FALSE,"Above","Late Reproductive"
"430","9e5963f4439753a789946e52a1671442",0.000169251,2.33e-06,-11337.8228,0.816440375,-45.89301168,0.057542329,0.919714259,-22671.6456,-22655.88424,2e+06,25,19549,5e-07,2.21e-05,0.16,0.058899422,0.013561289,0.221739913,"d__Bacteria","d__Bacteria","d__Bacteria","k__Pseudomonadati","k__Pseudomonadati","p__Bdellovibrionota","Bdellovibrionota--other","Bdellovibrionota--other","c__Oligoflexia","c__Oligoflexia","c__Oligoflexia","o__Oligoflexales","o__Oligoflexales","o__Oligoflexales","f__uncultured","f__Oligoflexaceae--other","f__Oligoflexaceae--other","g__uncultured","g__Incertae_Sedis","g__Incertae_Sedis","s__uncultured_proteobacterium","s__uncultured_proteobacterium","As predicted",FALSE,2.21e-05,0.00221,-4.655607726,0.16,NA,0.121140922,NA,NA,FALSE,"Neutral","Late Reproductive"
"431","a366a016258d61da63aa047be89f38aa",0.000169251,2.33e-06,-11337.8228,0.816440375,-45.89301168,0.057542329,0.919714259,-22671.6456,-22655.88424,2e+06,25,19549,5e-07,0.00013346,0.48,0.307856434,0.163049905,0.503847031,"d__Bacteria","d__Bacteria","d__Bacteria","k__Pseudomonadati--other","k__Pseudomonadati--other","p__Verrucomicrobiota","Verrucomicrobiota","Verrucomicrobiota","c__Verrucomicrobiae","c__Opitutia","c__Opitutia","o__Opitutales","o__Puniceicoccales","o__Puniceicoccales","f__Puniceicoccaceae","f__Oceanipulchritudinaceae","f__Oceanipulchritudinaceae","g__Verruc-01","g__Candidatus_Pinguicoccus","g__Candidatus_Pinguicoccus","s__Opitutae_bacterium","s__metagenome","As predicted",FALSE,0.00013346,0.013346,-3.874648879,0.48,NA,0.320222342,NA,NA,FALSE,"Neutral","Late Reproductive"
"432","c48cec8103e48dd875d3aad4f48f1b7e",0.000169251,2.33e-06,-11337.8228,0.816440375,-45.89301168,0.057542329,0.919714259,-22671.6456,-22655.88424,2e+06,25,19549,5e-07,2.07e-05,0.2,0.055218873,0.012195177,0.216725368,"d__Bacteria","d__Bacteria","d__Bacteria","k__Pseudomonadati","k__Pseudomonadati","p__Proteobacteria","Pseudomonadota","Pseudomonadota","c__Gammaproteobacteria","c__Gammaproteobacteria","c__Gammaproteobacteria","o__Salinisphaerales","o__Nevskiales","o__Nevskiales","f__Solimonadaceae","f__Nevskiaceae","f__Nevskiaceae","g__uncultured","g__Incertae_Sedis","g__Incertae_Sedis","s__uncultured_bacterium","s__uncultured_bacterium","As predicted",FALSE,2.07e-05,0.00207,-4.684449466,0.2,NA,0.145656241,NA,NA,FALSE,"Neutral","Late Reproductive"
"433","ca0435afe34cff2832847d9c8b3cb890",0.000169251,2.33e-06,-11337.8228,0.816440375,-45.89301168,0.057542329,0.919714259,-22671.6456,-22655.88424,2e+06,25,19549,5e-07,3.94e-05,0.2,0.102533315,0.032757799,0.278187797,"d__Bacteria","d__Bacteria","d__Bacteria","k__Bacillati","k__Bacillati","p__Patescibacteria","Minisyncoccota","Minisyncoccota","c__Parcubacteria","c__Minisyncoccia","c__Minisyncoccia","o__Candidatus_Yanofskybacteria","o__Incertae_Sedis","o__Incertae_Sedis","f__Candidatus_Yanofskybacteria","f__Incertae_Sedis","f__Incertae_Sedis","g__Candidatus_Yanofskybacteria","g__Incertae_Sedis","g__Incertae_Sedis","s__uncultured_deep-sea","s__Candidatus_Yanofskybacteria","As predicted",FALSE,3.94e-05,0.00394,-4.40494491,0.2,NA,0.207578769,NA,NA,FALSE,"Neutral","Late Reproductive"
"434","cc2fbdfd0aebc1611aee1db32c39bd90",0.000169251,2.33e-06,-11337.8228,0.816440375,-45.89301168,0.057542329,0.919714259,-22671.6456,-22655.88424,2e+06,25,19549,5e-07,0.002399,1,0.99907596,0.865211309,0.999994509,"d__Bacteria","d__Bacteria","d__Bacteria","k__Pseudomonadati","k__Pseudomonadati","p__Desulfobacterota","Desulfobacterota","Desulfobacterota","c__uncultured","c__Desulfarculia","c__Desulfarculia","o__uncultured","o__Incertae_Sedis","o__Incertae_Sedis","f__uncultured","f__Incertae_Sedis","f__Incertae_Sedis","g__uncultured","g__Incertae_Sedis","g__Incertae_Sedis","s__uncultured_sludge","s__mine_metagenome","Above prediction",TRUE,0.002399,0.2399,-2.619969752,1,NA,0.432680187,NA,NA,FALSE,"Above","Late Reproductive"
"435","ead3137aa19dbb4797255c6ed7136e2e",0.000169251,2.33e-06,-11337.8228,0.816440375,-45.89301168,0.057542329,0.919714259,-22671.6456,-22655.88424,2e+06,25,19549,5e-07,3.32e-05,0.16,0.08729243,0.02549975,0.25902401,"d__Bacteria","d__Bacteria","d__Bacteria","k__Bacillati","k__Bacillati","p__Chloroflexi","Chloroflexota--other","Chloroflexota--other","c__Anaerolineae","c__Ardenticatenia","c__Ardenticatenia","o__Ardenticatenales","o__Ardenticatenales","o__Ardenticatenales","f__uncultured","f__Ardenticatenaceae","f__Ardenticatenaceae","g__uncultured","g__Ardenticatena","g__Ardenticatena","s__uncultured_Litorilinea","s__uncultured_Litorilinea","As predicted",FALSE,3.32e-05,0.00332,-4.478338985,0.16,NA,0.159116331,NA,NA,FALSE,"Neutral","Late Reproductive"
"436","f251aa414034bd54553bbe94caf9d189",0.000169251,2.33e-06,-11337.8228,0.816440375,-45.89301168,0.057542329,0.919714259,-22671.6456,-22655.88424,2e+06,25,19549,5e-07,1.94e-06,0.04,0.005311047,0.000171909,0.142227656,"d__Bacteria","d__Bacteria","d__Bacteria","k__Bacillati","k__Bacillati","p__Chloroflexi","Chloroflexota--other","Chloroflexota--other","c__Anaerolineae","c__Ardenticatenia","c__Ardenticatenia","o__Ardenticatenales","o__Ardenticatenales","o__Ardenticatenales","f__Ardenticatenaceae","f__Ardenticatenaceae","f__Ardenticatenaceae","g__uncultured","g__Ardenticatena","g__Ardenticatena","s__uncultured_Chloroflexus","s__uncultured_Chloroflexus","As predicted",FALSE,1.94e-06,0.000194,-5.71219827,0.04,NA,0.067156047,NA,NA,FALSE,"Neutral","Late Reproductive"
"437","01f6e43b89605a61201cbfb4439982d6",0.000179511,2.21e-06,-12593.33271,0.846805322,-46.59730965,0.05219918,0.920095786,-25182.66543,-25166.67129,2e+06,30,21962,5e-07,3.76e-05,0.166666667,0.103188362,0.036278683,0.260184913,"d__Bacteria","d__Bacteria","d__Bacteria","k__Bacillati","k__Bacillati","p__Actinobacteriota","Actinomycetota","Actinomycetota","c__Actinobacteria","c__Actinomycetes","c__Actinomycetes","o__Streptomycetales","o__Kitasatosporales","o__Kitasatosporales","f__Streptomycetaceae","f__Streptomycetaceae","f__Streptomycetaceae","g__Streptomyces","","g__Streptomyces","","s__uncultured_Streptomyces","As predicted",FALSE,3.76e-05,0.00376,-4.424427313,0.166666667,NA,0.15198904,NA,NA,FALSE,"Neutral","Seedling"
"438","1b3d9b3ddf240ed8b528854343b733eb",0.000179511,2.21e-06,-12593.33271,0.846805322,-46.59730965,0.05219918,0.920095786,-25182.66543,-25166.67129,2e+06,30,21962,5e-07,3.26e-05,0.1,0.089882078,0.029417113,0.243454796,"d__Bacteria","d__Bacteria","d__Bacteria","k__Pseudomonadati","k__Pseudomonadati","p__Proteobacteria","Pseudomonadota","Pseudomonadota","c__Alphaproteobacteria","c__Alphaproteobacteria","c__Alphaproteobacteria","o__Rhizobiales","o__Hyphomicrobiales--other","o__Hyphomicrobiales--other","f__Xanthobacteraceae","f__Nitrobacteraceae","f__Nitrobacteraceae","g__uncultured","","","","","As predicted",FALSE,3.26e-05,0.00326,-4.487449007,0.1,NA,0.11634932,NA,NA,FALSE,"Neutral","Seedling"
"439","21a0412a444cedcf4b7f42bbbc5ca701",0.000179511,2.21e-06,-12593.33271,0.846805322,-46.59730965,0.05219918,0.920095786,-25182.66543,-25166.67129,2e+06,30,21962,5e-07,0.00024525,0.666666667,0.510758136,0.341112771,0.677961116,"d__Bacteria","d__Bacteria","d__Bacteria","k__Bacillati","k__Bacillati","p__Actinobacteriota","Actinomycetota","Actinomycetota","c__Acidimicrobiia","c__Acidimicrobiia","c__Acidimicrobiia","o__IMCC26256","o__Acidimicrobiales","o__Acidimicrobiales","f__IMCC26256","f__Acidimicrobiaceae","f__Acidimicrobiaceae","g__IMCC26256","g__Acidiferrimicrobium","g__Acidiferrimicrobium","","s__Nitrospiraceae_bacterium","As predicted",FALSE,0.00024525,0.024525,-3.610390984,0.666666667,NA,0.357961075,NA,NA,FALSE,"Neutral","Seedling"
"440","302291c1e78c61f869258e3d6c80d885",0.000179511,2.21e-06,-12593.33271,0.846805322,-46.59730965,0.05219918,0.920095786,-25182.66543,-25166.67129,2e+06,30,21962,5e-07,2.83e-05,0.233333333,0.078565081,0.023904547,0.228902631,"d__Bacteria","d__Bacteria","d__Bacteria","k__Pseudomonadati--other","k__Pseudomonadati--other","p__Planctomycetota","Planctomycetota","Planctomycetota","c__Planctomycetes","c__Planctomycetia","c__Planctomycetia","o__uncultured","o__Kolteriales","o__Kolteriales","f__uncultured","f__Kolteriaceae","f__Kolteriaceae","g__uncultured","g__Kolteria","g__Kolteria","s__uncultured_bacterium","s__soil_metagenome","Above prediction",TRUE,2.83e-05,0.00283,-4.548469408,0.233333333,NA,0.253643046,NA,NA,FALSE,"Above","Seedling"
"441","31aa97e7c6583ad227fec22a59f939ae",0.000179511,2.21e-06,-12593.33271,0.846805322,-46.59730965,0.05219918,0.920095786,-25182.66543,-25166.67129,2e+06,30,21962,5e-07,2.86e-05,0.2,0.079454141,0.024325889,0.230057567,"d__Bacteria","d__Bacteria","d__Bacteria","k__Bacillati","k__Bacillati","p__Chloroflexi","Chloroflexota--other","Chloroflexota--other","c__TK10","c__Tepidiformia","c__Tepidiformia","o__TK10","o__Tepidiformales","o__Tepidiformales","f__TK10","f__Tepidiformaceae","f__Tepidiformaceae","g__TK10","g__Tepidiforma","g__Tepidiforma","s__uncultured_bacterium","s__soil_metagenome","As predicted",FALSE,2.86e-05,0.00286,-4.543380955,0.2,NA,0.16877901,NA,NA,FALSE,"Neutral","Seedling"
"442","46f4436af04bcd98a7cc1a443d6f219c",0.000179511,2.21e-06,-12593.33271,0.846805322,-46.59730965,0.05219918,0.920095786,-25182.66543,-25166.67129,2e+06,30,21962,5e-07,0.001504033,1,0.989327853,0.868331999,0.999233176,"d__Bacteria","d__Bacteria","d__Bacteria","k__Pseudomonadati","k__Pseudomonadati","p__Proteobacteria","Pseudomonadota","Pseudomonadota","c__Alphaproteobacteria","c__Alphaproteobacteria","c__Alphaproteobacteria","o__Rhizobiales","o__Hyphomicrobiales","o__Hyphomicrobiales","f__Hyphomicrobiaceae","f__Hyphomicrobiaceae","f__Hyphomicrobiaceae","g__Hyphomicrobium","g__Filomicrobium","g__Filomicrobium","s__uncultured_Hyphomicrobiaceae","s__uncultured_Hyphomicrobiaceae","Above prediction",TRUE,0.001504033,0.1504033,-2.822742539,1,NA,0.41121967,NA,NA,FALSE,"Above","Seedling"
"443","4e1ecf847b2830d435e71f148d38e8b4",0.000179511,2.21e-06,-12593.33271,0.846805322,-46.59730965,0.05219918,0.920095786,-25182.66543,-25166.67129,2e+06,30,21962,5e-07,1.6e-05,0.1,0.045166938,0.009842,0.183751164,"d__Bacteria","d__Bacteria","d__Bacteria","k__Pseudomonadati--other","k__Pseudomonadati--other","p__Verrucomicrobiota","Verrucomicrobiota","Verrucomicrobiota","c__Verrucomicrobiae","c__Pedosphaerae","c__Pedosphaerae","o__Pedosphaerales","o__Limisphaerales","o__Limisphaerales","f__Pedosphaeraceae","f__Pedosphaeraceae","f__Pedosphaeraceae","g__ADurb.Bin063-1","g__Incertae_Sedis","g__Incertae_Sedis","s__uncultured_bacterium","","As predicted",FALSE,1.6e-05,0.0016,-4.796332643,0.1,NA,0.108143689,NA,NA,FALSE,"Neutral","Seedling"
"444","5cf37e80516a615f77bd5e97f18ae417",0.000179511,2.21e-06,-12593.33271,0.846805322,-46.59730965,0.05219918,0.920095786,-25182.66543,-25166.67129,2e+06,30,21962,5e-07,0.000729667,0.633333333,0.884573321,0.724747716,0.957090481,"d__Bacteria","d__Bacteria","d__Bacteria","k__Pseudomonadati","k__Pseudomonadati","p__Proteobacteria","Pseudomonadota","Pseudomonadota","c__Alphaproteobacteria","c__Alphaproteobacteria","c__Alphaproteobacteria","o__Sphingomonadales","o__Sphingomonadales","o__Sphingomonadales","f__Sphingomonadaceae","f__Sphingomonadaceae--other","f__Sphingomonadaceae--other","","","g__Allosphingosinicella--other","","","Below prediction",FALSE,0.000729667,0.0729667,-3.136875493,0.633333333,NA,0.236157753,NA,NA,FALSE,"Below","Seedling"
"445","60cb5363f520d007437ef4ed940bad82",0.000179511,2.21e-06,-12593.33271,0.846805322,-46.59730965,0.05219918,0.920095786,-25182.66543,-25166.67129,2e+06,30,21962,5e-07,0.001357283,1,0.983142249,0.858377111,0.998221156,"d__Bacteria","d__Bacteria","d__Bacteria","k__Bacillati","k__Bacillati","p__Armatimonadota","Armatimonadota","Armatimonadota","c__Fimbriimonadia","c__Fimbriimonadia","c__Fimbriimonadia","o__Fimbriimonadales","o__Fimbriimonadales","o__Fimbriimonadales","f__Fimbriimonadaceae","f__Fimbriimonadaceae","f__Fimbriimonadaceae","g__Fimbriimonadaceae","g__Fimbriimonas","g__Fimbriimonas","","s__uncultured_Fimbriimonadaceae","Above prediction",TRUE,0.001357283,0.1357283,-2.867329484,1,NA,0.433898334,NA,NA,FALSE,"Above","Seedling"
"446","651a032a4d91ca43b13549f6057e0baf",0.000179511,2.21e-06,-12593.33271,0.846805322,-46.59730965,0.05219918,0.920095786,-25182.66543,-25166.67129,2e+06,30,21962,5e-07,2.53e-06,0.033333333,0.007295254,0.000374222,0.126073462,"d__Bacteria","d__Bacteria","d__Bacteria","k__Pseudomonadati--other","k__Pseudomonadati--other","p__Bacteroidota","Bacteroidota","Bacteroidota","c__Bacteroidia","c__Sphingobacteriia","c__Sphingobacteriia","o__Sphingobacteriales","o__Sphingobacteriales","o__Sphingobacteriales","f__AKYH767","f__Sphingobacteriaceae","f__Sphingobacteriaceae","g__AKYH767","g__Incertae_Sedis","g__Incertae_Sedis","s__uncultured_bacterium","s__groundwater_metagenome","As predicted",FALSE,2.53e-06,0.000253,-5.596307662,0.033333333,NA,0.033489089,NA,NA,FALSE,"Neutral","Seedling"
"447","65dd785e07167f8814dd9be35b32d878",0.000179511,2.21e-06,-12593.33271,0.846805322,-46.59730965,0.05219918,0.920095786,-25182.66543,-25166.67129,2e+06,30,21962,5e-07,4.03e-06,0.066666667,0.011590337,0.000894258,0.133168492,"d__Bacteria","d__Bacteria","d__Bacteria","k__Bacillati","k__Bacillati","p__Chloroflexi","Chloroflexota--other","Chloroflexota--other","c__Anaerolineae","c__Caldilineae","c__Caldilineae","o__Caldilineales","o__Caldilineales","o__Caldilineales","f__Caldilineaceae","f__Caldilineaceae","f__Caldilineaceae","g__uncultured","g__Litorilinea","g__Litorilinea","s__uncultured_bacterium","s__uncultured_bacterium","As predicted",FALSE,4.03e-06,0.000403,-5.394335884,0.066666667,NA,0.111719756,NA,NA,FALSE,"Neutral","Seedling"
"448","7402c6fd98e177d4694261a9dd23eac6",0.000179511,2.21e-06,-12593.33271,0.846805322,-46.59730965,0.05219918,0.920095786,-25182.66543,-25166.67129,2e+06,30,21962,5e-07,4.84e-05,0.3,0.130748046,0.051592829,0.293733348,"d__Bacteria","d__Bacteria","d__Bacteria","k__Pseudomonadati","k__Pseudomonadati","p__Proteobacteria","Pseudomonadota","Pseudomonadota","c__Gammaproteobacteria","c__Gammaproteobacteria","c__Gammaproteobacteria","o__Gammaproteobacteria_Incertae_Sedis","o__Legionellales","o__Legionellales","f__Unknown_Family","f__Legionellaceae","f__Legionellaceae","g__Candidatus_Berkiella","g__Candidatus_Berkiella","g__Candidatus_Berkiella","s__uncultured_bacterium","s__uncultured_bacterium","Above prediction",TRUE,4.84e-05,0.00484,-4.315154638,0.3,NA,0.159840046,NA,NA,FALSE,"Above","Seedling"
"449","770f6d40306b14f30101bf45337bdecb",0.000179511,2.21e-06,-12593.33271,0.846805322,-46.59730965,0.05219918,0.920095786,-25182.66543,-25166.67129,2e+06,30,21962,5e-07,3.17e-05,0.366666667,0.087506235,0.028233783,0.240425821,"d__Bacteria","d__Bacteria","d__Bacteria","k__Pseudomonadati--other","k__Pseudomonadati--other","p__Latescibacterota","Candidatus_Latescibacterota","Candidatus_Latescibacterota","c__Latescibacterota","c__Candidatus_Latescibacteria","c__Candidatus_Latescibacteria","o__Latescibacterota","o__Candidatus_Latescibacterales","o__Candidatus_Latescibacterales","f__Latescibacterota","f__Candidatus_Latescibacteraceae","f__Candidatus_Latescibacteraceae","g__Latescibacterota","g__Candidatus_Latescibacter","g__Candidatus_Latescibacter","s__uncultured_bacterium","","Above prediction",TRUE,3.17e-05,0.00317,-4.499626286,0.366666667,NA,0.24600247,NA,NA,FALSE,"Above","Seedling"
"450","7c15c8a3a90aea4f54a31464c48d247a",0.000179511,2.21e-06,-12593.33271,0.846805322,-46.59730965,0.05219918,0.920095786,-25182.66543,-25166.67129,2e+06,30,21962,5e-07,0.0003979,0.8,0.688286628,0.509398827,0.824428321,"d__Bacteria","d__Bacteria","d__Bacteria","k__Pseudomonadati","k__Pseudomonadati","p__Myxococcota","Myxococcota","Myxococcota","c__bacteriap25","c__Deltaproteobacteria","c__Deltaproteobacteria","o__bacteriap25","o__Incertae_Sedis","o__Incertae_Sedis","f__bacteriap25","f__Incertae_Sedis","f__Incertae_Sedis","g__bacteriap25","g__Incertae_Sedis","g__Incertae_Sedis","s__uncultured_Syntrophobacterales","","As predicted",FALSE,0.0003979,0.03979,-3.400226061,0.8,NA,0.418563288,NA,NA,FALSE,"Neutral","Seedling"
"451","860b11244363460108e1a96df96599a1",0.000179511,2.21e-06,-12593.33271,0.846805322,-46.59730965,0.05219918,0.920095786,-25182.66543,-25166.67129,2e+06,30,21962,5e-07,0.000739283,0.8,0.887879145,0.728789566,0.958909769,"d__Bacteria","d__Bacteria","d__Bacteria","k__Pseudomonadati","k__Pseudomonadati","p__Proteobacteria","Pseudomonadota","Pseudomonadota","c__Alphaproteobacteria","c__Alphaproteobacteria","c__Alphaproteobacteria","o__Rhizobiales","o__Hyphomicrobiales","o__Hyphomicrobiales","f__Rhizobiales_Incertae_Sedis","f__Aestuariivirgaceae","f__Aestuariivirgaceae","g__Nordella","g__Taklimakanibacter","g__Taklimakanibacter","s__uncultured_bacterium","s__uncultured_bacterium","As predicted",FALSE,0.000739283,0.0739283,-3.131189085,0.8,NA,0.343344259,NA,NA,FALSE,"Neutral","Seedling"
"452","896b0d4b6cc7c64ca65ff6ab44091143",0.000179511,2.21e-06,-12593.33271,0.846805322,-46.59730965,0.05219918,0.920095786,-25182.66543,-25166.67129,2e+06,30,21962,5e-07,2.76e-05,0.066666667,0.076829007,0.023087853,0.226641312,"d__Bacteria","d__Bacteria","d__Bacteria","k__Pseudomonadati--other","k__Pseudomonadati--other","p__Acidobacteriota","Acidobacteriota","Acidobacteriota","c__Blastocatellia","c__Blastocatellia","c__Blastocatellia","o__Blastocatellales","o__Blastocatellales","o__Blastocatellales","f__Blastocatellaceae","f__Blastocatellaceae","f__Blastocatellaceae","","","g__JGI_0001001-H03","","","As predicted",FALSE,2.76e-05,0.00276,-4.558566724,0.066666667,NA,0.061287023,NA,NA,FALSE,"Neutral","Seedling"
"453","8b1019d7db1ae0d5390a4b4e70116130",0.000179511,2.21e-06,-12593.33271,0.846805322,-46.59730965,0.05219918,0.920095786,-25182.66543,-25166.67129,2e+06,30,21962,5e-07,5.72e-06,0.066666667,0.016388807,0.001690118,0.140880191,"d__Bacteria","d__Bacteria","d__Bacteria","k__Pseudomonadati","k__Pseudomonadati","p__Proteobacteria","Pseudomonadota","Pseudomonadota","c__Alphaproteobacteria","c__Alphaproteobacteria","c__Alphaproteobacteria","o__Sphingomonadales","o__Sphingomonadales","o__Sphingomonadales","f__Sphingomonadaceae","","f__Sphingomicrobiaceae","g__Sphingomonas","","g__Pseudosphingomonas","","","As predicted",FALSE,5.72e-06,0.000572,-5.24285713,0.066666667,NA,0.056815612,NA,NA,FALSE,"Neutral","Seedling"
"454","9b80518664a6e4607ca5b9e45f614a0c",0.000179511,2.21e-06,-12593.33271,0.846805322,-46.59730965,0.05219918,0.920095786,-25182.66543,-25166.67129,2e+06,30,21962,5e-07,2.28e-06,0.033333333,0.006577641,0.000307157,0.124868218,"d__Bacteria","d__Bacteria","d__Bacteria","k__Pseudomonadati--other","k__Pseudomonadati--other","p__Planctomycetota","Planctomycetota","Planctomycetota","c__Phycisphaerae","c__Phycisphaerae","c__Phycisphaerae","o__Tepidisphaerales","o__Tepidisphaerales","o__Tepidisphaerales","f__WD2101_soil_group","f__Tepidisphaeraceae","f__Tepidisphaeraceae","g__WD2101_soil_group","g__Humisphaera","g__Humisphaera","","s__uncultured_bacterium","As predicted",FALSE,2.28e-06,0.000228,-5.641430683,0.033333333,NA,0.036404559,NA,NA,FALSE,"Neutral","Seedling"
"455","9f68b2119a7c9519fd1c06fb7b010f17",0.000179511,2.21e-06,-12593.33271,0.846805322,-46.59730965,0.05219918,0.920095786,-25182.66543,-25166.67129,2e+06,30,21962,5e-07,1.11e-05,0.1,0.031442428,0.005346756,0.163913221,"d__Bacteria","d__Bacteria","d__Bacteria","k__Pseudomonadati--other","k__Pseudomonadati--other","p__Planctomycetota","Planctomycetota","Planctomycetota","c__Planctomycetes","c__Planctomycetia","c__Planctomycetia","o__Planctomycetales","o__Planctomycetales","o__Planctomycetales","f__uncultured","f__Planctomycetaceae","f__Planctomycetaceae","g__uncultured","g__Incertae_Sedis","g__Incertae_Sedis","s__uncultured_bacterium","s__metagenome","As predicted",FALSE,1.11e-05,0.00111,-4.956637722,0.1,NA,0.101764014,NA,NA,FALSE,"Neutral","Seedling"
"456","a08ee4a8aa1ece798d78fae2b9ad0401",0.000179511,2.21e-06,-12593.33271,0.846805322,-46.59730965,0.05219918,0.920095786,-25182.66543,-25166.67129,2e+06,30,21962,5e-07,0.0027035,1,0.999766525,0.886073086,0.999999576,"d__Bacteria","d__Bacteria","d__Bacteria","k__Pseudomonadati--other","k__Pseudomonadati--other","p__Acidobacteriota","Acidobacteriota","Acidobacteriota","c__Blastocatellia","c__Blastocatellia","c__Blastocatellia","o__11-24","o__11-24","o__11-24","f__11-24","f__Incertae_Sedis","f__Incertae_Sedis","g__11-24","g__Incertae_Sedis","g__Incertae_Sedis","s__uncultured_Acidobacteria","s__soil_metagenome","Above prediction",TRUE,0.0027035,0.27035,-2.568073626,1,NA,0.44918004,NA,NA,FALSE,"Above","Seedling"
"457","a0ad41aeb3f6b3f709ff8423533ca15d",0.000179511,2.21e-06,-12593.33271,0.846805322,-46.59730965,0.05219918,0.920095786,-25182.66543,-25166.67129,2e+06,30,21962,5e-07,6.17e-06,0.033333333,0.017667715,0.001936407,0.142901372,"d__Bacteria","d__Bacteria","d__Bacteria","k__Pseudomonadati--other","k__Pseudomonadati--other","p__Gemmatimonadota","Gemmatimonadota","Gemmatimonadota","c__BD2-11_terrestrial_group","c__Gemmatimonadia","c__Gemmatimonadia","o__BD2-11_terrestrial_group","o__Gaopeijiales","o__Gaopeijiales","f__BD2-11_terrestrial_group","f__Gaopeijiaceae","f__Gaopeijiaceae","g__BD2-11_terrestrial_group","g__Gaopeijia","g__Gaopeijia","s__metagenome","s__uncultured_Gemmatimonadetes","As predicted",FALSE,6.17e-06,0.000617,-5.209949526,0.033333333,NA,0.035126647,NA,NA,FALSE,"Neutral","Seedling"
"458","a5623868a07301a9554b29dd4d01e17f",0.000179511,2.21e-06,-12593.33271,0.846805322,-46.59730965,0.05219918,0.920095786,-25182.66543,-25166.67129,2e+06,30,21962,5e-07,2.96e-05,0.2,0.082027685,0.025557153,0.233389129,"d__Bacteria","d__Bacteria","d__Bacteria","k__Pseudomonadati","k__Pseudomonadati","p__Proteobacteria","Pseudomonadota","Pseudomonadota","c__Alphaproteobacteria","c__Alphaproteobacteria","c__Alphaproteobacteria","o__Elsterales","o__Azospirillales","o__Azospirillales","f__uncultured","f__Geminicoccaceae","f__Geminicoccaceae","g__uncultured","g__Incertae_Sedis","g__Incertae_Sedis","s__uncultured_Acetobacteraceae","","As predicted",FALSE,2.96e-05,0.00296,-4.528952893,0.2,NA,0.191296287,NA,NA,FALSE,"Neutral","Seedling"
"459","a9df6034f6717d58552a927fa73d7c14",0.000179511,2.21e-06,-12593.33271,0.846805322,-46.59730965,0.05219918,0.920095786,-25182.66543,-25166.67129,2e+06,30,21962,5e-07,0.000229283,0.833333333,0.487265335,0.320300589,0.65712119,"d__Bacteria","d__Bacteria","d__Bacteria","k__Pseudomonadati--other","k__Pseudomonadati--other","p__Acidobacteriota","Acidobacteriota","Acidobacteriota","c__Acidobacteriae","c__Terriglobia","c__Terriglobia","o__Subgroup_12","o__Subgroup_12","o__Subgroup_12","f__Subgroup_12","f__Incertae_Sedis","f__Incertae_Sedis","g__Subgroup_12","g__Incertae_Sedis","g__Incertae_Sedis","s__uncultured_bacterium","s__metagenome","Above prediction",TRUE,0.000229283,0.0229283,-3.639627513,0.833333333,NA,0.318793877,NA,NA,FALSE,"Above","Seedling"
"460","b0546a8c6a38415c52d2dc916319d3fd",0.000179511,2.21e-06,-12593.33271,0.846805322,-46.59730965,0.05219918,0.920095786,-25182.66543,-25166.67129,2e+06,30,21962,5e-07,0.002833667,1,0.999847033,0.886215583,0.999999818,"d__Bacteria","d__Bacteria","d__Bacteria","k__Pseudomonadati--other","k__Pseudomonadati--other","p__Verrucomicrobiota","Verrucomicrobiota","Verrucomicrobiota","c__Verrucomicrobiae","c__Terrimicrobiia","c__Terrimicrobiia","o__Chthoniobacterales","o__Terrimicrobiales","o__Terrimicrobiales","f__Chthoniobacteraceae","f__Chthoniobacteraceae","f__Chthoniobacteraceae","g__Candidatus_Udaeobacter","g__Candidatus_Udaeobacter","g__Candidatus_Udaeobacter","","s__uncultured_Prosthecobacter","Above prediction",TRUE,0.002833667,0.2833667,-2.547651239,1,NA,0.406524445,NA,NA,FALSE,"Above","Seedling"
"461","b7616c5e14093f59e6ef2da052f4e894",0.000179511,2.21e-06,-12593.33271,0.846805322,-46.59730965,0.05219918,0.920095786,-25182.66543,-25166.67129,2e+06,30,21962,5e-07,1.63e-05,0.1,0.045949387,0.010125108,0.184855317,"d__Bacteria","d__Bacteria","d__Bacteria","k__Bacillati","k__Bacillati","p__Actinobacteriota","Actinomycetota","Actinomycetota","c__Acidimicrobiia","c__Acidimicrobiia","c__Acidimicrobiia","o__Microtrichales","o__Acidimicrobiales","o__Acidimicrobiales","f__Iamiaceae","f__Iamiaceae","f__Iamiaceae","g__Iamia","g__Iamia","g__Iamia","","","As predicted",FALSE,1.63e-05,0.00163,-4.788701433,0.1,NA,0.162113373,NA,NA,FALSE,"Neutral","Seedling"
"462","bfd0c6033a677c2648b7f643dff94605",0.000179511,2.21e-06,-12593.33271,0.846805322,-46.59730965,0.05219918,0.920095786,-25182.66543,-25166.67129,2e+06,30,21962,5e-07,0.000101617,0.566666667,0.255281295,0.133554264,0.432566026,"d__Bacteria","d__Bacteria","d__Bacteria","k__Pseudomonadati--other","k__Pseudomonadati--other","p__Bacteroidota","Chlorobiota","Chlorobiota","c__SJA-28","c__Ignavibacteria--other","c__Ignavibacteria--other","o__SJA-28","o__Candidatus_Tepidaquicellales","o__Candidatus_Tepidaquicellales","f__SJA-28","f__Candidatus_Tepidaquicellaceae","f__Candidatus_Tepidaquicellaceae","g__SJA-28","g__Candidatus_Tepidaquicella","g__Candidatus_Tepidaquicella","s__uncultured_Ignavibacterium","s__uncultured_Ignavibacterium","Above prediction",TRUE,0.000101617,0.0101617,-3.993035055,0.566666667,NA,0.275504513,NA,NA,FALSE,"Above","Seedling"
"463","c0f873f8f081ef242fe7d72d003f4db0",0.000179511,2.21e-06,-12593.33271,0.846805322,-46.59730965,0.05219918,0.920095786,-25182.66543,-25166.67129,2e+06,30,21962,5e-07,2.95e-05,0.266666667,0.081894743,0.025493132,0.233217447,"d__Bacteria","d__Bacteria","d__Bacteria","k__Pseudomonadati--other","k__Pseudomonadati--other","p__Acidobacteriota","Acidobacteriota","Acidobacteriota","c__Blastocatellia","c__Blastocatellia","c__Blastocatellia","o__Blastocatellales","o__Blastocatellales","o__Blastocatellales","f__Blastocatellaceae","f__Blastocatellaceae","f__Blastocatellaceae","g__JGI_0001001-H03","g__JGI_0001001-H03","","","","Above prediction",TRUE,2.95e-05,0.00295,-4.529687533,0.266666667,NA,0.203398835,NA,NA,FALSE,"Above","Seedling"
"464","c97326e45f3ae8607bc34365fc759fde",0.000179511,2.21e-06,-12593.33271,0.846805322,-46.59730965,0.05219918,0.920095786,-25182.66543,-25166.67129,2e+06,30,21962,5e-07,1.37e-05,0.1,0.038931127,0.007684094,0.174853144,"d__Bacteria","d__Bacteria","d__Bacteria","k__Bacillati","k__Bacillati","p__Chloroflexi","Chloroflexota--other","Chloroflexota--other","c__Ktedonobacteria","c__Ktedonobacteria","c__Ktedonobacteria","o__C0119","o__C0119","o__C0119","f__C0119","f__Incertae_Sedis","f__Incertae_Sedis","g__C0119","g__Incertae_Sedis","g__Incertae_Sedis","s__uncultured_bacterium","s__uncultured_bacterium","As predicted",FALSE,1.37e-05,0.00137,-4.862224039,0.1,NA,0.117014288,NA,NA,FALSE,"Neutral","Seedling"
"465","c9e9a2a45cec0572b798df5e47169902",0.000179511,2.21e-06,-12593.33271,0.846805322,-46.59730965,0.05219918,0.920095786,-25182.66543,-25166.67129,2e+06,30,21962,5e-07,3.42e-05,0.2,0.094222133,0.031612477,0.248954234,"d__Bacteria","d__Bacteria","d__Bacteria","k__Pseudomonadati--other","k__Pseudomonadati--other","p__Planctomycetota","Planctomycetota","Planctomycetota","c__Planctomycetes","c__Planctomycetia","c__Planctomycetia","o__Pirellulales","o__Pirellulales","o__Pirellulales","f__Pirellulaceae","f__Thermoguttaceae--other","f__Thermoguttaceae--other","g__uncultured","g__Incertae_Sedis","g__Incertae_Sedis","s__uncultured_bacterium","s__Pirellulales_bacterium","As predicted",FALSE,3.42e-05,0.00342,-4.465973894,0.2,NA,0.184009467,NA,NA,FALSE,"Neutral","Seedling"
"466","d54682e964a7986c6126fb43de5d0ab9",0.000179511,2.21e-06,-12593.33271,0.846805322,-46.59730965,0.05219918,0.920095786,-25182.66543,-25166.67129,2e+06,30,21962,5e-07,4.32e-06,0.066666667,0.012399594,0.001013483,0.134484058,"d__Bacteria","d__Bacteria","d__Bacteria","k__Pseudomonadati","k__Pseudomonadati","p__Bdellovibrionota","Bdellovibrionota","Bdellovibrionota","c__Bdellovibrionia","c__Bdellovibrionia","c__Bdellovibrionia","o__Bdellovibrionales","o__Bdellovibrionales","o__Bdellovibrionales","f__Bdellovibrionaceae","f__Pseudobdellovibrionaceae","f__Pseudobdellovibrionaceae","g__Bdellovibrio","g__Incertae_Sedis","g__Incertae_Sedis","s__uncultured_bacterium","","As predicted",FALSE,4.32e-06,0.000432,-5.364851486,0.066666667,NA,0.054138844,NA,NA,FALSE,"Neutral","Seedling"
"467","db1433090ed021c7ba8c284943f6c3cb",0.000179511,2.21e-06,-12593.33271,0.846805322,-46.59730965,0.05219918,0.920095786,-25182.66543,-25166.67129,2e+06,30,21962,5e-07,0.000932533,0.966666667,0.937651959,0.792557097,0.983388103,"d__Bacteria","d__Bacteria","d__Bacteria","k__Pseudomonadati","k__Pseudomonadati","p__Proteobacteria","Pseudomonadota","Pseudomonadota","c__Alphaproteobacteria","c__Alphaproteobacteria","c__Alphaproteobacteria","o__Rhizobiales","o__Hyphomicrobiales--other","o__Hyphomicrobiales--other","f__Rhizobiales_Incertae_Sedis","f__Lutibaculaceae","f__Lutibaculaceae","g__Bauldia","g__Bauldia","g__Bauldia","s__uncultured_bacterium","s__metagenome","As predicted",FALSE,0.000932533,0.0932533,-3.030335635,0.966666667,NA,0.411571072,NA,NA,FALSE,"Neutral","Seedling"
"468","db65e84ed251bea71f0372d115ba2522",0.000179511,2.21e-06,-12593.33271,0.846805322,-46.59730965,0.05219918,0.920095786,-25182.66543,-25166.67129,2e+06,30,21962,5e-07,8.27e-06,0.066666667,0.023614556,0.003249462,0.152131906,"d__Bacteria","d__Bacteria","d__Bacteria","k__Pseudomonadati--other","k__Pseudomonadati--other","p__Planctomycetota","Planctomycetota","Planctomycetota","c__OM190","c__OM190","c__OM190","o__OM190","o__Incertae_Sedis","o__Incertae_Sedis","f__OM190","f__Incertae_Sedis","f__Incertae_Sedis","g__OM190","g__Incertae_Sedis","g__Incertae_Sedis","s__uncultured_bacterium","","As predicted",FALSE,8.27e-06,0.000827,-5.082669574,0.066666667,NA,0.092761836,NA,NA,FALSE,"Neutral","Seedling"
"469","e4a95c7621a138b0e52e3dbf933750f5",0.000179511,2.21e-06,-12593.33271,0.846805322,-46.59730965,0.05219918,0.920095786,-25182.66543,-25166.67129,2e+06,30,21962,5e-07,6.78e-05,0.333333333,0.178375864,0.080835387,0.348933635,"d__Bacteria","d__Bacteria","d__Bacteria","k__Pseudomonadati--other","k__Pseudomonadati--other","p__Planctomycetota","Planctomycetota","Planctomycetota","c__Planctomycetes","c__Planctomycetia","c__Planctomycetia","o__Gemmatales","o__Gemmatales","o__Gemmatales","f__Gemmataceae","f__Gemmataceae","f__Gemmataceae","g__uncultured","g__Incertae_Sedis","g__Incertae_Sedis","s__uncultured_bacterium","s__uncultured_bacterium","As predicted",FALSE,6.78e-05,0.00678,-4.168663561,0.333333333,NA,0.242974072,NA,NA,FALSE,"Neutral","Seedling"
"470","e4d3ef41cad1e212ec1aae6877790daa",0.000179511,2.21e-06,-12593.33271,0.846805322,-46.59730965,0.05219918,0.920095786,-25182.66543,-25166.67129,2e+06,30,21962,5e-07,3.62e-05,0.266666667,0.099412262,0.034292732,0.255475938,"d__Bacteria","d__Bacteria","d__Bacteria","k__Pseudomonadati--other","k__Pseudomonadati--other","p__Planctomycetota","Planctomycetota","Planctomycetota","c__Planctomycetes","c__Planctomycetia","c__Planctomycetia","o__Pirellulales","o__Pirellulales","o__Pirellulales","f__Pirellulaceae","f__Pirellulaceae","f__Pirellulaceae","g__Blastopirellula","g__Mariniblastus","g__Mariniblastus","s__uncultured_bacterium","s__Pirellulaceae_bacterium","Above prediction",TRUE,3.62e-05,0.00362,-4.441491427,0.266666667,NA,0.201477079,NA,NA,FALSE,"Above","Seedling"
"471","ecdf0200cd32e230808ab657134fbfb3",0.000179511,2.21e-06,-12593.33271,0.846805322,-46.59730965,0.05219918,0.920095786,-25182.66543,-25166.67129,2e+06,30,21962,5e-07,7.12e-06,0.133333333,0.020362313,0.002498412,0.147116816,"d__Bacteria","d__Bacteria","d__Bacteria","k__Pseudomonadati--other","k__Pseudomonadati--other","p__Bacteroidota","Bacteroidota","Bacteroidota","c__Bacteroidia","c__Cytophagia","c__Cytophagia","o__Cytophagales","o__Cytophagales","o__Cytophagales","f__Spirosomaceae","f__Spirosomataceae","f__Spirosomataceae","g__Emticicia","g__Emticicia","g__Emticicia","","","As predicted",FALSE,7.12e-06,0.000712,-5.147723375,0.133333333,NA,0.051817669,NA,NA,FALSE,"Neutral","Seedling"
"472","f7211ce8b5c4c89df660790cc1c92619",0.000179511,2.21e-06,-12593.33271,0.846805322,-46.59730965,0.05219918,0.920095786,-25182.66543,-25166.67129,2e+06,30,21962,5e-07,5.72e-05,0.366666667,0.152658527,0.064658181,0.319514692,"d__Bacteria","d__Bacteria","d__Bacteria","k__Pseudomonadati--other","k__Pseudomonadati--other","p__Bacteroidota","Chlorobiota","Chlorobiota","c__Kapabacteria","c__Candidatus_Kapaibacteriia","c__Candidatus_Kapaibacteriia","o__Kapabacteriales","o__Incertae_Sedis","o__Incertae_Sedis","f__Kapabacteriales","f__Incertae_Sedis","f__Incertae_Sedis","g__Kapabacteriales","g__Incertae_Sedis","g__Incertae_Sedis","s__uncultured_bacterium","s__metagenome","Above prediction",TRUE,5.72e-05,0.00572,-4.242603971,0.366666667,NA,0.183072264,NA,NA,FALSE,"Above","Seedling"
"473","01f6e43b89605a61201cbfb4439982d6",0.000165489,2.47e-06,-9704.324038,0.796523691,-41.53040018,0.063238941,0.914276163,-19404.64808,-19389.05404,2e+06,22,17980,5e-07,2.33e-05,0.136363636,0.06087147,0.013192908,0.239107225,"d__Bacteria","d__Bacteria","d__Bacteria","k__Bacillati","k__Bacillati","p__Actinobacteriota","Actinomycetota","Actinomycetota","c__Actinobacteria","c__Actinomycetes","c__Actinomycetes","o__Streptomycetales","o__Kitasatosporales","o__Kitasatosporales","f__Streptomycetaceae","f__Streptomycetaceae","f__Streptomycetaceae","g__Streptomyces","","g__Streptomyces","","s__uncultured_Streptomyces","As predicted",FALSE,2.33e-05,0.00233,-4.632305316,0.136363636,NA,0.108217671,NA,NA,FALSE,"Neutral","Early Vegetative"
"474","1b3d9b3ddf240ed8b528854343b733eb",0.000165489,2.47e-06,-9704.324038,0.796523691,-41.53040018,0.063238941,0.914276163,-19404.64808,-19389.05404,2e+06,22,17980,5e-07,3.27e-05,0.227272727,0.08428437,0.0224206,0.26974445,"d__Bacteria","d__Bacteria","d__Bacteria","k__Pseudomonadati","k__Pseudomonadati","p__Proteobacteria","Pseudomonadota","Pseudomonadota","c__Alphaproteobacteria","c__Alphaproteobacteria","c__Alphaproteobacteria","o__Rhizobiales","o__Hyphomicrobiales--other","o__Hyphomicrobiales--other","f__Xanthobacteraceae","f__Nitrobacteraceae","f__Nitrobacteraceae","g__uncultured","","","","","As predicted",FALSE,3.27e-05,0.00327,-4.48569379,0.227272727,NA,0.175758008,NA,NA,FALSE,"Neutral","Early Vegetative"
"475","21a0412a444cedcf4b7f42bbbc5ca701",0.000165489,2.47e-06,-9704.324038,0.796523691,-41.53040018,0.063238941,0.914276163,-19404.64808,-19389.05404,2e+06,22,17980,5e-07,0.000193136,0.545454545,0.407281591,0.231128463,0.611000805,"d__Bacteria","d__Bacteria","d__Bacteria","k__Bacillati","k__Bacillati","p__Actinobacteriota","Actinomycetota","Actinomycetota","c__Acidimicrobiia","c__Acidimicrobiia","c__Acidimicrobiia","o__IMCC26256","o__Acidimicrobiales","o__Acidimicrobiales","f__IMCC26256","f__Acidimicrobiaceae","f__Acidimicrobiaceae","g__IMCC26256","g__Acidiferrimicrobium","g__Acidiferrimicrobium","","s__Nitrospiraceae_bacterium","As predicted",FALSE,0.000193136,0.0193136,-3.71413595,0.545454545,NA,0.287334803,NA,NA,FALSE,"Neutral","Early Vegetative"
"476","302291c1e78c61f869258e3d6c80d885",0.000165489,2.47e-06,-9704.324038,0.796523691,-41.53040018,0.063238941,0.914276163,-19404.64808,-19389.05404,2e+06,22,17980,5e-07,1.2e-05,0.090909091,0.031909664,0.004364365,0.198622784,"d__Bacteria","d__Bacteria","d__Bacteria","k__Pseudomonadati--other","k__Pseudomonadati--other","p__Planctomycetota","Planctomycetota","Planctomycetota","c__Planctomycetes","c__Planctomycetia","c__Planctomycetia","o__uncultured","o__Kolteriales","o__Kolteriales","f__uncultured","f__Kolteriaceae","f__Kolteriaceae","g__uncultured","g__Kolteria","g__Kolteria","s__uncultured_bacterium","s__soil_metagenome","As predicted",FALSE,1.2e-05,0.0012,-4.919176807,0.090909091,NA,0.103320031,NA,NA,FALSE,"Neutral","Early Vegetative"
"477","31aa97e7c6583ad227fec22a59f939ae",0.000165489,2.47e-06,-9704.324038,0.796523691,-41.53040018,0.063238941,0.914276163,-19404.64808,-19389.05404,2e+06,22,17980,5e-07,4.2e-05,0.272727273,0.10707272,0.032726314,0.298240238,"d__Bacteria","d__Bacteria","d__Bacteria","k__Bacillati","k__Bacillati","p__Chloroflexi","Chloroflexota--other","Chloroflexota--other","c__TK10","c__Tepidiformia","c__Tepidiformia","o__TK10","o__Tepidiformales","o__Tepidiformales","f__TK10","f__Tepidiformaceae","f__Tepidiformaceae","g__TK10","g__Tepidiforma","g__Tepidiforma","s__uncultured_bacterium","s__soil_metagenome","As predicted",FALSE,4.2e-05,0.0042,-4.376515765,0.272727273,NA,0.23883629,NA,NA,FALSE,"Neutral","Early Vegetative"
"478","46f4436af04bcd98a7cc1a443d6f219c",0.000165489,2.47e-06,-9704.324038,0.796523691,-41.53040018,0.063238941,0.914276163,-19404.64808,-19389.05404,2e+06,22,17980,5e-07,0.001167023,0.909090909,0.961038831,0.791195454,0.993810869,"d__Bacteria","d__Bacteria","d__Bacteria","k__Pseudomonadati","k__Pseudomonadati","p__Proteobacteria","Pseudomonadota","Pseudomonadota","c__Alphaproteobacteria","c__Alphaproteobacteria","c__Alphaproteobacteria","o__Rhizobiales","o__Hyphomicrobiales","o__Hyphomicrobiales","f__Hyphomicrobiaceae","f__Hyphomicrobiaceae","f__Hyphomicrobiaceae","g__Hyphomicrobium","g__Filomicrobium","g__Filomicrobium","s__uncultured_Hyphomicrobiaceae","s__uncultured_Hyphomicrobiaceae","As predicted",FALSE,0.001167023,0.1167023,-2.932920686,0.909090909,NA,0.345373064,NA,NA,FALSE,"Neutral","Early Vegetative"
"479","4e1ecf847b2830d435e71f148d38e8b4",0.000165489,2.47e-06,-9704.324038,0.796523691,-41.53040018,0.063238941,0.914276163,-19404.64808,-19389.05404,2e+06,22,17980,5e-07,3.9e-05,0.227272727,0.099649205,0.029243595,0.289083009,"d__Bacteria","d__Bacteria","d__Bacteria","k__Pseudomonadati--other","k__Pseudomonadati--other","p__Verrucomicrobiota","Verrucomicrobiota","Verrucomicrobiota","c__Verrucomicrobiae","c__Pedosphaerae","c__Pedosphaerae","o__Pedosphaerales","o__Limisphaerales","o__Limisphaerales","f__Pedosphaeraceae","f__Pedosphaeraceae","f__Pedosphaeraceae","g__ADurb.Bin063-1","g__Incertae_Sedis","g__Incertae_Sedis","s__uncultured_bacterium","","As predicted",FALSE,3.9e-05,0.0039,-4.409441859,0.227272727,NA,0.254519016,NA,NA,FALSE,"Neutral","Early Vegetative"
"480","5cf37e80516a615f77bd5e97f18ae417",0.000165489,2.47e-06,-9704.324038,0.796523691,-41.53040018,0.063238941,0.914276163,-19404.64808,-19389.05404,2e+06,22,17980,5e-07,0.000697727,0.454545455,0.853009002,0.654269638,0.946795347,"d__Bacteria","d__Bacteria","d__Bacteria","k__Pseudomonadati","k__Pseudomonadati","p__Proteobacteria","Pseudomonadota","Pseudomonadota","c__Alphaproteobacteria","c__Alphaproteobacteria","c__Alphaproteobacteria","o__Sphingomonadales","o__Sphingomonadales","o__Sphingomonadales","f__Sphingomonadaceae","f__Sphingomonadaceae--other","f__Sphingomonadaceae--other","","","g__Allosphingosinicella--other","","","Below prediction",FALSE,0.000697727,0.0697727,-3.156314301,0.454545455,NA,0.195638935,NA,NA,FALSE,"Below","Early Vegetative"
"481","60cb5363f520d007437ef4ed940bad82",0.000165489,2.47e-06,-9704.324038,0.796523691,-41.53040018,0.063238941,0.914276163,-19404.64808,-19389.05404,2e+06,22,17980,5e-07,0.001295932,1,0.973069512,0.808718758,0.996772088,"d__Bacteria","d__Bacteria","d__Bacteria","k__Bacillati","k__Bacillati","p__Armatimonadota","Armatimonadota","Armatimonadota","c__Fimbriimonadia","c__Fimbriimonadia","c__Fimbriimonadia","o__Fimbriimonadales","o__Fimbriimonadales","o__Fimbriimonadales","f__Fimbriimonadaceae","f__Fimbriimonadaceae","f__Fimbriimonadaceae","g__Fimbriimonadaceae","g__Fimbriimonas","g__Fimbriimonas","","s__uncultured_Fimbriimonadaceae","Above prediction",TRUE,0.001295932,0.1295932,-2.887417847,1,NA,0.423978468,NA,NA,FALSE,"Above","Early Vegetative"
"482","651a032a4d91ca43b13549f6057e0baf",0.000165489,2.47e-06,-9704.324038,0.796523691,-41.53040018,0.063238941,0.914276163,-19404.64808,-19389.05404,2e+06,22,17980,5e-07,1.41e-05,0.136363636,0.03722874,0.005718873,0.206325015,"d__Bacteria","d__Bacteria","d__Bacteria","k__Pseudomonadati--other","k__Pseudomonadati--other","p__Bacteroidota","Bacteroidota","Bacteroidota","c__Bacteroidia","c__Sphingobacteriia","c__Sphingobacteriia","o__Sphingobacteriales","o__Sphingobacteriales","o__Sphingobacteriales","f__AKYH767","f__Sphingobacteriaceae","f__Sphingobacteriaceae","g__AKYH767","g__Incertae_Sedis","g__Incertae_Sedis","s__uncultured_bacterium","s__groundwater_metagenome","As predicted",FALSE,1.41e-05,0.00141,-4.851060987,0.136363636,NA,0.159748424,NA,NA,FALSE,"Neutral","Early Vegetative"
"483","7402c6fd98e177d4694261a9dd23eac6",0.000165489,2.47e-06,-9704.324038,0.796523691,-41.53040018,0.063238941,0.914276163,-19404.64808,-19389.05404,2e+06,22,17980,5e-07,3.9e-05,0.318181818,0.099704415,0.02926907,0.289151539,"d__Bacteria","d__Bacteria","d__Bacteria","k__Pseudomonadati","k__Pseudomonadati","p__Proteobacteria","Pseudomonadota","Pseudomonadota","c__Gammaproteobacteria","c__Gammaproteobacteria","c__Gammaproteobacteria","o__Gammaproteobacteria_Incertae_Sedis","o__Legionellales","o__Legionellales","f__Unknown_Family","f__Legionellaceae","f__Legionellaceae","g__Candidatus_Berkiella","g__Candidatus_Berkiella","g__Candidatus_Berkiella","s__uncultured_bacterium","s__uncultured_bacterium","Above prediction",TRUE,3.9e-05,0.0039,-4.409188552,0.318181818,NA,0.147722175,NA,NA,FALSE,"Above","Early Vegetative"
"484","770f6d40306b14f30101bf45337bdecb",0.000165489,2.47e-06,-9704.324038,0.796523691,-41.53040018,0.063238941,0.914276163,-19404.64808,-19389.05404,2e+06,22,17980,5e-07,2.05e-05,0.181818182,0.053827169,0.010745115,0.229560754,"d__Bacteria","d__Bacteria","d__Bacteria","k__Pseudomonadati--other","k__Pseudomonadati--other","p__Latescibacterota","Candidatus_Latescibacterota","Candidatus_Latescibacterota","c__Latescibacterota","c__Candidatus_Latescibacteria","c__Candidatus_Latescibacteria","o__Latescibacterota","o__Candidatus_Latescibacterales","o__Candidatus_Latescibacterales","f__Latescibacterota","f__Candidatus_Latescibacteraceae","f__Candidatus_Latescibacteraceae","g__Latescibacterota","g__Candidatus_Latescibacter","g__Candidatus_Latescibacter","s__uncultured_bacterium","","As predicted",FALSE,2.05e-05,0.00205,-4.687284246,0.181818182,NA,0.139570434,NA,NA,FALSE,"Neutral","Early Vegetative"
"485","7c15c8a3a90aea4f54a31464c48d247a",0.000165489,2.47e-06,-9704.324038,0.796523691,-41.53040018,0.063238941,0.914276163,-19404.64808,-19389.05404,2e+06,22,17980,5e-07,0.00027675,0.681818182,0.528300609,0.331577725,0.716609445,"d__Bacteria","d__Bacteria","d__Bacteria","k__Pseudomonadati","k__Pseudomonadati","p__Myxococcota","Myxococcota","Myxococcota","c__bacteriap25","c__Deltaproteobacteria","c__Deltaproteobacteria","o__bacteriap25","o__Incertae_Sedis","o__Incertae_Sedis","f__bacteriap25","f__Incertae_Sedis","f__Incertae_Sedis","g__bacteriap25","g__Incertae_Sedis","g__Incertae_Sedis","s__uncultured_Syntrophobacterales","","As predicted",FALSE,0.00027675,0.027675,-3.55791237,0.681818182,NA,0.322260647,NA,NA,FALSE,"Neutral","Early Vegetative"
"486","860b11244363460108e1a96df96599a1",0.000165489,2.47e-06,-9704.324038,0.796523691,-41.53040018,0.063238941,0.914276163,-19404.64808,-19389.05404,2e+06,22,17980,5e-07,0.000689864,0.727272727,0.849737795,0.650493519,0.945001615,"d__Bacteria","d__Bacteria","d__Bacteria","k__Pseudomonadati","k__Pseudomonadati","p__Proteobacteria","Pseudomonadota","Pseudomonadota","c__Alphaproteobacteria","c__Alphaproteobacteria","c__Alphaproteobacteria","o__Rhizobiales","o__Hyphomicrobiales","o__Hyphomicrobiales","f__Rhizobiales_Incertae_Sedis","f__Aestuariivirgaceae","f__Aestuariivirgaceae","g__Nordella","g__Taklimakanibacter","g__Taklimakanibacter","s__uncultured_bacterium","s__uncultured_bacterium","As predicted",FALSE,0.000689864,0.0689864,-3.161236747,0.727272727,NA,0.316234769,NA,NA,FALSE,"Neutral","Early Vegetative"
"487","896b0d4b6cc7c64ca65ff6ab44091143",0.000165489,2.47e-06,-9704.324038,0.796523691,-41.53040018,0.063238941,0.914276163,-19404.64808,-19389.05404,2e+06,22,17980,5e-07,3.55e-05,0.136363636,0.091330225,0.025481707,0.278680252,"d__Bacteria","d__Bacteria","d__Bacteria","k__Pseudomonadati--other","k__Pseudomonadati--other","p__Acidobacteriota","Acidobacteriota","Acidobacteriota","c__Blastocatellia","c__Blastocatellia","c__Blastocatellia","o__Blastocatellales","o__Blastocatellales","o__Blastocatellales","f__Blastocatellaceae","f__Blastocatellaceae","f__Blastocatellaceae","","","g__JGI_0001001-H03","","","As predicted",FALSE,3.55e-05,0.00355,-4.449215928,0.136363636,NA,0.099412007,NA,NA,FALSE,"Neutral","Early Vegetative"
"488","8b1019d7db1ae0d5390a4b4e70116130",0.000165489,2.47e-06,-9704.324038,0.796523691,-41.53040018,0.063238941,0.914276163,-19404.64808,-19389.05404,2e+06,22,17980,5e-07,1.32e-05,0.181818182,0.034868235,0.005100729,0.202923949,"d__Bacteria","d__Bacteria","d__Bacteria","k__Pseudomonadati","k__Pseudomonadati","p__Proteobacteria","Pseudomonadota","Pseudomonadota","c__Alphaproteobacteria","c__Alphaproteobacteria","c__Alphaproteobacteria","o__Sphingomonadales","o__Sphingomonadales","o__Sphingomonadales","f__Sphingomonadaceae","","f__Sphingomicrobiaceae","g__Sphingomonas","","g__Pseudosphingomonas","","","As predicted",FALSE,1.32e-05,0.00132,-4.880024683,0.181818182,NA,0.142478127,NA,NA,FALSE,"Neutral","Early Vegetative"
"489","9b80518664a6e4607ca5b9e45f614a0c",0.000165489,2.47e-06,-9704.324038,0.796523691,-41.53040018,0.063238941,0.914276163,-19404.64808,-19389.05404,2e+06,22,17980,5e-07,4.89e-06,0.045454545,0.013066252,0.000854745,0.17004791,"d__Bacteria","d__Bacteria","d__Bacteria","k__Pseudomonadati--other","k__Pseudomonadati--other","p__Planctomycetota","Planctomycetota","Planctomycetota","c__Phycisphaerae","c__Phycisphaerae","c__Phycisphaerae","o__Tepidisphaerales","o__Tepidisphaerales","o__Tepidisphaerales","f__WD2101_soil_group","f__Tepidisphaeraceae","f__Tepidisphaeraceae","g__WD2101_soil_group","g__Humisphaera","g__Humisphaera","","s__uncultured_bacterium","As predicted",FALSE,4.89e-06,0.000489,-5.311014217,0.045454545,NA,0.062188959,NA,NA,FALSE,"Neutral","Early Vegetative"
"490","9f68b2119a7c9519fd1c06fb7b010f17",0.000165489,2.47e-06,-9704.324038,0.796523691,-41.53040018,0.063238941,0.914276163,-19404.64808,-19389.05404,2e+06,22,17980,5e-07,1.52e-05,0.136363636,0.03999514,0.006476292,0.210277917,"d__Bacteria","d__Bacteria","d__Bacteria","k__Pseudomonadati--other","k__Pseudomonadati--other","p__Planctomycetota","Planctomycetota","Planctomycetota","c__Planctomycetes","c__Planctomycetia","c__Planctomycetia","o__Planctomycetales","o__Planctomycetales","o__Planctomycetales","f__uncultured","f__Planctomycetaceae","f__Planctomycetaceae","g__uncultured","g__Incertae_Sedis","g__Incertae_Sedis","s__uncultured_bacterium","s__metagenome","As predicted",FALSE,1.52e-05,0.00152,-4.819326843,0.136363636,NA,0.13918709,NA,NA,FALSE,"Neutral","Early Vegetative"
"491","a08ee4a8aa1ece798d78fae2b9ad0401",0.000165489,2.47e-06,-9704.324038,0.796523691,-41.53040018,0.063238941,0.914276163,-19404.64808,-19389.05404,2e+06,22,17980,5e-07,0.002232432,0.954545455,0.998249935,0.848382505,0.999982803,"d__Bacteria","d__Bacteria","d__Bacteria","k__Pseudomonadati--other","k__Pseudomonadati--other","p__Acidobacteriota","Acidobacteriota","Acidobacteriota","c__Blastocatellia","c__Blastocatellia","c__Blastocatellia","o__11-24","o__11-24","o__11-24","f__11-24","f__Incertae_Sedis","f__Incertae_Sedis","g__11-24","g__Incertae_Sedis","g__Incertae_Sedis","s__uncultured_Acidobacteria","s__soil_metagenome","As predicted",FALSE,0.002232432,0.2232432,-2.651221796,0.954545455,NA,0.398790379,NA,NA,FALSE,"Neutral","Early Vegetative"
"492","a0ad41aeb3f6b3f709ff8423533ca15d",0.000165489,2.47e-06,-9704.324038,0.796523691,-41.53040018,0.063238941,0.914276163,-19404.64808,-19389.05404,2e+06,22,17980,5e-07,2.45e-05,0.090909091,0.063858386,0.014280621,0.243105305,"d__Bacteria","d__Bacteria","d__Bacteria","k__Pseudomonadati--other","k__Pseudomonadati--other","p__Gemmatimonadota","Gemmatimonadota","Gemmatimonadota","c__BD2-11_terrestrial_group","c__Gemmatimonadia","c__Gemmatimonadia","o__BD2-11_terrestrial_group","o__Gaopeijiales","o__Gaopeijiales","f__BD2-11_terrestrial_group","f__Gaopeijiaceae","f__Gaopeijiaceae","g__BD2-11_terrestrial_group","g__Gaopeijia","g__Gaopeijia","s__metagenome","s__uncultured_Gemmatimonadetes","As predicted",FALSE,2.45e-05,0.00245,-4.610833916,0.090909091,NA,0.115626875,NA,NA,FALSE,"Neutral","Early Vegetative"
"493","a5623868a07301a9554b29dd4d01e17f",0.000165489,2.47e-06,-9704.324038,0.796523691,-41.53040018,0.063238941,0.914276163,-19404.64808,-19389.05404,2e+06,22,17980,5e-07,3.13e-05,0.181818182,0.080741483,0.020927493,0.265205118,"d__Bacteria","d__Bacteria","d__Bacteria","k__Pseudomonadati","k__Pseudomonadati","p__Proteobacteria","Pseudomonadota","Pseudomonadota","c__Alphaproteobacteria","c__Alphaproteobacteria","c__Alphaproteobacteria","o__Elsterales","o__Azospirillales","o__Azospirillales","f__uncultured","f__Geminicoccaceae","f__Geminicoccaceae","g__uncultured","g__Incertae_Sedis","g__Incertae_Sedis","s__uncultured_Acetobacteraceae","","As predicted",FALSE,3.13e-05,0.00313,-4.505149978,0.181818182,NA,0.187461314,NA,NA,FALSE,"Neutral","Early Vegetative"
"494","a9df6034f6717d58552a927fa73d7c14",0.000165489,2.47e-06,-9704.324038,0.796523691,-41.53040018,0.063238941,0.914276163,-19404.64808,-19389.05404,2e+06,22,17980,5e-07,0.000197455,0.681818182,0.41421497,0.236619285,0.617315382,"d__Bacteria","d__Bacteria","d__Bacteria","k__Pseudomonadati--other","k__Pseudomonadati--other","p__Acidobacteriota","Acidobacteriota","Acidobacteriota","c__Acidobacteriae","c__Terriglobia","c__Terriglobia","o__Subgroup_12","o__Subgroup_12","o__Subgroup_12","f__Subgroup_12","f__Incertae_Sedis","f__Incertae_Sedis","g__Subgroup_12","g__Incertae_Sedis","g__Incertae_Sedis","s__uncultured_bacterium","s__metagenome","Above prediction",TRUE,0.000197455,0.0197455,-3.704532864,0.681818182,NA,0.267597596,NA,NA,FALSE,"Above","Early Vegetative"
"495","b0546a8c6a38415c52d2dc916319d3fd",0.000165489,2.47e-06,-9704.324038,0.796523691,-41.53040018,0.063238941,0.914276163,-19404.64808,-19389.05404,2e+06,22,17980,5e-07,0.002447114,1,0.999075186,0.849775301,0.999995153,"d__Bacteria","d__Bacteria","d__Bacteria","k__Pseudomonadati--other","k__Pseudomonadati--other","p__Verrucomicrobiota","Verrucomicrobiota","Verrucomicrobiota","c__Verrucomicrobiae","c__Terrimicrobiia","c__Terrimicrobiia","o__Chthoniobacterales","o__Terrimicrobiales","o__Terrimicrobiales","f__Chthoniobacteraceae","f__Chthoniobacteraceae","f__Chthoniobacteraceae","g__Candidatus_Udaeobacter","g__Candidatus_Udaeobacter","g__Candidatus_Udaeobacter","","s__uncultured_Prosthecobacter","Above prediction",TRUE,0.002447114,0.2447114,-2.611345863,1,NA,0.37778034,NA,NA,FALSE,"Above","Early Vegetative"
"496","b7616c5e14093f59e6ef2da052f4e894",0.000165489,2.47e-06,-9704.324038,0.796523691,-41.53040018,0.063238941,0.914276163,-19404.64808,-19389.05404,2e+06,22,17980,5e-07,2.91e-06,0.045454545,0.007799155,0.000320422,0.161613999,"d__Bacteria","d__Bacteria","d__Bacteria","k__Bacillati","k__Bacillati","p__Actinobacteriota","Actinomycetota","Actinomycetota","c__Acidimicrobiia","c__Acidimicrobiia","c__Acidimicrobiia","o__Microtrichales","o__Acidimicrobiales","o__Acidimicrobiales","f__Iamiaceae","f__Iamiaceae","f__Iamiaceae","g__Iamia","g__Iamia","g__Iamia","","","As predicted",FALSE,2.91e-06,0.000291,-5.536242707,0.045454545,NA,0.046220737,NA,NA,FALSE,"Neutral","Early Vegetative"
"497","bfd0c6033a677c2648b7f643dff94605",0.000165489,2.47e-06,-9704.324038,0.796523691,-41.53040018,0.063238941,0.914276163,-19404.64808,-19389.05404,2e+06,22,17980,5e-07,0.000131545,0.590909091,0.299208945,0.150000735,0.508114293,"d__Bacteria","d__Bacteria","d__Bacteria","k__Pseudomonadati--other","k__Pseudomonadati--other","p__Bacteroidota","Chlorobiota","Chlorobiota","c__SJA-28","c__Ignavibacteria--other","c__Ignavibacteria--other","o__SJA-28","o__Candidatus_Tepidaquicellales","o__Candidatus_Tepidaquicellales","f__SJA-28","f__Candidatus_Tepidaquicellaceae","f__Candidatus_Tepidaquicellaceae","g__SJA-28","g__Candidatus_Tepidaquicella","g__Candidatus_Tepidaquicella","s__uncultured_Ignavibacterium","s__uncultured_Ignavibacterium","Above prediction",TRUE,0.000131545,0.0131545,-3.880924154,0.590909091,NA,0.320096312,NA,NA,FALSE,"Above","Early Vegetative"
"498","c0f873f8f081ef242fe7d72d003f4db0",0.000165489,2.47e-06,-9704.324038,0.796523691,-41.53040018,0.063238941,0.914276163,-19404.64808,-19389.05404,2e+06,22,17980,5e-07,1.23e-05,0.045454545,0.032502085,0.004508294,0.199487564,"d__Bacteria","d__Bacteria","d__Bacteria","k__Pseudomonadati--other","k__Pseudomonadati--other","p__Acidobacteriota","Acidobacteriota","Acidobacteriota","c__Blastocatellia","c__Blastocatellia","c__Blastocatellia","o__Blastocatellales","o__Blastocatellales","o__Blastocatellales","f__Blastocatellaceae","f__Blastocatellaceae","f__Blastocatellaceae","g__JGI_0001001-H03","g__JGI_0001001-H03","","","","As predicted",FALSE,1.23e-05,0.00123,-4.911058917,0.045454545,NA,0.054133619,NA,NA,FALSE,"Neutral","Early Vegetative"
"499","c97326e45f3ae8607bc34365fc759fde",0.000165489,2.47e-06,-9704.324038,0.796523691,-41.53040018,0.063238941,0.914276163,-19404.64808,-19389.05404,2e+06,22,17980,5e-07,7.55e-06,0.090909091,0.020106619,0.001901659,0.18098856,"d__Bacteria","d__Bacteria","d__Bacteria","k__Bacillati","k__Bacillati","p__Chloroflexi","Chloroflexota--other","Chloroflexota--other","c__Ktedonobacteria","c__Ktedonobacteria","c__Ktedonobacteria","o__C0119","o__C0119","o__C0119","f__C0119","f__Incertae_Sedis","f__Incertae_Sedis","g__C0119","g__Incertae_Sedis","g__Incertae_Sedis","s__uncultured_bacterium","s__uncultured_bacterium","As predicted",FALSE,7.55e-06,0.000755,-5.122314593,0.090909091,NA,0.082698432,NA,NA,FALSE,"Neutral","Early Vegetative"
"500","c9e9a2a45cec0572b798df5e47169902",0.000165489,2.47e-06,-9704.324038,0.796523691,-41.53040018,0.063238941,0.914276163,-19404.64808,-19389.05404,2e+06,22,17980,5e-07,2.63e-05,0.181818182,0.068321392,0.015957768,0.249027275,"d__Bacteria","d__Bacteria","d__Bacteria","k__Pseudomonadati--other","k__Pseudomonadati--other","p__Planctomycetota","Planctomycetota","Planctomycetota","c__Planctomycetes","c__Planctomycetia","c__Planctomycetia","o__Pirellulales","o__Pirellulales","o__Pirellulales","f__Pirellulaceae","f__Thermoguttaceae--other","f__Thermoguttaceae--other","g__uncultured","g__Incertae_Sedis","g__Incertae_Sedis","s__uncultured_bacterium","s__Pirellulales_bacterium","As predicted",FALSE,2.63e-05,0.00263,-4.580494842,0.181818182,NA,0.153774156,NA,NA,FALSE,"Neutral","Early Vegetative"
"501","db1433090ed021c7ba8c284943f6c3cb",0.000165489,2.47e-06,-9704.324038,0.796523691,-41.53040018,0.063238941,0.914276163,-19404.64808,-19389.05404,2e+06,22,17980,5e-07,0.001024477,1,0.941517606,0.764111534,0.98765619,"d__Bacteria","d__Bacteria","d__Bacteria","k__Pseudomonadati","k__Pseudomonadati","p__Proteobacteria","Pseudomonadota","Pseudomonadota","c__Alphaproteobacteria","c__Alphaproteobacteria","c__Alphaproteobacteria","o__Rhizobiales","o__Hyphomicrobiales--other","o__Hyphomicrobiales--other","f__Rhizobiales_Incertae_Sedis","f__Lutibaculaceae","f__Lutibaculaceae","g__Bauldia","g__Bauldia","g__Bauldia","s__uncultured_bacterium","s__metagenome","Above prediction",TRUE,0.001024477,0.1024477,-2.989497672,1,NA,0.438758409,NA,NA,FALSE,"Above","Early Vegetative"
"502","db65e84ed251bea71f0372d115ba2522",0.000165489,2.47e-06,-9704.324038,0.796523691,-41.53040018,0.063238941,0.914276163,-19404.64808,-19389.05404,2e+06,22,17980,5e-07,3.66e-06,0.045454545,0.009800238,0.000496023,0.164845622,"d__Bacteria","d__Bacteria","d__Bacteria","k__Pseudomonadati--other","k__Pseudomonadati--other","p__Planctomycetota","Planctomycetota","Planctomycetota","c__OM190","c__OM190","c__OM190","o__OM190","o__Incertae_Sedis","o__Incertae_Sedis","f__OM190","f__Incertae_Sedis","f__Incertae_Sedis","g__OM190","g__Incertae_Sedis","g__Incertae_Sedis","s__uncultured_bacterium","","As predicted",FALSE,3.66e-06,0.000366,-5.4366268,0.045454545,NA,0.050959483,NA,NA,FALSE,"Neutral","Early Vegetative"
"503","e4a95c7621a138b0e52e3dbf933750f5",0.000165489,2.47e-06,-9704.324038,0.796523691,-41.53040018,0.063238941,0.914276163,-19404.64808,-19389.05404,2e+06,22,17980,5e-07,3.84e-05,0.181818182,0.098267887,0.028608368,0.28736628,"d__Bacteria","d__Bacteria","d__Bacteria","k__Pseudomonadati--other","k__Pseudomonadati--other","p__Planctomycetota","Planctomycetota","Planctomycetota","c__Planctomycetes","c__Planctomycetia","c__Planctomycetia","o__Gemmatales","o__Gemmatales","o__Gemmatales","f__Gemmataceae","f__Gemmataceae","f__Gemmataceae","g__uncultured","g__Incertae_Sedis","g__Incertae_Sedis","s__uncultured_bacterium","s__uncultured_bacterium","As predicted",FALSE,3.84e-05,0.00384,-4.415823027,0.181818182,NA,0.135007993,NA,NA,FALSE,"Neutral","Early Vegetative"
"504","e4d3ef41cad1e212ec1aae6877790daa",0.000165489,2.47e-06,-9704.324038,0.796523691,-41.53040018,0.063238941,0.914276163,-19404.64808,-19389.05404,2e+06,22,17980,5e-07,7.84e-06,0.090909091,0.020885852,0.00203851,0.182178501,"d__Bacteria","d__Bacteria","d__Bacteria","k__Pseudomonadati--other","k__Pseudomonadati--other","p__Planctomycetota","Planctomycetota","Planctomycetota","c__Planctomycetes","c__Planctomycetia","c__Planctomycetia","o__Pirellulales","o__Pirellulales","o__Pirellulales","f__Pirellulaceae","f__Pirellulaceae","f__Pirellulaceae","g__Blastopirellula","g__Mariniblastus","g__Mariniblastus","s__uncultured_bacterium","s__Pirellulaceae_bacterium","As predicted",FALSE,7.84e-06,0.000784,-5.105633581,0.090909091,NA,0.054761314,NA,NA,FALSE,"Neutral","Early Vegetative"
"505","ecdf0200cd32e230808ab657134fbfb3",0.000165489,2.47e-06,-9704.324038,0.796523691,-41.53040018,0.063238941,0.914276163,-19404.64808,-19389.05404,2e+06,22,17980,5e-07,5.36e-05,0.227272727,0.134528799,0.046521461,0.331194288,"d__Bacteria","d__Bacteria","d__Bacteria","k__Pseudomonadati--other","k__Pseudomonadati--other","p__Bacteroidota","Bacteroidota","Bacteroidota","c__Bacteroidia","c__Cytophagia","c__Cytophagia","o__Cytophagales","o__Cytophagales","o__Cytophagales","f__Spirosomaceae","f__Spirosomataceae","f__Spirosomataceae","g__Emticicia","g__Emticicia","g__Emticicia","","","As predicted",FALSE,5.36e-05,0.00536,-4.270908876,0.227272727,NA,0.185647634,NA,NA,FALSE,"Neutral","Early Vegetative"
"506","f7211ce8b5c4c89df660790cc1c92619",0.000165489,2.47e-06,-9704.324038,0.796523691,-41.53040018,0.063238941,0.914276163,-19404.64808,-19389.05404,2e+06,22,17980,5e-07,8.53e-05,0.409090909,0.205621639,0.087529095,0.411235741,"d__Bacteria","d__Bacteria","d__Bacteria","k__Pseudomonadati--other","k__Pseudomonadati--other","p__Bacteroidota","Chlorobiota","Chlorobiota","c__Kapabacteria","c__Candidatus_Kapaibacteriia","c__Candidatus_Kapaibacteriia","o__Kapabacteriales","o__Incertae_Sedis","o__Incertae_Sedis","f__Kapabacteriales","f__Incertae_Sedis","f__Incertae_Sedis","g__Kapabacteriales","g__Incertae_Sedis","g__Incertae_Sedis","s__uncultured_bacterium","s__metagenome","As predicted",FALSE,8.53e-05,0.00853,-4.069074112,0.409090909,NA,0.236135717,NA,NA,FALSE,"Neutral","Early Vegetative"
"507","01f6e43b89605a61201cbfb4439982d6",0.000182793,2.22e-06,-13513.47156,0.836412384,-48.17839908,0.053073979,0.920224162,-27022.94312,-27006.84933,2e+06,30,23084,5e-07,4.68e-05,0.333333333,0.128556548,0.050326563,0.291114146,"d__Bacteria","d__Bacteria","d__Bacteria","k__Bacillati","k__Bacillati","p__Actinobacteriota","Actinomycetota","Actinomycetota","c__Actinobacteria","c__Actinomycetes","c__Actinomycetes","o__Streptomycetales","o__Kitasatosporales","o__Kitasatosporales","f__Streptomycetaceae","f__Streptomycetaceae","f__Streptomycetaceae","g__Streptomyces","","g__Streptomyces","","s__uncultured_Streptomyces","Above prediction",TRUE,4.68e-05,0.00468,-4.329908838,0.333333333,NA,0.239655007,NA,NA,FALSE,"Above","Late Vegetative"
"508","1b3d9b3ddf240ed8b528854343b733eb",0.000182793,2.22e-06,-13513.47156,0.836412384,-48.17839908,0.053073979,0.920224162,-27022.94312,-27006.84933,2e+06,30,23084,5e-07,1.88e-05,0.1,0.053787772,0.013100156,0.195777516,"d__Bacteria","d__Bacteria","d__Bacteria","k__Pseudomonadati","k__Pseudomonadati","p__Proteobacteria","Pseudomonadota","Pseudomonadota","c__Alphaproteobacteria","c__Alphaproteobacteria","c__Alphaproteobacteria","o__Rhizobiales","o__Hyphomicrobiales--other","o__Hyphomicrobiales--other","f__Xanthobacteraceae","f__Nitrobacteraceae","f__Nitrobacteraceae","g__uncultured","","","","","As predicted",FALSE,1.88e-05,0.00188,-4.725457308,0.1,NA,0.0884626,NA,NA,FALSE,"Neutral","Late Vegetative"
"509","21a0412a444cedcf4b7f42bbbc5ca701",0.000182793,2.22e-06,-13513.47156,0.836412384,-48.17839908,0.053073979,0.920224162,-27022.94312,-27006.84933,2e+06,30,23084,5e-07,0.00015145,0.433333333,0.360550321,0.213832771,0.538926683,"d__Bacteria","d__Bacteria","d__Bacteria","k__Bacillati","k__Bacillati","p__Actinobacteriota","Actinomycetota","Actinomycetota","c__Acidimicrobiia","c__Acidimicrobiia","c__Acidimicrobiia","o__IMCC26256","o__Acidimicrobiales","o__Acidimicrobiales","f__IMCC26256","f__Acidimicrobiaceae","f__Acidimicrobiaceae","g__IMCC26256","g__Acidiferrimicrobium","g__Acidiferrimicrobium","","s__Nitrospiraceae_bacterium","As predicted",FALSE,0.00015145,0.015145,-3.819730722,0.433333333,NA,0.226789327,NA,NA,FALSE,"Neutral","Late Vegetative"
"510","302291c1e78c61f869258e3d6c80d885",0.000182793,2.22e-06,-13513.47156,0.836412384,-48.17839908,0.053073979,0.920224162,-27022.94312,-27006.84933,2e+06,30,23084,5e-07,1.26e-05,0.166666667,0.036289757,0.006826105,0.171028056,"d__Bacteria","d__Bacteria","d__Bacteria","k__Pseudomonadati--other","k__Pseudomonadati--other","p__Planctomycetota","Planctomycetota","Planctomycetota","c__Planctomycetes","c__Planctomycetia","c__Planctomycetia","o__uncultured","o__Kolteriales","o__Kolteriales","f__uncultured","f__Kolteriaceae","f__Kolteriaceae","g__uncultured","g__Kolteria","g__Kolteria","s__uncultured_bacterium","s__soil_metagenome","As predicted",FALSE,1.26e-05,0.00126,-4.900204299,0.166666667,NA,0.142985335,NA,NA,FALSE,"Neutral","Late Vegetative"
"511","31aa97e7c6583ad227fec22a59f939ae",0.000182793,2.22e-06,-13513.47156,0.836412384,-48.17839908,0.053073979,0.920224162,-27022.94312,-27006.84933,2e+06,30,23084,5e-07,4.58e-05,0.333333333,0.125899418,0.048801807,0.287927883,"d__Bacteria","d__Bacteria","d__Bacteria","k__Bacillati","k__Bacillati","p__Chloroflexi","Chloroflexota--other","Chloroflexota--other","c__TK10","c__Tepidiformia","c__Tepidiformia","o__TK10","o__Tepidiformales","o__Tepidiformales","f__TK10","f__Tepidiformaceae","f__Tepidiformaceae","g__TK10","g__Tepidiforma","g__Tepidiforma","s__uncultured_bacterium","s__soil_metagenome","Above prediction",TRUE,4.58e-05,0.00458,-4.339608902,0.333333333,NA,0.275504589,NA,NA,FALSE,"Above","Late Vegetative"
"512","46f4436af04bcd98a7cc1a443d6f219c",0.000182793,2.22e-06,-13513.47156,0.836412384,-48.17839908,0.053073979,0.920224162,-27022.94312,-27006.84933,2e+06,30,23084,5e-07,0.001774917,1,0.995835563,0.879230472,0.9998727,"d__Bacteria","d__Bacteria","d__Bacteria","k__Pseudomonadati","k__Pseudomonadati","p__Proteobacteria","Pseudomonadota","Pseudomonadota","c__Alphaproteobacteria","c__Alphaproteobacteria","c__Alphaproteobacteria","o__Rhizobiales","o__Hyphomicrobiales","o__Hyphomicrobiales","f__Hyphomicrobiaceae","f__Hyphomicrobiaceae","f__Hyphomicrobiaceae","g__Hyphomicrobium","g__Filomicrobium","g__Filomicrobium","s__uncultured_Hyphomicrobiaceae","s__uncultured_Hyphomicrobiaceae","Above prediction",TRUE,0.001774917,0.1774917,-2.750822032,1,NA,0.4467187,NA,NA,FALSE,"Above","Late Vegetative"
"513","4e1ecf847b2830d435e71f148d38e8b4",0.000182793,2.22e-06,-13513.47156,0.836412384,-48.17839908,0.053073979,0.920224162,-27022.94312,-27006.84933,2e+06,30,23084,5e-07,1.47e-05,0.133333333,0.042219752,0.008799834,0.179568049,"d__Bacteria","d__Bacteria","d__Bacteria","k__Pseudomonadati--other","k__Pseudomonadati--other","p__Verrucomicrobiota","Verrucomicrobiota","Verrucomicrobiota","c__Verrucomicrobiae","c__Pedosphaerae","c__Pedosphaerae","o__Pedosphaerales","o__Limisphaerales","o__Limisphaerales","f__Pedosphaeraceae","f__Pedosphaeraceae","f__Pedosphaeraceae","g__ADurb.Bin063-1","g__Incertae_Sedis","g__Incertae_Sedis","s__uncultured_bacterium","","As predicted",FALSE,1.47e-05,0.00147,-4.833175342,0.133333333,NA,0.119687612,NA,NA,FALSE,"Neutral","Late Vegetative"
"514","5cf37e80516a615f77bd5e97f18ae417",0.000182793,2.22e-06,-13513.47156,0.836412384,-48.17839908,0.053073979,0.920224162,-27022.94312,-27006.84933,2e+06,30,23084,5e-07,0.00086855,0.633333333,0.927391889,0.778891017,0.978863354,"d__Bacteria","d__Bacteria","d__Bacteria","k__Pseudomonadati","k__Pseudomonadati","p__Proteobacteria","Pseudomonadota","Pseudomonadota","c__Alphaproteobacteria","c__Alphaproteobacteria","c__Alphaproteobacteria","o__Sphingomonadales","o__Sphingomonadales","o__Sphingomonadales","f__Sphingomonadaceae","f__Sphingomonadaceae--other","f__Sphingomonadaceae--other","","","g__Allosphingosinicella--other","","","Below prediction",FALSE,0.00086855,0.086855,-3.061205175,0.633333333,NA,0.257654283,NA,NA,FALSE,"Below","Late Vegetative"
"515","60cb5363f520d007437ef4ed940bad82",0.000182793,2.22e-06,-13513.47156,0.836412384,-48.17839908,0.053073979,0.920224162,-27022.94312,-27006.84933,2e+06,30,23084,5e-07,0.0014692,1,0.988951635,0.867716167,0.999181985,"d__Bacteria","d__Bacteria","d__Bacteria","k__Bacillati","k__Bacillati","p__Armatimonadota","Armatimonadota","Armatimonadota","c__Fimbriimonadia","c__Fimbriimonadia","c__Fimbriimonadia","o__Fimbriimonadales","o__Fimbriimonadales","o__Fimbriimonadales","f__Fimbriimonadaceae","f__Fimbriimonadaceae","f__Fimbriimonadaceae","g__Fimbriimonadaceae","g__Fimbriimonas","g__Fimbriimonas","","s__uncultured_Fimbriimonadaceae","Above prediction",TRUE,0.0014692,0.14692,-2.83291908,1,NA,0.451432877,NA,NA,FALSE,"Above","Late Vegetative"
"516","651a032a4d91ca43b13549f6057e0baf",0.000182793,2.22e-06,-13513.47156,0.836412384,-48.17839908,0.053073979,0.920224162,-27022.94312,-27006.84933,2e+06,30,23084,5e-07,1.21e-05,0.133333333,0.034967129,0.006409887,0.16909929,"d__Bacteria","d__Bacteria","d__Bacteria","k__Pseudomonadati--other","k__Pseudomonadati--other","p__Bacteroidota","Bacteroidota","Bacteroidota","c__Bacteroidia","c__Sphingobacteriia","c__Sphingobacteriia","o__Sphingobacteriales","o__Sphingobacteriales","o__Sphingobacteriales","f__AKYH767","f__Sphingobacteriaceae","f__Sphingobacteriaceae","g__AKYH767","g__Incertae_Sedis","g__Incertae_Sedis","s__uncultured_bacterium","s__groundwater_metagenome","As predicted",FALSE,1.21e-05,0.00121,-4.91661684,0.133333333,NA,0.146480137,NA,NA,FALSE,"Neutral","Late Vegetative"
"517","65dd785e07167f8814dd9be35b32d878",0.000182793,2.22e-06,-13513.47156,0.836412384,-48.17839908,0.053073979,0.920224162,-27022.94312,-27006.84933,2e+06,30,23084,5e-07,1.65e-06,0.033333333,0.004833316,0.000169869,0.121912864,"d__Bacteria","d__Bacteria","d__Bacteria","k__Bacillati","k__Bacillati","p__Chloroflexi","Chloroflexota--other","Chloroflexota--other","c__Anaerolineae","c__Caldilineae","c__Caldilineae","o__Caldilineales","o__Caldilineales","o__Caldilineales","f__Caldilineaceae","f__Caldilineaceae","f__Caldilineaceae","g__uncultured","g__Litorilinea","g__Litorilinea","s__uncultured_bacterium","s__uncultured_bacterium","As predicted",FALSE,1.65e-06,0.000165,-5.782516056,0.033333333,NA,0.050527161,NA,NA,FALSE,"Neutral","Late Vegetative"
"518","7402c6fd98e177d4694261a9dd23eac6",0.000182793,2.22e-06,-13513.47156,0.836412384,-48.17839908,0.053073979,0.920224162,-27022.94312,-27006.84933,2e+06,30,23084,5e-07,6.85e-05,0.333333333,0.182530648,0.083525585,0.353609756,"d__Bacteria","d__Bacteria","d__Bacteria","k__Pseudomonadati","k__Pseudomonadati","p__Proteobacteria","Pseudomonadota","Pseudomonadota","c__Gammaproteobacteria","c__Gammaproteobacteria","c__Gammaproteobacteria","o__Gammaproteobacteria_Incertae_Sedis","o__Legionellales","o__Legionellales","f__Unknown_Family","f__Legionellaceae","f__Legionellaceae","g__Candidatus_Berkiella","g__Candidatus_Berkiella","g__Candidatus_Berkiella","s__uncultured_bacterium","s__uncultured_bacterium","As predicted",FALSE,6.85e-05,0.00685,-4.164520815,0.333333333,NA,0.200392403,NA,NA,FALSE,"Neutral","Late Vegetative"
"519","770f6d40306b14f30101bf45337bdecb",0.000182793,2.22e-06,-13513.47156,0.836412384,-48.17839908,0.053073979,0.920224162,-27022.94312,-27006.84933,2e+06,30,23084,5e-07,5.04e-05,0.466666667,0.137752259,0.055691127,0.302053332,"d__Bacteria","d__Bacteria","d__Bacteria","k__Pseudomonadati--other","k__Pseudomonadati--other","p__Latescibacterota","Candidatus_Latescibacterota","Candidatus_Latescibacterota","c__Latescibacterota","c__Candidatus_Latescibacteria","c__Candidatus_Latescibacteria","o__Latescibacterota","o__Candidatus_Latescibacterales","o__Candidatus_Latescibacterales","f__Latescibacterota","f__Candidatus_Latescibacteraceae","f__Candidatus_Latescibacteraceae","g__Latescibacterota","g__Candidatus_Latescibacter","g__Candidatus_Latescibacter","s__uncultured_bacterium","","Above prediction",TRUE,5.04e-05,0.00504,-4.297713103,0.466666667,NA,0.350157743,NA,NA,FALSE,"Above","Late Vegetative"
"520","7c15c8a3a90aea4f54a31464c48d247a",0.000182793,2.22e-06,-13513.47156,0.836412384,-48.17839908,0.053073979,0.920224162,-27022.94312,-27006.84933,2e+06,30,23084,5e-07,0.0003111,0.666666667,0.602896899,0.425950511,0.756482935,"d__Bacteria","d__Bacteria","d__Bacteria","k__Pseudomonadati","k__Pseudomonadati","p__Myxococcota","Myxococcota","Myxococcota","c__bacteriap25","c__Deltaproteobacteria","c__Deltaproteobacteria","o__bacteriap25","o__Incertae_Sedis","o__Incertae_Sedis","f__bacteriap25","f__Incertae_Sedis","f__Incertae_Sedis","g__bacteriap25","g__Incertae_Sedis","g__Incertae_Sedis","s__uncultured_Syntrophobacterales","","As predicted",FALSE,0.0003111,0.03111,-3.507099989,0.666666667,NA,0.337857487,NA,NA,FALSE,"Neutral","Late Vegetative"
"521","860b11244363460108e1a96df96599a1",0.000182793,2.22e-06,-13513.47156,0.836412384,-48.17839908,0.053073979,0.920224162,-27022.94312,-27006.84933,2e+06,30,23084,5e-07,0.001173333,1,0.971900621,0.841071323,0.995595837,"d__Bacteria","d__Bacteria","d__Bacteria","k__Pseudomonadati","k__Pseudomonadati","p__Proteobacteria","Pseudomonadota","Pseudomonadota","c__Alphaproteobacteria","c__Alphaproteobacteria","c__Alphaproteobacteria","o__Rhizobiales","o__Hyphomicrobiales","o__Hyphomicrobiales","f__Rhizobiales_Incertae_Sedis","f__Aestuariivirgaceae","f__Aestuariivirgaceae","g__Nordella","g__Taklimakanibacter","g__Taklimakanibacter","s__uncultured_bacterium","s__uncultured_bacterium","Above prediction",TRUE,0.001173333,0.1173333,-2.930578591,1,NA,0.483604177,NA,NA,FALSE,"Above","Late Vegetative"
"522","896b0d4b6cc7c64ca65ff6ab44091143",0.000182793,2.22e-06,-13513.47156,0.836412384,-48.17839908,0.053073979,0.920224162,-27022.94312,-27006.84933,2e+06,30,23084,5e-07,0.0001094,0.266666667,0.275673584,0.148446751,0.453828522,"d__Bacteria","d__Bacteria","d__Bacteria","k__Pseudomonadati--other","k__Pseudomonadati--other","p__Acidobacteriota","Acidobacteriota","Acidobacteriota","c__Blastocatellia","c__Blastocatellia","c__Blastocatellia","o__Blastocatellales","o__Blastocatellales","o__Blastocatellales","f__Blastocatellaceae","f__Blastocatellaceae","f__Blastocatellaceae","","","g__JGI_0001001-H03","","","As predicted",FALSE,0.0001094,0.01094,-3.960982678,0.266666667,NA,0.243888064,NA,NA,FALSE,"Neutral","Late Vegetative"
"523","8b1019d7db1ae0d5390a4b4e70116130",0.000182793,2.22e-06,-13513.47156,0.836412384,-48.17839908,0.053073979,0.920224162,-27022.94312,-27006.84933,2e+06,30,23084,5e-07,2.55e-06,0.066666667,0.007460067,0.000390467,0.126349424,"d__Bacteria","d__Bacteria","d__Bacteria","k__Pseudomonadati","k__Pseudomonadati","p__Proteobacteria","Pseudomonadota","Pseudomonadota","c__Alphaproteobacteria","c__Alphaproteobacteria","c__Alphaproteobacteria","o__Sphingomonadales","o__Sphingomonadales","o__Sphingomonadales","f__Sphingomonadaceae","","f__Sphingomicrobiaceae","g__Sphingomonas","","g__Pseudosphingomonas","","","As predicted",FALSE,2.55e-06,0.000255,-5.59345982,0.066666667,NA,0.03794603,NA,NA,FALSE,"Neutral","Late Vegetative"
"524","9f68b2119a7c9519fd1c06fb7b010f17",0.000182793,2.22e-06,-13513.47156,0.836412384,-48.17839908,0.053073979,0.920224162,-27022.94312,-27006.84933,2e+06,30,23084,5e-07,1.05e-05,0.1,0.030418958,0.00505115,0.162394242,"d__Bacteria","d__Bacteria","d__Bacteria","k__Pseudomonadati--other","k__Pseudomonadati--other","p__Planctomycetota","Planctomycetota","Planctomycetota","c__Planctomycetes","c__Planctomycetia","c__Planctomycetia","o__Planctomycetales","o__Planctomycetales","o__Planctomycetales","f__uncultured","f__Planctomycetaceae","f__Planctomycetaceae","g__uncultured","g__Incertae_Sedis","g__Incertae_Sedis","s__uncultured_bacterium","s__metagenome","As predicted",FALSE,1.05e-05,0.00105,-4.978121891,0.1,NA,0.0992778,NA,NA,FALSE,"Neutral","Late Vegetative"
"525","a08ee4a8aa1ece798d78fae2b9ad0401",0.000182793,2.22e-06,-13513.47156,0.836412384,-48.17839908,0.053073979,0.920224162,-27022.94312,-27006.84933,2e+06,30,23084,5e-07,0.002585533,1,0.999701345,0.885957792,0.999999307,"d__Bacteria","d__Bacteria","d__Bacteria","k__Pseudomonadati--other","k__Pseudomonadati--other","p__Acidobacteriota","Acidobacteriota","Acidobacteriota","c__Blastocatellia","c__Blastocatellia","c__Blastocatellia","o__11-24","o__11-24","o__11-24","f__11-24","f__Incertae_Sedis","f__Incertae_Sedis","g__11-24","g__Incertae_Sedis","g__Incertae_Sedis","s__uncultured_Acidobacteria","s__soil_metagenome","Above prediction",TRUE,0.002585533,0.2585533,-2.587449859,1,NA,0.439270798,NA,NA,FALSE,"Above","Late Vegetative"
"526","a0ad41aeb3f6b3f709ff8423533ca15d",0.000182793,2.22e-06,-13513.47156,0.836412384,-48.17839908,0.053073979,0.920224162,-27022.94312,-27006.84933,2e+06,30,23084,5e-07,3.71e-05,0.066666667,0.103256583,0.036314832,0.260269717,"d__Bacteria","d__Bacteria","d__Bacteria","k__Pseudomonadati--other","k__Pseudomonadati--other","p__Gemmatimonadota","Gemmatimonadota","Gemmatimonadota","c__BD2-11_terrestrial_group","c__Gemmatimonadia","c__Gemmatimonadia","o__BD2-11_terrestrial_group","o__Gaopeijiales","o__Gaopeijiales","f__BD2-11_terrestrial_group","f__Gaopeijiaceae","f__Gaopeijiaceae","g__BD2-11_terrestrial_group","g__Gaopeijia","g__Gaopeijia","s__metagenome","s__uncultured_Gemmatimonadetes","As predicted",FALSE,3.71e-05,0.00371,-4.431016467,0.066666667,NA,0.12179185,NA,NA,FALSE,"Neutral","Late Vegetative"
"527","a5623868a07301a9554b29dd4d01e17f",0.000182793,2.22e-06,-13513.47156,0.836412384,-48.17839908,0.053073979,0.920224162,-27022.94312,-27006.84933,2e+06,30,23084,5e-07,1.38e-05,0.133333333,0.039682694,0.007934539,0.175935207,"d__Bacteria","d__Bacteria","d__Bacteria","k__Pseudomonadati","k__Pseudomonadati","p__Proteobacteria","Pseudomonadota","Pseudomonadota","c__Alphaproteobacteria","c__Alphaproteobacteria","c__Alphaproteobacteria","o__Elsterales","o__Azospirillales","o__Azospirillales","f__uncultured","f__Geminicoccaceae","f__Geminicoccaceae","g__uncultured","g__Incertae_Sedis","g__Incertae_Sedis","s__uncultured_Acetobacteraceae","","As predicted",FALSE,1.38e-05,0.00138,-4.860645741,0.133333333,NA,0.106614062,NA,NA,FALSE,"Neutral","Late Vegetative"
"528","a9df6034f6717d58552a927fa73d7c14",0.000182793,2.22e-06,-13513.47156,0.836412384,-48.17839908,0.053073979,0.920224162,-27022.94312,-27006.84933,2e+06,30,23084,5e-07,0.00035145,0.9,0.648217884,0.469628848,0.79315749,"d__Bacteria","d__Bacteria","d__Bacteria","k__Pseudomonadati--other","k__Pseudomonadati--other","p__Acidobacteriota","Acidobacteriota","Acidobacteriota","c__Acidobacteriae","c__Terriglobia","c__Terriglobia","o__Subgroup_12","o__Subgroup_12","o__Subgroup_12","f__Subgroup_12","f__Incertae_Sedis","f__Incertae_Sedis","g__Subgroup_12","g__Incertae_Sedis","g__Incertae_Sedis","s__uncultured_bacterium","s__metagenome","Above prediction",TRUE,0.00035145,0.035145,-3.454136452,0.9,NA,0.410173293,NA,NA,FALSE,"Above","Late Vegetative"
"529","b0546a8c6a38415c52d2dc916319d3fd",0.000182793,2.22e-06,-13513.47156,0.836412384,-48.17839908,0.053073979,0.920224162,-27022.94312,-27006.84933,2e+06,30,23084,5e-07,0.00336315,0.966666667,0.999977451,0.886446631,0.999999996,"d__Bacteria","d__Bacteria","d__Bacteria","k__Pseudomonadati--other","k__Pseudomonadati--other","p__Verrucomicrobiota","Verrucomicrobiota","Verrucomicrobiota","c__Verrucomicrobiae","c__Terrimicrobiia","c__Terrimicrobiia","o__Chthoniobacterales","o__Terrimicrobiales","o__Terrimicrobiales","f__Chthoniobacteraceae","f__Chthoniobacteraceae","f__Chthoniobacteraceae","g__Candidatus_Udaeobacter","g__Candidatus_Udaeobacter","g__Candidatus_Udaeobacter","","s__uncultured_Prosthecobacter","As predicted",FALSE,0.00336315,0.336315,-2.473253762,0.966666667,NA,0.435435442,NA,NA,FALSE,"Neutral","Late Vegetative"
"530","bfd0c6033a677c2648b7f643dff94605",0.000182793,2.22e-06,-13513.47156,0.836412384,-48.17839908,0.053073979,0.920224162,-27022.94312,-27006.84933,2e+06,30,23084,5e-07,7.63e-05,0.433333333,0.201097978,0.095786598,0.374268125,"d__Bacteria","d__Bacteria","d__Bacteria","k__Pseudomonadati--other","k__Pseudomonadati--other","p__Bacteroidota","Chlorobiota","Chlorobiota","c__SJA-28","c__Ignavibacteria--other","c__Ignavibacteria--other","o__SJA-28","o__Candidatus_Tepidaquicellales","o__Candidatus_Tepidaquicellales","f__SJA-28","f__Candidatus_Tepidaquicellaceae","f__Candidatus_Tepidaquicellaceae","g__SJA-28","g__Candidatus_Tepidaquicella","g__Candidatus_Tepidaquicella","s__uncultured_Ignavibacterium","s__uncultured_Ignavibacterium","Above prediction",TRUE,7.63e-05,0.00763,-4.117760152,0.433333333,NA,0.208695644,NA,NA,FALSE,"Above","Late Vegetative"
"531","c0f873f8f081ef242fe7d72d003f4db0",0.000182793,2.22e-06,-13513.47156,0.836412384,-48.17839908,0.053073979,0.920224162,-27022.94312,-27006.84933,2e+06,30,23084,5e-07,1.67e-05,0.233333333,0.047787637,0.01080048,0.187439113,"d__Bacteria","d__Bacteria","d__Bacteria","k__Pseudomonadati--other","k__Pseudomonadati--other","p__Acidobacteriota","Acidobacteriota","Acidobacteriota","c__Blastocatellia","c__Blastocatellia","c__Blastocatellia","o__Blastocatellales","o__Blastocatellales","o__Blastocatellales","f__Blastocatellaceae","f__Blastocatellaceae","f__Blastocatellaceae","g__JGI_0001001-H03","g__JGI_0001001-H03","","","","Above prediction",TRUE,1.67e-05,0.00167,-4.77815125,0.233333333,NA,0.14292909,NA,NA,FALSE,"Above","Late Vegetative"
"532","c97326e45f3ae8607bc34365fc759fde",0.000182793,2.22e-06,-13513.47156,0.836412384,-48.17839908,0.053073979,0.920224162,-27022.94312,-27006.84933,2e+06,30,23084,5e-07,1.2e-05,0.166666667,0.03458891,0.00629256,0.168546045,"d__Bacteria","d__Bacteria","d__Bacteria","k__Bacillati","k__Bacillati","p__Chloroflexi","Chloroflexota--other","Chloroflexota--other","c__Ktedonobacteria","c__Ktedonobacteria","c__Ktedonobacteria","o__C0119","o__C0119","o__C0119","f__C0119","f__Incertae_Sedis","f__Incertae_Sedis","g__C0119","g__Incertae_Sedis","g__Incertae_Sedis","s__uncultured_bacterium","s__uncultured_bacterium","As predicted",FALSE,1.2e-05,0.0012,-4.92142236,0.166666667,NA,0.141112052,NA,NA,FALSE,"Neutral","Late Vegetative"
"533","c9e9a2a45cec0572b798df5e47169902",0.000182793,2.22e-06,-13513.47156,0.836412384,-48.17839908,0.053073979,0.920224162,-27022.94312,-27006.84933,2e+06,30,23084,5e-07,1.23e-05,0.033333333,0.035486944,0.006572374,0.16985842,"d__Bacteria","d__Bacteria","d__Bacteria","k__Pseudomonadati--other","k__Pseudomonadati--other","p__Planctomycetota","Planctomycetota","Planctomycetota","c__Planctomycetes","c__Planctomycetia","c__Planctomycetia","o__Pirellulales","o__Pirellulales","o__Pirellulales","f__Pirellulaceae","f__Thermoguttaceae--other","f__Thermoguttaceae--other","g__uncultured","g__Incertae_Sedis","g__Incertae_Sedis","s__uncultured_bacterium","s__Pirellulales_bacterium","As predicted",FALSE,1.23e-05,0.00123,-4.910094889,0.033333333,NA,0.04505096,NA,NA,FALSE,"Neutral","Late Vegetative"
"534","d54682e964a7986c6126fb43de5d0ab9",0.000182793,2.22e-06,-13513.47156,0.836412384,-48.17839908,0.053073979,0.920224162,-27022.94312,-27006.84933,2e+06,30,23084,5e-07,2.52e-05,0.266666667,0.071431318,0.020601604,0.219557603,"d__Bacteria","d__Bacteria","d__Bacteria","k__Pseudomonadati","k__Pseudomonadati","p__Bdellovibrionota","Bdellovibrionota","Bdellovibrionota","c__Bdellovibrionia","c__Bdellovibrionia","c__Bdellovibrionia","o__Bdellovibrionales","o__Bdellovibrionales","o__Bdellovibrionales","f__Bdellovibrionaceae","f__Pseudobdellovibrionaceae","f__Pseudobdellovibrionaceae","g__Bdellovibrio","g__Incertae_Sedis","g__Incertae_Sedis","s__uncultured_bacterium","","Above prediction",TRUE,2.52e-05,0.00252,-4.598312322,0.266666667,NA,0.261702913,NA,NA,FALSE,"Above","Late Vegetative"
"535","db1433090ed021c7ba8c284943f6c3cb",0.000182793,2.22e-06,-13513.47156,0.836412384,-48.17839908,0.053073979,0.920224162,-27022.94312,-27006.84933,2e+06,30,23084,5e-07,0.0010018,1,0.951978445,0.812233112,0.989112564,"d__Bacteria","d__Bacteria","d__Bacteria","k__Pseudomonadati","k__Pseudomonadati","p__Proteobacteria","Pseudomonadota","Pseudomonadota","c__Alphaproteobacteria","c__Alphaproteobacteria","c__Alphaproteobacteria","o__Rhizobiales","o__Hyphomicrobiales--other","o__Hyphomicrobiales--other","f__Rhizobiales_Incertae_Sedis","f__Lutibaculaceae","f__Lutibaculaceae","g__Bauldia","g__Bauldia","g__Bauldia","s__uncultured_bacterium","s__metagenome","Above prediction",TRUE,0.0010018,0.10018,-2.999218973,1,NA,0.433875175,NA,NA,FALSE,"Above","Late Vegetative"
"536","db65e84ed251bea71f0372d115ba2522",0.000182793,2.22e-06,-13513.47156,0.836412384,-48.17839908,0.053073979,0.920224162,-27022.94312,-27006.84933,2e+06,30,23084,5e-07,1.92e-06,0.033333333,0.005612318,0.000226576,0.123237306,"d__Bacteria","d__Bacteria","d__Bacteria","k__Pseudomonadati--other","k__Pseudomonadati--other","p__Planctomycetota","Planctomycetota","Planctomycetota","c__OM190","c__OM190","c__OM190","o__OM190","o__Incertae_Sedis","o__Incertae_Sedis","f__OM190","f__Incertae_Sedis","f__Incertae_Sedis","g__OM190","g__Incertae_Sedis","g__Incertae_Sedis","s__uncultured_bacterium","","As predicted",FALSE,1.92e-06,0.000192,-5.71745341,0.033333333,NA,0.031583657,NA,NA,FALSE,"Neutral","Late Vegetative"
"537","e4a95c7621a138b0e52e3dbf933750f5",0.000182793,2.22e-06,-13513.47156,0.836412384,-48.17839908,0.053073979,0.920224162,-27022.94312,-27006.84933,2e+06,30,23084,5e-07,8.09e-05,0.266666667,0.212071212,0.103206485,0.386303486,"d__Bacteria","d__Bacteria","d__Bacteria","k__Pseudomonadati--other","k__Pseudomonadati--other","p__Planctomycetota","Planctomycetota","Planctomycetota","c__Planctomycetes","c__Planctomycetia","c__Planctomycetia","o__Gemmatales","o__Gemmatales","o__Gemmatales","f__Gemmataceae","f__Gemmataceae","f__Gemmataceae","g__uncultured","g__Incertae_Sedis","g__Incertae_Sedis","s__uncultured_bacterium","s__uncultured_bacterium","As predicted",FALSE,8.09e-05,0.00809,-4.091872572,0.266666667,NA,0.237410771,NA,NA,FALSE,"Neutral","Late Vegetative"
"538","e4d3ef41cad1e212ec1aae6877790daa",0.000182793,2.22e-06,-13513.47156,0.836412384,-48.17839908,0.053073979,0.920224162,-27022.94312,-27006.84933,2e+06,30,23084,5e-07,6.93e-05,0.266666667,0.184618752,0.084885207,0.355952288,"d__Bacteria","d__Bacteria","d__Bacteria","k__Pseudomonadati--other","k__Pseudomonadati--other","p__Planctomycetota","Planctomycetota","Planctomycetota","c__Planctomycetes","c__Planctomycetia","c__Planctomycetia","o__Pirellulales","o__Pirellulales","o__Pirellulales","f__Pirellulaceae","f__Pirellulaceae","f__Pirellulaceae","g__Blastopirellula","g__Mariniblastus","g__Mariniblastus","s__uncultured_bacterium","s__Pirellulaceae_bacterium","As predicted",FALSE,6.93e-05,0.00693,-4.15905792,0.266666667,NA,0.278896074,NA,NA,FALSE,"Neutral","Late Vegetative"
"539","ecdf0200cd32e230808ab657134fbfb3",0.000182793,2.22e-06,-13513.47156,0.836412384,-48.17839908,0.053073979,0.920224162,-27022.94312,-27006.84933,2e+06,30,23084,5e-07,3.83e-05,0.233333333,0.106463304,0.0380246,0.264245379,"d__Bacteria","d__Bacteria","d__Bacteria","k__Pseudomonadati--other","k__Pseudomonadati--other","p__Bacteroidota","Bacteroidota","Bacteroidota","c__Bacteroidia","c__Cytophagia","c__Cytophagia","o__Cytophagales","o__Cytophagales","o__Cytophagales","f__Spirosomaceae","f__Spirosomataceae","f__Spirosomataceae","g__Emticicia","g__Emticicia","g__Emticicia","","","As predicted",FALSE,3.83e-05,0.00383,-4.416990255,0.233333333,NA,0.158987675,NA,NA,FALSE,"Neutral","Late Vegetative"
"540","f7211ce8b5c4c89df660790cc1c92619",0.000182793,2.22e-06,-13513.47156,0.836412384,-48.17839908,0.053073979,0.920224162,-27022.94312,-27006.84933,2e+06,30,23084,5e-07,0.0001296,0.366666667,0.317736656,0.180199914,0.49665206,"d__Bacteria","d__Bacteria","d__Bacteria","k__Pseudomonadati--other","k__Pseudomonadati--other","p__Bacteroidota","Chlorobiota","Chlorobiota","c__Kapabacteria","c__Candidatus_Kapaibacteriia","c__Candidatus_Kapaibacteriia","o__Kapabacteriales","o__Incertae_Sedis","o__Incertae_Sedis","f__Kapabacteriales","f__Incertae_Sedis","f__Incertae_Sedis","g__Kapabacteriales","g__Incertae_Sedis","g__Incertae_Sedis","s__uncultured_bacterium","s__metagenome","As predicted",FALSE,0.0001296,0.01296,-3.887394998,0.366666667,NA,0.275566893,NA,NA,FALSE,"Neutral","Late Vegetative"
"541","01f6e43b89605a61201cbfb4439982d6",0.000164726,2.16e-06,-13441.99954,0.822437622,-50.25569745,0.054397104,0.924211517,-26879.99908,-26864.00267,2e+06,29,21987,5e-07,3.54e-05,0.206896552,0.090529492,0.029225465,0.247624884,"d__Bacteria","d__Bacteria","d__Bacteria","k__Bacillati","k__Bacillati","p__Actinobacteriota","Actinomycetota","Actinomycetota","c__Actinobacteria","c__Actinomycetes","c__Actinomycetes","o__Streptomycetales","o__Kitasatosporales","o__Kitasatosporales","f__Streptomycetaceae","f__Streptomycetaceae","f__Streptomycetaceae","g__Streptomyces","","g__Streptomyces","","s__uncultured_Streptomyces","As predicted",FALSE,3.54e-05,0.00354,-4.451462333,0.206896552,NA,0.164152315,NA,NA,FALSE,"Neutral","Early Reproductive"
"542","0a12f2a523c8f00c747fc1b5e1c731fe",0.000164726,2.16e-06,-13441.99954,0.822437622,-50.25569745,0.054397104,0.924211517,-26879.99908,-26864.00267,2e+06,29,21987,5e-07,4.86e-06,0.068965517,0.012949419,0.001067022,0.138772233,"d__Bacteria","d__Bacteria","d__Bacteria","k__Bacillati","k__Bacillati","p__Patescibacteria","Minisyncoccota","Minisyncoccota","c__Saccharimonadia","c__Candidatus_Saccharimonadia","c__Candidatus_Saccharimonadia","o__Saccharimonadales","o__Incertae_Sedis","o__Incertae_Sedis","f__Saccharimonadales","f__Incertae_Sedis","f__Incertae_Sedis","g__Saccharimonadales","g__Incertae_Sedis","g__Incertae_Sedis","s__uncultured_bacterium","","As predicted",FALSE,4.86e-06,0.000486,-5.313178885,0.068965517,NA,0.085007625,NA,NA,FALSE,"Neutral","Early Reproductive"
"543","1b3d9b3ddf240ed8b528854343b733eb",0.000164726,2.16e-06,-13441.99954,0.822437622,-50.25569745,0.054397104,0.924211517,-26879.99908,-26864.00267,2e+06,29,21987,5e-07,4.26e-05,0.344827586,0.108097315,0.038271751,0.269604434,"d__Bacteria","d__Bacteria","d__Bacteria","k__Pseudomonadati","k__Pseudomonadati","p__Proteobacteria","Pseudomonadota","Pseudomonadota","c__Alphaproteobacteria","c__Alphaproteobacteria","c__Alphaproteobacteria","o__Rhizobiales","o__Hyphomicrobiales--other","o__Hyphomicrobiales--other","f__Xanthobacteraceae","f__Nitrobacteraceae","f__Nitrobacteraceae","g__uncultured","","","","","Above prediction",TRUE,4.26e-05,0.00426,-4.370379527,0.344827586,NA,0.247229102,NA,NA,FALSE,"Above","Early Reproductive"
"544","21a0412a444cedcf4b7f42bbbc5ca701",0.000164726,2.16e-06,-13441.99954,0.822437622,-50.25569745,0.054397104,0.924211517,-26879.99908,-26864.00267,2e+06,29,21987,5e-07,0.00021781,0.586206897,0.444508188,0.28092733,0.621070777,"d__Bacteria","d__Bacteria","d__Bacteria","k__Bacillati","k__Bacillati","p__Actinobacteriota","Actinomycetota","Actinomycetota","c__Acidimicrobiia","c__Acidimicrobiia","c__Acidimicrobiia","o__IMCC26256","o__Acidimicrobiales","o__Acidimicrobiales","f__IMCC26256","f__Acidimicrobiaceae","f__Acidimicrobiaceae","g__IMCC26256","g__Acidiferrimicrobium","g__Acidiferrimicrobium","","s__Nitrospiraceae_bacterium","As predicted",FALSE,0.00021781,0.021781,-3.661921497,0.586206897,NA,0.316330915,NA,NA,FALSE,"Neutral","Early Reproductive"
"545","302291c1e78c61f869258e3d6c80d885",0.000164726,2.16e-06,-13441.99954,0.822437622,-50.25569745,0.054397104,0.924211517,-26879.99908,-26864.00267,2e+06,29,21987,5e-07,9.83e-06,0.137931034,0.026005537,0.003752451,0.159144696,"d__Bacteria","d__Bacteria","d__Bacteria","k__Pseudomonadati--other","k__Pseudomonadati--other","p__Planctomycetota","Planctomycetota","Planctomycetota","c__Planctomycetes","c__Planctomycetia","c__Planctomycetia","o__uncultured","o__Kolteriales","o__Kolteriales","f__uncultured","f__Kolteriaceae","f__Kolteriaceae","g__uncultured","g__Kolteria","g__Kolteria","s__uncultured_bacterium","s__soil_metagenome","As predicted",FALSE,9.83e-06,0.000983,-5.007553138,0.137931034,NA,0.114953897,NA,NA,FALSE,"Neutral","Early Reproductive"
"546","31aa97e7c6583ad227fec22a59f939ae",0.000164726,2.16e-06,-13441.99954,0.822437622,-50.25569745,0.054397104,0.924211517,-26879.99908,-26864.00267,2e+06,29,21987,5e-07,6.97e-06,0.068965517,0.018500841,0.002047788,0.147595612,"d__Bacteria","d__Bacteria","d__Bacteria","k__Bacillati","k__Bacillati","p__Chloroflexi","Chloroflexota--other","Chloroflexota--other","c__TK10","c__Tepidiformia","c__Tepidiformia","o__TK10","o__Tepidiformales","o__Tepidiformales","f__TK10","f__Tepidiformaceae","f__Tepidiformaceae","g__TK10","g__Tepidiforma","g__Tepidiforma","s__uncultured_bacterium","s__soil_metagenome","As predicted",FALSE,6.97e-06,0.000697,-5.157046628,0.068965517,NA,0.048897494,NA,NA,FALSE,"Neutral","Early Reproductive"
"547","46f4436af04bcd98a7cc1a443d6f219c",0.000164726,2.16e-06,-13441.99954,0.822437622,-50.25569745,0.054397104,0.924211517,-26879.99908,-26864.00267,2e+06,29,21987,5e-07,0.002214345,1,0.998103384,0.879707069,0.999973595,"d__Bacteria","d__Bacteria","d__Bacteria","k__Pseudomonadati","k__Pseudomonadati","p__Proteobacteria","Pseudomonadota","Pseudomonadota","c__Alphaproteobacteria","c__Alphaproteobacteria","c__Alphaproteobacteria","o__Rhizobiales","o__Hyphomicrobiales","o__Hyphomicrobiales","f__Hyphomicrobiaceae","f__Hyphomicrobiaceae","f__Hyphomicrobiaceae","g__Hyphomicrobium","g__Filomicrobium","g__Filomicrobium","s__uncultured_Hyphomicrobiaceae","s__uncultured_Hyphomicrobiaceae","Above prediction",TRUE,0.002214345,0.2214345,-2.654754748,1,NA,0.498962349,NA,NA,FALSE,"Above","Early Reproductive"
"548","4e1ecf847b2830d435e71f148d38e8b4",0.000164726,2.16e-06,-13441.99954,0.822437622,-50.25569745,0.054397104,0.924211517,-26879.99908,-26864.00267,2e+06,29,21987,5e-07,1.06e-05,0.068965517,0.027985333,0.004265584,0.162128002,"d__Bacteria","d__Bacteria","d__Bacteria","k__Pseudomonadati--other","k__Pseudomonadati--other","p__Verrucomicrobiota","Verrucomicrobiota","Verrucomicrobiota","c__Verrucomicrobiae","c__Pedosphaerae","c__Pedosphaerae","o__Pedosphaerales","o__Limisphaerales","o__Limisphaerales","f__Pedosphaeraceae","f__Pedosphaeraceae","f__Pedosphaeraceae","g__ADurb.Bin063-1","g__Incertae_Sedis","g__Incertae_Sedis","s__uncultured_bacterium","","As predicted",FALSE,1.06e-05,0.00106,-4.975259622,0.068965517,NA,0.073089281,NA,NA,FALSE,"Neutral","Early Reproductive"
"549","5cf37e80516a615f77bd5e97f18ae417",0.000164726,2.16e-06,-13441.99954,0.822437622,-50.25569745,0.054397104,0.924211517,-26879.99908,-26864.00267,2e+06,29,21987,5e-07,0.001891379,0.75862069,0.995108561,0.874560053,0.999831573,"d__Bacteria","d__Bacteria","d__Bacteria","k__Pseudomonadati","k__Pseudomonadati","p__Proteobacteria","Pseudomonadota","Pseudomonadota","c__Alphaproteobacteria","c__Alphaproteobacteria","c__Alphaproteobacteria","o__Sphingomonadales","o__Sphingomonadales","o__Sphingomonadales","f__Sphingomonadaceae","f__Sphingomonadaceae--other","f__Sphingomonadaceae--other","","","g__Allosphingosinicella--other","","","Below prediction",FALSE,0.001891379,0.1891379,-2.723221366,0.75862069,NA,0.416126564,NA,NA,FALSE,"Below","Early Reproductive"
"550","60cb5363f520d007437ef4ed940bad82",0.000164726,2.16e-06,-13441.99954,0.822437622,-50.25569745,0.054397104,0.924211517,-26879.99908,-26864.00267,2e+06,29,21987,5e-07,0.001306569,1,0.973476654,0.840072641,0.99611573,"d__Bacteria","d__Bacteria","d__Bacteria","k__Bacillati","k__Bacillati","p__Armatimonadota","Armatimonadota","Armatimonadota","c__Fimbriimonadia","c__Fimbriimonadia","c__Fimbriimonadia","o__Fimbriimonadales","o__Fimbriimonadales","o__Fimbriimonadales","f__Fimbriimonadaceae","f__Fimbriimonadaceae","f__Fimbriimonadaceae","g__Fimbriimonadaceae","g__Fimbriimonas","g__Fimbriimonas","","s__uncultured_Fimbriimonadaceae","Above prediction",TRUE,0.001306569,0.1306569,-2.883867662,1,NA,0.425714942,NA,NA,FALSE,"Above","Early Reproductive"
"551","651a032a4d91ca43b13549f6057e0baf",0.000164726,2.16e-06,-13441.99954,0.822437622,-50.25569745,0.054397104,0.924211517,-26879.99908,-26864.00267,2e+06,29,21987,5e-07,9.91e-06,0.068965517,0.026230712,0.003809563,0.159485257,"d__Bacteria","d__Bacteria","d__Bacteria","k__Pseudomonadati--other","k__Pseudomonadati--other","p__Bacteroidota","Bacteroidota","Bacteroidota","c__Bacteroidia","c__Sphingobacteriia","c__Sphingobacteriia","o__Sphingobacteriales","o__Sphingobacteriales","o__Sphingobacteriales","f__AKYH767","f__Sphingobacteriaceae","f__Sphingobacteriaceae","g__AKYH767","g__Incertae_Sedis","g__Incertae_Sedis","s__uncultured_bacterium","s__groundwater_metagenome","As predicted",FALSE,9.91e-06,0.000991,-5.003760149,0.068965517,NA,0.095291402,NA,NA,FALSE,"Neutral","Early Reproductive"
"552","7402c6fd98e177d4694261a9dd23eac6",0.000164726,2.16e-06,-13441.99954,0.822437622,-50.25569745,0.054397104,0.924211517,-26879.99908,-26864.00267,2e+06,29,21987,5e-07,0.000169379,0.413793103,0.366495583,0.216577566,0.54764557,"d__Bacteria","d__Bacteria","d__Bacteria","k__Pseudomonadati","k__Pseudomonadati","p__Proteobacteria","Pseudomonadota","Pseudomonadota","c__Gammaproteobacteria","c__Gammaproteobacteria","c__Gammaproteobacteria","o__Gammaproteobacteria_Incertae_Sedis","o__Legionellales","o__Legionellales","f__Unknown_Family","f__Legionellaceae","f__Legionellaceae","g__Candidatus_Berkiella","g__Candidatus_Berkiella","g__Candidatus_Berkiella","s__uncultured_bacterium","s__uncultured_bacterium","As predicted",FALSE,0.000169379,0.0169379,-3.77113964,0.413793103,NA,0.351175406,NA,NA,FALSE,"Neutral","Early Reproductive"
"553","770f6d40306b14f30101bf45337bdecb",0.000164726,2.16e-06,-13441.99954,0.822437622,-50.25569745,0.054397104,0.924211517,-26879.99908,-26864.00267,2e+06,29,21987,5e-07,2.33e-05,0.310344828,0.060699722,0.015599,0.208570175,"d__Bacteria","d__Bacteria","d__Bacteria","k__Pseudomonadati--other","k__Pseudomonadati--other","p__Latescibacterota","Candidatus_Latescibacterota","Candidatus_Latescibacterota","c__Latescibacterota","c__Candidatus_Latescibacteria","c__Candidatus_Latescibacteria","o__Latescibacterota","o__Candidatus_Latescibacterales","o__Candidatus_Latescibacterales","f__Latescibacterota","f__Candidatus_Latescibacteraceae","f__Candidatus_Latescibacteraceae","g__Latescibacterota","g__Candidatus_Latescibacter","g__Candidatus_Latescibacter","s__uncultured_bacterium","","Above prediction",TRUE,2.33e-05,0.00233,-4.631809329,0.310344828,NA,0.194372351,NA,NA,FALSE,"Above","Early Reproductive"
"554","7c15c8a3a90aea4f54a31464c48d247a",0.000164726,2.16e-06,-13441.99954,0.822437622,-50.25569745,0.054397104,0.924211517,-26879.99908,-26864.00267,2e+06,29,21987,5e-07,0.000283534,0.655172414,0.535522956,0.360745122,0.701990563,"d__Bacteria","d__Bacteria","d__Bacteria","k__Pseudomonadati","k__Pseudomonadati","p__Myxococcota","Myxococcota","Myxococcota","c__bacteriap25","c__Deltaproteobacteria","c__Deltaproteobacteria","o__bacteriap25","o__Incertae_Sedis","o__Incertae_Sedis","f__bacteriap25","f__Incertae_Sedis","f__Incertae_Sedis","g__bacteriap25","g__Incertae_Sedis","g__Incertae_Sedis","s__uncultured_Syntrophobacterales","","As predicted",FALSE,0.000283534,0.0283534,-3.547394116,0.655172414,NA,0.31974953,NA,NA,FALSE,"Neutral","Early Reproductive"
"555","860b11244363460108e1a96df96599a1",0.000164726,2.16e-06,-13441.99954,0.822437622,-50.25569745,0.054397104,0.924211517,-26879.99908,-26864.00267,2e+06,29,21987,5e-07,0.001019828,0.896551724,0.940036264,0.792426751,0.984703871,"d__Bacteria","d__Bacteria","d__Bacteria","k__Pseudomonadati","k__Pseudomonadati","p__Proteobacteria","Pseudomonadota","Pseudomonadota","c__Alphaproteobacteria","c__Alphaproteobacteria","c__Alphaproteobacteria","o__Rhizobiales","o__Hyphomicrobiales","o__Hyphomicrobiales","f__Rhizobiales_Incertae_Sedis","f__Aestuariivirgaceae","f__Aestuariivirgaceae","g__Nordella","g__Taklimakanibacter","g__Taklimakanibacter","s__uncultured_bacterium","s__uncultured_bacterium","As predicted",FALSE,0.001019828,0.1019828,-2.991473245,0.896551724,NA,0.426904165,NA,NA,FALSE,"Neutral","Early Reproductive"
"556","896b0d4b6cc7c64ca65ff6ab44091143",0.000164726,2.16e-06,-13441.99954,0.822437622,-50.25569745,0.054397104,0.924211517,-26879.99908,-26864.00267,2e+06,29,21987,5e-07,7e-05,0.310344828,0.171392755,0.075333986,0.34432577,"d__Bacteria","d__Bacteria","d__Bacteria","k__Pseudomonadati--other","k__Pseudomonadati--other","p__Acidobacteriota","Acidobacteriota","Acidobacteriota","c__Blastocatellia","c__Blastocatellia","c__Blastocatellia","o__Blastocatellales","o__Blastocatellales","o__Blastocatellales","f__Blastocatellaceae","f__Blastocatellaceae","f__Blastocatellaceae","","","g__JGI_0001001-H03","","","As predicted",FALSE,7e-05,0.007,-4.155008942,0.310344828,NA,0.210433706,NA,NA,FALSE,"Neutral","Early Reproductive"
"557","8b1019d7db1ae0d5390a4b4e70116130",0.000164726,2.16e-06,-13441.99954,0.822437622,-50.25569745,0.054397104,0.924211517,-26879.99908,-26864.00267,2e+06,29,21987,5e-07,4.02e-05,0.275862069,0.102167555,0.035145731,0.262258141,"d__Bacteria","d__Bacteria","d__Bacteria","k__Pseudomonadati","k__Pseudomonadati","p__Proteobacteria","Pseudomonadota","Pseudomonadota","c__Alphaproteobacteria","c__Alphaproteobacteria","c__Alphaproteobacteria","o__Sphingomonadales","o__Sphingomonadales","o__Sphingomonadales","f__Sphingomonadaceae","","f__Sphingomicrobiaceae","g__Sphingomonas","","g__Pseudosphingomonas","","","Above prediction",TRUE,4.02e-05,0.00402,-4.396258505,0.275862069,NA,0.306308202,NA,NA,FALSE,"Above","Early Reproductive"
"558","9b80518664a6e4607ca5b9e45f614a0c",0.000164726,2.16e-06,-13441.99954,0.822437622,-50.25569745,0.054397104,0.924211517,-26879.99908,-26864.00267,2e+06,29,21987,5e-07,9e-06,0.034482759,0.023841275,0.00322044,0.15585449,"d__Bacteria","d__Bacteria","d__Bacteria","k__Pseudomonadati--other","k__Pseudomonadati--other","p__Planctomycetota","Planctomycetota","Planctomycetota","c__Phycisphaerae","c__Phycisphaerae","c__Phycisphaerae","o__Tepidisphaerales","o__Tepidisphaerales","o__Tepidisphaerales","f__WD2101_soil_group","f__Tepidisphaeraceae","f__Tepidisphaeraceae","g__WD2101_soil_group","g__Humisphaera","g__Humisphaera","","s__uncultured_bacterium","As predicted",FALSE,9e-06,9e-04,-5.045757491,0.034482759,NA,0.073511281,NA,NA,FALSE,"Neutral","Early Reproductive"
"559","9f68b2119a7c9519fd1c06fb7b010f17",0.000164726,2.16e-06,-13441.99954,0.822437622,-50.25569745,0.054397104,0.924211517,-26879.99908,-26864.00267,2e+06,29,21987,5e-07,2.39e-05,0.137931034,0.062089902,0.016176037,0.210448279,"d__Bacteria","d__Bacteria","d__Bacteria","k__Pseudomonadati--other","k__Pseudomonadati--other","p__Planctomycetota","Planctomycetota","Planctomycetota","c__Planctomycetes","c__Planctomycetia","c__Planctomycetia","o__Planctomycetales","o__Planctomycetales","o__Planctomycetales","f__uncultured","f__Planctomycetaceae","f__Planctomycetaceae","g__uncultured","g__Incertae_Sedis","g__Incertae_Sedis","s__uncultured_bacterium","s__metagenome","As predicted",FALSE,2.39e-05,0.00239,-4.621664763,0.137931034,NA,0.175756626,NA,NA,FALSE,"Neutral","Early Reproductive"
"560","a08ee4a8aa1ece798d78fae2b9ad0401",0.000164726,2.16e-06,-13441.99954,0.822437622,-50.25569745,0.054397104,0.924211517,-26879.99908,-26864.00267,2e+06,29,21987,5e-07,0.002596259,0.931034483,0.999388356,0.881952799,0.999997202,"d__Bacteria","d__Bacteria","d__Bacteria","k__Pseudomonadati--other","k__Pseudomonadati--other","p__Acidobacteriota","Acidobacteriota","Acidobacteriota","c__Blastocatellia","c__Blastocatellia","c__Blastocatellia","o__11-24","o__11-24","o__11-24","f__11-24","f__Incertae_Sedis","f__Incertae_Sedis","g__11-24","g__Incertae_Sedis","g__Incertae_Sedis","s__uncultured_Acidobacteria","s__soil_metagenome","As predicted",FALSE,0.002596259,0.2596259,-2.585652048,0.931034483,NA,0.424731158,NA,NA,FALSE,"Neutral","Early Reproductive"
"561","a0ad41aeb3f6b3f709ff8423533ca15d",0.000164726,2.16e-06,-13441.99954,0.822437622,-50.25569745,0.054397104,0.924211517,-26879.99908,-26864.00267,2e+06,29,21987,5e-07,3.19e-05,0.137931034,0.081980862,0.025075115,0.236677838,"d__Bacteria","d__Bacteria","d__Bacteria","k__Pseudomonadati--other","k__Pseudomonadati--other","p__Gemmatimonadota","Gemmatimonadota","Gemmatimonadota","c__BD2-11_terrestrial_group","c__Gemmatimonadia","c__Gemmatimonadia","o__BD2-11_terrestrial_group","o__Gaopeijiales","o__Gaopeijiales","f__BD2-11_terrestrial_group","f__Gaopeijiaceae","f__Gaopeijiaceae","g__BD2-11_terrestrial_group","g__Gaopeijia","g__Gaopeijia","s__metagenome","s__uncultured_Gemmatimonadetes","As predicted",FALSE,3.19e-05,0.00319,-4.496491082,0.137931034,NA,0.162464151,NA,NA,FALSE,"Neutral","Early Reproductive"
"562","a5623868a07301a9554b29dd4d01e17f",0.000164726,2.16e-06,-13441.99954,0.822437622,-50.25569745,0.054397104,0.924211517,-26879.99908,-26864.00267,2e+06,29,21987,5e-07,3.01e-05,0.206896552,0.077549069,0.022995754,0.230930384,"d__Bacteria","d__Bacteria","d__Bacteria","k__Pseudomonadati","k__Pseudomonadati","p__Proteobacteria","Pseudomonadota","Pseudomonadota","c__Alphaproteobacteria","c__Alphaproteobacteria","c__Alphaproteobacteria","o__Elsterales","o__Azospirillales","o__Azospirillales","f__uncultured","f__Geminicoccaceae","f__Geminicoccaceae","g__uncultured","g__Incertae_Sedis","g__Incertae_Sedis","s__uncultured_Acetobacteraceae","","As predicted",FALSE,3.01e-05,0.00301,-4.521632562,0.206896552,NA,0.196213252,NA,NA,FALSE,"Neutral","Early Reproductive"
"563","a9df6034f6717d58552a927fa73d7c14",0.000164726,2.16e-06,-13441.99954,0.822437622,-50.25569745,0.054397104,0.924211517,-26879.99908,-26864.00267,2e+06,29,21987,5e-07,0.00055331,0.862068966,0.778704817,0.600435891,0.891773651,"d__Bacteria","d__Bacteria","d__Bacteria","k__Pseudomonadati--other","k__Pseudomonadati--other","p__Acidobacteriota","Acidobacteriota","Acidobacteriota","c__Acidobacteriae","c__Terriglobia","c__Terriglobia","o__Subgroup_12","o__Subgroup_12","o__Subgroup_12","f__Subgroup_12","f__Incertae_Sedis","f__Incertae_Sedis","g__Subgroup_12","g__Incertae_Sedis","g__Incertae_Sedis","s__uncultured_bacterium","s__metagenome","As predicted",FALSE,0.00055331,0.055331,-3.25703121,0.862068966,NA,0.503697448,NA,NA,FALSE,"Neutral","Early Reproductive"
"564","b0546a8c6a38415c52d2dc916319d3fd",0.000164726,2.16e-06,-13441.99954,0.822437622,-50.25569745,0.054397104,0.924211517,-26879.99908,-26864.00267,2e+06,29,21987,5e-07,0.004036828,1,0.999992209,0.883016443,1,"d__Bacteria","d__Bacteria","d__Bacteria","k__Pseudomonadati--other","k__Pseudomonadati--other","p__Verrucomicrobiota","Verrucomicrobiota","Verrucomicrobiota","c__Verrucomicrobiae","c__Terrimicrobiia","c__Terrimicrobiia","o__Chthoniobacterales","o__Terrimicrobiales","o__Terrimicrobiales","f__Chthoniobacteraceae","f__Chthoniobacteraceae","f__Chthoniobacteraceae","g__Candidatus_Udaeobacter","g__Candidatus_Udaeobacter","g__Candidatus_Udaeobacter","","s__uncultured_Prosthecobacter","Above prediction",TRUE,0.004036828,0.4036828,-2.393959799,1,NA,0.485212952,NA,NA,FALSE,"Above","Early Reproductive"
"565","b7616c5e14093f59e6ef2da052f4e894",0.000164726,2.16e-06,-13441.99954,0.822437622,-50.25569745,0.054397104,0.924211517,-26879.99908,-26864.00267,2e+06,29,21987,5e-07,8e-06,0.034482759,0.021219866,0.002618866,0.151826498,"d__Bacteria","d__Bacteria","d__Bacteria","k__Bacillati","k__Bacillati","p__Actinobacteriota","Actinomycetota","Actinomycetota","c__Acidimicrobiia","c__Acidimicrobiia","c__Acidimicrobiia","o__Microtrichales","o__Acidimicrobiales","o__Acidimicrobiales","f__Iamiaceae","f__Iamiaceae","f__Iamiaceae","g__Iamia","g__Iamia","g__Iamia","","","As predicted",FALSE,8e-06,8e-04,-5.096910013,0.034482759,NA,0.066759881,NA,NA,FALSE,"Neutral","Early Reproductive"
"566","bfd0c6033a677c2648b7f643dff94605",0.000164726,2.16e-06,-13441.99954,0.822437622,-50.25569745,0.054397104,0.924211517,-26879.99908,-26864.00267,2e+06,29,21987,5e-07,0.000122707,0.448275862,0.281229992,0.150937919,0.462701032,"d__Bacteria","d__Bacteria","d__Bacteria","k__Pseudomonadati--other","k__Pseudomonadati--other","p__Bacteroidota","Chlorobiota","Chlorobiota","c__SJA-28","c__Ignavibacteria--other","c__Ignavibacteria--other","o__SJA-28","o__Candidatus_Tepidaquicellales","o__Candidatus_Tepidaquicellales","f__SJA-28","f__Candidatus_Tepidaquicellaceae","f__Candidatus_Tepidaquicellaceae","g__SJA-28","g__Candidatus_Tepidaquicella","g__Candidatus_Tepidaquicella","s__uncultured_Ignavibacterium","s__uncultured_Ignavibacterium","As predicted",FALSE,0.000122707,0.0122707,-3.911131028,0.448275862,NA,0.269270995,NA,NA,FALSE,"Neutral","Early Reproductive"
"567","c0f873f8f081ef242fe7d72d003f4db0",0.000164726,2.16e-06,-13441.99954,0.822437622,-50.25569745,0.054397104,0.924211517,-26879.99908,-26864.00267,2e+06,29,21987,5e-07,2.69e-05,0.24137931,0.069700089,0.01944454,0.220619825,"d__Bacteria","d__Bacteria","d__Bacteria","k__Pseudomonadati--other","k__Pseudomonadati--other","p__Acidobacteriota","Acidobacteriota","Acidobacteriota","c__Blastocatellia","c__Blastocatellia","c__Blastocatellia","o__Blastocatellales","o__Blastocatellales","o__Blastocatellales","f__Blastocatellaceae","f__Blastocatellaceae","f__Blastocatellaceae","g__JGI_0001001-H03","g__JGI_0001001-H03","","","","Above prediction",TRUE,2.69e-05,0.00269,-4.569746964,0.24137931,NA,0.184792525,NA,NA,FALSE,"Above","Early Reproductive"
"568","c97326e45f3ae8607bc34365fc759fde",0.000164726,2.16e-06,-13441.99954,0.822437622,-50.25569745,0.054397104,0.924211517,-26879.99908,-26864.00267,2e+06,29,21987,5e-07,1.95e-05,0.137931034,0.050999858,0.011761483,0.195277146,"d__Bacteria","d__Bacteria","d__Bacteria","k__Bacillati","k__Bacillati","p__Chloroflexi","Chloroflexota--other","Chloroflexota--other","c__Ktedonobacteria","c__Ktedonobacteria","c__Ktedonobacteria","o__C0119","o__C0119","o__C0119","f__C0119","f__Incertae_Sedis","f__Incertae_Sedis","g__C0119","g__Incertae_Sedis","g__Incertae_Sedis","s__uncultured_bacterium","s__uncultured_bacterium","As predicted",FALSE,1.95e-05,0.00195,-4.709581567,0.137931034,NA,0.163829131,NA,NA,FALSE,"Neutral","Early Reproductive"
"569","c9e9a2a45cec0572b798df5e47169902",0.000164726,2.16e-06,-13441.99954,0.822437622,-50.25569745,0.054397104,0.924211517,-26879.99908,-26864.00267,2e+06,29,21987,5e-07,2.83e-05,0.137931034,0.073010572,0.020921087,0.224989792,"d__Bacteria","d__Bacteria","d__Bacteria","k__Pseudomonadati--other","k__Pseudomonadati--other","p__Planctomycetota","Planctomycetota","Planctomycetota","c__Planctomycetes","c__Planctomycetia","c__Planctomycetia","o__Pirellulales","o__Pirellulales","o__Pirellulales","f__Pirellulaceae","f__Thermoguttaceae--other","f__Thermoguttaceae--other","g__uncultured","g__Incertae_Sedis","g__Incertae_Sedis","s__uncultured_bacterium","s__Pirellulales_bacterium","As predicted",FALSE,2.83e-05,0.00283,-4.54884904,0.137931034,NA,0.138905229,NA,NA,FALSE,"Neutral","Early Reproductive"
"570","d54682e964a7986c6126fb43de5d0ab9",0.000164726,2.16e-06,-13441.99954,0.822437622,-50.25569745,0.054397104,0.924211517,-26879.99908,-26864.00267,2e+06,29,21987,5e-07,2.68e-05,0.172413793,0.069398564,0.019311649,0.220220206,"d__Bacteria","d__Bacteria","d__Bacteria","k__Pseudomonadati","k__Pseudomonadati","p__Bdellovibrionota","Bdellovibrionota","Bdellovibrionota","c__Bdellovibrionia","c__Bdellovibrionia","c__Bdellovibrionia","o__Bdellovibrionales","o__Bdellovibrionales","o__Bdellovibrionales","f__Bdellovibrionaceae","f__Pseudobdellovibrionaceae","f__Pseudobdellovibrionaceae","g__Bdellovibrio","g__Incertae_Sedis","g__Incertae_Sedis","s__uncultured_bacterium","","As predicted",FALSE,2.68e-05,0.00268,-4.5716976,0.172413793,NA,0.216978926,NA,NA,FALSE,"Neutral","Early Reproductive"
"571","db1433090ed021c7ba8c284943f6c3cb",0.000164726,2.16e-06,-13441.99954,0.822437622,-50.25569745,0.054397104,0.924211517,-26879.99908,-26864.00267,2e+06,29,21987,5e-07,0.000988862,0.862068966,0.934551669,0.785040589,0.982403907,"d__Bacteria","d__Bacteria","d__Bacteria","k__Pseudomonadati","k__Pseudomonadati","p__Proteobacteria","Pseudomonadota","Pseudomonadota","c__Alphaproteobacteria","c__Alphaproteobacteria","c__Alphaproteobacteria","o__Rhizobiales","o__Hyphomicrobiales--other","o__Hyphomicrobiales--other","f__Rhizobiales_Incertae_Sedis","f__Lutibaculaceae","f__Lutibaculaceae","g__Bauldia","g__Bauldia","g__Bauldia","s__uncultured_bacterium","s__metagenome","As predicted",FALSE,0.000988862,0.0988862,-3.004864282,0.862068966,NA,0.400233239,NA,NA,FALSE,"Neutral","Early Reproductive"
"572","db65e84ed251bea71f0372d115ba2522",0.000164726,2.16e-06,-13441.99954,0.822437622,-50.25569745,0.054397104,0.924211517,-26879.99908,-26864.00267,2e+06,29,21987,5e-07,1.18e-05,0.137931034,0.031261339,0.005167049,0.167012163,"d__Bacteria","d__Bacteria","d__Bacteria","k__Pseudomonadati--other","k__Pseudomonadati--other","p__Planctomycetota","Planctomycetota","Planctomycetota","c__OM190","c__OM190","c__OM190","o__OM190","o__Incertae_Sedis","o__Incertae_Sedis","f__OM190","f__Incertae_Sedis","f__Incertae_Sedis","g__OM190","g__Incertae_Sedis","g__Incertae_Sedis","s__uncultured_bacterium","","As predicted",FALSE,1.18e-05,0.00118,-4.926471257,0.137931034,NA,0.159714784,NA,NA,FALSE,"Neutral","Early Reproductive"
"573","e4a95c7621a138b0e52e3dbf933750f5",0.000164726,2.16e-06,-13441.99954,0.822437622,-50.25569745,0.054397104,0.924211517,-26879.99908,-26864.00267,2e+06,29,21987,5e-07,6.72e-05,0.310344828,0.1650993,0.071389763,0.337155373,"d__Bacteria","d__Bacteria","d__Bacteria","k__Pseudomonadati--other","k__Pseudomonadati--other","p__Planctomycetota","Planctomycetota","Planctomycetota","c__Planctomycetes","c__Planctomycetia","c__Planctomycetia","o__Gemmatales","o__Gemmatales","o__Gemmatales","f__Gemmataceae","f__Gemmataceae","f__Gemmataceae","g__uncultured","g__Incertae_Sedis","g__Incertae_Sedis","s__uncultured_bacterium","s__uncultured_bacterium","As predicted",FALSE,6.72e-05,0.00672,-4.172809045,0.310344828,NA,0.233329727,NA,NA,FALSE,"Neutral","Early Reproductive"
"574","e4d3ef41cad1e212ec1aae6877790daa",0.000164726,2.16e-06,-13441.99954,0.822437622,-50.25569745,0.054397104,0.924211517,-26879.99908,-26864.00267,2e+06,29,21987,5e-07,3.46e-05,0.206896552,0.088716265,0.028330437,0.245317645,"d__Bacteria","d__Bacteria","d__Bacteria","k__Pseudomonadati--other","k__Pseudomonadati--other","p__Planctomycetota","Planctomycetota","Planctomycetota","c__Planctomycetes","c__Planctomycetia","c__Planctomycetia","o__Pirellulales","o__Pirellulales","o__Pirellulales","f__Pirellulaceae","f__Pirellulaceae","f__Pirellulaceae","g__Blastopirellula","g__Mariniblastus","g__Mariniblastus","s__uncultured_bacterium","s__Pirellulaceae_bacterium","As predicted",FALSE,3.46e-05,0.00346,-4.460664285,0.206896552,NA,0.173592708,NA,NA,FALSE,"Neutral","Early Reproductive"
"575","e79717ac042e285b8e504e9f9da52e44",0.000164726,2.16e-06,-13441.99954,0.822437622,-50.25569745,0.054397104,0.924211517,-26879.99908,-26864.00267,2e+06,29,21987,5e-07,6.55e-06,0.068965517,0.017411169,0.001834948,0.145884027,"d__Bacteria","d__Bacteria","d__Bacteria","k__Pseudomonadati","k__Pseudomonadati","p__Proteobacteria","Pseudomonadota","Pseudomonadota","c__Gammaproteobacteria","c__Gammaproteobacteria","c__Gammaproteobacteria","o__Coxiellales","o__Coxiellales","o__Coxiellales","f__Coxiellaceae","f__Coxiellaceae","f__Coxiellaceae","g__Coxiella","g__Coxiella","g__Coxiella","s__uncultured_bacterium","s__uncultured_Pseudomonadota","As predicted",FALSE,6.55e-06,0.000655,-5.183644397,0.068965517,NA,0.096549397,NA,NA,FALSE,"Neutral","Early Reproductive"
"576","ecdf0200cd32e230808ab657134fbfb3",0.000164726,2.16e-06,-13441.99954,0.822437622,-50.25569745,0.054397104,0.924211517,-26879.99908,-26864.00267,2e+06,29,21987,5e-07,3.36e-05,0.24137931,0.08622261,0.027112274,0.242131861,"d__Bacteria","d__Bacteria","d__Bacteria","k__Pseudomonadati--other","k__Pseudomonadati--other","p__Bacteroidota","Bacteroidota","Bacteroidota","c__Bacteroidia","c__Cytophagia","c__Cytophagia","o__Cytophagales","o__Cytophagales","o__Cytophagales","f__Spirosomaceae","f__Spirosomataceae","f__Spirosomataceae","g__Emticicia","g__Emticicia","g__Emticicia","","","As predicted",FALSE,3.36e-05,0.00336,-4.473616154,0.24137931,NA,0.151499828,NA,NA,FALSE,"Neutral","Early Reproductive"
"577","f7211ce8b5c4c89df660790cc1c92619",0.000164726,2.16e-06,-13441.99954,0.822437622,-50.25569745,0.054397104,0.924211517,-26879.99908,-26864.00267,2e+06,29,21987,5e-07,0.000128966,0.379310345,0.293283489,0.159891564,0.475034591,"d__Bacteria","d__Bacteria","d__Bacteria","k__Pseudomonadati--other","k__Pseudomonadati--other","p__Bacteroidota","Chlorobiota","Chlorobiota","c__Kapabacteria","c__Candidatus_Kapaibacteriia","c__Candidatus_Kapaibacteriia","o__Kapabacteriales","o__Incertae_Sedis","o__Incertae_Sedis","f__Kapabacteriales","f__Incertae_Sedis","f__Incertae_Sedis","g__Kapabacteriales","g__Incertae_Sedis","g__Incertae_Sedis","s__uncultured_bacterium","s__metagenome","As predicted",FALSE,0.000128966,0.0128966,-3.889526396,0.379310345,NA,0.279590859,NA,NA,FALSE,"Neutral","Early Reproductive"
"578","01f6e43b89605a61201cbfb4439982d6",0.000169251,2.33e-06,-11337.8228,0.816440375,-45.89301168,0.057542329,0.919714259,-22671.6456,-22655.88424,2e+06,25,19549,5e-07,0.00012842,0.6,0.29813033,0.155922468,0.494113144,"d__Bacteria","d__Bacteria","d__Bacteria","k__Bacillati","k__Bacillati","p__Actinobacteriota","Actinomycetota","Actinomycetota","c__Actinobacteria","c__Actinomycetes","c__Actinomycetes","o__Streptomycetales","o__Kitasatosporales","o__Kitasatosporales","f__Streptomycetaceae","f__Streptomycetaceae","f__Streptomycetaceae","g__Streptomyces","","g__Streptomyces","","s__uncultured_Streptomyces","Above prediction",TRUE,0.00012842,0.012842,-3.891367334,0.6,"late_reproductive",0.533,0.001,"***",TRUE,"Above","Late Reproductive"
"579","0a12f2a523c8f00c747fc1b5e1c731fe",0.000169251,2.33e-06,-11337.8228,0.816440375,-45.89301168,0.057542329,0.919714259,-22671.6456,-22655.88424,2e+06,25,19549,5e-07,4.15e-05,0.32,0.107902058,0.035433367,0.284819564,"d__Bacteria","d__Bacteria","d__Bacteria","k__Bacillati","k__Bacillati","p__Patescibacteria","Minisyncoccota","Minisyncoccota","c__Saccharimonadia","c__Candidatus_Saccharimonadia","c__Candidatus_Saccharimonadia","o__Saccharimonadales","o__Incertae_Sedis","o__Incertae_Sedis","f__Saccharimonadales","f__Incertae_Sedis","f__Incertae_Sedis","g__Saccharimonadales","g__Incertae_Sedis","g__Incertae_Sedis","s__uncultured_bacterium","","Above prediction",TRUE,4.15e-05,0.00415,-4.381533508,0.32,"late_reproductive",0.535,0.001,"***",TRUE,"Above","Late Reproductive"
"580","1b3d9b3ddf240ed8b528854343b733eb",0.000169251,2.33e-06,-11337.8228,0.816440375,-45.89301168,0.057542329,0.919714259,-22671.6456,-22655.88424,2e+06,25,19549,5e-07,0.00011378,0.56,0.269114994,0.135114071,0.464620105,"d__Bacteria","d__Bacteria","d__Bacteria","k__Pseudomonadati","k__Pseudomonadati","p__Proteobacteria","Pseudomonadota","Pseudomonadota","c__Alphaproteobacteria","c__Alphaproteobacteria","c__Alphaproteobacteria","o__Rhizobiales","o__Hyphomicrobiales--other","o__Hyphomicrobiales--other","f__Xanthobacteraceae","f__Nitrobacteraceae","f__Nitrobacteraceae","g__uncultured","","","","","Above prediction",TRUE,0.00011378,0.011378,-3.943934071,0.56,"late_reproductive",0.515,0.002,"**",TRUE,"Above","Late Reproductive"
"581","21a0412a444cedcf4b7f42bbbc5ca701",0.000169251,2.33e-06,-11337.8228,0.816440375,-45.89301168,0.057542329,0.919714259,-22671.6456,-22655.88424,2e+06,25,19549,5e-07,0.00046834,0.88,0.728758124,0.53319412,0.86338451,"d__Bacteria","d__Bacteria","d__Bacteria","k__Bacillati","k__Bacillati","p__Actinobacteriota","Actinomycetota","Actinomycetota","c__Acidimicrobiia","c__Acidimicrobiia","c__Acidimicrobiia","o__IMCC26256","o__Acidimicrobiales","o__Acidimicrobiales","f__IMCC26256","f__Acidimicrobiaceae","f__Acidimicrobiaceae","g__IMCC26256","g__Acidiferrimicrobium","g__Acidiferrimicrobium","","s__Nitrospiraceae_bacterium","Above prediction",TRUE,0.00046834,0.046834,-3.329438748,0.88,"late_reproductive",0.568,0.001,"***",TRUE,"Above","Late Reproductive"
"582","302291c1e78c61f869258e3d6c80d885",0.000169251,2.33e-06,-11337.8228,0.816440375,-45.89301168,0.057542329,0.919714259,-22671.6456,-22655.88424,2e+06,25,19549,5e-07,3.98e-05,0.4,0.103718123,0.033343204,0.279656392,"d__Bacteria","d__Bacteria","d__Bacteria","k__Pseudomonadati--other","k__Pseudomonadati--other","p__Planctomycetota","Planctomycetota","Planctomycetota","c__Planctomycetes","c__Planctomycetia","c__Planctomycetia","o__uncultured","o__Kolteriales","o__Kolteriales","f__uncultured","f__Kolteriaceae","f__Kolteriaceae","g__uncultured","g__Kolteria","g__Kolteria","s__uncultured_bacterium","s__soil_metagenome","Above prediction",TRUE,3.98e-05,0.00398,-4.39968067,0.4,"late_reproductive",0.394,0.036,"*",TRUE,"Above","Late Reproductive"
"583","31aa97e7c6583ad227fec22a59f939ae",0.000169251,2.33e-06,-11337.8228,0.816440375,-45.89301168,0.057542329,0.919714259,-22671.6456,-22655.88424,2e+06,25,19549,5e-07,7.76e-05,0.48,0.192203201,0.083665863,0.382732836,"d__Bacteria","d__Bacteria","d__Bacteria","k__Bacillati","k__Bacillati","p__Chloroflexi","Chloroflexota--other","Chloroflexota--other","c__TK10","c__Tepidiformia","c__Tepidiformia","o__TK10","o__Tepidiformales","o__Tepidiformales","f__TK10","f__Tepidiformaceae","f__Tepidiformaceae","g__TK10","g__Tepidiforma","g__Tepidiforma","s__uncultured_bacterium","s__soil_metagenome","Above prediction",TRUE,7.76e-05,0.00776,-4.1103622,0.48,"late_reproductive",0.43,0.016,"*",TRUE,"Above","Late Reproductive"
"584","46f4436af04bcd98a7cc1a443d6f219c",0.000169251,2.33e-06,-11337.8228,0.816440375,-45.89301168,0.057542329,0.919714259,-22671.6456,-22655.88424,2e+06,25,19549,5e-07,0.00223394,1,0.998475467,0.864179628,0.999985167,"d__Bacteria","d__Bacteria","d__Bacteria","k__Pseudomonadati","k__Pseudomonadati","p__Proteobacteria","Pseudomonadota","Pseudomonadota","c__Alphaproteobacteria","c__Alphaproteobacteria","c__Alphaproteobacteria","o__Rhizobiales","o__Hyphomicrobiales","o__Hyphomicrobiales","f__Hyphomicrobiaceae","f__Hyphomicrobiaceae","f__Hyphomicrobiaceae","g__Hyphomicrobium","g__Filomicrobium","g__Filomicrobium","s__uncultured_Hyphomicrobiaceae","s__uncultured_Hyphomicrobiaceae","Above prediction",TRUE,0.00223394,0.223394,-2.650928496,1,"late_reproductive",0.501,0.001,"***",TRUE,"Above","Late Reproductive"
"585","4e1ecf847b2830d435e71f148d38e8b4",0.000169251,2.33e-06,-11337.8228,0.816440375,-45.89301168,0.057542329,0.919714259,-22671.6456,-22655.88424,2e+06,25,19549,5e-07,5.65e-05,0.36,0.143813983,0.054687146,0.327823256,"d__Bacteria","d__Bacteria","d__Bacteria","k__Pseudomonadati--other","k__Pseudomonadati--other","p__Verrucomicrobiota","Verrucomicrobiota","Verrucomicrobiota","c__Verrucomicrobiae","c__Pedosphaerae","c__Pedosphaerae","o__Pedosphaerales","o__Limisphaerales","o__Limisphaerales","f__Pedosphaeraceae","f__Pedosphaeraceae","f__Pedosphaeraceae","g__ADurb.Bin063-1","g__Incertae_Sedis","g__Incertae_Sedis","s__uncultured_bacterium","","Above prediction",TRUE,5.65e-05,0.00565,-4.248259126,0.36,"late_reproductive",0.386,0.026,"*",TRUE,"Above","Late Reproductive"
"586","5cf37e80516a615f77bd5e97f18ae417",0.000169251,2.33e-06,-11337.8228,0.816440375,-45.89301168,0.057542329,0.919714259,-22671.6456,-22655.88424,2e+06,25,19549,5e-07,0.00409882,1,0.999995275,0.866799557,1,"d__Bacteria","d__Bacteria","d__Bacteria","k__Pseudomonadati","k__Pseudomonadati","p__Proteobacteria","Pseudomonadota","Pseudomonadota","c__Alphaproteobacteria","c__Alphaproteobacteria","c__Alphaproteobacteria","o__Sphingomonadales","o__Sphingomonadales","o__Sphingomonadales","f__Sphingomonadaceae","f__Sphingomonadaceae--other","f__Sphingomonadaceae--other","","","g__Allosphingosinicella--other","","","Above prediction",TRUE,0.00409882,0.409882,-2.387341153,1,"late_reproductive",0.703,0.001,"***",TRUE,"Above","Late Reproductive"
"587","60cb5363f520d007437ef4ed940bad82",0.000169251,2.33e-06,-11337.8228,0.816440375,-45.89301168,0.057542329,0.919714259,-22671.6456,-22655.88424,2e+06,25,19549,5e-07,0.00178034,1,0.994040207,0.856690597,0.999785162,"d__Bacteria","d__Bacteria","d__Bacteria","k__Bacillati","k__Bacillati","p__Armatimonadota","Armatimonadota","Armatimonadota","c__Fimbriimonadia","c__Fimbriimonadia","c__Fimbriimonadia","o__Fimbriimonadales","o__Fimbriimonadales","o__Fimbriimonadales","f__Fimbriimonadaceae","f__Fimbriimonadaceae","f__Fimbriimonadaceae","g__Fimbriimonadaceae","g__Fimbriimonas","g__Fimbriimonas","","s__uncultured_Fimbriimonadaceae","Above prediction",TRUE,0.00178034,0.178034,-2.74949705,1,"late_reproductive",0.497,0.008,"**",TRUE,"Above","Late Reproductive"
"588","651a032a4d91ca43b13549f6057e0baf",0.000169251,2.33e-06,-11337.8228,0.816440375,-45.89301168,0.057542329,0.919714259,-22671.6456,-22655.88424,2e+06,25,19549,5e-07,3.66e-05,0.28,0.095790488,0.029482787,0.269773339,"d__Bacteria","d__Bacteria","d__Bacteria","k__Pseudomonadati--other","k__Pseudomonadati--other","p__Bacteroidota","Bacteroidota","Bacteroidota","c__Bacteroidia","c__Sphingobacteriia","c__Sphingobacteriia","o__Sphingobacteriales","o__Sphingobacteriales","o__Sphingobacteriales","f__AKYH767","f__Sphingobacteriaceae","f__Sphingobacteriaceae","g__AKYH767","g__Incertae_Sedis","g__Incertae_Sedis","s__uncultured_bacterium","s__groundwater_metagenome","Above prediction",TRUE,3.66e-05,0.00366,-4.436044535,0.28,"late_reproductive",0.369,0.035,"*",TRUE,"Above","Late Reproductive"
"589","65dd785e07167f8814dd9be35b32d878",0.000169251,2.33e-06,-11337.8228,0.816440375,-45.89301168,0.057542329,0.919714259,-22671.6456,-22655.88424,2e+06,25,19549,5e-07,1.59e-05,0.2,0.042620743,0.007905524,0.199174709,"d__Bacteria","d__Bacteria","d__Bacteria","k__Bacillati","k__Bacillati","p__Chloroflexi","Chloroflexota--other","Chloroflexota--other","c__Anaerolineae","c__Caldilineae","c__Caldilineae","o__Caldilineales","o__Caldilineales","o__Caldilineales","f__Caldilineaceae","f__Caldilineaceae","f__Caldilineaceae","g__uncultured","g__Litorilinea","g__Litorilinea","s__uncultured_bacterium","s__uncultured_bacterium","Above prediction",TRUE,1.59e-05,0.00159,-4.799696817,0.2,"late_reproductive",0.384,0.003,"**",TRUE,"Above","Late Reproductive"
"590","7402c6fd98e177d4694261a9dd23eac6",0.000169251,2.33e-06,-11337.8228,0.816440375,-45.89301168,0.057542329,0.919714259,-22671.6456,-22655.88424,2e+06,25,19549,5e-07,0.0002431,0.72,0.489630033,0.308567686,0.673454778,"d__Bacteria","d__Bacteria","d__Bacteria","k__Pseudomonadati","k__Pseudomonadati","p__Proteobacteria","Pseudomonadota","Pseudomonadota","c__Gammaproteobacteria","c__Gammaproteobacteria","c__Gammaproteobacteria","o__Gammaproteobacteria_Incertae_Sedis","o__Legionellales","o__Legionellales","f__Unknown_Family","f__Legionellaceae","f__Legionellaceae","g__Candidatus_Berkiella","g__Candidatus_Berkiella","g__Candidatus_Berkiella","s__uncultured_bacterium","s__uncultured_bacterium","Above prediction",TRUE,0.0002431,0.02431,-3.614215041,0.72,"late_reproductive",0.555,0.001,"***",TRUE,"Above","Late Reproductive"
"591","770f6d40306b14f30101bf45337bdecb",0.000169251,2.33e-06,-11337.8228,0.816440375,-45.89301168,0.057542329,0.919714259,-22671.6456,-22655.88424,2e+06,25,19549,5e-07,6.58e-05,0.52,0.165664932,0.067392282,0.352999263,"d__Bacteria","d__Bacteria","d__Bacteria","k__Pseudomonadati--other","k__Pseudomonadati--other","p__Latescibacterota","Candidatus_Latescibacterota","Candidatus_Latescibacterota","c__Latescibacterota","c__Candidatus_Latescibacteria","c__Candidatus_Latescibacteria","o__Latescibacterota","o__Candidatus_Latescibacterales","o__Candidatus_Latescibacterales","f__Latescibacterota","f__Candidatus_Latescibacteraceae","f__Candidatus_Latescibacteraceae","g__Latescibacterota","g__Candidatus_Latescibacter","g__Candidatus_Latescibacter","s__uncultured_bacterium","","Above prediction",TRUE,6.58e-05,0.00658,-4.181510178,0.52,"late_reproductive",0.423,0.047,"*",TRUE,"Above","Late Reproductive"
"592","7c15c8a3a90aea4f54a31464c48d247a",0.000169251,2.33e-06,-11337.8228,0.816440375,-45.89301168,0.057542329,0.919714259,-22671.6456,-22655.88424,2e+06,25,19549,5e-07,0.00054766,0.92,0.783299206,0.590543177,0.900588717,"d__Bacteria","d__Bacteria","d__Bacteria","k__Pseudomonadati","k__Pseudomonadati","p__Myxococcota","Myxococcota","Myxococcota","c__bacteriap25","c__Deltaproteobacteria","c__Deltaproteobacteria","o__bacteriap25","o__Incertae_Sedis","o__Incertae_Sedis","f__bacteriap25","f__Incertae_Sedis","f__Incertae_Sedis","g__bacteriap25","g__Incertae_Sedis","g__Incertae_Sedis","s__uncultured_Syntrophobacterales","","Above prediction",TRUE,0.00054766,0.054766,-3.261488978,0.92,"late_reproductive",0.527,0.005,"**",TRUE,"Above","Late Reproductive"
"593","860b11244363460108e1a96df96599a1",0.000169251,2.33e-06,-11337.8228,0.816440375,-45.89301168,0.057542329,0.919714259,-22671.6456,-22655.88424,2e+06,25,19549,5e-07,0.00139466,1,0.981302903,0.836244614,0.998149558,"d__Bacteria","d__Bacteria","d__Bacteria","k__Pseudomonadati","k__Pseudomonadati","p__Proteobacteria","Pseudomonadota","Pseudomonadota","c__Alphaproteobacteria","c__Alphaproteobacteria","c__Alphaproteobacteria","o__Rhizobiales","o__Hyphomicrobiales","o__Hyphomicrobiales","f__Rhizobiales_Incertae_Sedis","f__Aestuariivirgaceae","f__Aestuariivirgaceae","g__Nordella","g__Taklimakanibacter","g__Taklimakanibacter","s__uncultured_bacterium","s__uncultured_bacterium","Above prediction",TRUE,0.00139466,0.139466,-2.855531655,1,"late_reproductive",0.527,0.001,"***",TRUE,"Above","Late Reproductive"
"594","896b0d4b6cc7c64ca65ff6ab44091143",0.000169251,2.33e-06,-11337.8228,0.816440375,-45.89301168,0.057542329,0.919714259,-22671.6456,-22655.88424,2e+06,25,19549,5e-07,0.0002479,0.72,0.496415714,0.31441961,0.679366617,"d__Bacteria","d__Bacteria","d__Bacteria","k__Pseudomonadati--other","k__Pseudomonadati--other","p__Acidobacteriota","Acidobacteriota","Acidobacteriota","c__Blastocatellia","c__Blastocatellia","c__Blastocatellia","o__Blastocatellales","o__Blastocatellales","o__Blastocatellales","f__Blastocatellaceae","f__Blastocatellaceae","f__Blastocatellaceae","","","g__JGI_0001001-H03","","","Above prediction",TRUE,0.0002479,0.02479,-3.605723473,0.72,"late_reproductive",0.603,0.001,"***",TRUE,"Above","Late Reproductive"
"595","8b1019d7db1ae0d5390a4b4e70116130",0.000169251,2.33e-06,-11337.8228,0.816440375,-45.89301168,0.057542329,0.919714259,-22671.6456,-22655.88424,2e+06,25,19549,5e-07,5.65e-05,0.52,0.143813983,0.054687146,0.327823256,"d__Bacteria","d__Bacteria","d__Bacteria","k__Pseudomonadati","k__Pseudomonadati","p__Proteobacteria","Pseudomonadota","Pseudomonadota","c__Alphaproteobacteria","c__Alphaproteobacteria","c__Alphaproteobacteria","o__Sphingomonadales","o__Sphingomonadales","o__Sphingomonadales","f__Sphingomonadaceae","","f__Sphingomicrobiaceae","g__Sphingomonas","","g__Pseudosphingomonas","","","Above prediction",TRUE,5.65e-05,0.00565,-4.248259126,0.52,"late_reproductive",0.499,0.001,"***",TRUE,"Above","Late Reproductive"
"596","9b80518664a6e4607ca5b9e45f614a0c",0.000169251,2.33e-06,-11337.8228,0.816440375,-45.89301168,0.057542329,0.919714259,-22671.6456,-22655.88424,2e+06,25,19549,5e-07,4.13e-05,0.36,0.107214252,0.035087342,0.283973198,"d__Bacteria","d__Bacteria","d__Bacteria","k__Pseudomonadati--other","k__Pseudomonadati--other","p__Planctomycetota","Planctomycetota","Planctomycetota","c__Phycisphaerae","c__Phycisphaerae","c__Phycisphaerae","o__Tepidisphaerales","o__Tepidisphaerales","o__Tepidisphaerales","f__WD2101_soil_group","f__Tepidisphaeraceae","f__Tepidisphaeraceae","g__WD2101_soil_group","g__Humisphaera","g__Humisphaera","","s__uncultured_bacterium","Above prediction",TRUE,4.13e-05,0.00413,-4.384470776,0.36,"late_reproductive",0.509,0.001,"***",TRUE,"Above","Late Reproductive"
"597","9f68b2119a7c9519fd1c06fb7b010f17",0.000169251,2.33e-06,-11337.8228,0.816440375,-45.89301168,0.057542329,0.919714259,-22671.6456,-22655.88424,2e+06,25,19549,5e-07,4.61e-05,0.32,0.118982453,0.041133292,0.298328784,"d__Bacteria","d__Bacteria","d__Bacteria","k__Pseudomonadati--other","k__Pseudomonadati--other","p__Planctomycetota","Planctomycetota","Planctomycetota","c__Planctomycetes","c__Planctomycetia","c__Planctomycetia","o__Planctomycetales","o__Planctomycetales","o__Planctomycetales","f__uncultured","f__Planctomycetaceae","f__Planctomycetaceae","g__uncultured","g__Incertae_Sedis","g__Incertae_Sedis","s__uncultured_bacterium","s__metagenome","Above prediction",TRUE,4.61e-05,0.00461,-4.33648753,0.32,"late_reproductive",0.372,0.036,"*",TRUE,"Above","Late Reproductive"
"598","a08ee4a8aa1ece798d78fae2b9ad0401",0.000169251,2.33e-06,-11337.8228,0.816440375,-45.89301168,0.057542329,0.919714259,-22671.6456,-22655.88424,2e+06,25,19549,5e-07,0.00328168,1,0.999938785,0.86670165,0.999999976,"d__Bacteria","d__Bacteria","d__Bacteria","k__Pseudomonadati--other","k__Pseudomonadati--other","p__Acidobacteriota","Acidobacteriota","Acidobacteriota","c__Blastocatellia","c__Blastocatellia","c__Blastocatellia","o__11-24","o__11-24","o__11-24","f__11-24","f__Incertae_Sedis","f__Incertae_Sedis","g__11-24","g__Incertae_Sedis","g__Incertae_Sedis","s__uncultured_Acidobacteria","s__soil_metagenome","Above prediction",TRUE,0.00328168,0.328168,-2.48390377,1,"late_reproductive",0.495,0.005,"**",TRUE,"Above","Late Reproductive"
"599","a0ad41aeb3f6b3f709ff8423533ca15d",0.000169251,2.33e-06,-11337.8228,0.816440375,-45.89301168,0.057542329,0.919714259,-22671.6456,-22655.88424,2e+06,25,19549,5e-07,6.7e-05,0.36,0.16828321,0.068958609,0.355972023,"d__Bacteria","d__Bacteria","d__Bacteria","k__Pseudomonadati--other","k__Pseudomonadati--other","p__Gemmatimonadota","Gemmatimonadota","Gemmatimonadota","c__BD2-11_terrestrial_group","c__Gemmatimonadia","c__Gemmatimonadia","o__BD2-11_terrestrial_group","o__Gaopeijiales","o__Gaopeijiales","f__BD2-11_terrestrial_group","f__Gaopeijiaceae","f__Gaopeijiaceae","g__BD2-11_terrestrial_group","g__Gaopeijia","g__Gaopeijia","s__metagenome","s__uncultured_Gemmatimonadetes","Above prediction",TRUE,6.7e-05,0.0067,-4.174054857,0.36,"late_reproductive",0.38,0.015,"*",TRUE,"Above","Late Reproductive"
"600","a5623868a07301a9554b29dd4d01e17f",0.000169251,2.33e-06,-11337.8228,0.816440375,-45.89301168,0.057542329,0.919714259,-22671.6456,-22655.88424,2e+06,25,19549,5e-07,5.7e-05,0.44,0.145039822,0.055381727,0.329253807,"d__Bacteria","d__Bacteria","d__Bacteria","k__Pseudomonadati","k__Pseudomonadati","p__Proteobacteria","Pseudomonadota","Pseudomonadota","c__Alphaproteobacteria","c__Alphaproteobacteria","c__Alphaproteobacteria","o__Elsterales","o__Azospirillales","o__Azospirillales","f__uncultured","f__Geminicoccaceae","f__Geminicoccaceae","g__uncultured","g__Incertae_Sedis","g__Incertae_Sedis","s__uncultured_Acetobacteraceae","","Above prediction",TRUE,5.7e-05,0.0057,-4.244277555,0.44,"late_reproductive",0.394,0.039,"*",TRUE,"Above","Late Reproductive"
"601","a9df6034f6717d58552a927fa73d7c14",0.000169251,2.33e-06,-11337.8228,0.816440375,-45.89301168,0.057542329,0.919714259,-22671.6456,-22655.88424,2e+06,25,19549,5e-07,0.00054856,0.92,0.783851651,0.591138756,0.900950866,"d__Bacteria","d__Bacteria","d__Bacteria","k__Pseudomonadati--other","k__Pseudomonadati--other","p__Acidobacteriota","Acidobacteriota","Acidobacteriota","c__Acidobacteriae","c__Terriglobia","c__Terriglobia","o__Subgroup_12","o__Subgroup_12","o__Subgroup_12","f__Subgroup_12","f__Incertae_Sedis","f__Incertae_Sedis","g__Subgroup_12","g__Incertae_Sedis","g__Incertae_Sedis","s__uncultured_bacterium","s__metagenome","Above prediction",TRUE,0.00054856,0.054856,-3.260775864,0.92,"late_reproductive",0.518,0.011,"*",TRUE,"Above","Late Reproductive"
"602","b0546a8c6a38415c52d2dc916319d3fd",0.000169251,2.33e-06,-11337.8228,0.816440375,-45.89301168,0.057542329,0.919714259,-22671.6456,-22655.88424,2e+06,25,19549,5e-07,0.00446574,1,0.999998524,0.86680519,1,"d__Bacteria","d__Bacteria","d__Bacteria","k__Pseudomonadati--other","k__Pseudomonadati--other","p__Verrucomicrobiota","Verrucomicrobiota","Verrucomicrobiota","c__Verrucomicrobiae","c__Terrimicrobiia","c__Terrimicrobiia","o__Chthoniobacterales","o__Terrimicrobiales","o__Terrimicrobiales","f__Chthoniobacteraceae","f__Chthoniobacteraceae","f__Chthoniobacteraceae","g__Candidatus_Udaeobacter","g__Candidatus_Udaeobacter","g__Candidatus_Udaeobacter","","s__uncultured_Prosthecobacter","Above prediction",TRUE,0.00446574,0.446574,-2.350106566,1,"late_reproductive",0.51,0.004,"**",TRUE,"Above","Late Reproductive"
"603","b7616c5e14093f59e6ef2da052f4e894",0.000169251,2.33e-06,-11337.8228,0.816440375,-45.89301168,0.057542329,0.919714259,-22671.6456,-22655.88424,2e+06,25,19549,5e-07,3.47e-05,0.28,0.091001117,0.027217436,0.263735762,"d__Bacteria","d__Bacteria","d__Bacteria","k__Bacillati","k__Bacillati","p__Actinobacteriota","Actinomycetota","Actinomycetota","c__Acidimicrobiia","c__Acidimicrobiia","c__Acidimicrobiia","o__Microtrichales","o__Acidimicrobiales","o__Acidimicrobiales","f__Iamiaceae","f__Iamiaceae","f__Iamiaceae","g__Iamia","g__Iamia","g__Iamia","","","Above prediction",TRUE,3.47e-05,0.00347,-4.459420283,0.28,"late_reproductive",0.396,0.007,"**",TRUE,"Above","Late Reproductive"
"604","bfd0c6033a677c2648b7f643dff94605",0.000169251,2.33e-06,-11337.8228,0.816440375,-45.89301168,0.057542329,0.919714259,-22671.6456,-22655.88424,2e+06,25,19549,5e-07,0.00032652,0.88,0.595773927,0.403465189,0.762569975,"d__Bacteria","d__Bacteria","d__Bacteria","k__Pseudomonadati--other","k__Pseudomonadati--other","p__Bacteroidota","Chlorobiota","Chlorobiota","c__SJA-28","c__Ignavibacteria--other","c__Ignavibacteria--other","o__SJA-28","o__Candidatus_Tepidaquicellales","o__Candidatus_Tepidaquicellales","f__SJA-28","f__Candidatus_Tepidaquicellaceae","f__Candidatus_Tepidaquicellaceae","g__SJA-28","g__Candidatus_Tepidaquicella","g__Candidatus_Tepidaquicella","s__uncultured_Ignavibacterium","s__uncultured_Ignavibacterium","Above prediction",TRUE,0.00032652,0.032652,-3.486090212,0.88,"late_reproductive",0.615,0.002,"**",TRUE,"Above","Late Reproductive"
"605","c0f873f8f081ef242fe7d72d003f4db0",0.000169251,2.33e-06,-11337.8228,0.816440375,-45.89301168,0.057542329,0.919714259,-22671.6456,-22655.88424,2e+06,25,19549,5e-07,0.00010496,0.8,0.251072398,0.122536313,0.445918938,"d__Bacteria","d__Bacteria","d__Bacteria","k__Pseudomonadati--other","k__Pseudomonadati--other","p__Acidobacteriota","Acidobacteriota","Acidobacteriota","c__Blastocatellia","c__Blastocatellia","c__Blastocatellia","o__Blastocatellales","o__Blastocatellales","o__Blastocatellales","f__Blastocatellaceae","f__Blastocatellaceae","f__Blastocatellaceae","g__JGI_0001001-H03","g__JGI_0001001-H03","","","","Above prediction",TRUE,0.00010496,0.010496,-3.978976178,0.8,"late_reproductive",0.664,0.001,"***",TRUE,"Above","Late Reproductive"
"606","c97326e45f3ae8607bc34365fc759fde",0.000169251,2.33e-06,-11337.8228,0.816440375,-45.89301168,0.057542329,0.919714259,-22671.6456,-22655.88424,2e+06,25,19549,5e-07,4.75e-05,0.36,0.122468807,0.042973603,0.30253247,"d__Bacteria","d__Bacteria","d__Bacteria","k__Bacillati","k__Bacillati","p__Chloroflexi","Chloroflexota--other","Chloroflexota--other","c__Ktedonobacteria","c__Ktedonobacteria","c__Ktedonobacteria","o__C0119","o__C0119","o__C0119","f__C0119","f__Incertae_Sedis","f__Incertae_Sedis","g__C0119","g__Incertae_Sedis","g__Incertae_Sedis","s__uncultured_bacterium","s__uncultured_bacterium","Above prediction",TRUE,4.75e-05,0.00475,-4.323123568,0.36,"late_reproductive",0.413,0.011,"*",TRUE,"Above","Late Reproductive"
"607","c9e9a2a45cec0572b798df5e47169902",0.000169251,2.33e-06,-11337.8228,0.816440375,-45.89301168,0.057542329,0.919714259,-22671.6456,-22655.88424,2e+06,25,19549,5e-07,0.00010098,0.44,0.242788999,0.116859989,0.437235033,"d__Bacteria","d__Bacteria","d__Bacteria","k__Pseudomonadati--other","k__Pseudomonadati--other","p__Planctomycetota","Planctomycetota","Planctomycetota","c__Planctomycetes","c__Planctomycetia","c__Planctomycetia","o__Pirellulales","o__Pirellulales","o__Pirellulales","f__Pirellulaceae","f__Thermoguttaceae--other","f__Thermoguttaceae--other","g__uncultured","g__Incertae_Sedis","g__Incertae_Sedis","s__uncultured_bacterium","s__Pirellulales_bacterium","Above prediction",TRUE,0.00010098,0.010098,-3.995764634,0.44,"late_reproductive",0.469,0.004,"**",TRUE,"Above","Late Reproductive"
"608","d54682e964a7986c6126fb43de5d0ab9",0.000169251,2.33e-06,-11337.8228,0.816440375,-45.89301168,0.057542329,0.919714259,-22671.6456,-22655.88424,2e+06,25,19549,5e-07,4.18e-05,0.32,0.108638419,0.035804859,0.285724639,"d__Bacteria","d__Bacteria","d__Bacteria","k__Pseudomonadati","k__Pseudomonadati","p__Bdellovibrionota","Bdellovibrionota","Bdellovibrionota","c__Bdellovibrionia","c__Bdellovibrionia","c__Bdellovibrionia","o__Bdellovibrionales","o__Bdellovibrionales","o__Bdellovibrionales","f__Bdellovibrionaceae","f__Pseudobdellovibrionaceae","f__Pseudobdellovibrionaceae","g__Bdellovibrio","g__Incertae_Sedis","g__Incertae_Sedis","s__uncultured_bacterium","","Above prediction",TRUE,4.18e-05,0.00418,-4.378408324,0.32,"late_reproductive",0.369,0.046,"*",TRUE,"Above","Late Reproductive"
"609","db1433090ed021c7ba8c284943f6c3cb",0.000169251,2.33e-06,-11337.8228,0.816440375,-45.89301168,0.057542329,0.919714259,-22671.6456,-22655.88424,2e+06,25,19549,5e-07,0.00137404,1,0.980133195,0.834432699,0.997933648,"d__Bacteria","d__Bacteria","d__Bacteria","k__Pseudomonadati","k__Pseudomonadati","p__Proteobacteria","Pseudomonadota","Pseudomonadota","c__Alphaproteobacteria","c__Alphaproteobacteria","c__Alphaproteobacteria","o__Rhizobiales","o__Hyphomicrobiales--other","o__Hyphomicrobiales--other","f__Rhizobiales_Incertae_Sedis","f__Lutibaculaceae","f__Lutibaculaceae","g__Bauldia","g__Bauldia","g__Bauldia","s__uncultured_bacterium","s__metagenome","Above prediction",TRUE,0.00137404,0.137404,-2.862000624,1,"late_reproductive",0.508,0.005,"**",TRUE,"Above","Late Reproductive"
"610","db65e84ed251bea71f0372d115ba2522",0.000169251,2.33e-06,-11337.8228,0.816440375,-45.89301168,0.057542329,0.919714259,-22671.6456,-22655.88424,2e+06,25,19549,5e-07,3.84e-05,0.28,0.100060056,0.031545226,0.275112689,"d__Bacteria","d__Bacteria","d__Bacteria","k__Pseudomonadati--other","k__Pseudomonadati--other","p__Planctomycetota","Planctomycetota","Planctomycetota","c__OM190","c__OM190","c__OM190","o__OM190","o__Incertae_Sedis","o__Incertae_Sedis","f__OM190","f__Incertae_Sedis","f__Incertae_Sedis","g__OM190","g__Incertae_Sedis","g__Incertae_Sedis","s__uncultured_bacterium","","Above prediction",TRUE,3.84e-05,0.00384,-4.416121402,0.28,"late_reproductive",0.41,0.005,"**",TRUE,"Above","Late Reproductive"
"611","e4a95c7621a138b0e52e3dbf933750f5",0.000169251,2.33e-06,-11337.8228,0.816440375,-45.89301168,0.057542329,0.919714259,-22671.6456,-22655.88424,2e+06,25,19549,5e-07,0.0001286,0.56,0.298479979,0.156177403,0.494464365,"d__Bacteria","d__Bacteria","d__Bacteria","k__Pseudomonadati--other","k__Pseudomonadati--other","p__Planctomycetota","Planctomycetota","Planctomycetota","c__Planctomycetes","c__Planctomycetia","c__Planctomycetia","o__Gemmatales","o__Gemmatales","o__Gemmatales","f__Gemmataceae","f__Gemmataceae","f__Gemmataceae","g__uncultured","g__Incertae_Sedis","g__Incertae_Sedis","s__uncultured_bacterium","s__uncultured_bacterium","Above prediction",TRUE,0.0001286,0.01286,-3.890759031,0.56,"late_reproductive",0.434,0.033,"*",TRUE,"Above","Late Reproductive"
"612","e4d3ef41cad1e212ec1aae6877790daa",0.000169251,2.33e-06,-11337.8228,0.816440375,-45.89301168,0.057542329,0.919714259,-22671.6456,-22655.88424,2e+06,25,19549,5e-07,8.97e-05,0.52,0.218866511,0.100834022,0.411788605,"d__Bacteria","d__Bacteria","d__Bacteria","k__Pseudomonadati--other","k__Pseudomonadati--other","p__Planctomycetota","Planctomycetota","Planctomycetota","c__Planctomycetes","c__Planctomycetia","c__Planctomycetia","o__Pirellulales","o__Pirellulales","o__Pirellulales","f__Pirellulaceae","f__Pirellulaceae","f__Pirellulaceae","g__Blastopirellula","g__Mariniblastus","g__Mariniblastus","s__uncultured_bacterium","s__Pirellulaceae_bacterium","Above prediction",TRUE,8.97e-05,0.00897,-4.047110735,0.52,"late_reproductive",0.443,0.017,"*",TRUE,"Above","Late Reproductive"
"613","e79717ac042e285b8e504e9f9da52e44",0.000169251,2.33e-06,-11337.8228,0.816440375,-45.89301168,0.057542329,0.919714259,-22671.6456,-22655.88424,2e+06,25,19549,5e-07,4.19e-05,0.32,0.108834681,0.035904053,0.285965688,"d__Bacteria","d__Bacteria","d__Bacteria","k__Pseudomonadati","k__Pseudomonadati","p__Proteobacteria","Pseudomonadota","Pseudomonadota","c__Gammaproteobacteria","c__Gammaproteobacteria","c__Gammaproteobacteria","o__Coxiellales","o__Coxiellales","o__Coxiellales","f__Coxiellaceae","f__Coxiellaceae","f__Coxiellaceae","g__Coxiella","g__Coxiella","g__Coxiella","s__uncultured_bacterium","s__uncultured_Pseudomonadota","Above prediction",TRUE,4.19e-05,0.00419,-4.377578726,0.32,"late_reproductive",0.526,0.002,"**",TRUE,"Above","Late Reproductive"
"614","ecdf0200cd32e230808ab657134fbfb3",0.000169251,2.33e-06,-11337.8228,0.816440375,-45.89301168,0.057542329,0.919714259,-22671.6456,-22655.88424,2e+06,25,19549,5e-07,0.0002208,0.76,0.456913628,0.280763055,0.644541742,"d__Bacteria","d__Bacteria","d__Bacteria","k__Pseudomonadati--other","k__Pseudomonadati--other","p__Bacteroidota","Bacteroidota","Bacteroidota","c__Bacteroidia","c__Cytophagia","c__Cytophagia","o__Cytophagales","o__Cytophagales","o__Cytophagales","f__Spirosomaceae","f__Spirosomataceae","f__Spirosomataceae","g__Emticicia","g__Emticicia","g__Emticicia","","","Above prediction",TRUE,0.0002208,0.02208,-3.656000931,0.76,"late_reproductive",0.689,0.001,"***",TRUE,"Above","Late Reproductive"
"615","f7211ce8b5c4c89df660790cc1c92619",0.000169251,2.33e-06,-11337.8228,0.816440375,-45.89301168,0.057542329,0.919714259,-22671.6456,-22655.88424,2e+06,25,19549,5e-07,0.00022472,0.68,0.462809633,0.285723605,0.649802598,"d__Bacteria","d__Bacteria","d__Bacteria","k__Pseudomonadati--other","k__Pseudomonadati--other","p__Bacteroidota","Chlorobiota","Chlorobiota","c__Kapabacteria","c__Candidatus_Kapaibacteriia","c__Candidatus_Kapaibacteriia","o__Kapabacteriales","o__Incertae_Sedis","o__Incertae_Sedis","f__Kapabacteriales","f__Incertae_Sedis","f__Incertae_Sedis","g__Kapabacteriales","g__Incertae_Sedis","g__Incertae_Sedis","s__uncultured_bacterium","s__metagenome","Above prediction",TRUE,0.00022472,0.022472,-3.648358274,0.68,"late_reproductive",0.494,0.016,"*",TRUE,"Above","Late Reproductive"
